pair_id,canonical_none_row_id,paraphrase_row_id,polarity_flip_row_id,canonical_final_label,paraphrase_final_label,polarity_flip_final_label,canonical_claim,paraphrase_claim,polarity_flip_claim,canonical_evidence,paraphrase_evidence,polarity_flip_evidence,canonical_grammar_status,paraphrase_grammar_status,polarity_flip_grammar_status,canonical_reason_codes,paraphrase_reason_codes,polarity_flip_reason_codes,canonical_claim_text_diff_summary,paraphrase_claim_text_diff_summary,polarity_flip_claim_text_diff_summary,canonical_evidence_text_diff_summary,paraphrase_evidence_text_diff_summary,polarity_flip_evidence_text_diff_summary,automatic_root_cause_class,automatic_evidence,human_canonical_semantics,human_paraphrase_semantics,human_polarity_flip_semantics,human_grammar_validity,human_authority_decision,human_notes,source_record_sha256,reviewer_id,review_protocol_version,reviewed_at_utc,authority_recorded_at_utc,human_review_time_provenance,record_origin,review_method,cohort_confirmation_id
generated_fact_152,generated_fact_152__none,generated_fact_152__paraphrase,generated_fact_152__polarity_flip,REFUTE,REFUTE,SUPPORT,"Dr Bianca Flores, the research lead, restored the Meridian initiative 152 in Beacon Harbor during March.","Dr Bianca Flores, the research lead, restored the Meridian initiative 152 in Beacon Harbor during March.","Dr Bianca Flores, the research lead, restored the Meridian initiative 152 in Beacon Harbor during March.","Dr Bianca Flores, the research lead, did not restored the Meridian initiative 152 in Beacon Harbor during March.","During March in Beacon Harbor, Dr Bianca Flores acting as research lead did not restored the Meridian initiative 152.","Dr Bianca Flores, the research lead, restored the Meridian initiative 152 in Beacon Harbor during March.",FAIL,FAIL,PASS,"[""DID_NOT_INFLECTED_PREDICATE"",""GRAMMAR_TEMPLATE_FAIL""]","[""CANONICAL_ROW_KNOWN_GENERATOR_DEFECT"",""DID_NOT_INFLECTED_PREDICATE"",""GRAMMAR_TEMPLATE_FAIL""]","[""CANONICAL_ROW_KNOWN_GENERATOR_DEFECT""]",no text difference,no text difference,no text difference,no text difference,multiple changes,negation-only difference,F2_CANONICAL_DEFECT_PROPAGATED_TO_DERIVATIVES,canonical grammar failure propagates to paraphrase canonical_status UNRESOLVED,VALID,VALID,VALID,MULTI_MEMBER_DEFECT,CANONICAL_REGENERATION_REQUIRED,,b4127d435bb063fc8dca2213a753d23382f528014703736bd0d4c56ade836154,taehyun_koo,P3W6F2_HYBRID_HUMAN_REVIEW_V2,2026-08-15T10:05:17Z,2026-08-15T10:05:17Z,NOT_CAPTURED_IN_XLSX,XLSX_CONFIRMED_IMPORT,INDIVIDUAL_TRIPLE_REVIEW,
generated_fact_154,generated_fact_154__none,generated_fact_154__paraphrase,generated_fact_154__polarity_flip,REFUTE,REFUTE,SUPPORT,"Minister Daria Volkova, the operations chief, delivered the Meridian initiative 154 in Delta Bay during July.","Minister Daria Volkova, the operations chief, delivered the Meridian initiative 154 in Delta Bay during July.","Minister Daria Volkova, the operations chief, delivered the Meridian initiative 154 in Delta Bay during July.","Minister Daria Volkova, the operations chief, did not delivered the Meridian initiative 154 in Delta Bay during July.","During July in Delta Bay, Minister Daria Volkova acting as operations chief did not delivered the Meridian initiative 154.","Minister Daria Volkova, the operations chief, delivered the Meridian initiative 154 in Delta Bay during July.",FAIL,FAIL,PASS,"[""DID_NOT_INFLECTED_PREDICATE"",""GRAMMAR_TEMPLATE_FAIL""]","[""CANONICAL_ROW_KNOWN_GENERATOR_DEFECT"",""DID_NOT_INFLECTED_PREDICATE"",""GRAMMAR_TEMPLATE_FAIL""]","[""CANONICAL_ROW_KNOWN_GENERATOR_DEFECT""]",no text difference,no text difference,no text difference,no text difference,multiple changes,negation-only difference,F2_CANONICAL_DEFECT_PROPAGATED_TO_DERIVATIVES,canonical grammar failure propagates to paraphrase canonical_status UNRESOLVED,VALID,VALID,VALID,MULTI_MEMBER_DEFECT,CANONICAL_REGENERATION_REQUIRED,,4b3f63c14bae2b91fbaac57eba3dd867aa44a717ec003499d573601be3067556,taehyun_koo,P3W6F2_HYBRID_HUMAN_REVIEW_V2,2026-08-15T10:05:17Z,2026-08-15T10:05:17Z,NOT_CAPTURED_IN_XLSX,XLSX_CONFIRMED_IMPORT,INDIVIDUAL_TRIPLE_REVIEW,
generated_fact_156,generated_fact_156__none,generated_fact_156__paraphrase,generated_fact_156__polarity_flip,REFUTE,REFUTE,SUPPORT,"Coordinator Farah Qureshi, the technical adviser, selected the Meridian initiative 156 in Falcon Ridge during November.","Coordinator Farah Qureshi, the technical adviser, selected the Meridian initiative 156 in Falcon Ridge during November.","Coordinator Farah Qureshi, the technical adviser, selected the Meridian initiative 156 in Falcon Ridge during November.","Coordinator Farah Qureshi, the technical adviser, did not selected the Meridian initiative 156 in Falcon Ridge during November.","During November in Falcon Ridge, Coordinator Farah Qureshi acting as technical adviser did not selected the Meridian initiative 156.","Coordinator Farah Qureshi, the technical adviser, selected the Meridian initiative 156 in Falcon Ridge during November.",FAIL,FAIL,PASS,"[""DID_NOT_INFLECTED_PREDICATE"",""GRAMMAR_TEMPLATE_FAIL""]","[""CANONICAL_ROW_KNOWN_GENERATOR_DEFECT"",""DID_NOT_INFLECTED_PREDICATE"",""GRAMMAR_TEMPLATE_FAIL""]","[""CANONICAL_ROW_KNOWN_GENERATOR_DEFECT""]",no text difference,no text difference,no text difference,no text difference,multiple changes,negation-only difference,F2_CANONICAL_DEFECT_PROPAGATED_TO_DERIVATIVES,canonical grammar failure propagates to paraphrase canonical_status UNRESOLVED,VALID,VALID,VALID,MULTI_MEMBER_DEFECT,CANONICAL_REGENERATION_REQUIRED,,3d55b69278b3a5b6325c63aa0b371439fec933458a6c95ef326638ad1c314841,taehyun_koo,P3W6F2_HYBRID_HUMAN_REVIEW_V2,2026-08-15T10:05:17Z,2026-08-15T10:05:17Z,NOT_CAPTURED_IN_XLSX,XLSX_CONFIRMED_IMPORT,INDIVIDUAL_TRIPLE_REVIEW,
generated_fact_157,generated_fact_157__none,generated_fact_157__paraphrase,generated_fact_157__polarity_flip,REFUTE,REFUTE,SUPPORT,"Director Gabriel Costa, the program director, approved the Meridian initiative 157 in Granite Coast during January.","Director Gabriel Costa, the program director, approved the Meridian initiative 157 in Granite Coast during January.","Director Gabriel Costa, the program director, approved the Meridian initiative 157 in Granite Coast during January.","Director Gabriel Costa, the program director, did not approved the Meridian initiative 157 in Granite Coast during January.","During January in Granite Coast, Director Gabriel Costa acting as program director did not approved the Meridian initiative 157.","Director Gabriel Costa, the program director, approved the Meridian initiative 157 in Granite Coast during January.",FAIL,FAIL,PASS,"[""DID_NOT_INFLECTED_PREDICATE"",""GRAMMAR_TEMPLATE_FAIL""]","[""CANONICAL_ROW_KNOWN_GENERATOR_DEFECT"",""DID_NOT_INFLECTED_PREDICATE"",""GRAMMAR_TEMPLATE_FAIL""]","[""CANONICAL_ROW_KNOWN_GENERATOR_DEFECT""]",no text difference,no text difference,no text difference,no text difference,multiple changes,negation-only difference,F2_CANONICAL_DEFECT_PROPAGATED_TO_DERIVATIVES,canonical grammar failure propagates to paraphrase canonical_status UNRESOLVED,VALID,VALID,VALID,MULTI_MEMBER_DEFECT,CANONICAL_REGENERATION_REQUIRED,,fee27d312889a6ad005214ac70907fd746ab3969c5733b188e4580e66745f32a,taehyun_koo,P3W6F2_HYBRID_HUMAN_REVIEW_V2,2026-08-15T10:05:17Z,2026-08-15T10:05:17Z,NOT_CAPTURED_IN_XLSX,XLSX_CONFIRMED_IMPORT,INDIVIDUAL_TRIPLE_REVIEW,
generated_fact_159,generated_fact_159__none,generated_fact_159__paraphrase,generated_fact_159__polarity_flip,REFUTE,REFUTE,SUPPORT,"Professor Ismail Kaya, the regional coordinator, restored the Meridian initiative 159 in Aurora City during May.","Professor Ismail Kaya, the regional coordinator, restored the Meridian initiative 159 in Aurora City during May.","Professor Ismail Kaya, the regional coordinator, restored the Meridian initiative 159 in Aurora City during May.","Professor Ismail Kaya, the regional coordinator, did not restored the Meridian initiative 159 in Aurora City during May.","During May in Aurora City, Professor Ismail Kaya acting as regional coordinator did not restored the Meridian initiative 159.","Professor Ismail Kaya, the regional coordinator, restored the Meridian initiative 159 in Aurora City during May.",FAIL,FAIL,PASS,"[""DID_NOT_INFLECTED_PREDICATE"",""GRAMMAR_TEMPLATE_FAIL""]","[""CANONICAL_ROW_KNOWN_GENERATOR_DEFECT"",""DID_NOT_INFLECTED_PREDICATE"",""GRAMMAR_TEMPLATE_FAIL""]","[""CANONICAL_ROW_KNOWN_GENERATOR_DEFECT""]",no text difference,no text difference,no text difference,no text difference,multiple changes,negation-only difference,F2_CANONICAL_DEFECT_PROPAGATED_TO_DERIVATIVES,canonical grammar failure propagates to paraphrase canonical_status UNRESOLVED,VALID,VALID,VALID,MULTI_MEMBER_DEFECT,CANONICAL_REGENERATION_REQUIRED,,db738464898b1860b64931154da2d7ddcb80bcdebf62e2551773b38981bb73c9,taehyun_koo,P3W6F2_HYBRID_HUMAN_REVIEW_V2,2026-08-15T10:05:17Z,2026-08-15T10:05:17Z,NOT_CAPTURED_IN_XLSX,XLSX_CONFIRMED_IMPORT,INDIVIDUAL_TRIPLE_REVIEW,
generated_fact_160,generated_fact_160__none,generated_fact_160__paraphrase,generated_fact_160__polarity_flip,REFUTE,REFUTE,SUPPORT,"Minister Julia Novak, the operations chief, published the Meridian initiative 160 in Beacon Harbor during July.","Minister Julia Novak, the operations chief, published the Meridian initiative 160 in Beacon Harbor during July.","Minister Julia Novak, the operations chief, published the Meridian initiative 160 in Beacon Harbor during July.","Minister Julia Novak, the operations chief, did not published the Meridian initiative 160 in Beacon Harbor during July.","During July in Beacon Harbor, Minister Julia Novak acting as operations chief did not published the Meridian initiative 160.","Minister Julia Novak, the operations chief, published the Meridian initiative 160 in Beacon Harbor during July.",FAIL,FAIL,PASS,"[""DID_NOT_INFLECTED_PREDICATE"",""GRAMMAR_TEMPLATE_FAIL""]","[""CANONICAL_ROW_KNOWN_GENERATOR_DEFECT"",""DID_NOT_INFLECTED_PREDICATE"",""GRAMMAR_TEMPLATE_FAIL""]","[""CANONICAL_ROW_KNOWN_GENERATOR_DEFECT""]",no text difference,no text difference,no text difference,no text difference,multiple changes,negation-only difference,F2_CANONICAL_DEFECT_PROPAGATED_TO_DERIVATIVES,canonical grammar failure propagates to paraphrase canonical_status UNRESOLVED,VALID,VALID,VALID,MULTI_MEMBER_DEFECT,CANONICAL_REGENERATION_REQUIRED,,2d7ef7d217630e81320a662a6cdbf2499a994d071a0df542d721d33cce342457,taehyun_koo,P3W6F2_HYBRID_HUMAN_REVIEW_V2,2026-08-15T10:05:17Z,2026-08-15T10:05:17Z,NOT_CAPTURED_IN_XLSX,XLSX_CONFIRMED_IMPORT,INDIVIDUAL_TRIPLE_REVIEW,
generated_fact_162,generated_fact_162__none,generated_fact_162__paraphrase,generated_fact_162__polarity_flip,REFUTE,REFUTE,SUPPORT,"Coordinator Lucia Romano, the technical adviser, opened the Meridian initiative 162 in Delta Bay during November.","Coordinator Lucia Romano, the technical adviser, opened the Meridian initiative 162 in Delta Bay during November.","Coordinator Lucia Romano, the technical adviser, opened the Meridian initiative 162 in Delta Bay during November.","Coordinator Lucia Romano, the technical adviser, did not opened the Meridian initiative 162 in Delta Bay during November.","During November in Delta Bay, Coordinator Lucia Romano acting as technical adviser did not opened the Meridian initiative 162.","Coordinator Lucia Romano, the technical adviser, opened the Meridian initiative 162 in Delta Bay during November.",FAIL,FAIL,PASS,"[""DID_NOT_INFLECTED_PREDICATE"",""GRAMMAR_TEMPLATE_FAIL""]","[""CANONICAL_ROW_KNOWN_GENERATOR_DEFECT"",""DID_NOT_INFLECTED_PREDICATE"",""GRAMMAR_TEMPLATE_FAIL""]","[""CANONICAL_ROW_KNOWN_GENERATOR_DEFECT""]",no text difference,no text difference,no text difference,no text difference,multiple changes,negation-only difference,F2_CANONICAL_DEFECT_PROPAGATED_TO_DERIVATIVES,canonical grammar failure propagates to paraphrase canonical_status UNRESOLVED,VALID,VALID,VALID,MULTI_MEMBER_DEFECT,CANONICAL_REGENERATION_REQUIRED,,4841b22956220c78af3e4ca1340738a017adcdd646c9cca35755e2406e7bc318,taehyun_koo,P3W6F2_HYBRID_HUMAN_REVIEW_V2,2026-08-15T10:05:17Z,2026-08-15T10:05:17Z,NOT_CAPTURED_IN_XLSX,XLSX_CONFIRMED_IMPORT,INDIVIDUAL_TRIPLE_REVIEW,
generated_fact_163,generated_fact_163__none,generated_fact_163__paraphrase,generated_fact_163__polarity_flip,REFUTE,REFUTE,SUPPORT,"Director Avery Stone, the program director, selected the Meridian initiative 163 in Elm Valley during January.","Director Avery Stone, the program director, selected the Meridian initiative 163 in Elm Valley during January.","Director Avery Stone, the program director, selected the Meridian initiative 163 in Elm Valley during January.","Director Avery Stone, the program director, did not selected the Meridian initiative 163 in Elm Valley during January.","During January in Elm Valley, Director Avery Stone acting as program director did not selected the Meridian initiative 163.","Director Avery Stone, the program director, selected the Meridian initiative 163 in Elm Valley during January.",FAIL,FAIL,PASS,"[""DID_NOT_INFLECTED_PREDICATE"",""GRAMMAR_TEMPLATE_FAIL""]","[""CANONICAL_ROW_KNOWN_GENERATOR_DEFECT"",""DID_NOT_INFLECTED_PREDICATE"",""GRAMMAR_TEMPLATE_FAIL""]","[""CANONICAL_ROW_KNOWN_GENERATOR_DEFECT""]",no text difference,no text difference,no text difference,no text difference,multiple changes,negation-only difference,F2_CANONICAL_DEFECT_PROPAGATED_TO_DERIVATIVES,canonical grammar failure propagates to paraphrase canonical_status UNRESOLVED,VALID,VALID,VALID,MULTI_MEMBER_DEFECT,CANONICAL_REGENERATION_REQUIRED,,b2ceaf7fed32d436ebbd9875ffe2d31f61f684696e0f4f80799155fbbd61821f,taehyun_koo,P3W6F2_HYBRID_HUMAN_REVIEW_V2,2026-08-15T10:05:17Z,2026-08-15T10:05:17Z,NOT_CAPTURED_IN_XLSX,XLSX_CONFIRMED_IMPORT,INDIVIDUAL_TRIPLE_REVIEW,
generated_fact_164,generated_fact_164__none,generated_fact_164__paraphrase,generated_fact_164__polarity_flip,REFUTE,REFUTE,SUPPORT,"Dr Bianca Flores, the research lead, approved the Meridian initiative 164 in Falcon Ridge during March.","Dr Bianca Flores, the research lead, approved the Meridian initiative 164 in Falcon Ridge during March.","Dr Bianca Flores, the research lead, approved the Meridian initiative 164 in Falcon Ridge during March.","Dr Bianca Flores, the research lead, did not approved the Meridian initiative 164 in Falcon Ridge during March.","During March in Falcon Ridge, Dr Bianca Flores acting as research lead did not approved the Meridian initiative 164.","Dr Bianca Flores, the research lead, approved the Meridian initiative 164 in Falcon Ridge during March.",FAIL,FAIL,PASS,"[""DID_NOT_INFLECTED_PREDICATE"",""GRAMMAR_TEMPLATE_FAIL""]","[""CANONICAL_ROW_KNOWN_GENERATOR_DEFECT"",""DID_NOT_INFLECTED_PREDICATE"",""GRAMMAR_TEMPLATE_FAIL""]","[""CANONICAL_ROW_KNOWN_GENERATOR_DEFECT""]",no text difference,no text difference,no text difference,no text difference,multiple changes,negation-only difference,F2_CANONICAL_DEFECT_PROPAGATED_TO_DERIVATIVES,canonical grammar failure propagates to paraphrase canonical_status UNRESOLVED,VALID,VALID,VALID,MULTI_MEMBER_DEFECT,CANONICAL_REGENERATION_REQUIRED,,18319508523b37eb21a7909861828a266f986347de19e4fd1595be50c0ac7646,taehyun_koo,P3W6F2_HYBRID_HUMAN_REVIEW_V2,2026-08-15T10:05:17Z,2026-08-15T10:05:17Z,NOT_CAPTURED_IN_XLSX,XLSX_CONFIRMED_IMPORT,INDIVIDUAL_TRIPLE_REVIEW,
generated_fact_167,generated_fact_167__none,generated_fact_167__paraphrase,generated_fact_167__polarity_flip,REFUTE,REFUTE,SUPPORT,"Engineer Ethan Brooks, the project curator, published the Meridian initiative 167 in Aurora City during September.","Engineer Ethan Brooks, the project curator, published the Meridian initiative 167 in Aurora City during September.","Engineer Ethan Brooks, the project curator, published the Meridian initiative 167 in Aurora City during September.","Engineer Ethan Brooks, the project curator, did not published the Meridian initiative 167 in Aurora City during September.","During September in Aurora City, Engineer Ethan Brooks acting as project curator did not published the Meridian initiative 167.","Engineer Ethan Brooks, the project curator, published the Meridian initiative 167 in Aurora City during September.",FAIL,FAIL,PASS,"[""DID_NOT_INFLECTED_PREDICATE"",""GRAMMAR_TEMPLATE_FAIL""]","[""CANONICAL_ROW_KNOWN_GENERATOR_DEFECT"",""DID_NOT_INFLECTED_PREDICATE"",""GRAMMAR_TEMPLATE_FAIL""]","[""CANONICAL_ROW_KNOWN_GENERATOR_DEFECT""]",no text difference,no text difference,no text difference,no text difference,multiple changes,negation-only difference,F2_CANONICAL_DEFECT_PROPAGATED_TO_DERIVATIVES,canonical grammar failure propagates to paraphrase canonical_status UNRESOLVED,VALID,VALID,VALID,MULTI_MEMBER_DEFECT,CANONICAL_REGENERATION_REQUIRED,,6d94b11cdf5652d5bfbf35de5e282b5630ae1f8b3fead045c0f98e62a19fdbfb,taehyun_koo,P3W6F2_HYBRID_HUMAN_REVIEW_V2,2026-08-15T10:05:17Z,2026-08-15T10:05:17Z,NOT_CAPTURED_IN_XLSX,XLSX_CONFIRMED_IMPORT,INDIVIDUAL_TRIPLE_REVIEW,
generated_fact_168,generated_fact_168__none,generated_fact_168__paraphrase,generated_fact_168__polarity_flip,REFUTE,REFUTE,SUPPORT,"Coordinator Farah Qureshi, the technical adviser, delivered the Meridian initiative 168 in Beacon Harbor during November.","Coordinator Farah Qureshi, the technical adviser, delivered the Meridian initiative 168 in Beacon Harbor during November.","Coordinator Farah Qureshi, the technical adviser, delivered the Meridian initiative 168 in Beacon Harbor during November.","Coordinator Farah Qureshi, the technical adviser, did not delivered the Meridian initiative 168 in Beacon Harbor during November.","During November in Beacon Harbor, Coordinator Farah Qureshi acting as technical adviser did not delivered the Meridian initiative 168.","Coordinator Farah Qureshi, the technical adviser, delivered the Meridian initiative 168 in Beacon Harbor during November.",FAIL,FAIL,PASS,"[""DID_NOT_INFLECTED_PREDICATE"",""GRAMMAR_TEMPLATE_FAIL""]","[""CANONICAL_ROW_KNOWN_GENERATOR_DEFECT"",""DID_NOT_INFLECTED_PREDICATE"",""GRAMMAR_TEMPLATE_FAIL""]","[""CANONICAL_ROW_KNOWN_GENERATOR_DEFECT""]",no text difference,no text difference,no text difference,no text difference,multiple changes,negation-only difference,F2_CANONICAL_DEFECT_PROPAGATED_TO_DERIVATIVES,canonical grammar failure propagates to paraphrase canonical_status UNRESOLVED,VALID,VALID,VALID,MULTI_MEMBER_DEFECT,CANONICAL_REGENERATION_REQUIRED,,1553ee9fce17b49832a3d932268a19afb50cd8882ccbca09d1196b7f9c707b03,taehyun_koo,P3W6F2_HYBRID_HUMAN_REVIEW_V2,2026-08-15T10:05:17Z,2026-08-15T10:05:17Z,NOT_CAPTURED_IN_XLSX,XLSX_CONFIRMED_IMPORT,INDIVIDUAL_TRIPLE_REVIEW,
generated_fact_169,generated_fact_169__none,generated_fact_169__paraphrase,generated_fact_169__polarity_flip,REFUTE,REFUTE,SUPPORT,"Director Gabriel Costa, the program director, opened the Meridian initiative 169 in Cedar Point during January.","Director Gabriel Costa, the program director, opened the Meridian initiative 169 in Cedar Point during January.","Director Gabriel Costa, the program director, opened the Meridian initiative 169 in Cedar Point during January.","Director Gabriel Costa, the program director, did not opened the Meridian initiative 169 in Cedar Point during January.","During January in Cedar Point, Director Gabriel Costa acting as program director did not opened the Meridian initiative 169.","Director Gabriel Costa, the program director, opened the Meridian initiative 169 in Cedar Point during January.",FAIL,FAIL,PASS,"[""DID_NOT_INFLECTED_PREDICATE"",""GRAMMAR_TEMPLATE_FAIL""]","[""CANONICAL_ROW_KNOWN_GENERATOR_DEFECT"",""DID_NOT_INFLECTED_PREDICATE"",""GRAMMAR_TEMPLATE_FAIL""]","[""CANONICAL_ROW_KNOWN_GENERATOR_DEFECT""]",no text difference,no text difference,no text difference,no text difference,multiple changes,negation-only difference,F2_CANONICAL_DEFECT_PROPAGATED_TO_DERIVATIVES,canonical grammar failure propagates to paraphrase canonical_status UNRESOLVED,VALID,VALID,VALID,MULTI_MEMBER_DEFECT,CANONICAL_REGENERATION_REQUIRED,,ce838e5132c72221bc95f26cf8e5c54e09169f6d16975e9a292eb92cc31a18da,taehyun_koo,P3W6F2_HYBRID_HUMAN_REVIEW_V2,2026-08-15T10:05:17Z,2026-08-15T10:05:17Z,NOT_CAPTURED_IN_XLSX,XLSX_CONFIRMED_IMPORT,INDIVIDUAL_TRIPLE_REVIEW,
generated_fact_170,generated_fact_170__none,generated_fact_170__paraphrase,generated_fact_170__polarity_flip,REFUTE,REFUTE,SUPPORT,"Dr Helena Wu, the research lead, selected the Meridian initiative 170 in Delta Bay during March.","Dr Helena Wu, the research lead, selected the Meridian initiative 170 in Delta Bay during March.","Dr Helena Wu, the research lead, selected the Meridian initiative 170 in Delta Bay during March.","Dr Helena Wu, the research lead, did not selected the Meridian initiative 170 in Delta Bay during March.","During March in Delta Bay, Dr Helena Wu acting as research lead did not selected the Meridian initiative 170.","Dr Helena Wu, the research lead, selected the Meridian initiative 170 in Delta Bay during March.",FAIL,FAIL,PASS,"[""DID_NOT_INFLECTED_PREDICATE"",""GRAMMAR_TEMPLATE_FAIL""]","[""CANONICAL_ROW_KNOWN_GENERATOR_DEFECT"",""DID_NOT_INFLECTED_PREDICATE"",""GRAMMAR_TEMPLATE_FAIL""]","[""CANONICAL_ROW_KNOWN_GENERATOR_DEFECT""]",no text difference,no text difference,no text difference,no text difference,multiple changes,negation-only difference,F2_CANONICAL_DEFECT_PROPAGATED_TO_DERIVATIVES,canonical grammar failure propagates to paraphrase canonical_status UNRESOLVED,VALID,VALID,VALID,MULTI_MEMBER_DEFECT,CANONICAL_REGENERATION_REQUIRED,,23a8baa799644213633f31cd7ca5067ce83ccba94b8653c63645c34300840256,taehyun_koo,P3W6F2_HYBRID_HUMAN_REVIEW_V2,2026-08-15T10:05:17Z,2026-08-15T10:05:17Z,NOT_CAPTURED_IN_XLSX,XLSX_CONFIRMED_IMPORT,INDIVIDUAL_TRIPLE_REVIEW,
generated_fact_171,generated_fact_171__none,generated_fact_171__paraphrase,generated_fact_171__polarity_flip,REFUTE,REFUTE,SUPPORT,"Professor Ismail Kaya, the regional coordinator, approved the Meridian initiative 171 in Elm Valley during May.","Professor Ismail Kaya, the regional coordinator, approved the Meridian initiative 171 in Elm Valley during May.","Professor Ismail Kaya, the regional coordinator, approved the Meridian initiative 171 in Elm Valley during May.","Professor Ismail Kaya, the regional coordinator, did not approved the Meridian initiative 171 in Elm Valley during May.","During May in Elm Valley, Professor Ismail Kaya acting as regional coordinator did not approved the Meridian initiative 171.","Professor Ismail Kaya, the regional coordinator, approved the Meridian initiative 171 in Elm Valley during May.",FAIL,FAIL,PASS,"[""DID_NOT_INFLECTED_PREDICATE"",""GRAMMAR_TEMPLATE_FAIL""]","[""CANONICAL_ROW_KNOWN_GENERATOR_DEFECT"",""DID_NOT_INFLECTED_PREDICATE"",""GRAMMAR_TEMPLATE_FAIL""]","[""CANONICAL_ROW_KNOWN_GENERATOR_DEFECT""]",no text difference,no text difference,no text difference,no text difference,multiple changes,negation-only difference,F2_CANONICAL_DEFECT_PROPAGATED_TO_DERIVATIVES,canonical grammar failure propagates to paraphrase canonical_status UNRESOLVED,VALID,VALID,VALID,MULTI_MEMBER_DEFECT,CANONICAL_REGENERATION_REQUIRED,,160e1c61a236b1ed6dfe12a467d66aa03d158dd65902cdea2736f354ecdd39a2,taehyun_koo,P3W6F2_HYBRID_HUMAN_REVIEW_V2,2026-08-15T10:05:17Z,2026-08-15T10:05:17Z,NOT_CAPTURED_IN_XLSX,XLSX_CONFIRMED_IMPORT,INDIVIDUAL_TRIPLE_REVIEW,
generated_fact_173,generated_fact_173__none,generated_fact_173__paraphrase,generated_fact_173__polarity_flip,REFUTE,REFUTE,SUPPORT,"Engineer Kwame Adu, the project curator, restored the Meridian initiative 173 in Granite Coast during September.","Engineer Kwame Adu, the project curator, restored the Meridian initiative 173 in Granite Coast during September.","Engineer Kwame Adu, the project curator, restored the Meridian initiative 173 in Granite Coast during September.","Engineer Kwame Adu, the project curator, did not restored the Meridian initiative 173 in Granite Coast during September.","During September in Granite Coast, Engineer Kwame Adu acting as project curator did not restored the Meridian initiative 173.","Engineer Kwame Adu, the project curator, restored the Meridian initiative 173 in Granite Coast during September.",FAIL,FAIL,PASS,"[""DID_NOT_INFLECTED_PREDICATE"",""GRAMMAR_TEMPLATE_FAIL""]","[""CANONICAL_ROW_KNOWN_GENERATOR_DEFECT"",""DID_NOT_INFLECTED_PREDICATE"",""GRAMMAR_TEMPLATE_FAIL""]","[""CANONICAL_ROW_KNOWN_GENERATOR_DEFECT""]",no text difference,no text difference,no text difference,no text difference,multiple changes,negation-only difference,F2_CANONICAL_DEFECT_PROPAGATED_TO_DERIVATIVES,canonical grammar failure propagates to paraphrase canonical_status UNRESOLVED,VALID,VALID,VALID,MULTI_MEMBER_DEFECT,CANONICAL_REGENERATION_REQUIRED,,b11c2779bd0695c542b07ad38d3ba93d88a408da9ebb2c0fc6f8e4746a452275,taehyun_koo,P3W6F2_HYBRID_HUMAN_REVIEW_V2,2026-08-15T10:05:17Z,2026-08-15T10:05:17Z,NOT_CAPTURED_IN_XLSX,XLSX_CONFIRMED_IMPORT,INDIVIDUAL_TRIPLE_REVIEW,
generated_fact_175,generated_fact_175__none,generated_fact_175__paraphrase,generated_fact_175__polarity_flip,REFUTE,REFUTE,SUPPORT,"Director Avery Stone, the program director, delivered the Meridian initiative 175 in Aurora City during January.","Director Avery Stone, the program director, delivered the Meridian initiative 175 in Aurora City during January.","Director Avery Stone, the program director, delivered the Meridian initiative 175 in Aurora City during January.","Director Avery Stone, the program director, did not delivered the Meridian initiative 175 in Aurora City during January.","During January in Aurora City, Director Avery Stone acting as program director did not delivered the Meridian initiative 175.","Director Avery Stone, the program director, delivered the Meridian initiative 175 in Aurora City during January.",FAIL,FAIL,PASS,"[""DID_NOT_INFLECTED_PREDICATE"",""GRAMMAR_TEMPLATE_FAIL""]","[""CANONICAL_ROW_KNOWN_GENERATOR_DEFECT"",""DID_NOT_INFLECTED_PREDICATE"",""GRAMMAR_TEMPLATE_FAIL""]","[""CANONICAL_ROW_KNOWN_GENERATOR_DEFECT""]",no text difference,no text difference,no text difference,no text difference,multiple changes,negation-only difference,F2_CANONICAL_DEFECT_PROPAGATED_TO_DERIVATIVES,canonical grammar failure propagates to paraphrase canonical_status UNRESOLVED,VALID,VALID,VALID,MULTI_MEMBER_DEFECT,CANONICAL_REGENERATION_REQUIRED,,f5753fcd342fb1a38ea6313c9076d4c8aa96fe9cbf9bf9283e0599f1bbd20e83,taehyun_koo,P3W6F2_HYBRID_HUMAN_REVIEW_V2,2026-08-15T10:05:17Z,2026-08-15T10:05:17Z,NOT_CAPTURED_IN_XLSX,XLSX_CONFIRMED_IMPORT,INDIVIDUAL_TRIPLE_REVIEW,
generated_fact_177,generated_fact_177__none,generated_fact_177__paraphrase,generated_fact_177__polarity_flip,REFUTE,REFUTE,SUPPORT,"Professor Chidi Eze, the regional coordinator, selected the Meridian initiative 177 in Cedar Point during May.","Professor Chidi Eze, the regional coordinator, selected the Meridian initiative 177 in Cedar Point during May.","Professor Chidi Eze, the regional coordinator, selected the Meridian initiative 177 in Cedar Point during May.","Professor Chidi Eze, the regional coordinator, did not selected the Meridian initiative 177 in Cedar Point during May.","During May in Cedar Point, Professor Chidi Eze acting as regional coordinator did not selected the Meridian initiative 177.","Professor Chidi Eze, the regional coordinator, selected the Meridian initiative 177 in Cedar Point during May.",FAIL,FAIL,PASS,"[""DID_NOT_INFLECTED_PREDICATE"",""GRAMMAR_TEMPLATE_FAIL""]","[""CANONICAL_ROW_KNOWN_GENERATOR_DEFECT"",""DID_NOT_INFLECTED_PREDICATE"",""GRAMMAR_TEMPLATE_FAIL""]","[""CANONICAL_ROW_KNOWN_GENERATOR_DEFECT""]",no text difference,no text difference,no text difference,no text difference,multiple changes,negation-only difference,F2_CANONICAL_DEFECT_PROPAGATED_TO_DERIVATIVES,canonical grammar failure propagates to paraphrase canonical_status UNRESOLVED,VALID,VALID,VALID,MULTI_MEMBER_DEFECT,CANONICAL_REGENERATION_REQUIRED,,6ac3ae44c254611429fb45ca76050ffdfb17b8ff7f72470282a0ad5b11b34dd6,taehyun_koo,P3W6F2_HYBRID_HUMAN_REVIEW_V2,2026-08-15T10:05:17Z,2026-08-15T10:05:17Z,NOT_CAPTURED_IN_XLSX,XLSX_CONFIRMED_IMPORT,INDIVIDUAL_TRIPLE_REVIEW,
generated_fact_178,generated_fact_178__none,generated_fact_178__paraphrase,generated_fact_178__polarity_flip,REFUTE,REFUTE,SUPPORT,"Minister Daria Volkova, the operations chief, approved the Meridian initiative 178 in Delta Bay during July.","Minister Daria Volkova, the operations chief, approved the Meridian initiative 178 in Delta Bay during July.","Minister Daria Volkova, the operations chief, approved the Meridian initiative 178 in Delta Bay during July.","Minister Daria Volkova, the operations chief, did not approved the Meridian initiative 178 in Delta Bay during July.","During July in Delta Bay, Minister Daria Volkova acting as operations chief did not approved the Meridian initiative 178.","Minister Daria Volkova, the operations chief, approved the Meridian initiative 178 in Delta Bay during July.",FAIL,FAIL,PASS,"[""DID_NOT_INFLECTED_PREDICATE"",""GRAMMAR_TEMPLATE_FAIL""]","[""CANONICAL_ROW_KNOWN_GENERATOR_DEFECT"",""DID_NOT_INFLECTED_PREDICATE"",""GRAMMAR_TEMPLATE_FAIL""]","[""CANONICAL_ROW_KNOWN_GENERATOR_DEFECT""]",no text difference,no text difference,no text difference,no text difference,multiple changes,negation-only difference,F2_CANONICAL_DEFECT_PROPAGATED_TO_DERIVATIVES,canonical grammar failure propagates to paraphrase canonical_status UNRESOLVED,VALID,VALID,VALID,MULTI_MEMBER_DEFECT,CANONICAL_REGENERATION_REQUIRED,,5a160021da627913d2f43e6218081fd9a9a7cc6b1b4d18dde5f36829f4e59117,taehyun_koo,P3W6F2_HYBRID_HUMAN_REVIEW_V2,2026-08-15T10:05:17Z,2026-08-15T10:05:17Z,NOT_CAPTURED_IN_XLSX,XLSX_CONFIRMED_IMPORT,INDIVIDUAL_TRIPLE_REVIEW,
generated_fact_179,generated_fact_179__none,generated_fact_179__paraphrase,generated_fact_179__polarity_flip,REFUTE,REFUTE,SUPPORT,"Engineer Ethan Brooks, the project curator, launched the Meridian initiative 179 in Elm Valley during September.","Engineer Ethan Brooks, the project curator, launched the Meridian initiative 179 in Elm Valley during September.","Engineer Ethan Brooks, the project curator, launched the Meridian initiative 179 in Elm Valley during September.","Engineer Ethan Brooks, the project curator, did not launched the Meridian initiative 179 in Elm Valley during September.","During September in Elm Valley, Engineer Ethan Brooks acting as project curator did not launched the Meridian initiative 179.","Engineer Ethan Brooks, the project curator, launched the Meridian initiative 179 in Elm Valley during September.",FAIL,FAIL,PASS,"[""DID_NOT_INFLECTED_PREDICATE"",""GRAMMAR_TEMPLATE_FAIL""]","[""CANONICAL_ROW_KNOWN_GENERATOR_DEFECT"",""DID_NOT_INFLECTED_PREDICATE"",""GRAMMAR_TEMPLATE_FAIL""]","[""CANONICAL_ROW_KNOWN_GENERATOR_DEFECT""]",no text difference,no text difference,no text difference,no text difference,multiple changes,negation-only difference,F2_CANONICAL_DEFECT_PROPAGATED_TO_DERIVATIVES,canonical grammar failure propagates to paraphrase canonical_status UNRESOLVED,VALID,VALID,VALID,MULTI_MEMBER_DEFECT,CANONICAL_REGENERATION_REQUIRED,,200b040c0b1598b9009b6caf9f35190bff405fe1fe13507a27f407a4a9489ccb,taehyun_koo,P3W6F2_HYBRID_HUMAN_REVIEW_V2,2026-08-15T10:05:17Z,2026-08-15T10:05:17Z,NOT_CAPTURED_IN_XLSX,XLSX_CONFIRMED_IMPORT,INDIVIDUAL_TRIPLE_REVIEW,
generated_fact_180,generated_fact_180__none,generated_fact_180__paraphrase,generated_fact_180__polarity_flip,REFUTE,REFUTE,SUPPORT,"Coordinator Farah Qureshi, the technical adviser, restored the Meridian initiative 180 in Falcon Ridge during November.","Coordinator Farah Qureshi, the technical adviser, restored the Meridian initiative 180 in Falcon Ridge during November.","Coordinator Farah Qureshi, the technical adviser, restored the Meridian initiative 180 in Falcon Ridge during November.","Coordinator Farah Qureshi, the technical adviser, did not restored the Meridian initiative 180 in Falcon Ridge during November.","During November in Falcon Ridge, Coordinator Farah Qureshi acting as technical adviser did not restored the Meridian initiative 180.","Coordinator Farah Qureshi, the technical adviser, restored the Meridian initiative 180 in Falcon Ridge during November.",FAIL,FAIL,PASS,"[""DID_NOT_INFLECTED_PREDICATE"",""GRAMMAR_TEMPLATE_FAIL""]","[""CANONICAL_ROW_KNOWN_GENERATOR_DEFECT"",""DID_NOT_INFLECTED_PREDICATE"",""GRAMMAR_TEMPLATE_FAIL""]","[""CANONICAL_ROW_KNOWN_GENERATOR_DEFECT""]",no text difference,no text difference,no text difference,no text difference,multiple changes,negation-only difference,F2_CANONICAL_DEFECT_PROPAGATED_TO_DERIVATIVES,canonical grammar failure propagates to paraphrase canonical_status UNRESOLVED,VALID,VALID,VALID,MULTI_MEMBER_DEFECT,CANONICAL_REGENERATION_REQUIRED,,086bcdb94439d7dc84ea6c542d7688b194a5a64f9934ab96ea81ac3e99e0ac04,taehyun_koo,P3W6F2_HYBRID_HUMAN_REVIEW_V2,2026-08-15T10:05:17Z,2026-08-15T10:05:17Z,NOT_CAPTURED_IN_XLSX,XLSX_CONFIRMED_IMPORT,INDIVIDUAL_TRIPLE_REVIEW,
generated_fact_181,generated_fact_181__none,generated_fact_181__paraphrase,generated_fact_181__polarity_flip,REFUTE,REFUTE,SUPPORT,"Director Gabriel Costa, the program director, published the Meridian initiative 181 in Granite Coast during January.","Director Gabriel Costa, the program director, published the Meridian initiative 181 in Granite Coast during January.","Director Gabriel Costa, the program director, published the Meridian initiative 181 in Granite Coast during January.","Director Gabriel Costa, the program director, did not published the Meridian initiative 181 in Granite Coast during January.","During January in Granite Coast, Director Gabriel Costa acting as program director did not published the Meridian initiative 181.","Director Gabriel Costa, the program director, published the Meridian initiative 181 in Granite Coast during January.",FAIL,FAIL,PASS,"[""DID_NOT_INFLECTED_PREDICATE"",""GRAMMAR_TEMPLATE_FAIL""]","[""CANONICAL_ROW_KNOWN_GENERATOR_DEFECT"",""DID_NOT_INFLECTED_PREDICATE"",""GRAMMAR_TEMPLATE_FAIL""]","[""CANONICAL_ROW_KNOWN_GENERATOR_DEFECT""]",no text difference,no text difference,no text difference,no text difference,multiple changes,negation-only difference,F2_CANONICAL_DEFECT_PROPAGATED_TO_DERIVATIVES,canonical grammar failure propagates to paraphrase canonical_status UNRESOLVED,VALID,VALID,VALID,MULTI_MEMBER_DEFECT,CANONICAL_REGENERATION_REQUIRED,,84954814ecc6defcec66157cee16b9a5d81a74934fcae4aa22fd088a86d42454,9terry,P3W6F2_HYBRID_HUMAN_REVIEW_V2,2026-08-15T10:12:13Z,2026-08-15T10:12:13Z,NOT_APPLICABLE_STRUCTURAL_COHORT,STRUCTURAL_COHORT_CONFIRMATION,STRUCTURAL_COHORT_CONFIRMATION,P3W6F2_COHORT_CONFIRMATION_03ef1612b55e821318c668aee83beb5db77c0ee48699f0087819a1d9515cef4d
generated_fact_182,generated_fact_182__none,generated_fact_182__paraphrase,generated_fact_182__polarity_flip,REFUTE,REFUTE,SUPPORT,"Dr Helena Wu, the research lead, delivered the Meridian initiative 182 in Horizon Plains during March.","Dr Helena Wu, the research lead, delivered the Meridian initiative 182 in Horizon Plains during March.","Dr Helena Wu, the research lead, delivered the Meridian initiative 182 in Horizon Plains during March.","Dr Helena Wu, the research lead, did not delivered the Meridian initiative 182 in Horizon Plains during March.","During March in Horizon Plains, Dr Helena Wu acting as research lead did not delivered the Meridian initiative 182.","Dr Helena Wu, the research lead, delivered the Meridian initiative 182 in Horizon Plains during March.",FAIL,FAIL,PASS,"[""DID_NOT_INFLECTED_PREDICATE"",""GRAMMAR_TEMPLATE_FAIL""]","[""CANONICAL_ROW_KNOWN_GENERATOR_DEFECT"",""DID_NOT_INFLECTED_PREDICATE"",""GRAMMAR_TEMPLATE_FAIL""]","[""CANONICAL_ROW_KNOWN_GENERATOR_DEFECT""]",no text difference,no text difference,no text difference,no text difference,multiple changes,negation-only difference,F2_CANONICAL_DEFECT_PROPAGATED_TO_DERIVATIVES,canonical grammar failure propagates to paraphrase canonical_status UNRESOLVED,VALID,VALID,VALID,MULTI_MEMBER_DEFECT,CANONICAL_REGENERATION_REQUIRED,,d5369e3967e24e02a40d86b05b9277ed1d10497b37332187e1a07cd6bd21c3ae,9terry,P3W6F2_HYBRID_HUMAN_REVIEW_V2,2026-08-15T10:12:13Z,2026-08-15T10:12:13Z,NOT_APPLICABLE_STRUCTURAL_COHORT,STRUCTURAL_COHORT_CONFIRMATION,STRUCTURAL_COHORT_CONFIRMATION,P3W6F2_COHORT_CONFIRMATION_03ef1612b55e821318c668aee83beb5db77c0ee48699f0087819a1d9515cef4d
generated_fact_183,generated_fact_183__none,generated_fact_183__paraphrase,generated_fact_183__polarity_flip,REFUTE,REFUTE,SUPPORT,"Professor Ismail Kaya, the regional coordinator, opened the Meridian initiative 183 in Aurora City during May.","Professor Ismail Kaya, the regional coordinator, opened the Meridian initiative 183 in Aurora City during May.","Professor Ismail Kaya, the regional coordinator, opened the Meridian initiative 183 in Aurora City during May.","Professor Ismail Kaya, the regional coordinator, did not opened the Meridian initiative 183 in Aurora City during May.","During May in Aurora City, Professor Ismail Kaya acting as regional coordinator did not opened the Meridian initiative 183.","Professor Ismail Kaya, the regional coordinator, opened the Meridian initiative 183 in Aurora City during May.",FAIL,FAIL,PASS,"[""DID_NOT_INFLECTED_PREDICATE"",""GRAMMAR_TEMPLATE_FAIL""]","[""CANONICAL_ROW_KNOWN_GENERATOR_DEFECT"",""DID_NOT_INFLECTED_PREDICATE"",""GRAMMAR_TEMPLATE_FAIL""]","[""CANONICAL_ROW_KNOWN_GENERATOR_DEFECT""]",no text difference,no text difference,no text difference,no text difference,multiple changes,negation-only difference,F2_CANONICAL_DEFECT_PROPAGATED_TO_DERIVATIVES,canonical grammar failure propagates to paraphrase canonical_status UNRESOLVED,VALID,VALID,VALID,MULTI_MEMBER_DEFECT,CANONICAL_REGENERATION_REQUIRED,,c124cb85ddeb71abb57b256f7fac1043d8fc0e3588ec0e225745deb58a36263f,9terry,P3W6F2_HYBRID_HUMAN_REVIEW_V2,2026-08-15T10:12:13Z,2026-08-15T10:12:13Z,NOT_APPLICABLE_STRUCTURAL_COHORT,STRUCTURAL_COHORT_CONFIRMATION,STRUCTURAL_COHORT_CONFIRMATION,P3W6F2_COHORT_CONFIRMATION_03ef1612b55e821318c668aee83beb5db77c0ee48699f0087819a1d9515cef4d
generated_fact_184,generated_fact_184__none,generated_fact_184__paraphrase,generated_fact_184__polarity_flip,REFUTE,REFUTE,SUPPORT,"Minister Julia Novak, the operations chief, selected the Meridian initiative 184 in Beacon Harbor during July.","Minister Julia Novak, the operations chief, selected the Meridian initiative 184 in Beacon Harbor during July.","Minister Julia Novak, the operations chief, selected the Meridian initiative 184 in Beacon Harbor during July.","Minister Julia Novak, the operations chief, did not selected the Meridian initiative 184 in Beacon Harbor during July.","During July in Beacon Harbor, Minister Julia Novak acting as operations chief did not selected the Meridian initiative 184.","Minister Julia Novak, the operations chief, selected the Meridian initiative 184 in Beacon Harbor during July.",FAIL,FAIL,PASS,"[""DID_NOT_INFLECTED_PREDICATE"",""GRAMMAR_TEMPLATE_FAIL""]","[""CANONICAL_ROW_KNOWN_GENERATOR_DEFECT"",""DID_NOT_INFLECTED_PREDICATE"",""GRAMMAR_TEMPLATE_FAIL""]","[""CANONICAL_ROW_KNOWN_GENERATOR_DEFECT""]",no text difference,no text difference,no text difference,no text difference,multiple changes,negation-only difference,F2_CANONICAL_DEFECT_PROPAGATED_TO_DERIVATIVES,canonical grammar failure propagates to paraphrase canonical_status UNRESOLVED,VALID,VALID,VALID,MULTI_MEMBER_DEFECT,CANONICAL_REGENERATION_REQUIRED,,c7eb6dc1ad48e9396644ff9cbfa35f4901605a498d0f7210936f51c3abdf486f,9terry,P3W6F2_HYBRID_HUMAN_REVIEW_V2,2026-08-15T10:12:13Z,2026-08-15T10:12:13Z,NOT_APPLICABLE_STRUCTURAL_COHORT,STRUCTURAL_COHORT_CONFIRMATION,STRUCTURAL_COHORT_CONFIRMATION,P3W6F2_COHORT_CONFIRMATION_03ef1612b55e821318c668aee83beb5db77c0ee48699f0087819a1d9515cef4d
generated_fact_185,generated_fact_185__none,generated_fact_185__paraphrase,generated_fact_185__polarity_flip,REFUTE,REFUTE,SUPPORT,"Engineer Kwame Adu, the project curator, approved the Meridian initiative 185 in Cedar Point during September.","Engineer Kwame Adu, the project curator, approved the Meridian initiative 185 in Cedar Point during September.","Engineer Kwame Adu, the project curator, approved the Meridian initiative 185 in Cedar Point during September.","Engineer Kwame Adu, the project curator, did not approved the Meridian initiative 185 in Cedar Point during September.","During September in Cedar Point, Engineer Kwame Adu acting as project curator did not approved the Meridian initiative 185.","Engineer Kwame Adu, the project curator, approved the Meridian initiative 185 in Cedar Point during September.",FAIL,FAIL,PASS,"[""DID_NOT_INFLECTED_PREDICATE"",""GRAMMAR_TEMPLATE_FAIL""]","[""CANONICAL_ROW_KNOWN_GENERATOR_DEFECT"",""DID_NOT_INFLECTED_PREDICATE"",""GRAMMAR_TEMPLATE_FAIL""]","[""CANONICAL_ROW_KNOWN_GENERATOR_DEFECT""]",no text difference,no text difference,no text difference,no text difference,multiple changes,negation-only difference,F2_CANONICAL_DEFECT_PROPAGATED_TO_DERIVATIVES,canonical grammar failure propagates to paraphrase canonical_status UNRESOLVED,VALID,VALID,VALID,MULTI_MEMBER_DEFECT,CANONICAL_REGENERATION_REQUIRED,,1fed911a284958f814eb545a4dd85c03ef1f55dffe64f8863fae43d9d4153b66,9terry,P3W6F2_HYBRID_HUMAN_REVIEW_V2,2026-08-15T10:12:13Z,2026-08-15T10:12:13Z,NOT_APPLICABLE_STRUCTURAL_COHORT,STRUCTURAL_COHORT_CONFIRMATION,STRUCTURAL_COHORT_CONFIRMATION,P3W6F2_COHORT_CONFIRMATION_03ef1612b55e821318c668aee83beb5db77c0ee48699f0087819a1d9515cef4d
generated_fact_187,generated_fact_187__none,generated_fact_187__paraphrase,generated_fact_187__polarity_flip,REFUTE,REFUTE,SUPPORT,"Director Avery Stone, the program director, restored the Meridian initiative 187 in Elm Valley during January.","Director Avery Stone, the program director, restored the Meridian initiative 187 in Elm Valley during January.","Director Avery Stone, the program director, restored the Meridian initiative 187 in Elm Valley during January.","Director Avery Stone, the program director, did not restored the Meridian initiative 187 in Elm Valley during January.","During January in Elm Valley, Director Avery Stone acting as program director did not restored the Meridian initiative 187.","Director Avery Stone, the program director, restored the Meridian initiative 187 in Elm Valley during January.",FAIL,FAIL,PASS,"[""DID_NOT_INFLECTED_PREDICATE"",""GRAMMAR_TEMPLATE_FAIL""]","[""CANONICAL_ROW_KNOWN_GENERATOR_DEFECT"",""DID_NOT_INFLECTED_PREDICATE"",""GRAMMAR_TEMPLATE_FAIL""]","[""CANONICAL_ROW_KNOWN_GENERATOR_DEFECT""]",no text difference,no text difference,no text difference,no text difference,multiple changes,negation-only difference,F2_CANONICAL_DEFECT_PROPAGATED_TO_DERIVATIVES,canonical grammar failure propagates to paraphrase canonical_status UNRESOLVED,VALID,VALID,VALID,MULTI_MEMBER_DEFECT,CANONICAL_REGENERATION_REQUIRED,,a2e0517e24b556672bffa8a008cc83bd055c8663b2c339369e4b5e122937560b,9terry,P3W6F2_HYBRID_HUMAN_REVIEW_V2,2026-08-15T10:12:13Z,2026-08-15T10:12:13Z,NOT_APPLICABLE_STRUCTURAL_COHORT,STRUCTURAL_COHORT_CONFIRMATION,STRUCTURAL_COHORT_CONFIRMATION,P3W6F2_COHORT_CONFIRMATION_03ef1612b55e821318c668aee83beb5db77c0ee48699f0087819a1d9515cef4d
generated_fact_188,generated_fact_188__none,generated_fact_188__paraphrase,generated_fact_188__polarity_flip,REFUTE,REFUTE,SUPPORT,"Dr Bianca Flores, the research lead, published the Meridian initiative 188 in Falcon Ridge during March.","Dr Bianca Flores, the research lead, published the Meridian initiative 188 in Falcon Ridge during March.","Dr Bianca Flores, the research lead, published the Meridian initiative 188 in Falcon Ridge during March.","Dr Bianca Flores, the research lead, did not published the Meridian initiative 188 in Falcon Ridge during March.","During March in Falcon Ridge, Dr Bianca Flores acting as research lead did not published the Meridian initiative 188.","Dr Bianca Flores, the research lead, published the Meridian initiative 188 in Falcon Ridge during March.",FAIL,FAIL,PASS,"[""DID_NOT_INFLECTED_PREDICATE"",""GRAMMAR_TEMPLATE_FAIL""]","[""CANONICAL_ROW_KNOWN_GENERATOR_DEFECT"",""DID_NOT_INFLECTED_PREDICATE"",""GRAMMAR_TEMPLATE_FAIL""]","[""CANONICAL_ROW_KNOWN_GENERATOR_DEFECT""]",no text difference,no text difference,no text difference,no text difference,multiple changes,negation-only difference,F2_CANONICAL_DEFECT_PROPAGATED_TO_DERIVATIVES,canonical grammar failure propagates to paraphrase canonical_status UNRESOLVED,VALID,VALID,VALID,MULTI_MEMBER_DEFECT,CANONICAL_REGENERATION_REQUIRED,,a5bf9cc7923f52527b9256fa436b778ec7b8630f7120def25cf67fb935d20001,9terry,P3W6F2_HYBRID_HUMAN_REVIEW_V2,2026-08-15T10:12:13Z,2026-08-15T10:12:13Z,NOT_APPLICABLE_STRUCTURAL_COHORT,STRUCTURAL_COHORT_CONFIRMATION,STRUCTURAL_COHORT_CONFIRMATION,P3W6F2_COHORT_CONFIRMATION_03ef1612b55e821318c668aee83beb5db77c0ee48699f0087819a1d9515cef4d
generated_fact_189,generated_fact_189__none,generated_fact_189__paraphrase,generated_fact_189__polarity_flip,REFUTE,REFUTE,SUPPORT,"Professor Chidi Eze, the regional coordinator, delivered the Meridian initiative 189 in Granite Coast during May.","Professor Chidi Eze, the regional coordinator, delivered the Meridian initiative 189 in Granite Coast during May.","Professor Chidi Eze, the regional coordinator, delivered the Meridian initiative 189 in Granite Coast during May.","Professor Chidi Eze, the regional coordinator, did not delivered the Meridian initiative 189 in Granite Coast during May.","During May in Granite Coast, Professor Chidi Eze acting as regional coordinator did not delivered the Meridian initiative 189.","Professor Chidi Eze, the regional coordinator, delivered the Meridian initiative 189 in Granite Coast during May.",FAIL,FAIL,PASS,"[""DID_NOT_INFLECTED_PREDICATE"",""GRAMMAR_TEMPLATE_FAIL""]","[""CANONICAL_ROW_KNOWN_GENERATOR_DEFECT"",""DID_NOT_INFLECTED_PREDICATE"",""GRAMMAR_TEMPLATE_FAIL""]","[""CANONICAL_ROW_KNOWN_GENERATOR_DEFECT""]",no text difference,no text difference,no text difference,no text difference,multiple changes,negation-only difference,F2_CANONICAL_DEFECT_PROPAGATED_TO_DERIVATIVES,canonical grammar failure propagates to paraphrase canonical_status UNRESOLVED,VALID,VALID,VALID,MULTI_MEMBER_DEFECT,CANONICAL_REGENERATION_REQUIRED,,681b3e2d7e961c8f4046c3a5bb2d3d235551b9472c98bcece858ff08890c2fbc,9terry,P3W6F2_HYBRID_HUMAN_REVIEW_V2,2026-08-15T10:12:13Z,2026-08-15T10:12:13Z,NOT_APPLICABLE_STRUCTURAL_COHORT,STRUCTURAL_COHORT_CONFIRMATION,STRUCTURAL_COHORT_CONFIRMATION,P3W6F2_COHORT_CONFIRMATION_03ef1612b55e821318c668aee83beb5db77c0ee48699f0087819a1d9515cef4d
generated_fact_190,generated_fact_190__none,generated_fact_190__paraphrase,generated_fact_190__polarity_flip,REFUTE,REFUTE,SUPPORT,"Minister Daria Volkova, the operations chief, opened the Meridian initiative 190 in Horizon Plains during July.","Minister Daria Volkova, the operations chief, opened the Meridian initiative 190 in Horizon Plains during July.","Minister Daria Volkova, the operations chief, opened the Meridian initiative 190 in Horizon Plains during July.","Minister Daria Volkova, the operations chief, did not opened the Meridian initiative 190 in Horizon Plains during July.","During July in Horizon Plains, Minister Daria Volkova acting as operations chief did not opened the Meridian initiative 190.","Minister Daria Volkova, the operations chief, opened the Meridian initiative 190 in Horizon Plains during July.",FAIL,FAIL,PASS,"[""DID_NOT_INFLECTED_PREDICATE"",""GRAMMAR_TEMPLATE_FAIL""]","[""CANONICAL_ROW_KNOWN_GENERATOR_DEFECT"",""DID_NOT_INFLECTED_PREDICATE"",""GRAMMAR_TEMPLATE_FAIL""]","[""CANONICAL_ROW_KNOWN_GENERATOR_DEFECT""]",no text difference,no text difference,no text difference,no text difference,multiple changes,negation-only difference,F2_CANONICAL_DEFECT_PROPAGATED_TO_DERIVATIVES,canonical grammar failure propagates to paraphrase canonical_status UNRESOLVED,VALID,VALID,VALID,MULTI_MEMBER_DEFECT,CANONICAL_REGENERATION_REQUIRED,,63c9dca82951c4a69e2ff7d6c75915526a2bd8eeca12167c0055401664a00c9b,9terry,P3W6F2_HYBRID_HUMAN_REVIEW_V2,2026-08-15T10:12:13Z,2026-08-15T10:12:13Z,NOT_APPLICABLE_STRUCTURAL_COHORT,STRUCTURAL_COHORT_CONFIRMATION,STRUCTURAL_COHORT_CONFIRMATION,P3W6F2_COHORT_CONFIRMATION_03ef1612b55e821318c668aee83beb5db77c0ee48699f0087819a1d9515cef4d
generated_fact_191,generated_fact_191__none,generated_fact_191__paraphrase,generated_fact_191__polarity_flip,REFUTE,REFUTE,SUPPORT,"Engineer Ethan Brooks, the project curator, selected the Meridian initiative 191 in Aurora City during September.","Engineer Ethan Brooks, the project curator, selected the Meridian initiative 191 in Aurora City during September.","Engineer Ethan Brooks, the project curator, selected the Meridian initiative 191 in Aurora City during September.","Engineer Ethan Brooks, the project curator, did not selected the Meridian initiative 191 in Aurora City during September.","During September in Aurora City, Engineer Ethan Brooks acting as project curator did not selected the Meridian initiative 191.","Engineer Ethan Brooks, the project curator, selected the Meridian initiative 191 in Aurora City during September.",FAIL,FAIL,PASS,"[""DID_NOT_INFLECTED_PREDICATE"",""GRAMMAR_TEMPLATE_FAIL""]","[""CANONICAL_ROW_KNOWN_GENERATOR_DEFECT"",""DID_NOT_INFLECTED_PREDICATE"",""GRAMMAR_TEMPLATE_FAIL""]","[""CANONICAL_ROW_KNOWN_GENERATOR_DEFECT""]",no text difference,no text difference,no text difference,no text difference,multiple changes,negation-only difference,F2_CANONICAL_DEFECT_PROPAGATED_TO_DERIVATIVES,canonical grammar failure propagates to paraphrase canonical_status UNRESOLVED,VALID,VALID,VALID,MULTI_MEMBER_DEFECT,CANONICAL_REGENERATION_REQUIRED,,59a4842cde2002b43d6eeaf6b7d70815118488f90dd9dad8499c7778ae713427,9terry,P3W6F2_HYBRID_HUMAN_REVIEW_V2,2026-08-15T10:12:13Z,2026-08-15T10:12:13Z,NOT_APPLICABLE_STRUCTURAL_COHORT,STRUCTURAL_COHORT_CONFIRMATION,STRUCTURAL_COHORT_CONFIRMATION,P3W6F2_COHORT_CONFIRMATION_03ef1612b55e821318c668aee83beb5db77c0ee48699f0087819a1d9515cef4d
generated_fact_192,generated_fact_192__none,generated_fact_192__paraphrase,generated_fact_192__polarity_flip,REFUTE,REFUTE,SUPPORT,"Coordinator Farah Qureshi, the technical adviser, approved the Meridian initiative 192 in Beacon Harbor during November.","Coordinator Farah Qureshi, the technical adviser, approved the Meridian initiative 192 in Beacon Harbor during November.","Coordinator Farah Qureshi, the technical adviser, approved the Meridian initiative 192 in Beacon Harbor during November.","Coordinator Farah Qureshi, the technical adviser, did not approved the Meridian initiative 192 in Beacon Harbor during November.","During November in Beacon Harbor, Coordinator Farah Qureshi acting as technical adviser did not approved the Meridian initiative 192.","Coordinator Farah Qureshi, the technical adviser, approved the Meridian initiative 192 in Beacon Harbor during November.",FAIL,FAIL,PASS,"[""DID_NOT_INFLECTED_PREDICATE"",""GRAMMAR_TEMPLATE_FAIL""]","[""CANONICAL_ROW_KNOWN_GENERATOR_DEFECT"",""DID_NOT_INFLECTED_PREDICATE"",""GRAMMAR_TEMPLATE_FAIL""]","[""CANONICAL_ROW_KNOWN_GENERATOR_DEFECT""]",no text difference,no text difference,no text difference,no text difference,multiple changes,negation-only difference,F2_CANONICAL_DEFECT_PROPAGATED_TO_DERIVATIVES,canonical grammar failure propagates to paraphrase canonical_status UNRESOLVED,VALID,VALID,VALID,MULTI_MEMBER_DEFECT,CANONICAL_REGENERATION_REQUIRED,,7b2e284b9da7fb5ef9cd5024ab9485bf8b9cd2dd36d794de3c182788cc18efe0,9terry,P3W6F2_HYBRID_HUMAN_REVIEW_V2,2026-08-15T10:12:13Z,2026-08-15T10:12:13Z,NOT_APPLICABLE_STRUCTURAL_COHORT,STRUCTURAL_COHORT_CONFIRMATION,STRUCTURAL_COHORT_CONFIRMATION,P3W6F2_COHORT_CONFIRMATION_03ef1612b55e821318c668aee83beb5db77c0ee48699f0087819a1d9515cef4d
generated_fact_193,generated_fact_193__none,generated_fact_193__paraphrase,generated_fact_193__polarity_flip,REFUTE,REFUTE,SUPPORT,"Director Gabriel Costa, the program director, launched the Meridian initiative 193 in Cedar Point during January.","Director Gabriel Costa, the program director, launched the Meridian initiative 193 in Cedar Point during January.","Director Gabriel Costa, the program director, launched the Meridian initiative 193 in Cedar Point during January.","Director Gabriel Costa, the program director, did not launched the Meridian initiative 193 in Cedar Point during January.","During January in Cedar Point, Director Gabriel Costa acting as program director did not launched the Meridian initiative 193.","Director Gabriel Costa, the program director, launched the Meridian initiative 193 in Cedar Point during January.",FAIL,FAIL,PASS,"[""DID_NOT_INFLECTED_PREDICATE"",""GRAMMAR_TEMPLATE_FAIL""]","[""CANONICAL_ROW_KNOWN_GENERATOR_DEFECT"",""DID_NOT_INFLECTED_PREDICATE"",""GRAMMAR_TEMPLATE_FAIL""]","[""CANONICAL_ROW_KNOWN_GENERATOR_DEFECT""]",no text difference,no text difference,no text difference,no text difference,multiple changes,negation-only difference,F2_CANONICAL_DEFECT_PROPAGATED_TO_DERIVATIVES,canonical grammar failure propagates to paraphrase canonical_status UNRESOLVED,VALID,VALID,VALID,MULTI_MEMBER_DEFECT,CANONICAL_REGENERATION_REQUIRED,,71cb5aa2113052a3c4fe97681ae093471f518ce387770b8acddb2f02b921e687,9terry,P3W6F2_HYBRID_HUMAN_REVIEW_V2,2026-08-15T10:12:13Z,2026-08-15T10:12:13Z,NOT_APPLICABLE_STRUCTURAL_COHORT,STRUCTURAL_COHORT_CONFIRMATION,STRUCTURAL_COHORT_CONFIRMATION,P3W6F2_COHORT_CONFIRMATION_03ef1612b55e821318c668aee83beb5db77c0ee48699f0087819a1d9515cef4d
generated_fact_194,generated_fact_194__none,generated_fact_194__paraphrase,generated_fact_194__polarity_flip,REFUTE,REFUTE,SUPPORT,"Dr Helena Wu, the research lead, restored the Meridian initiative 194 in Delta Bay during March.","Dr Helena Wu, the research lead, restored the Meridian initiative 194 in Delta Bay during March.","Dr Helena Wu, the research lead, restored the Meridian initiative 194 in Delta Bay during March.","Dr Helena Wu, the research lead, did not restored the Meridian initiative 194 in Delta Bay during March.","During March in Delta Bay, Dr Helena Wu acting as research lead did not restored the Meridian initiative 194.","Dr Helena Wu, the research lead, restored the Meridian initiative 194 in Delta Bay during March.",FAIL,FAIL,PASS,"[""DID_NOT_INFLECTED_PREDICATE"",""GRAMMAR_TEMPLATE_FAIL""]","[""CANONICAL_ROW_KNOWN_GENERATOR_DEFECT"",""DID_NOT_INFLECTED_PREDICATE"",""GRAMMAR_TEMPLATE_FAIL""]","[""CANONICAL_ROW_KNOWN_GENERATOR_DEFECT""]",no text difference,no text difference,no text difference,no text difference,multiple changes,negation-only difference,F2_CANONICAL_DEFECT_PROPAGATED_TO_DERIVATIVES,canonical grammar failure propagates to paraphrase canonical_status UNRESOLVED,VALID,VALID,VALID,MULTI_MEMBER_DEFECT,CANONICAL_REGENERATION_REQUIRED,,ad60f79a8501a60083fe7edf7f54320d0d1f528d9f16e2dbaabcd45f0b839cbe,9terry,P3W6F2_HYBRID_HUMAN_REVIEW_V2,2026-08-15T10:12:13Z,2026-08-15T10:12:13Z,NOT_APPLICABLE_STRUCTURAL_COHORT,STRUCTURAL_COHORT_CONFIRMATION,STRUCTURAL_COHORT_CONFIRMATION,P3W6F2_COHORT_CONFIRMATION_03ef1612b55e821318c668aee83beb5db77c0ee48699f0087819a1d9515cef4d
generated_fact_196,generated_fact_196__none,generated_fact_196__paraphrase,generated_fact_196__polarity_flip,REFUTE,REFUTE,SUPPORT,"Minister Julia Novak, the operations chief, delivered the Meridian initiative 196 in Falcon Ridge during July.","Minister Julia Novak, the operations chief, delivered the Meridian initiative 196 in Falcon Ridge during July.","Minister Julia Novak, the operations chief, delivered the Meridian initiative 196 in Falcon Ridge during July.","Minister Julia Novak, the operations chief, did not delivered the Meridian initiative 196 in Falcon Ridge during July.","During July in Falcon Ridge, Minister Julia Novak acting as operations chief did not delivered the Meridian initiative 196.","Minister Julia Novak, the operations chief, delivered the Meridian initiative 196 in Falcon Ridge during July.",FAIL,FAIL,PASS,"[""DID_NOT_INFLECTED_PREDICATE"",""GRAMMAR_TEMPLATE_FAIL""]","[""CANONICAL_ROW_KNOWN_GENERATOR_DEFECT"",""DID_NOT_INFLECTED_PREDICATE"",""GRAMMAR_TEMPLATE_FAIL""]","[""CANONICAL_ROW_KNOWN_GENERATOR_DEFECT""]",no text difference,no text difference,no text difference,no text difference,multiple changes,negation-only difference,F2_CANONICAL_DEFECT_PROPAGATED_TO_DERIVATIVES,canonical grammar failure propagates to paraphrase canonical_status UNRESOLVED,VALID,VALID,VALID,MULTI_MEMBER_DEFECT,CANONICAL_REGENERATION_REQUIRED,,341f6160997974d3d1dc4f67145cfe8b587af509feaf54321a7a577bc5e9e7f5,9terry,P3W6F2_HYBRID_HUMAN_REVIEW_V2,2026-08-15T10:12:13Z,2026-08-15T10:12:13Z,NOT_APPLICABLE_STRUCTURAL_COHORT,STRUCTURAL_COHORT_CONFIRMATION,STRUCTURAL_COHORT_CONFIRMATION,P3W6F2_COHORT_CONFIRMATION_03ef1612b55e821318c668aee83beb5db77c0ee48699f0087819a1d9515cef4d
generated_fact_197,generated_fact_197__none,generated_fact_197__paraphrase,generated_fact_197__polarity_flip,REFUTE,REFUTE,SUPPORT,"Engineer Kwame Adu, the project curator, opened the Meridian initiative 197 in Granite Coast during September.","Engineer Kwame Adu, the project curator, opened the Meridian initiative 197 in Granite Coast during September.","Engineer Kwame Adu, the project curator, opened the Meridian initiative 197 in Granite Coast during September.","Engineer Kwame Adu, the project curator, did not opened the Meridian initiative 197 in Granite Coast during September.","During September in Granite Coast, Engineer Kwame Adu acting as project curator did not opened the Meridian initiative 197.","Engineer Kwame Adu, the project curator, opened the Meridian initiative 197 in Granite Coast during September.",FAIL,FAIL,PASS,"[""DID_NOT_INFLECTED_PREDICATE"",""GRAMMAR_TEMPLATE_FAIL""]","[""CANONICAL_ROW_KNOWN_GENERATOR_DEFECT"",""DID_NOT_INFLECTED_PREDICATE"",""GRAMMAR_TEMPLATE_FAIL""]","[""CANONICAL_ROW_KNOWN_GENERATOR_DEFECT""]",no text difference,no text difference,no text difference,no text difference,multiple changes,negation-only difference,F2_CANONICAL_DEFECT_PROPAGATED_TO_DERIVATIVES,canonical grammar failure propagates to paraphrase canonical_status UNRESOLVED,VALID,VALID,VALID,MULTI_MEMBER_DEFECT,CANONICAL_REGENERATION_REQUIRED,,d6b65fe2b9be4d0e629cc08a3eedc8eec57dd8b197c61e3526dc20e0a5dff24b,9terry,P3W6F2_HYBRID_HUMAN_REVIEW_V2,2026-08-15T10:12:13Z,2026-08-15T10:12:13Z,NOT_APPLICABLE_STRUCTURAL_COHORT,STRUCTURAL_COHORT_CONFIRMATION,STRUCTURAL_COHORT_CONFIRMATION,P3W6F2_COHORT_CONFIRMATION_03ef1612b55e821318c668aee83beb5db77c0ee48699f0087819a1d9515cef4d
generated_fact_198,generated_fact_198__none,generated_fact_198__paraphrase,generated_fact_198__polarity_flip,REFUTE,REFUTE,SUPPORT,"Coordinator Lucia Romano, the technical adviser, selected the Meridian initiative 198 in Horizon Plains during November.","Coordinator Lucia Romano, the technical adviser, selected the Meridian initiative 198 in Horizon Plains during November.","Coordinator Lucia Romano, the technical adviser, selected the Meridian initiative 198 in Horizon Plains during November.","Coordinator Lucia Romano, the technical adviser, did not selected the Meridian initiative 198 in Horizon Plains during November.","During November in Horizon Plains, Coordinator Lucia Romano acting as technical adviser did not selected the Meridian initiative 198.","Coordinator Lucia Romano, the technical adviser, selected the Meridian initiative 198 in Horizon Plains during November.",FAIL,FAIL,PASS,"[""DID_NOT_INFLECTED_PREDICATE"",""GRAMMAR_TEMPLATE_FAIL""]","[""CANONICAL_ROW_KNOWN_GENERATOR_DEFECT"",""DID_NOT_INFLECTED_PREDICATE"",""GRAMMAR_TEMPLATE_FAIL""]","[""CANONICAL_ROW_KNOWN_GENERATOR_DEFECT""]",no text difference,no text difference,no text difference,no text difference,multiple changes,negation-only difference,F2_CANONICAL_DEFECT_PROPAGATED_TO_DERIVATIVES,canonical grammar failure propagates to paraphrase canonical_status UNRESOLVED,VALID,VALID,VALID,MULTI_MEMBER_DEFECT,CANONICAL_REGENERATION_REQUIRED,,203f63fec12d5c40a6e348057c1fe7560c040f6edce5e61c7d5bbbb420f8b985,9terry,P3W6F2_HYBRID_HUMAN_REVIEW_V2,2026-08-15T10:12:13Z,2026-08-15T10:12:13Z,NOT_APPLICABLE_STRUCTURAL_COHORT,STRUCTURAL_COHORT_CONFIRMATION,STRUCTURAL_COHORT_CONFIRMATION,P3W6F2_COHORT_CONFIRMATION_03ef1612b55e821318c668aee83beb5db77c0ee48699f0087819a1d9515cef4d
generated_fact_199,generated_fact_199__none,generated_fact_199__paraphrase,generated_fact_199__polarity_flip,REFUTE,REFUTE,SUPPORT,"Director Avery Stone, the program director, approved the Meridian initiative 199 in Aurora City during January.","Director Avery Stone, the program director, approved the Meridian initiative 199 in Aurora City during January.","Director Avery Stone, the program director, approved the Meridian initiative 199 in Aurora City during January.","Director Avery Stone, the program director, did not approved the Meridian initiative 199 in Aurora City during January.","During January in Aurora City, Director Avery Stone acting as program director did not approved the Meridian initiative 199.","Director Avery Stone, the program director, approved the Meridian initiative 199 in Aurora City during January.",FAIL,FAIL,PASS,"[""DID_NOT_INFLECTED_PREDICATE"",""GRAMMAR_TEMPLATE_FAIL""]","[""CANONICAL_ROW_KNOWN_GENERATOR_DEFECT"",""DID_NOT_INFLECTED_PREDICATE"",""GRAMMAR_TEMPLATE_FAIL""]","[""CANONICAL_ROW_KNOWN_GENERATOR_DEFECT""]",no text difference,no text difference,no text difference,no text difference,multiple changes,negation-only difference,F2_CANONICAL_DEFECT_PROPAGATED_TO_DERIVATIVES,canonical grammar failure propagates to paraphrase canonical_status UNRESOLVED,VALID,VALID,VALID,MULTI_MEMBER_DEFECT,CANONICAL_REGENERATION_REQUIRED,,e13235da1d50513d258f827e624b3c8db9741205d11bab51adb7c768db5ab041,9terry,P3W6F2_HYBRID_HUMAN_REVIEW_V2,2026-08-15T10:12:13Z,2026-08-15T10:12:13Z,NOT_APPLICABLE_STRUCTURAL_COHORT,STRUCTURAL_COHORT_CONFIRMATION,STRUCTURAL_COHORT_CONFIRMATION,P3W6F2_COHORT_CONFIRMATION_03ef1612b55e821318c668aee83beb5db77c0ee48699f0087819a1d9515cef4d
generated_fact_200,generated_fact_200__none,generated_fact_200__paraphrase,generated_fact_200__polarity_flip,REFUTE,REFUTE,SUPPORT,"Dr Bianca Flores, the research lead, launched the Meridian initiative 200 in Beacon Harbor during March.","Dr Bianca Flores, the research lead, launched the Meridian initiative 200 in Beacon Harbor during March.","Dr Bianca Flores, the research lead, launched the Meridian initiative 200 in Beacon Harbor during March.","Dr Bianca Flores, the research lead, did not launched the Meridian initiative 200 in Beacon Harbor during March.","During March in Beacon Harbor, Dr Bianca Flores acting as research lead did not launched the Meridian initiative 200.","Dr Bianca Flores, the research lead, launched the Meridian initiative 200 in Beacon Harbor during March.",FAIL,FAIL,PASS,"[""DID_NOT_INFLECTED_PREDICATE"",""GRAMMAR_TEMPLATE_FAIL""]","[""CANONICAL_ROW_KNOWN_GENERATOR_DEFECT"",""DID_NOT_INFLECTED_PREDICATE"",""GRAMMAR_TEMPLATE_FAIL""]","[""CANONICAL_ROW_KNOWN_GENERATOR_DEFECT""]",no text difference,no text difference,no text difference,no text difference,multiple changes,negation-only difference,F2_CANONICAL_DEFECT_PROPAGATED_TO_DERIVATIVES,canonical grammar failure propagates to paraphrase canonical_status UNRESOLVED,VALID,VALID,VALID,MULTI_MEMBER_DEFECT,CANONICAL_REGENERATION_REQUIRED,,de6518cb5f103ba46f8552c6183de7aac1abf4013b8b46faf04127b46e6e5550,9terry,P3W6F2_HYBRID_HUMAN_REVIEW_V2,2026-08-15T10:12:13Z,2026-08-15T10:12:13Z,NOT_APPLICABLE_STRUCTURAL_COHORT,STRUCTURAL_COHORT_CONFIRMATION,STRUCTURAL_COHORT_CONFIRMATION,P3W6F2_COHORT_CONFIRMATION_03ef1612b55e821318c668aee83beb5db77c0ee48699f0087819a1d9515cef4d
generated_fact_201,generated_fact_201__none,generated_fact_201__paraphrase,generated_fact_201__polarity_flip,REFUTE,REFUTE,SUPPORT,"Professor Chidi Eze, the regional coordinator, restored the Meridian initiative 201 in Cedar Point during May.","Professor Chidi Eze, the regional coordinator, restored the Meridian initiative 201 in Cedar Point during May.","Professor Chidi Eze, the regional coordinator, restored the Meridian initiative 201 in Cedar Point during May.","Professor Chidi Eze, the regional coordinator, did not restored the Meridian initiative 201 in Cedar Point during May.","During May in Cedar Point, Professor Chidi Eze acting as regional coordinator did not restored the Meridian initiative 201.","Professor Chidi Eze, the regional coordinator, restored the Meridian initiative 201 in Cedar Point during May.",FAIL,FAIL,PASS,"[""DID_NOT_INFLECTED_PREDICATE"",""GRAMMAR_TEMPLATE_FAIL""]","[""CANONICAL_ROW_KNOWN_GENERATOR_DEFECT"",""DID_NOT_INFLECTED_PREDICATE"",""GRAMMAR_TEMPLATE_FAIL""]","[""CANONICAL_ROW_KNOWN_GENERATOR_DEFECT""]",no text difference,no text difference,no text difference,no text difference,multiple changes,negation-only difference,F2_CANONICAL_DEFECT_PROPAGATED_TO_DERIVATIVES,canonical grammar failure propagates to paraphrase canonical_status UNRESOLVED,VALID,VALID,VALID,MULTI_MEMBER_DEFECT,CANONICAL_REGENERATION_REQUIRED,,738bc429443f6a5f54359070073e52e6a0722c4561ce8dac2a3363e5c0df48e0,9terry,P3W6F2_HYBRID_HUMAN_REVIEW_V2,2026-08-15T10:12:13Z,2026-08-15T10:12:13Z,NOT_APPLICABLE_STRUCTURAL_COHORT,STRUCTURAL_COHORT_CONFIRMATION,STRUCTURAL_COHORT_CONFIRMATION,P3W6F2_COHORT_CONFIRMATION_03ef1612b55e821318c668aee83beb5db77c0ee48699f0087819a1d9515cef4d
generated_fact_202,generated_fact_202__none,generated_fact_202__paraphrase,generated_fact_202__polarity_flip,REFUTE,REFUTE,SUPPORT,"Minister Daria Volkova, the operations chief, published the Meridian initiative 202 in Delta Bay during July.","Minister Daria Volkova, the operations chief, published the Meridian initiative 202 in Delta Bay during July.","Minister Daria Volkova, the operations chief, published the Meridian initiative 202 in Delta Bay during July.","Minister Daria Volkova, the operations chief, did not published the Meridian initiative 202 in Delta Bay during July.","During July in Delta Bay, Minister Daria Volkova acting as operations chief did not published the Meridian initiative 202.","Minister Daria Volkova, the operations chief, published the Meridian initiative 202 in Delta Bay during July.",FAIL,FAIL,PASS,"[""DID_NOT_INFLECTED_PREDICATE"",""GRAMMAR_TEMPLATE_FAIL""]","[""CANONICAL_ROW_KNOWN_GENERATOR_DEFECT"",""DID_NOT_INFLECTED_PREDICATE"",""GRAMMAR_TEMPLATE_FAIL""]","[""CANONICAL_ROW_KNOWN_GENERATOR_DEFECT""]",no text difference,no text difference,no text difference,no text difference,multiple changes,negation-only difference,F2_CANONICAL_DEFECT_PROPAGATED_TO_DERIVATIVES,canonical grammar failure propagates to paraphrase canonical_status UNRESOLVED,VALID,VALID,VALID,MULTI_MEMBER_DEFECT,CANONICAL_REGENERATION_REQUIRED,,58486cc2fc1545d393f927bb394211d023548b3621f605b60f069d3a916a40c1,9terry,P3W6F2_HYBRID_HUMAN_REVIEW_V2,2026-08-15T10:12:13Z,2026-08-15T10:12:13Z,NOT_APPLICABLE_STRUCTURAL_COHORT,STRUCTURAL_COHORT_CONFIRMATION,STRUCTURAL_COHORT_CONFIRMATION,P3W6F2_COHORT_CONFIRMATION_03ef1612b55e821318c668aee83beb5db77c0ee48699f0087819a1d9515cef4d
generated_fact_203,generated_fact_203__none,generated_fact_203__paraphrase,generated_fact_203__polarity_flip,REFUTE,REFUTE,SUPPORT,"Engineer Ethan Brooks, the project curator, delivered the Meridian initiative 203 in Elm Valley during September.","Engineer Ethan Brooks, the project curator, delivered the Meridian initiative 203 in Elm Valley during September.","Engineer Ethan Brooks, the project curator, delivered the Meridian initiative 203 in Elm Valley during September.","Engineer Ethan Brooks, the project curator, did not delivered the Meridian initiative 203 in Elm Valley during September.","During September in Elm Valley, Engineer Ethan Brooks acting as project curator did not delivered the Meridian initiative 203.","Engineer Ethan Brooks, the project curator, delivered the Meridian initiative 203 in Elm Valley during September.",FAIL,FAIL,PASS,"[""DID_NOT_INFLECTED_PREDICATE"",""GRAMMAR_TEMPLATE_FAIL""]","[""CANONICAL_ROW_KNOWN_GENERATOR_DEFECT"",""DID_NOT_INFLECTED_PREDICATE"",""GRAMMAR_TEMPLATE_FAIL""]","[""CANONICAL_ROW_KNOWN_GENERATOR_DEFECT""]",no text difference,no text difference,no text difference,no text difference,multiple changes,negation-only difference,F2_CANONICAL_DEFECT_PROPAGATED_TO_DERIVATIVES,canonical grammar failure propagates to paraphrase canonical_status UNRESOLVED,VALID,VALID,VALID,MULTI_MEMBER_DEFECT,CANONICAL_REGENERATION_REQUIRED,,4d618b59f62af48c0e2ab2a28c0a165580a1957a661fbabdf3073f0e4ca58d97,9terry,P3W6F2_HYBRID_HUMAN_REVIEW_V2,2026-08-15T10:12:13Z,2026-08-15T10:12:13Z,NOT_APPLICABLE_STRUCTURAL_COHORT,STRUCTURAL_COHORT_CONFIRMATION,STRUCTURAL_COHORT_CONFIRMATION,P3W6F2_COHORT_CONFIRMATION_03ef1612b55e821318c668aee83beb5db77c0ee48699f0087819a1d9515cef4d
generated_fact_204,generated_fact_204__none,generated_fact_204__paraphrase,generated_fact_204__polarity_flip,REFUTE,REFUTE,SUPPORT,"Coordinator Farah Qureshi, the technical adviser, opened the Meridian initiative 204 in Falcon Ridge during November.","Coordinator Farah Qureshi, the technical adviser, opened the Meridian initiative 204 in Falcon Ridge during November.","Coordinator Farah Qureshi, the technical adviser, opened the Meridian initiative 204 in Falcon Ridge during November.","Coordinator Farah Qureshi, the technical adviser, did not opened the Meridian initiative 204 in Falcon Ridge during November.","During November in Falcon Ridge, Coordinator Farah Qureshi acting as technical adviser did not opened the Meridian initiative 204.","Coordinator Farah Qureshi, the technical adviser, opened the Meridian initiative 204 in Falcon Ridge during November.",FAIL,FAIL,PASS,"[""DID_NOT_INFLECTED_PREDICATE"",""GRAMMAR_TEMPLATE_FAIL""]","[""CANONICAL_ROW_KNOWN_GENERATOR_DEFECT"",""DID_NOT_INFLECTED_PREDICATE"",""GRAMMAR_TEMPLATE_FAIL""]","[""CANONICAL_ROW_KNOWN_GENERATOR_DEFECT""]",no text difference,no text difference,no text difference,no text difference,multiple changes,negation-only difference,F2_CANONICAL_DEFECT_PROPAGATED_TO_DERIVATIVES,canonical grammar failure propagates to paraphrase canonical_status UNRESOLVED,VALID,VALID,VALID,MULTI_MEMBER_DEFECT,CANONICAL_REGENERATION_REQUIRED,,c5b583687869d0927262807b3e76a3ff8fb0e2bb00561ae342053bb3ebbcadec,9terry,P3W6F2_HYBRID_HUMAN_REVIEW_V2,2026-08-15T10:12:13Z,2026-08-15T10:12:13Z,NOT_APPLICABLE_STRUCTURAL_COHORT,STRUCTURAL_COHORT_CONFIRMATION,STRUCTURAL_COHORT_CONFIRMATION,P3W6F2_COHORT_CONFIRMATION_03ef1612b55e821318c668aee83beb5db77c0ee48699f0087819a1d9515cef4d
generated_fact_205,generated_fact_205__none,generated_fact_205__paraphrase,generated_fact_205__polarity_flip,REFUTE,REFUTE,SUPPORT,"Director Gabriel Costa, the program director, selected the Meridian initiative 205 in Granite Coast during January.","Director Gabriel Costa, the program director, selected the Meridian initiative 205 in Granite Coast during January.","Director Gabriel Costa, the program director, selected the Meridian initiative 205 in Granite Coast during January.","Director Gabriel Costa, the program director, did not selected the Meridian initiative 205 in Granite Coast during January.","During January in Granite Coast, Director Gabriel Costa acting as program director did not selected the Meridian initiative 205.","Director Gabriel Costa, the program director, selected the Meridian initiative 205 in Granite Coast during January.",FAIL,FAIL,PASS,"[""DID_NOT_INFLECTED_PREDICATE"",""GRAMMAR_TEMPLATE_FAIL""]","[""CANONICAL_ROW_KNOWN_GENERATOR_DEFECT"",""DID_NOT_INFLECTED_PREDICATE"",""GRAMMAR_TEMPLATE_FAIL""]","[""CANONICAL_ROW_KNOWN_GENERATOR_DEFECT""]",no text difference,no text difference,no text difference,no text difference,multiple changes,negation-only difference,F2_CANONICAL_DEFECT_PROPAGATED_TO_DERIVATIVES,canonical grammar failure propagates to paraphrase canonical_status UNRESOLVED,VALID,VALID,VALID,MULTI_MEMBER_DEFECT,CANONICAL_REGENERATION_REQUIRED,,92f5e5598a3c6e6ab200e69790351707a4a4c6fd53baa3e3da1a9b8e115a6e7f,9terry,P3W6F2_HYBRID_HUMAN_REVIEW_V2,2026-08-15T10:12:13Z,2026-08-15T10:12:13Z,NOT_APPLICABLE_STRUCTURAL_COHORT,STRUCTURAL_COHORT_CONFIRMATION,STRUCTURAL_COHORT_CONFIRMATION,P3W6F2_COHORT_CONFIRMATION_03ef1612b55e821318c668aee83beb5db77c0ee48699f0087819a1d9515cef4d
generated_fact_206,generated_fact_206__none,generated_fact_206__paraphrase,generated_fact_206__polarity_flip,REFUTE,REFUTE,SUPPORT,"Dr Helena Wu, the research lead, approved the Meridian initiative 206 in Horizon Plains during March.","Dr Helena Wu, the research lead, approved the Meridian initiative 206 in Horizon Plains during March.","Dr Helena Wu, the research lead, approved the Meridian initiative 206 in Horizon Plains during March.","Dr Helena Wu, the research lead, did not approved the Meridian initiative 206 in Horizon Plains during March.","During March in Horizon Plains, Dr Helena Wu acting as research lead did not approved the Meridian initiative 206.","Dr Helena Wu, the research lead, approved the Meridian initiative 206 in Horizon Plains during March.",FAIL,FAIL,PASS,"[""DID_NOT_INFLECTED_PREDICATE"",""GRAMMAR_TEMPLATE_FAIL""]","[""CANONICAL_ROW_KNOWN_GENERATOR_DEFECT"",""DID_NOT_INFLECTED_PREDICATE"",""GRAMMAR_TEMPLATE_FAIL""]","[""CANONICAL_ROW_KNOWN_GENERATOR_DEFECT""]",no text difference,no text difference,no text difference,no text difference,multiple changes,negation-only difference,F2_CANONICAL_DEFECT_PROPAGATED_TO_DERIVATIVES,canonical grammar failure propagates to paraphrase canonical_status UNRESOLVED,VALID,VALID,VALID,MULTI_MEMBER_DEFECT,CANONICAL_REGENERATION_REQUIRED,,ecac610748b30a97149f6008432c216675363c873b65f3c09427d3e1b438c081,9terry,P3W6F2_HYBRID_HUMAN_REVIEW_V2,2026-08-15T10:12:13Z,2026-08-15T10:12:13Z,NOT_APPLICABLE_STRUCTURAL_COHORT,STRUCTURAL_COHORT_CONFIRMATION,STRUCTURAL_COHORT_CONFIRMATION,P3W6F2_COHORT_CONFIRMATION_03ef1612b55e821318c668aee83beb5db77c0ee48699f0087819a1d9515cef4d
generated_fact_208,generated_fact_208__none,generated_fact_208__paraphrase,generated_fact_208__polarity_flip,REFUTE,REFUTE,SUPPORT,"Minister Julia Novak, the operations chief, restored the Meridian initiative 208 in Beacon Harbor during July.","Minister Julia Novak, the operations chief, restored the Meridian initiative 208 in Beacon Harbor during July.","Minister Julia Novak, the operations chief, restored the Meridian initiative 208 in Beacon Harbor during July.","Minister Julia Novak, the operations chief, did not restored the Meridian initiative 208 in Beacon Harbor during July.","During July in Beacon Harbor, Minister Julia Novak acting as operations chief did not restored the Meridian initiative 208.","Minister Julia Novak, the operations chief, restored the Meridian initiative 208 in Beacon Harbor during July.",FAIL,FAIL,PASS,"[""DID_NOT_INFLECTED_PREDICATE"",""GRAMMAR_TEMPLATE_FAIL""]","[""CANONICAL_ROW_KNOWN_GENERATOR_DEFECT"",""DID_NOT_INFLECTED_PREDICATE"",""GRAMMAR_TEMPLATE_FAIL""]","[""CANONICAL_ROW_KNOWN_GENERATOR_DEFECT""]",no text difference,no text difference,no text difference,no text difference,multiple changes,negation-only difference,F2_CANONICAL_DEFECT_PROPAGATED_TO_DERIVATIVES,canonical grammar failure propagates to paraphrase canonical_status UNRESOLVED,VALID,VALID,VALID,MULTI_MEMBER_DEFECT,CANONICAL_REGENERATION_REQUIRED,,ea960955504964157f1258773f2c0442016c01cf2fe9b1a58e75e9c54512303d,9terry,P3W6F2_HYBRID_HUMAN_REVIEW_V2,2026-08-15T10:12:13Z,2026-08-15T10:12:13Z,NOT_APPLICABLE_STRUCTURAL_COHORT,STRUCTURAL_COHORT_CONFIRMATION,STRUCTURAL_COHORT_CONFIRMATION,P3W6F2_COHORT_CONFIRMATION_03ef1612b55e821318c668aee83beb5db77c0ee48699f0087819a1d9515cef4d
generated_fact_209,generated_fact_209__none,generated_fact_209__paraphrase,generated_fact_209__polarity_flip,REFUTE,REFUTE,SUPPORT,"Engineer Kwame Adu, the project curator, published the Meridian initiative 209 in Cedar Point during September.","Engineer Kwame Adu, the project curator, published the Meridian initiative 209 in Cedar Point during September.","Engineer Kwame Adu, the project curator, published the Meridian initiative 209 in Cedar Point during September.","Engineer Kwame Adu, the project curator, did not published the Meridian initiative 209 in Cedar Point during September.","During September in Cedar Point, Engineer Kwame Adu acting as project curator did not published the Meridian initiative 209.","Engineer Kwame Adu, the project curator, published the Meridian initiative 209 in Cedar Point during September.",FAIL,FAIL,PASS,"[""DID_NOT_INFLECTED_PREDICATE"",""GRAMMAR_TEMPLATE_FAIL""]","[""CANONICAL_ROW_KNOWN_GENERATOR_DEFECT"",""DID_NOT_INFLECTED_PREDICATE"",""GRAMMAR_TEMPLATE_FAIL""]","[""CANONICAL_ROW_KNOWN_GENERATOR_DEFECT""]",no text difference,no text difference,no text difference,no text difference,multiple changes,negation-only difference,F2_CANONICAL_DEFECT_PROPAGATED_TO_DERIVATIVES,canonical grammar failure propagates to paraphrase canonical_status UNRESOLVED,VALID,VALID,VALID,MULTI_MEMBER_DEFECT,CANONICAL_REGENERATION_REQUIRED,,c00d57fc9150102cae47ab67abb35e9b2d99d8b1f34643f793ebcb7a6cbf9fed,9terry,P3W6F2_HYBRID_HUMAN_REVIEW_V2,2026-08-15T10:12:13Z,2026-08-15T10:12:13Z,NOT_APPLICABLE_STRUCTURAL_COHORT,STRUCTURAL_COHORT_CONFIRMATION,STRUCTURAL_COHORT_CONFIRMATION,P3W6F2_COHORT_CONFIRMATION_03ef1612b55e821318c668aee83beb5db77c0ee48699f0087819a1d9515cef4d
generated_fact_211,generated_fact_211__none,generated_fact_211__paraphrase,generated_fact_211__polarity_flip,REFUTE,REFUTE,SUPPORT,"Director Avery Stone, the program director, opened the Meridian initiative 211 in Elm Valley during January.","Director Avery Stone, the program director, opened the Meridian initiative 211 in Elm Valley during January.","Director Avery Stone, the program director, opened the Meridian initiative 211 in Elm Valley during January.","Director Avery Stone, the program director, did not opened the Meridian initiative 211 in Elm Valley during January.","During January in Elm Valley, Director Avery Stone acting as program director did not opened the Meridian initiative 211.","Director Avery Stone, the program director, opened the Meridian initiative 211 in Elm Valley during January.",FAIL,FAIL,PASS,"[""DID_NOT_INFLECTED_PREDICATE"",""GRAMMAR_TEMPLATE_FAIL""]","[""CANONICAL_ROW_KNOWN_GENERATOR_DEFECT"",""DID_NOT_INFLECTED_PREDICATE"",""GRAMMAR_TEMPLATE_FAIL""]","[""CANONICAL_ROW_KNOWN_GENERATOR_DEFECT""]",no text difference,no text difference,no text difference,no text difference,multiple changes,negation-only difference,F2_CANONICAL_DEFECT_PROPAGATED_TO_DERIVATIVES,canonical grammar failure propagates to paraphrase canonical_status UNRESOLVED,VALID,VALID,VALID,MULTI_MEMBER_DEFECT,CANONICAL_REGENERATION_REQUIRED,,f43741ae954800f2c0831e1a88dd7f9a6aac3687a5e1cd594d6feb11446474c2,9terry,P3W6F2_HYBRID_HUMAN_REVIEW_V2,2026-08-15T10:12:13Z,2026-08-15T10:12:13Z,NOT_APPLICABLE_STRUCTURAL_COHORT,STRUCTURAL_COHORT_CONFIRMATION,STRUCTURAL_COHORT_CONFIRMATION,P3W6F2_COHORT_CONFIRMATION_03ef1612b55e821318c668aee83beb5db77c0ee48699f0087819a1d9515cef4d
generated_fact_212,generated_fact_212__none,generated_fact_212__paraphrase,generated_fact_212__polarity_flip,REFUTE,REFUTE,SUPPORT,"Dr Bianca Flores, the research lead, selected the Meridian initiative 212 in Falcon Ridge during March.","Dr Bianca Flores, the research lead, selected the Meridian initiative 212 in Falcon Ridge during March.","Dr Bianca Flores, the research lead, selected the Meridian initiative 212 in Falcon Ridge during March.","Dr Bianca Flores, the research lead, did not selected the Meridian initiative 212 in Falcon Ridge during March.","During March in Falcon Ridge, Dr Bianca Flores acting as research lead did not selected the Meridian initiative 212.","Dr Bianca Flores, the research lead, selected the Meridian initiative 212 in Falcon Ridge during March.",FAIL,FAIL,PASS,"[""DID_NOT_INFLECTED_PREDICATE"",""GRAMMAR_TEMPLATE_FAIL""]","[""CANONICAL_ROW_KNOWN_GENERATOR_DEFECT"",""DID_NOT_INFLECTED_PREDICATE"",""GRAMMAR_TEMPLATE_FAIL""]","[""CANONICAL_ROW_KNOWN_GENERATOR_DEFECT""]",no text difference,no text difference,no text difference,no text difference,multiple changes,negation-only difference,F2_CANONICAL_DEFECT_PROPAGATED_TO_DERIVATIVES,canonical grammar failure propagates to paraphrase canonical_status UNRESOLVED,VALID,VALID,VALID,MULTI_MEMBER_DEFECT,CANONICAL_REGENERATION_REQUIRED,,96b96621ecc9c8873ce2a3995fcef9363a6b08318c49156b4bd15dd127c8d421,9terry,P3W6F2_HYBRID_HUMAN_REVIEW_V2,2026-08-15T10:12:13Z,2026-08-15T10:12:13Z,NOT_APPLICABLE_STRUCTURAL_COHORT,STRUCTURAL_COHORT_CONFIRMATION,STRUCTURAL_COHORT_CONFIRMATION,P3W6F2_COHORT_CONFIRMATION_03ef1612b55e821318c668aee83beb5db77c0ee48699f0087819a1d9515cef4d
generated_fact_213,generated_fact_213__none,generated_fact_213__paraphrase,generated_fact_213__polarity_flip,REFUTE,REFUTE,SUPPORT,"Professor Chidi Eze, the regional coordinator, approved the Meridian initiative 213 in Granite Coast during May.","Professor Chidi Eze, the regional coordinator, approved the Meridian initiative 213 in Granite Coast during May.","Professor Chidi Eze, the regional coordinator, approved the Meridian initiative 213 in Granite Coast during May.","Professor Chidi Eze, the regional coordinator, did not approved the Meridian initiative 213 in Granite Coast during May.","During May in Granite Coast, Professor Chidi Eze acting as regional coordinator did not approved the Meridian initiative 213.","Professor Chidi Eze, the regional coordinator, approved the Meridian initiative 213 in Granite Coast during May.",FAIL,FAIL,PASS,"[""DID_NOT_INFLECTED_PREDICATE"",""GRAMMAR_TEMPLATE_FAIL""]","[""CANONICAL_ROW_KNOWN_GENERATOR_DEFECT"",""DID_NOT_INFLECTED_PREDICATE"",""GRAMMAR_TEMPLATE_FAIL""]","[""CANONICAL_ROW_KNOWN_GENERATOR_DEFECT""]",no text difference,no text difference,no text difference,no text difference,multiple changes,negation-only difference,F2_CANONICAL_DEFECT_PROPAGATED_TO_DERIVATIVES,canonical grammar failure propagates to paraphrase canonical_status UNRESOLVED,VALID,VALID,VALID,MULTI_MEMBER_DEFECT,CANONICAL_REGENERATION_REQUIRED,,d7127a9c50f072478d61d59a338f68ec05c6db1048f77c2d671ae759e79141f8,9terry,P3W6F2_HYBRID_HUMAN_REVIEW_V2,2026-08-15T10:12:13Z,2026-08-15T10:12:13Z,NOT_APPLICABLE_STRUCTURAL_COHORT,STRUCTURAL_COHORT_CONFIRMATION,STRUCTURAL_COHORT_CONFIRMATION,P3W6F2_COHORT_CONFIRMATION_03ef1612b55e821318c668aee83beb5db77c0ee48699f0087819a1d9515cef4d
generated_fact_214,generated_fact_214__none,generated_fact_214__paraphrase,generated_fact_214__polarity_flip,REFUTE,REFUTE,SUPPORT,"Minister Daria Volkova, the operations chief, launched the Meridian initiative 214 in Horizon Plains during July.","Minister Daria Volkova, the operations chief, launched the Meridian initiative 214 in Horizon Plains during July.","Minister Daria Volkova, the operations chief, launched the Meridian initiative 214 in Horizon Plains during July.","Minister Daria Volkova, the operations chief, did not launched the Meridian initiative 214 in Horizon Plains during July.","During July in Horizon Plains, Minister Daria Volkova acting as operations chief did not launched the Meridian initiative 214.","Minister Daria Volkova, the operations chief, launched the Meridian initiative 214 in Horizon Plains during July.",FAIL,FAIL,PASS,"[""DID_NOT_INFLECTED_PREDICATE"",""GRAMMAR_TEMPLATE_FAIL""]","[""CANONICAL_ROW_KNOWN_GENERATOR_DEFECT"",""DID_NOT_INFLECTED_PREDICATE"",""GRAMMAR_TEMPLATE_FAIL""]","[""CANONICAL_ROW_KNOWN_GENERATOR_DEFECT""]",no text difference,no text difference,no text difference,no text difference,multiple changes,negation-only difference,F2_CANONICAL_DEFECT_PROPAGATED_TO_DERIVATIVES,canonical grammar failure propagates to paraphrase canonical_status UNRESOLVED,VALID,VALID,VALID,MULTI_MEMBER_DEFECT,CANONICAL_REGENERATION_REQUIRED,,10ac58b34f02b6ce0da0efa7039129736855991e16e327bc2b4161395e1775c4,9terry,P3W6F2_HYBRID_HUMAN_REVIEW_V2,2026-08-15T10:12:13Z,2026-08-15T10:12:13Z,NOT_APPLICABLE_STRUCTURAL_COHORT,STRUCTURAL_COHORT_CONFIRMATION,STRUCTURAL_COHORT_CONFIRMATION,P3W6F2_COHORT_CONFIRMATION_03ef1612b55e821318c668aee83beb5db77c0ee48699f0087819a1d9515cef4d
generated_fact_215,generated_fact_215__none,generated_fact_215__paraphrase,generated_fact_215__polarity_flip,REFUTE,REFUTE,SUPPORT,"Engineer Ethan Brooks, the project curator, restored the Meridian initiative 215 in Aurora City during September.","Engineer Ethan Brooks, the project curator, restored the Meridian initiative 215 in Aurora City during September.","Engineer Ethan Brooks, the project curator, restored the Meridian initiative 215 in Aurora City during September.","Engineer Ethan Brooks, the project curator, did not restored the Meridian initiative 215 in Aurora City during September.","During September in Aurora City, Engineer Ethan Brooks acting as project curator did not restored the Meridian initiative 215.","Engineer Ethan Brooks, the project curator, restored the Meridian initiative 215 in Aurora City during September.",FAIL,FAIL,PASS,"[""DID_NOT_INFLECTED_PREDICATE"",""GRAMMAR_TEMPLATE_FAIL""]","[""CANONICAL_ROW_KNOWN_GENERATOR_DEFECT"",""DID_NOT_INFLECTED_PREDICATE"",""GRAMMAR_TEMPLATE_FAIL""]","[""CANONICAL_ROW_KNOWN_GENERATOR_DEFECT""]",no text difference,no text difference,no text difference,no text difference,multiple changes,negation-only difference,F2_CANONICAL_DEFECT_PROPAGATED_TO_DERIVATIVES,canonical grammar failure propagates to paraphrase canonical_status UNRESOLVED,VALID,VALID,VALID,MULTI_MEMBER_DEFECT,CANONICAL_REGENERATION_REQUIRED,,0a26d568890d15e93968d00304e4ec7af1b0d9b260ab0633a1bb05481e81cbb4,9terry,P3W6F2_HYBRID_HUMAN_REVIEW_V2,2026-08-15T10:12:13Z,2026-08-15T10:12:13Z,NOT_APPLICABLE_STRUCTURAL_COHORT,STRUCTURAL_COHORT_CONFIRMATION,STRUCTURAL_COHORT_CONFIRMATION,P3W6F2_COHORT_CONFIRMATION_03ef1612b55e821318c668aee83beb5db77c0ee48699f0087819a1d9515cef4d
generated_fact_216,generated_fact_216__none,generated_fact_216__paraphrase,generated_fact_216__polarity_flip,REFUTE,REFUTE,SUPPORT,"Coordinator Farah Qureshi, the technical adviser, published the Meridian initiative 216 in Beacon Harbor during November.","Coordinator Farah Qureshi, the technical adviser, published the Meridian initiative 216 in Beacon Harbor during November.","Coordinator Farah Qureshi, the technical adviser, published the Meridian initiative 216 in Beacon Harbor during November.","Coordinator Farah Qureshi, the technical adviser, did not published the Meridian initiative 216 in Beacon Harbor during November.","During November in Beacon Harbor, Coordinator Farah Qureshi acting as technical adviser did not published the Meridian initiative 216.","Coordinator Farah Qureshi, the technical adviser, published the Meridian initiative 216 in Beacon Harbor during November.",FAIL,FAIL,PASS,"[""DID_NOT_INFLECTED_PREDICATE"",""GRAMMAR_TEMPLATE_FAIL""]","[""CANONICAL_ROW_KNOWN_GENERATOR_DEFECT"",""DID_NOT_INFLECTED_PREDICATE"",""GRAMMAR_TEMPLATE_FAIL""]","[""CANONICAL_ROW_KNOWN_GENERATOR_DEFECT""]",no text difference,no text difference,no text difference,no text difference,multiple changes,negation-only difference,F2_CANONICAL_DEFECT_PROPAGATED_TO_DERIVATIVES,canonical grammar failure propagates to paraphrase canonical_status UNRESOLVED,VALID,VALID,VALID,MULTI_MEMBER_DEFECT,CANONICAL_REGENERATION_REQUIRED,,ef1e88b508d5cd83fe0238d2f0a07cab44614ba56115029ca77ec245c04292a2,9terry,P3W6F2_HYBRID_HUMAN_REVIEW_V2,2026-08-15T10:12:13Z,2026-08-15T10:12:13Z,NOT_APPLICABLE_STRUCTURAL_COHORT,STRUCTURAL_COHORT_CONFIRMATION,STRUCTURAL_COHORT_CONFIRMATION,P3W6F2_COHORT_CONFIRMATION_03ef1612b55e821318c668aee83beb5db77c0ee48699f0087819a1d9515cef4d
generated_fact_217,generated_fact_217__none,generated_fact_217__paraphrase,generated_fact_217__polarity_flip,REFUTE,REFUTE,SUPPORT,"Director Gabriel Costa, the program director, delivered the Meridian initiative 217 in Cedar Point during January.","Director Gabriel Costa, the program director, delivered the Meridian initiative 217 in Cedar Point during January.","Director Gabriel Costa, the program director, delivered the Meridian initiative 217 in Cedar Point during January.","Director Gabriel Costa, the program director, did not delivered the Meridian initiative 217 in Cedar Point during January.","During January in Cedar Point, Director Gabriel Costa acting as program director did not delivered the Meridian initiative 217.","Director Gabriel Costa, the program director, delivered the Meridian initiative 217 in Cedar Point during January.",FAIL,FAIL,PASS,"[""DID_NOT_INFLECTED_PREDICATE"",""GRAMMAR_TEMPLATE_FAIL""]","[""CANONICAL_ROW_KNOWN_GENERATOR_DEFECT"",""DID_NOT_INFLECTED_PREDICATE"",""GRAMMAR_TEMPLATE_FAIL""]","[""CANONICAL_ROW_KNOWN_GENERATOR_DEFECT""]",no text difference,no text difference,no text difference,no text difference,multiple changes,negation-only difference,F2_CANONICAL_DEFECT_PROPAGATED_TO_DERIVATIVES,canonical grammar failure propagates to paraphrase canonical_status UNRESOLVED,VALID,VALID,VALID,MULTI_MEMBER_DEFECT,CANONICAL_REGENERATION_REQUIRED,,cb73070a1498c9118989a43425c6d1ec1d42ea64be1fd0d43cf0a56f37f65e63,9terry,P3W6F2_HYBRID_HUMAN_REVIEW_V2,2026-08-15T10:12:13Z,2026-08-15T10:12:13Z,NOT_APPLICABLE_STRUCTURAL_COHORT,STRUCTURAL_COHORT_CONFIRMATION,STRUCTURAL_COHORT_CONFIRMATION,P3W6F2_COHORT_CONFIRMATION_03ef1612b55e821318c668aee83beb5db77c0ee48699f0087819a1d9515cef4d
generated_fact_218,generated_fact_218__none,generated_fact_218__paraphrase,generated_fact_218__polarity_flip,REFUTE,REFUTE,SUPPORT,"Dr Helena Wu, the research lead, opened the Meridian initiative 218 in Delta Bay during March.","Dr Helena Wu, the research lead, opened the Meridian initiative 218 in Delta Bay during March.","Dr Helena Wu, the research lead, opened the Meridian initiative 218 in Delta Bay during March.","Dr Helena Wu, the research lead, did not opened the Meridian initiative 218 in Delta Bay during March.","During March in Delta Bay, Dr Helena Wu acting as research lead did not opened the Meridian initiative 218.","Dr Helena Wu, the research lead, opened the Meridian initiative 218 in Delta Bay during March.",FAIL,FAIL,PASS,"[""DID_NOT_INFLECTED_PREDICATE"",""GRAMMAR_TEMPLATE_FAIL""]","[""CANONICAL_ROW_KNOWN_GENERATOR_DEFECT"",""DID_NOT_INFLECTED_PREDICATE"",""GRAMMAR_TEMPLATE_FAIL""]","[""CANONICAL_ROW_KNOWN_GENERATOR_DEFECT""]",no text difference,no text difference,no text difference,no text difference,multiple changes,negation-only difference,F2_CANONICAL_DEFECT_PROPAGATED_TO_DERIVATIVES,canonical grammar failure propagates to paraphrase canonical_status UNRESOLVED,VALID,VALID,VALID,MULTI_MEMBER_DEFECT,CANONICAL_REGENERATION_REQUIRED,,8ace3d8b5697ae6770f9f8934e1f760acaa421138d815e5a187d6c06a4ede7e6,9terry,P3W6F2_HYBRID_HUMAN_REVIEW_V2,2026-08-15T10:12:13Z,2026-08-15T10:12:13Z,NOT_APPLICABLE_STRUCTURAL_COHORT,STRUCTURAL_COHORT_CONFIRMATION,STRUCTURAL_COHORT_CONFIRMATION,P3W6F2_COHORT_CONFIRMATION_03ef1612b55e821318c668aee83beb5db77c0ee48699f0087819a1d9515cef4d
generated_fact_219,generated_fact_219__none,generated_fact_219__paraphrase,generated_fact_219__polarity_flip,REFUTE,REFUTE,SUPPORT,"Professor Ismail Kaya, the regional coordinator, selected the Meridian initiative 219 in Elm Valley during May.","Professor Ismail Kaya, the regional coordinator, selected the Meridian initiative 219 in Elm Valley during May.","Professor Ismail Kaya, the regional coordinator, selected the Meridian initiative 219 in Elm Valley during May.","Professor Ismail Kaya, the regional coordinator, did not selected the Meridian initiative 219 in Elm Valley during May.","During May in Elm Valley, Professor Ismail Kaya acting as regional coordinator did not selected the Meridian initiative 219.","Professor Ismail Kaya, the regional coordinator, selected the Meridian initiative 219 in Elm Valley during May.",FAIL,FAIL,PASS,"[""DID_NOT_INFLECTED_PREDICATE"",""GRAMMAR_TEMPLATE_FAIL""]","[""CANONICAL_ROW_KNOWN_GENERATOR_DEFECT"",""DID_NOT_INFLECTED_PREDICATE"",""GRAMMAR_TEMPLATE_FAIL""]","[""CANONICAL_ROW_KNOWN_GENERATOR_DEFECT""]",no text difference,no text difference,no text difference,no text difference,multiple changes,negation-only difference,F2_CANONICAL_DEFECT_PROPAGATED_TO_DERIVATIVES,canonical grammar failure propagates to paraphrase canonical_status UNRESOLVED,VALID,VALID,VALID,MULTI_MEMBER_DEFECT,CANONICAL_REGENERATION_REQUIRED,,83672d72b40e9a9fc4f210de0afa22c031f4c4554ddbb041ae1be5a9fe9b288b,9terry,P3W6F2_HYBRID_HUMAN_REVIEW_V2,2026-08-15T10:12:13Z,2026-08-15T10:12:13Z,NOT_APPLICABLE_STRUCTURAL_COHORT,STRUCTURAL_COHORT_CONFIRMATION,STRUCTURAL_COHORT_CONFIRMATION,P3W6F2_COHORT_CONFIRMATION_03ef1612b55e821318c668aee83beb5db77c0ee48699f0087819a1d9515cef4d
generated_fact_220,generated_fact_220__none,generated_fact_220__paraphrase,generated_fact_220__polarity_flip,REFUTE,REFUTE,SUPPORT,"Minister Julia Novak, the operations chief, approved the Meridian initiative 220 in Falcon Ridge during July.","Minister Julia Novak, the operations chief, approved the Meridian initiative 220 in Falcon Ridge during July.","Minister Julia Novak, the operations chief, approved the Meridian initiative 220 in Falcon Ridge during July.","Minister Julia Novak, the operations chief, did not approved the Meridian initiative 220 in Falcon Ridge during July.","During July in Falcon Ridge, Minister Julia Novak acting as operations chief did not approved the Meridian initiative 220.","Minister Julia Novak, the operations chief, approved the Meridian initiative 220 in Falcon Ridge during July.",FAIL,FAIL,PASS,"[""DID_NOT_INFLECTED_PREDICATE"",""GRAMMAR_TEMPLATE_FAIL""]","[""CANONICAL_ROW_KNOWN_GENERATOR_DEFECT"",""DID_NOT_INFLECTED_PREDICATE"",""GRAMMAR_TEMPLATE_FAIL""]","[""CANONICAL_ROW_KNOWN_GENERATOR_DEFECT""]",no text difference,no text difference,no text difference,no text difference,multiple changes,negation-only difference,F2_CANONICAL_DEFECT_PROPAGATED_TO_DERIVATIVES,canonical grammar failure propagates to paraphrase canonical_status UNRESOLVED,VALID,VALID,VALID,MULTI_MEMBER_DEFECT,CANONICAL_REGENERATION_REQUIRED,,9161796065762de1902945eff3c2746b67b6d59d2a59879161e08264829b3611,9terry,P3W6F2_HYBRID_HUMAN_REVIEW_V2,2026-08-15T10:12:13Z,2026-08-15T10:12:13Z,NOT_APPLICABLE_STRUCTURAL_COHORT,STRUCTURAL_COHORT_CONFIRMATION,STRUCTURAL_COHORT_CONFIRMATION,P3W6F2_COHORT_CONFIRMATION_03ef1612b55e821318c668aee83beb5db77c0ee48699f0087819a1d9515cef4d
generated_fact_222,generated_fact_222__none,generated_fact_222__paraphrase,generated_fact_222__polarity_flip,REFUTE,REFUTE,SUPPORT,"Coordinator Lucia Romano, the technical adviser, restored the Meridian initiative 222 in Horizon Plains during November.","Coordinator Lucia Romano, the technical adviser, restored the Meridian initiative 222 in Horizon Plains during November.","Coordinator Lucia Romano, the technical adviser, restored the Meridian initiative 222 in Horizon Plains during November.","Coordinator Lucia Romano, the technical adviser, did not restored the Meridian initiative 222 in Horizon Plains during November.","During November in Horizon Plains, Coordinator Lucia Romano acting as technical adviser did not restored the Meridian initiative 222.","Coordinator Lucia Romano, the technical adviser, restored the Meridian initiative 222 in Horizon Plains during November.",FAIL,FAIL,PASS,"[""DID_NOT_INFLECTED_PREDICATE"",""GRAMMAR_TEMPLATE_FAIL""]","[""CANONICAL_ROW_KNOWN_GENERATOR_DEFECT"",""DID_NOT_INFLECTED_PREDICATE"",""GRAMMAR_TEMPLATE_FAIL""]","[""CANONICAL_ROW_KNOWN_GENERATOR_DEFECT""]",no text difference,no text difference,no text difference,no text difference,multiple changes,negation-only difference,F2_CANONICAL_DEFECT_PROPAGATED_TO_DERIVATIVES,canonical grammar failure propagates to paraphrase canonical_status UNRESOLVED,VALID,VALID,VALID,MULTI_MEMBER_DEFECT,CANONICAL_REGENERATION_REQUIRED,,5c4e7a255ec0a86ed0e2912909029973aec765c13295b9bcde0cae1686d968c5,9terry,P3W6F2_HYBRID_HUMAN_REVIEW_V2,2026-08-15T10:12:13Z,2026-08-15T10:12:13Z,NOT_APPLICABLE_STRUCTURAL_COHORT,STRUCTURAL_COHORT_CONFIRMATION,STRUCTURAL_COHORT_CONFIRMATION,P3W6F2_COHORT_CONFIRMATION_03ef1612b55e821318c668aee83beb5db77c0ee48699f0087819a1d9515cef4d
generated_fact_223,generated_fact_223__none,generated_fact_223__paraphrase,generated_fact_223__polarity_flip,REFUTE,REFUTE,SUPPORT,"Director Avery Stone, the program director, published the Meridian initiative 223 in Aurora City during January.","Director Avery Stone, the program director, published the Meridian initiative 223 in Aurora City during January.","Director Avery Stone, the program director, published the Meridian initiative 223 in Aurora City during January.","Director Avery Stone, the program director, did not published the Meridian initiative 223 in Aurora City during January.","During January in Aurora City, Director Avery Stone acting as program director did not published the Meridian initiative 223.","Director Avery Stone, the program director, published the Meridian initiative 223 in Aurora City during January.",FAIL,FAIL,PASS,"[""DID_NOT_INFLECTED_PREDICATE"",""GRAMMAR_TEMPLATE_FAIL""]","[""CANONICAL_ROW_KNOWN_GENERATOR_DEFECT"",""DID_NOT_INFLECTED_PREDICATE"",""GRAMMAR_TEMPLATE_FAIL""]","[""CANONICAL_ROW_KNOWN_GENERATOR_DEFECT""]",no text difference,no text difference,no text difference,no text difference,multiple changes,negation-only difference,F2_CANONICAL_DEFECT_PROPAGATED_TO_DERIVATIVES,canonical grammar failure propagates to paraphrase canonical_status UNRESOLVED,VALID,VALID,VALID,MULTI_MEMBER_DEFECT,CANONICAL_REGENERATION_REQUIRED,,b10a21ffa5520c32946be61eda5d1ed98bfe7aa2ca4a8bfab9fa0d79e0606879,9terry,P3W6F2_HYBRID_HUMAN_REVIEW_V2,2026-08-15T10:12:13Z,2026-08-15T10:12:13Z,NOT_APPLICABLE_STRUCTURAL_COHORT,STRUCTURAL_COHORT_CONFIRMATION,STRUCTURAL_COHORT_CONFIRMATION,P3W6F2_COHORT_CONFIRMATION_03ef1612b55e821318c668aee83beb5db77c0ee48699f0087819a1d9515cef4d
generated_fact_224,generated_fact_224__none,generated_fact_224__paraphrase,generated_fact_224__polarity_flip,REFUTE,REFUTE,SUPPORT,"Dr Bianca Flores, the research lead, delivered the Meridian initiative 224 in Beacon Harbor during March.","Dr Bianca Flores, the research lead, delivered the Meridian initiative 224 in Beacon Harbor during March.","Dr Bianca Flores, the research lead, delivered the Meridian initiative 224 in Beacon Harbor during March.","Dr Bianca Flores, the research lead, did not delivered the Meridian initiative 224 in Beacon Harbor during March.","During March in Beacon Harbor, Dr Bianca Flores acting as research lead did not delivered the Meridian initiative 224.","Dr Bianca Flores, the research lead, delivered the Meridian initiative 224 in Beacon Harbor during March.",FAIL,FAIL,PASS,"[""DID_NOT_INFLECTED_PREDICATE"",""GRAMMAR_TEMPLATE_FAIL""]","[""CANONICAL_ROW_KNOWN_GENERATOR_DEFECT"",""DID_NOT_INFLECTED_PREDICATE"",""GRAMMAR_TEMPLATE_FAIL""]","[""CANONICAL_ROW_KNOWN_GENERATOR_DEFECT""]",no text difference,no text difference,no text difference,no text difference,multiple changes,negation-only difference,F2_CANONICAL_DEFECT_PROPAGATED_TO_DERIVATIVES,canonical grammar failure propagates to paraphrase canonical_status UNRESOLVED,VALID,VALID,VALID,MULTI_MEMBER_DEFECT,CANONICAL_REGENERATION_REQUIRED,,de49906d3b078949e4532b17303fb3ca6eb4e75afec124cab3a3d74ed2f76b18,9terry,P3W6F2_HYBRID_HUMAN_REVIEW_V2,2026-08-15T10:12:13Z,2026-08-15T10:12:13Z,NOT_APPLICABLE_STRUCTURAL_COHORT,STRUCTURAL_COHORT_CONFIRMATION,STRUCTURAL_COHORT_CONFIRMATION,P3W6F2_COHORT_CONFIRMATION_03ef1612b55e821318c668aee83beb5db77c0ee48699f0087819a1d9515cef4d
generated_fact_226,generated_fact_226__none,generated_fact_226__paraphrase,generated_fact_226__polarity_flip,REFUTE,REFUTE,SUPPORT,"Minister Daria Volkova, the operations chief, selected the Meridian initiative 226 in Delta Bay during July.","Minister Daria Volkova, the operations chief, selected the Meridian initiative 226 in Delta Bay during July.","Minister Daria Volkova, the operations chief, selected the Meridian initiative 226 in Delta Bay during July.","Minister Daria Volkova, the operations chief, did not selected the Meridian initiative 226 in Delta Bay during July.","During July in Delta Bay, Minister Daria Volkova acting as operations chief did not selected the Meridian initiative 226.","Minister Daria Volkova, the operations chief, selected the Meridian initiative 226 in Delta Bay during July.",FAIL,FAIL,PASS,"[""DID_NOT_INFLECTED_PREDICATE"",""GRAMMAR_TEMPLATE_FAIL""]","[""CANONICAL_ROW_KNOWN_GENERATOR_DEFECT"",""DID_NOT_INFLECTED_PREDICATE"",""GRAMMAR_TEMPLATE_FAIL""]","[""CANONICAL_ROW_KNOWN_GENERATOR_DEFECT""]",no text difference,no text difference,no text difference,no text difference,multiple changes,negation-only difference,F2_CANONICAL_DEFECT_PROPAGATED_TO_DERIVATIVES,canonical grammar failure propagates to paraphrase canonical_status UNRESOLVED,VALID,VALID,VALID,MULTI_MEMBER_DEFECT,CANONICAL_REGENERATION_REQUIRED,,20d3468f0c584eb7070dac2ca1e186d0e236f57d4be6464014d75bb0466acdd0,9terry,P3W6F2_HYBRID_HUMAN_REVIEW_V2,2026-08-15T10:12:13Z,2026-08-15T10:12:13Z,NOT_APPLICABLE_STRUCTURAL_COHORT,STRUCTURAL_COHORT_CONFIRMATION,STRUCTURAL_COHORT_CONFIRMATION,P3W6F2_COHORT_CONFIRMATION_03ef1612b55e821318c668aee83beb5db77c0ee48699f0087819a1d9515cef4d
generated_fact_228,generated_fact_228__none,generated_fact_228__paraphrase,generated_fact_228__polarity_flip,REFUTE,REFUTE,SUPPORT,"Coordinator Farah Qureshi, the technical adviser, launched the Meridian initiative 228 in Falcon Ridge during November.","Coordinator Farah Qureshi, the technical adviser, launched the Meridian initiative 228 in Falcon Ridge during November.","Coordinator Farah Qureshi, the technical adviser, launched the Meridian initiative 228 in Falcon Ridge during November.","Coordinator Farah Qureshi, the technical adviser, did not launched the Meridian initiative 228 in Falcon Ridge during November.","During November in Falcon Ridge, Coordinator Farah Qureshi acting as technical adviser did not launched the Meridian initiative 228.","Coordinator Farah Qureshi, the technical adviser, launched the Meridian initiative 228 in Falcon Ridge during November.",FAIL,FAIL,PASS,"[""DID_NOT_INFLECTED_PREDICATE"",""GRAMMAR_TEMPLATE_FAIL""]","[""CANONICAL_ROW_KNOWN_GENERATOR_DEFECT"",""DID_NOT_INFLECTED_PREDICATE"",""GRAMMAR_TEMPLATE_FAIL""]","[""CANONICAL_ROW_KNOWN_GENERATOR_DEFECT""]",no text difference,no text difference,no text difference,no text difference,multiple changes,negation-only difference,F2_CANONICAL_DEFECT_PROPAGATED_TO_DERIVATIVES,canonical grammar failure propagates to paraphrase canonical_status UNRESOLVED,VALID,VALID,VALID,MULTI_MEMBER_DEFECT,CANONICAL_REGENERATION_REQUIRED,,90d4f481f44b3c6963e7308ac8e01e68da096c3a93ea777dd470d9ed7459da82,9terry,P3W6F2_HYBRID_HUMAN_REVIEW_V2,2026-08-15T10:12:13Z,2026-08-15T10:12:13Z,NOT_APPLICABLE_STRUCTURAL_COHORT,STRUCTURAL_COHORT_CONFIRMATION,STRUCTURAL_COHORT_CONFIRMATION,P3W6F2_COHORT_CONFIRMATION_03ef1612b55e821318c668aee83beb5db77c0ee48699f0087819a1d9515cef4d
generated_fact_229,generated_fact_229__none,generated_fact_229__paraphrase,generated_fact_229__polarity_flip,REFUTE,REFUTE,SUPPORT,"Director Gabriel Costa, the program director, restored the Meridian initiative 229 in Granite Coast during January.","Director Gabriel Costa, the program director, restored the Meridian initiative 229 in Granite Coast during January.","Director Gabriel Costa, the program director, restored the Meridian initiative 229 in Granite Coast during January.","Director Gabriel Costa, the program director, did not restored the Meridian initiative 229 in Granite Coast during January.","During January in Granite Coast, Director Gabriel Costa acting as program director did not restored the Meridian initiative 229.","Director Gabriel Costa, the program director, restored the Meridian initiative 229 in Granite Coast during January.",FAIL,FAIL,PASS,"[""DID_NOT_INFLECTED_PREDICATE"",""GRAMMAR_TEMPLATE_FAIL""]","[""CANONICAL_ROW_KNOWN_GENERATOR_DEFECT"",""DID_NOT_INFLECTED_PREDICATE"",""GRAMMAR_TEMPLATE_FAIL""]","[""CANONICAL_ROW_KNOWN_GENERATOR_DEFECT""]",no text difference,no text difference,no text difference,no text difference,multiple changes,negation-only difference,F2_CANONICAL_DEFECT_PROPAGATED_TO_DERIVATIVES,canonical grammar failure propagates to paraphrase canonical_status UNRESOLVED,VALID,VALID,VALID,MULTI_MEMBER_DEFECT,CANONICAL_REGENERATION_REQUIRED,,67921e2751d58fd0052fb1b7a5b88a6fea2618ab03f3e99400970df9b3623d1e,9terry,P3W6F2_HYBRID_HUMAN_REVIEW_V2,2026-08-15T10:12:13Z,2026-08-15T10:12:13Z,NOT_APPLICABLE_STRUCTURAL_COHORT,STRUCTURAL_COHORT_CONFIRMATION,STRUCTURAL_COHORT_CONFIRMATION,P3W6F2_COHORT_CONFIRMATION_03ef1612b55e821318c668aee83beb5db77c0ee48699f0087819a1d9515cef4d
generated_fact_231,generated_fact_231__none,generated_fact_231__paraphrase,generated_fact_231__polarity_flip,REFUTE,REFUTE,SUPPORT,"Professor Ismail Kaya, the regional coordinator, delivered the Meridian initiative 231 in Aurora City during May.","Professor Ismail Kaya, the regional coordinator, delivered the Meridian initiative 231 in Aurora City during May.","Professor Ismail Kaya, the regional coordinator, delivered the Meridian initiative 231 in Aurora City during May.","Professor Ismail Kaya, the regional coordinator, did not delivered the Meridian initiative 231 in Aurora City during May.","During May in Aurora City, Professor Ismail Kaya acting as regional coordinator did not delivered the Meridian initiative 231.","Professor Ismail Kaya, the regional coordinator, delivered the Meridian initiative 231 in Aurora City during May.",FAIL,FAIL,PASS,"[""DID_NOT_INFLECTED_PREDICATE"",""GRAMMAR_TEMPLATE_FAIL""]","[""CANONICAL_ROW_KNOWN_GENERATOR_DEFECT"",""DID_NOT_INFLECTED_PREDICATE"",""GRAMMAR_TEMPLATE_FAIL""]","[""CANONICAL_ROW_KNOWN_GENERATOR_DEFECT""]",no text difference,no text difference,no text difference,no text difference,multiple changes,negation-only difference,F2_CANONICAL_DEFECT_PROPAGATED_TO_DERIVATIVES,canonical grammar failure propagates to paraphrase canonical_status UNRESOLVED,VALID,VALID,VALID,MULTI_MEMBER_DEFECT,CANONICAL_REGENERATION_REQUIRED,,1111138867d4c86fd77e07495d9233a78ecff3debe0295a22bdc92fb33f4e7f2,9terry,P3W6F2_HYBRID_HUMAN_REVIEW_V2,2026-08-15T10:12:13Z,2026-08-15T10:12:13Z,NOT_APPLICABLE_STRUCTURAL_COHORT,STRUCTURAL_COHORT_CONFIRMATION,STRUCTURAL_COHORT_CONFIRMATION,P3W6F2_COHORT_CONFIRMATION_03ef1612b55e821318c668aee83beb5db77c0ee48699f0087819a1d9515cef4d
generated_fact_232,generated_fact_232__none,generated_fact_232__paraphrase,generated_fact_232__polarity_flip,REFUTE,REFUTE,SUPPORT,"Minister Julia Novak, the operations chief, opened the Meridian initiative 232 in Beacon Harbor during July.","Minister Julia Novak, the operations chief, opened the Meridian initiative 232 in Beacon Harbor during July.","Minister Julia Novak, the operations chief, opened the Meridian initiative 232 in Beacon Harbor during July.","Minister Julia Novak, the operations chief, did not opened the Meridian initiative 232 in Beacon Harbor during July.","During July in Beacon Harbor, Minister Julia Novak acting as operations chief did not opened the Meridian initiative 232.","Minister Julia Novak, the operations chief, opened the Meridian initiative 232 in Beacon Harbor during July.",FAIL,FAIL,PASS,"[""DID_NOT_INFLECTED_PREDICATE"",""GRAMMAR_TEMPLATE_FAIL""]","[""CANONICAL_ROW_KNOWN_GENERATOR_DEFECT"",""DID_NOT_INFLECTED_PREDICATE"",""GRAMMAR_TEMPLATE_FAIL""]","[""CANONICAL_ROW_KNOWN_GENERATOR_DEFECT""]",no text difference,no text difference,no text difference,no text difference,multiple changes,negation-only difference,F2_CANONICAL_DEFECT_PROPAGATED_TO_DERIVATIVES,canonical grammar failure propagates to paraphrase canonical_status UNRESOLVED,VALID,VALID,VALID,MULTI_MEMBER_DEFECT,CANONICAL_REGENERATION_REQUIRED,,5e7bd7ee5190299f69c5b4aeee494ea22aef4a96d6249a9c8a5184ea5e5d7e9c,9terry,P3W6F2_HYBRID_HUMAN_REVIEW_V2,2026-08-15T10:12:13Z,2026-08-15T10:12:13Z,NOT_APPLICABLE_STRUCTURAL_COHORT,STRUCTURAL_COHORT_CONFIRMATION,STRUCTURAL_COHORT_CONFIRMATION,P3W6F2_COHORT_CONFIRMATION_03ef1612b55e821318c668aee83beb5db77c0ee48699f0087819a1d9515cef4d
generated_fact_233,generated_fact_233__none,generated_fact_233__paraphrase,generated_fact_233__polarity_flip,REFUTE,REFUTE,SUPPORT,"Engineer Kwame Adu, the project curator, selected the Meridian initiative 233 in Cedar Point during September.","Engineer Kwame Adu, the project curator, selected the Meridian initiative 233 in Cedar Point during September.","Engineer Kwame Adu, the project curator, selected the Meridian initiative 233 in Cedar Point during September.","Engineer Kwame Adu, the project curator, did not selected the Meridian initiative 233 in Cedar Point during September.","During September in Cedar Point, Engineer Kwame Adu acting as project curator did not selected the Meridian initiative 233.","Engineer Kwame Adu, the project curator, selected the Meridian initiative 233 in Cedar Point during September.",FAIL,FAIL,PASS,"[""DID_NOT_INFLECTED_PREDICATE"",""GRAMMAR_TEMPLATE_FAIL""]","[""CANONICAL_ROW_KNOWN_GENERATOR_DEFECT"",""DID_NOT_INFLECTED_PREDICATE"",""GRAMMAR_TEMPLATE_FAIL""]","[""CANONICAL_ROW_KNOWN_GENERATOR_DEFECT""]",no text difference,no text difference,no text difference,no text difference,multiple changes,negation-only difference,F2_CANONICAL_DEFECT_PROPAGATED_TO_DERIVATIVES,canonical grammar failure propagates to paraphrase canonical_status UNRESOLVED,VALID,VALID,VALID,MULTI_MEMBER_DEFECT,CANONICAL_REGENERATION_REQUIRED,,75a5c681848490a813aea35f328edf2fa0c0d845c4b66e8f8c4f07f6cd19896e,9terry,P3W6F2_HYBRID_HUMAN_REVIEW_V2,2026-08-15T10:12:13Z,2026-08-15T10:12:13Z,NOT_APPLICABLE_STRUCTURAL_COHORT,STRUCTURAL_COHORT_CONFIRMATION,STRUCTURAL_COHORT_CONFIRMATION,P3W6F2_COHORT_CONFIRMATION_03ef1612b55e821318c668aee83beb5db77c0ee48699f0087819a1d9515cef4d
generated_fact_234,generated_fact_234__none,generated_fact_234__paraphrase,generated_fact_234__polarity_flip,REFUTE,REFUTE,SUPPORT,"Coordinator Lucia Romano, the technical adviser, approved the Meridian initiative 234 in Delta Bay during November.","Coordinator Lucia Romano, the technical adviser, approved the Meridian initiative 234 in Delta Bay during November.","Coordinator Lucia Romano, the technical adviser, approved the Meridian initiative 234 in Delta Bay during November.","Coordinator Lucia Romano, the technical adviser, did not approved the Meridian initiative 234 in Delta Bay during November.","During November in Delta Bay, Coordinator Lucia Romano acting as technical adviser did not approved the Meridian initiative 234.","Coordinator Lucia Romano, the technical adviser, approved the Meridian initiative 234 in Delta Bay during November.",FAIL,FAIL,PASS,"[""DID_NOT_INFLECTED_PREDICATE"",""GRAMMAR_TEMPLATE_FAIL""]","[""CANONICAL_ROW_KNOWN_GENERATOR_DEFECT"",""DID_NOT_INFLECTED_PREDICATE"",""GRAMMAR_TEMPLATE_FAIL""]","[""CANONICAL_ROW_KNOWN_GENERATOR_DEFECT""]",no text difference,no text difference,no text difference,no text difference,multiple changes,negation-only difference,F2_CANONICAL_DEFECT_PROPAGATED_TO_DERIVATIVES,canonical grammar failure propagates to paraphrase canonical_status UNRESOLVED,VALID,VALID,VALID,MULTI_MEMBER_DEFECT,CANONICAL_REGENERATION_REQUIRED,,57fdae63f32849fb35407fc1249e5493414d744fbe5e18084765144a209e2ea6,9terry,P3W6F2_HYBRID_HUMAN_REVIEW_V2,2026-08-15T10:12:13Z,2026-08-15T10:12:13Z,NOT_APPLICABLE_STRUCTURAL_COHORT,STRUCTURAL_COHORT_CONFIRMATION,STRUCTURAL_COHORT_CONFIRMATION,P3W6F2_COHORT_CONFIRMATION_03ef1612b55e821318c668aee83beb5db77c0ee48699f0087819a1d9515cef4d
generated_fact_235,generated_fact_235__none,generated_fact_235__paraphrase,generated_fact_235__polarity_flip,REFUTE,REFUTE,SUPPORT,"Director Avery Stone, the program director, launched the Meridian initiative 235 in Elm Valley during January.","Director Avery Stone, the program director, launched the Meridian initiative 235 in Elm Valley during January.","Director Avery Stone, the program director, launched the Meridian initiative 235 in Elm Valley during January.","Director Avery Stone, the program director, did not launched the Meridian initiative 235 in Elm Valley during January.","During January in Elm Valley, Director Avery Stone acting as program director did not launched the Meridian initiative 235.","Director Avery Stone, the program director, launched the Meridian initiative 235 in Elm Valley during January.",FAIL,FAIL,PASS,"[""DID_NOT_INFLECTED_PREDICATE"",""GRAMMAR_TEMPLATE_FAIL""]","[""CANONICAL_ROW_KNOWN_GENERATOR_DEFECT"",""DID_NOT_INFLECTED_PREDICATE"",""GRAMMAR_TEMPLATE_FAIL""]","[""CANONICAL_ROW_KNOWN_GENERATOR_DEFECT""]",no text difference,no text difference,no text difference,no text difference,multiple changes,negation-only difference,F2_CANONICAL_DEFECT_PROPAGATED_TO_DERIVATIVES,canonical grammar failure propagates to paraphrase canonical_status UNRESOLVED,VALID,VALID,VALID,MULTI_MEMBER_DEFECT,CANONICAL_REGENERATION_REQUIRED,,23e6e04bab6165dc617073173cdf9b488a372f2329f80b3adc6e360d929faf97,9terry,P3W6F2_HYBRID_HUMAN_REVIEW_V2,2026-08-15T10:12:13Z,2026-08-15T10:12:13Z,NOT_APPLICABLE_STRUCTURAL_COHORT,STRUCTURAL_COHORT_CONFIRMATION,STRUCTURAL_COHORT_CONFIRMATION,P3W6F2_COHORT_CONFIRMATION_03ef1612b55e821318c668aee83beb5db77c0ee48699f0087819a1d9515cef4d
generated_fact_236,generated_fact_236__none,generated_fact_236__paraphrase,generated_fact_236__polarity_flip,REFUTE,REFUTE,SUPPORT,"Dr Bianca Flores, the research lead, restored the Meridian initiative 236 in Falcon Ridge during March.","Dr Bianca Flores, the research lead, restored the Meridian initiative 236 in Falcon Ridge during March.","Dr Bianca Flores, the research lead, restored the Meridian initiative 236 in Falcon Ridge during March.","Dr Bianca Flores, the research lead, did not restored the Meridian initiative 236 in Falcon Ridge during March.","During March in Falcon Ridge, Dr Bianca Flores acting as research lead did not restored the Meridian initiative 236.","Dr Bianca Flores, the research lead, restored the Meridian initiative 236 in Falcon Ridge during March.",FAIL,FAIL,PASS,"[""DID_NOT_INFLECTED_PREDICATE"",""GRAMMAR_TEMPLATE_FAIL""]","[""CANONICAL_ROW_KNOWN_GENERATOR_DEFECT"",""DID_NOT_INFLECTED_PREDICATE"",""GRAMMAR_TEMPLATE_FAIL""]","[""CANONICAL_ROW_KNOWN_GENERATOR_DEFECT""]",no text difference,no text difference,no text difference,no text difference,multiple changes,negation-only difference,F2_CANONICAL_DEFECT_PROPAGATED_TO_DERIVATIVES,canonical grammar failure propagates to paraphrase canonical_status UNRESOLVED,VALID,VALID,VALID,MULTI_MEMBER_DEFECT,CANONICAL_REGENERATION_REQUIRED,,10d823713ae6958ebd6b7772bc6349bfdd59ea221bfbca639eeaf6aa0a0d2ce3,9terry,P3W6F2_HYBRID_HUMAN_REVIEW_V2,2026-08-15T10:12:13Z,2026-08-15T10:12:13Z,NOT_APPLICABLE_STRUCTURAL_COHORT,STRUCTURAL_COHORT_CONFIRMATION,STRUCTURAL_COHORT_CONFIRMATION,P3W6F2_COHORT_CONFIRMATION_03ef1612b55e821318c668aee83beb5db77c0ee48699f0087819a1d9515cef4d
generated_fact_237,generated_fact_237__none,generated_fact_237__paraphrase,generated_fact_237__polarity_flip,REFUTE,REFUTE,SUPPORT,"Professor Chidi Eze, the regional coordinator, published the Meridian initiative 237 in Granite Coast during May.","Professor Chidi Eze, the regional coordinator, published the Meridian initiative 237 in Granite Coast during May.","Professor Chidi Eze, the regional coordinator, published the Meridian initiative 237 in Granite Coast during May.","Professor Chidi Eze, the regional coordinator, did not published the Meridian initiative 237 in Granite Coast during May.","During May in Granite Coast, Professor Chidi Eze acting as regional coordinator did not published the Meridian initiative 237.","Professor Chidi Eze, the regional coordinator, published the Meridian initiative 237 in Granite Coast during May.",FAIL,FAIL,PASS,"[""DID_NOT_INFLECTED_PREDICATE"",""GRAMMAR_TEMPLATE_FAIL""]","[""CANONICAL_ROW_KNOWN_GENERATOR_DEFECT"",""DID_NOT_INFLECTED_PREDICATE"",""GRAMMAR_TEMPLATE_FAIL""]","[""CANONICAL_ROW_KNOWN_GENERATOR_DEFECT""]",no text difference,no text difference,no text difference,no text difference,multiple changes,negation-only difference,F2_CANONICAL_DEFECT_PROPAGATED_TO_DERIVATIVES,canonical grammar failure propagates to paraphrase canonical_status UNRESOLVED,VALID,VALID,VALID,MULTI_MEMBER_DEFECT,CANONICAL_REGENERATION_REQUIRED,,83faa4391aa0a7973925304da92bd8e04c1fefbc298fbc9facdda1239fbd627a,9terry,P3W6F2_HYBRID_HUMAN_REVIEW_V2,2026-08-15T10:12:13Z,2026-08-15T10:12:13Z,NOT_APPLICABLE_STRUCTURAL_COHORT,STRUCTURAL_COHORT_CONFIRMATION,STRUCTURAL_COHORT_CONFIRMATION,P3W6F2_COHORT_CONFIRMATION_03ef1612b55e821318c668aee83beb5db77c0ee48699f0087819a1d9515cef4d
generated_fact_239,generated_fact_239__none,generated_fact_239__paraphrase,generated_fact_239__polarity_flip,REFUTE,REFUTE,SUPPORT,"Engineer Ethan Brooks, the project curator, opened the Meridian initiative 239 in Aurora City during September.","Engineer Ethan Brooks, the project curator, opened the Meridian initiative 239 in Aurora City during September.","Engineer Ethan Brooks, the project curator, opened the Meridian initiative 239 in Aurora City during September.","Engineer Ethan Brooks, the project curator, did not opened the Meridian initiative 239 in Aurora City during September.","During September in Aurora City, Engineer Ethan Brooks acting as project curator did not opened the Meridian initiative 239.","Engineer Ethan Brooks, the project curator, opened the Meridian initiative 239 in Aurora City during September.",FAIL,FAIL,PASS,"[""DID_NOT_INFLECTED_PREDICATE"",""GRAMMAR_TEMPLATE_FAIL""]","[""CANONICAL_ROW_KNOWN_GENERATOR_DEFECT"",""DID_NOT_INFLECTED_PREDICATE"",""GRAMMAR_TEMPLATE_FAIL""]","[""CANONICAL_ROW_KNOWN_GENERATOR_DEFECT""]",no text difference,no text difference,no text difference,no text difference,multiple changes,negation-only difference,F2_CANONICAL_DEFECT_PROPAGATED_TO_DERIVATIVES,canonical grammar failure propagates to paraphrase canonical_status UNRESOLVED,VALID,VALID,VALID,MULTI_MEMBER_DEFECT,CANONICAL_REGENERATION_REQUIRED,,d081f123a651a1fffbd669fda3c4e18262a64ae1ea8284b038f9fd95f0e7883c,9terry,P3W6F2_HYBRID_HUMAN_REVIEW_V2,2026-08-15T10:12:13Z,2026-08-15T10:12:13Z,NOT_APPLICABLE_STRUCTURAL_COHORT,STRUCTURAL_COHORT_CONFIRMATION,STRUCTURAL_COHORT_CONFIRMATION,P3W6F2_COHORT_CONFIRMATION_03ef1612b55e821318c668aee83beb5db77c0ee48699f0087819a1d9515cef4d
generated_fact_242,generated_fact_242__none,generated_fact_242__paraphrase,generated_fact_242__polarity_flip,REFUTE,REFUTE,SUPPORT,"Dr Helena Wu, the research lead, launched the Meridian initiative 242 in Delta Bay during March.","Dr Helena Wu, the research lead, launched the Meridian initiative 242 in Delta Bay during March.","Dr Helena Wu, the research lead, launched the Meridian initiative 242 in Delta Bay during March.","Dr Helena Wu, the research lead, did not launched the Meridian initiative 242 in Delta Bay during March.","During March in Delta Bay, Dr Helena Wu acting as research lead did not launched the Meridian initiative 242.","Dr Helena Wu, the research lead, launched the Meridian initiative 242 in Delta Bay during March.",FAIL,FAIL,PASS,"[""DID_NOT_INFLECTED_PREDICATE"",""GRAMMAR_TEMPLATE_FAIL""]","[""CANONICAL_ROW_KNOWN_GENERATOR_DEFECT"",""DID_NOT_INFLECTED_PREDICATE"",""GRAMMAR_TEMPLATE_FAIL""]","[""CANONICAL_ROW_KNOWN_GENERATOR_DEFECT""]",no text difference,no text difference,no text difference,no text difference,multiple changes,negation-only difference,F2_CANONICAL_DEFECT_PROPAGATED_TO_DERIVATIVES,canonical grammar failure propagates to paraphrase canonical_status UNRESOLVED,VALID,VALID,VALID,MULTI_MEMBER_DEFECT,CANONICAL_REGENERATION_REQUIRED,,ef31871d1e98cae888156eed7da9cb6a6b79524476b21b6c30cbc002286e8997,9terry,P3W6F2_HYBRID_HUMAN_REVIEW_V2,2026-08-15T10:12:13Z,2026-08-15T10:12:13Z,NOT_APPLICABLE_STRUCTURAL_COHORT,STRUCTURAL_COHORT_CONFIRMATION,STRUCTURAL_COHORT_CONFIRMATION,P3W6F2_COHORT_CONFIRMATION_03ef1612b55e821318c668aee83beb5db77c0ee48699f0087819a1d9515cef4d
generated_fact_243,generated_fact_243__none,generated_fact_243__paraphrase,generated_fact_243__polarity_flip,REFUTE,REFUTE,SUPPORT,"Professor Ismail Kaya, the regional coordinator, restored the Meridian initiative 243 in Elm Valley during May.","Professor Ismail Kaya, the regional coordinator, restored the Meridian initiative 243 in Elm Valley during May.","Professor Ismail Kaya, the regional coordinator, restored the Meridian initiative 243 in Elm Valley during May.","Professor Ismail Kaya, the regional coordinator, did not restored the Meridian initiative 243 in Elm Valley during May.","During May in Elm Valley, Professor Ismail Kaya acting as regional coordinator did not restored the Meridian initiative 243.","Professor Ismail Kaya, the regional coordinator, restored the Meridian initiative 243 in Elm Valley during May.",FAIL,FAIL,PASS,"[""DID_NOT_INFLECTED_PREDICATE"",""GRAMMAR_TEMPLATE_FAIL""]","[""CANONICAL_ROW_KNOWN_GENERATOR_DEFECT"",""DID_NOT_INFLECTED_PREDICATE"",""GRAMMAR_TEMPLATE_FAIL""]","[""CANONICAL_ROW_KNOWN_GENERATOR_DEFECT""]",no text difference,no text difference,no text difference,no text difference,multiple changes,negation-only difference,F2_CANONICAL_DEFECT_PROPAGATED_TO_DERIVATIVES,canonical grammar failure propagates to paraphrase canonical_status UNRESOLVED,VALID,VALID,VALID,MULTI_MEMBER_DEFECT,CANONICAL_REGENERATION_REQUIRED,,74b182c5cb46d46b52a9fd95de70f8e005e74feda5ff5e26100571932d0807d6,9terry,P3W6F2_HYBRID_HUMAN_REVIEW_V2,2026-08-15T10:12:13Z,2026-08-15T10:12:13Z,NOT_APPLICABLE_STRUCTURAL_COHORT,STRUCTURAL_COHORT_CONFIRMATION,STRUCTURAL_COHORT_CONFIRMATION,P3W6F2_COHORT_CONFIRMATION_03ef1612b55e821318c668aee83beb5db77c0ee48699f0087819a1d9515cef4d
generated_fact_244,generated_fact_244__none,generated_fact_244__paraphrase,generated_fact_244__polarity_flip,REFUTE,REFUTE,SUPPORT,"Minister Julia Novak, the operations chief, published the Meridian initiative 244 in Falcon Ridge during July.","Minister Julia Novak, the operations chief, published the Meridian initiative 244 in Falcon Ridge during July.","Minister Julia Novak, the operations chief, published the Meridian initiative 244 in Falcon Ridge during July.","Minister Julia Novak, the operations chief, did not published the Meridian initiative 244 in Falcon Ridge during July.","During July in Falcon Ridge, Minister Julia Novak acting as operations chief did not published the Meridian initiative 244.","Minister Julia Novak, the operations chief, published the Meridian initiative 244 in Falcon Ridge during July.",FAIL,FAIL,PASS,"[""DID_NOT_INFLECTED_PREDICATE"",""GRAMMAR_TEMPLATE_FAIL""]","[""CANONICAL_ROW_KNOWN_GENERATOR_DEFECT"",""DID_NOT_INFLECTED_PREDICATE"",""GRAMMAR_TEMPLATE_FAIL""]","[""CANONICAL_ROW_KNOWN_GENERATOR_DEFECT""]",no text difference,no text difference,no text difference,no text difference,multiple changes,negation-only difference,F2_CANONICAL_DEFECT_PROPAGATED_TO_DERIVATIVES,canonical grammar failure propagates to paraphrase canonical_status UNRESOLVED,VALID,VALID,VALID,MULTI_MEMBER_DEFECT,CANONICAL_REGENERATION_REQUIRED,,d4e4fdedcb9645da201557f976bc1dbdf12ef6ffb620be011246cacfdb43926d,9terry,P3W6F2_HYBRID_HUMAN_REVIEW_V2,2026-08-15T10:12:13Z,2026-08-15T10:12:13Z,NOT_APPLICABLE_STRUCTURAL_COHORT,STRUCTURAL_COHORT_CONFIRMATION,STRUCTURAL_COHORT_CONFIRMATION,P3W6F2_COHORT_CONFIRMATION_03ef1612b55e821318c668aee83beb5db77c0ee48699f0087819a1d9515cef4d
generated_fact_245,generated_fact_245__none,generated_fact_245__paraphrase,generated_fact_245__polarity_flip,REFUTE,REFUTE,SUPPORT,"Engineer Kwame Adu, the project curator, delivered the Meridian initiative 245 in Granite Coast during September.","Engineer Kwame Adu, the project curator, delivered the Meridian initiative 245 in Granite Coast during September.","Engineer Kwame Adu, the project curator, delivered the Meridian initiative 245 in Granite Coast during September.","Engineer Kwame Adu, the project curator, did not delivered the Meridian initiative 245 in Granite Coast during September.","During September in Granite Coast, Engineer Kwame Adu acting as project curator did not delivered the Meridian initiative 245.","Engineer Kwame Adu, the project curator, delivered the Meridian initiative 245 in Granite Coast during September.",FAIL,FAIL,PASS,"[""DID_NOT_INFLECTED_PREDICATE"",""GRAMMAR_TEMPLATE_FAIL""]","[""CANONICAL_ROW_KNOWN_GENERATOR_DEFECT"",""DID_NOT_INFLECTED_PREDICATE"",""GRAMMAR_TEMPLATE_FAIL""]","[""CANONICAL_ROW_KNOWN_GENERATOR_DEFECT""]",no text difference,no text difference,no text difference,no text difference,multiple changes,negation-only difference,F2_CANONICAL_DEFECT_PROPAGATED_TO_DERIVATIVES,canonical grammar failure propagates to paraphrase canonical_status UNRESOLVED,VALID,VALID,VALID,MULTI_MEMBER_DEFECT,CANONICAL_REGENERATION_REQUIRED,,4e0c4ea4b623073d3574ce38caf94e01ce550ac6d722d391fb55705e0ee9250e,9terry,P3W6F2_HYBRID_HUMAN_REVIEW_V2,2026-08-15T10:12:13Z,2026-08-15T10:12:13Z,NOT_APPLICABLE_STRUCTURAL_COHORT,STRUCTURAL_COHORT_CONFIRMATION,STRUCTURAL_COHORT_CONFIRMATION,P3W6F2_COHORT_CONFIRMATION_03ef1612b55e821318c668aee83beb5db77c0ee48699f0087819a1d9515cef4d
generated_fact_246,generated_fact_246__none,generated_fact_246__paraphrase,generated_fact_246__polarity_flip,REFUTE,REFUTE,SUPPORT,"Coordinator Lucia Romano, the technical adviser, opened the Meridian initiative 246 in Horizon Plains during November.","Coordinator Lucia Romano, the technical adviser, opened the Meridian initiative 246 in Horizon Plains during November.","Coordinator Lucia Romano, the technical adviser, opened the Meridian initiative 246 in Horizon Plains during November.","Coordinator Lucia Romano, the technical adviser, did not opened the Meridian initiative 246 in Horizon Plains during November.","During November in Horizon Plains, Coordinator Lucia Romano acting as technical adviser did not opened the Meridian initiative 246.","Coordinator Lucia Romano, the technical adviser, opened the Meridian initiative 246 in Horizon Plains during November.",FAIL,FAIL,PASS,"[""DID_NOT_INFLECTED_PREDICATE"",""GRAMMAR_TEMPLATE_FAIL""]","[""CANONICAL_ROW_KNOWN_GENERATOR_DEFECT"",""DID_NOT_INFLECTED_PREDICATE"",""GRAMMAR_TEMPLATE_FAIL""]","[""CANONICAL_ROW_KNOWN_GENERATOR_DEFECT""]",no text difference,no text difference,no text difference,no text difference,multiple changes,negation-only difference,F2_CANONICAL_DEFECT_PROPAGATED_TO_DERIVATIVES,canonical grammar failure propagates to paraphrase canonical_status UNRESOLVED,VALID,VALID,VALID,MULTI_MEMBER_DEFECT,CANONICAL_REGENERATION_REQUIRED,,cebe24972560b40c8a4264c600040cc3ab0f194a2fb6978b988752e1ef07b4de,9terry,P3W6F2_HYBRID_HUMAN_REVIEW_V2,2026-08-15T10:12:13Z,2026-08-15T10:12:13Z,NOT_APPLICABLE_STRUCTURAL_COHORT,STRUCTURAL_COHORT_CONFIRMATION,STRUCTURAL_COHORT_CONFIRMATION,P3W6F2_COHORT_CONFIRMATION_03ef1612b55e821318c668aee83beb5db77c0ee48699f0087819a1d9515cef4d
generated_fact_247,generated_fact_247__none,generated_fact_247__paraphrase,generated_fact_247__polarity_flip,REFUTE,REFUTE,SUPPORT,"Director Avery Stone, the program director, selected the Meridian initiative 247 in Aurora City during January.","Director Avery Stone, the program director, selected the Meridian initiative 247 in Aurora City during January.","Director Avery Stone, the program director, selected the Meridian initiative 247 in Aurora City during January.","Director Avery Stone, the program director, did not selected the Meridian initiative 247 in Aurora City during January.","During January in Aurora City, Director Avery Stone acting as program director did not selected the Meridian initiative 247.","Director Avery Stone, the program director, selected the Meridian initiative 247 in Aurora City during January.",FAIL,FAIL,PASS,"[""DID_NOT_INFLECTED_PREDICATE"",""GRAMMAR_TEMPLATE_FAIL""]","[""CANONICAL_ROW_KNOWN_GENERATOR_DEFECT"",""DID_NOT_INFLECTED_PREDICATE"",""GRAMMAR_TEMPLATE_FAIL""]","[""CANONICAL_ROW_KNOWN_GENERATOR_DEFECT""]",no text difference,no text difference,no text difference,no text difference,multiple changes,negation-only difference,F2_CANONICAL_DEFECT_PROPAGATED_TO_DERIVATIVES,canonical grammar failure propagates to paraphrase canonical_status UNRESOLVED,VALID,VALID,VALID,MULTI_MEMBER_DEFECT,CANONICAL_REGENERATION_REQUIRED,,4c951ae7626ee32198beceb2483a2318c7965521b178ec6201c44902d36929ff,9terry,P3W6F2_HYBRID_HUMAN_REVIEW_V2,2026-08-15T10:12:13Z,2026-08-15T10:12:13Z,NOT_APPLICABLE_STRUCTURAL_COHORT,STRUCTURAL_COHORT_CONFIRMATION,STRUCTURAL_COHORT_CONFIRMATION,P3W6F2_COHORT_CONFIRMATION_03ef1612b55e821318c668aee83beb5db77c0ee48699f0087819a1d9515cef4d
generated_fact_248,generated_fact_248__none,generated_fact_248__paraphrase,generated_fact_248__polarity_flip,REFUTE,REFUTE,SUPPORT,"Dr Bianca Flores, the research lead, approved the Meridian initiative 248 in Beacon Harbor during March.","Dr Bianca Flores, the research lead, approved the Meridian initiative 248 in Beacon Harbor during March.","Dr Bianca Flores, the research lead, approved the Meridian initiative 248 in Beacon Harbor during March.","Dr Bianca Flores, the research lead, did not approved the Meridian initiative 248 in Beacon Harbor during March.","During March in Beacon Harbor, Dr Bianca Flores acting as research lead did not approved the Meridian initiative 248.","Dr Bianca Flores, the research lead, approved the Meridian initiative 248 in Beacon Harbor during March.",FAIL,FAIL,PASS,"[""DID_NOT_INFLECTED_PREDICATE"",""GRAMMAR_TEMPLATE_FAIL""]","[""CANONICAL_ROW_KNOWN_GENERATOR_DEFECT"",""DID_NOT_INFLECTED_PREDICATE"",""GRAMMAR_TEMPLATE_FAIL""]","[""CANONICAL_ROW_KNOWN_GENERATOR_DEFECT""]",no text difference,no text difference,no text difference,no text difference,multiple changes,negation-only difference,F2_CANONICAL_DEFECT_PROPAGATED_TO_DERIVATIVES,canonical grammar failure propagates to paraphrase canonical_status UNRESOLVED,VALID,VALID,VALID,MULTI_MEMBER_DEFECT,CANONICAL_REGENERATION_REQUIRED,,a8af6e205035bf48a2cc4b03614b727d46a5b1fec5c9cf5629e9cd5a4f8c5d71,9terry,P3W6F2_HYBRID_HUMAN_REVIEW_V2,2026-08-15T10:12:13Z,2026-08-15T10:12:13Z,NOT_APPLICABLE_STRUCTURAL_COHORT,STRUCTURAL_COHORT_CONFIRMATION,STRUCTURAL_COHORT_CONFIRMATION,P3W6F2_COHORT_CONFIRMATION_03ef1612b55e821318c668aee83beb5db77c0ee48699f0087819a1d9515cef4d
generated_fact_249,generated_fact_249__none,generated_fact_249__paraphrase,generated_fact_249__polarity_flip,REFUTE,REFUTE,SUPPORT,"Professor Chidi Eze, the regional coordinator, launched the Meridian initiative 249 in Cedar Point during May.","Professor Chidi Eze, the regional coordinator, launched the Meridian initiative 249 in Cedar Point during May.","Professor Chidi Eze, the regional coordinator, launched the Meridian initiative 249 in Cedar Point during May.","Professor Chidi Eze, the regional coordinator, did not launched the Meridian initiative 249 in Cedar Point during May.","During May in Cedar Point, Professor Chidi Eze acting as regional coordinator did not launched the Meridian initiative 249.","Professor Chidi Eze, the regional coordinator, launched the Meridian initiative 249 in Cedar Point during May.",FAIL,FAIL,PASS,"[""DID_NOT_INFLECTED_PREDICATE"",""GRAMMAR_TEMPLATE_FAIL""]","[""CANONICAL_ROW_KNOWN_GENERATOR_DEFECT"",""DID_NOT_INFLECTED_PREDICATE"",""GRAMMAR_TEMPLATE_FAIL""]","[""CANONICAL_ROW_KNOWN_GENERATOR_DEFECT""]",no text difference,no text difference,no text difference,no text difference,multiple changes,negation-only difference,F2_CANONICAL_DEFECT_PROPAGATED_TO_DERIVATIVES,canonical grammar failure propagates to paraphrase canonical_status UNRESOLVED,VALID,VALID,VALID,MULTI_MEMBER_DEFECT,CANONICAL_REGENERATION_REQUIRED,,23e5ca13717c18c1467ecc7c07e11d4903b5d8e9511b64db4a049b398495bc42,9terry,P3W6F2_HYBRID_HUMAN_REVIEW_V2,2026-08-15T10:12:13Z,2026-08-15T10:12:13Z,NOT_APPLICABLE_STRUCTURAL_COHORT,STRUCTURAL_COHORT_CONFIRMATION,STRUCTURAL_COHORT_CONFIRMATION,P3W6F2_COHORT_CONFIRMATION_03ef1612b55e821318c668aee83beb5db77c0ee48699f0087819a1d9515cef4d
generated_fact_250,generated_fact_250__none,generated_fact_250__paraphrase,generated_fact_250__polarity_flip,REFUTE,REFUTE,SUPPORT,"Minister Daria Volkova, the operations chief, restored the Meridian initiative 250 in Delta Bay during July.","Minister Daria Volkova, the operations chief, restored the Meridian initiative 250 in Delta Bay during July.","Minister Daria Volkova, the operations chief, restored the Meridian initiative 250 in Delta Bay during July.","Minister Daria Volkova, the operations chief, did not restored the Meridian initiative 250 in Delta Bay during July.","During July in Delta Bay, Minister Daria Volkova acting as operations chief did not restored the Meridian initiative 250.","Minister Daria Volkova, the operations chief, restored the Meridian initiative 250 in Delta Bay during July.",FAIL,FAIL,PASS,"[""DID_NOT_INFLECTED_PREDICATE"",""GRAMMAR_TEMPLATE_FAIL""]","[""CANONICAL_ROW_KNOWN_GENERATOR_DEFECT"",""DID_NOT_INFLECTED_PREDICATE"",""GRAMMAR_TEMPLATE_FAIL""]","[""CANONICAL_ROW_KNOWN_GENERATOR_DEFECT""]",no text difference,no text difference,no text difference,no text difference,multiple changes,negation-only difference,F2_CANONICAL_DEFECT_PROPAGATED_TO_DERIVATIVES,canonical grammar failure propagates to paraphrase canonical_status UNRESOLVED,VALID,VALID,VALID,MULTI_MEMBER_DEFECT,CANONICAL_REGENERATION_REQUIRED,,04a133de46c70241a0f69beb684e15cb7294df8b937c3175a535f15f1d76417a,9terry,P3W6F2_HYBRID_HUMAN_REVIEW_V2,2026-08-15T10:12:13Z,2026-08-15T10:12:13Z,NOT_APPLICABLE_STRUCTURAL_COHORT,STRUCTURAL_COHORT_CONFIRMATION,STRUCTURAL_COHORT_CONFIRMATION,P3W6F2_COHORT_CONFIRMATION_03ef1612b55e821318c668aee83beb5db77c0ee48699f0087819a1d9515cef4d
generated_fact_251,generated_fact_251__none,generated_fact_251__paraphrase,generated_fact_251__polarity_flip,REFUTE,REFUTE,SUPPORT,"Engineer Ethan Brooks, the project curator, published the Meridian initiative 251 in Elm Valley during September.","Engineer Ethan Brooks, the project curator, published the Meridian initiative 251 in Elm Valley during September.","Engineer Ethan Brooks, the project curator, published the Meridian initiative 251 in Elm Valley during September.","Engineer Ethan Brooks, the project curator, did not published the Meridian initiative 251 in Elm Valley during September.","During September in Elm Valley, Engineer Ethan Brooks acting as project curator did not published the Meridian initiative 251.","Engineer Ethan Brooks, the project curator, published the Meridian initiative 251 in Elm Valley during September.",FAIL,FAIL,PASS,"[""DID_NOT_INFLECTED_PREDICATE"",""GRAMMAR_TEMPLATE_FAIL""]","[""CANONICAL_ROW_KNOWN_GENERATOR_DEFECT"",""DID_NOT_INFLECTED_PREDICATE"",""GRAMMAR_TEMPLATE_FAIL""]","[""CANONICAL_ROW_KNOWN_GENERATOR_DEFECT""]",no text difference,no text difference,no text difference,no text difference,multiple changes,negation-only difference,F2_CANONICAL_DEFECT_PROPAGATED_TO_DERIVATIVES,canonical grammar failure propagates to paraphrase canonical_status UNRESOLVED,VALID,VALID,VALID,MULTI_MEMBER_DEFECT,CANONICAL_REGENERATION_REQUIRED,,88e44cdfd4313b1bf61908d7f34fe4c77c9241c2ca8f4ab76fa0d29eed59e036,9terry,P3W6F2_HYBRID_HUMAN_REVIEW_V2,2026-08-15T10:12:13Z,2026-08-15T10:12:13Z,NOT_APPLICABLE_STRUCTURAL_COHORT,STRUCTURAL_COHORT_CONFIRMATION,STRUCTURAL_COHORT_CONFIRMATION,P3W6F2_COHORT_CONFIRMATION_03ef1612b55e821318c668aee83beb5db77c0ee48699f0087819a1d9515cef4d
generated_fact_252,generated_fact_252__none,generated_fact_252__paraphrase,generated_fact_252__polarity_flip,REFUTE,REFUTE,SUPPORT,"Coordinator Farah Qureshi, the technical adviser, delivered the Meridian initiative 252 in Falcon Ridge during November.","Coordinator Farah Qureshi, the technical adviser, delivered the Meridian initiative 252 in Falcon Ridge during November.","Coordinator Farah Qureshi, the technical adviser, delivered the Meridian initiative 252 in Falcon Ridge during November.","Coordinator Farah Qureshi, the technical adviser, did not delivered the Meridian initiative 252 in Falcon Ridge during November.","During November in Falcon Ridge, Coordinator Farah Qureshi acting as technical adviser did not delivered the Meridian initiative 252.","Coordinator Farah Qureshi, the technical adviser, delivered the Meridian initiative 252 in Falcon Ridge during November.",FAIL,FAIL,PASS,"[""DID_NOT_INFLECTED_PREDICATE"",""GRAMMAR_TEMPLATE_FAIL""]","[""CANONICAL_ROW_KNOWN_GENERATOR_DEFECT"",""DID_NOT_INFLECTED_PREDICATE"",""GRAMMAR_TEMPLATE_FAIL""]","[""CANONICAL_ROW_KNOWN_GENERATOR_DEFECT""]",no text difference,no text difference,no text difference,no text difference,multiple changes,negation-only difference,F2_CANONICAL_DEFECT_PROPAGATED_TO_DERIVATIVES,canonical grammar failure propagates to paraphrase canonical_status UNRESOLVED,VALID,VALID,VALID,MULTI_MEMBER_DEFECT,CANONICAL_REGENERATION_REQUIRED,,81fc957db10df85cd33eba60777f5603f2825ed1d9afc13520edf4e175bd7217,9terry,P3W6F2_HYBRID_HUMAN_REVIEW_V2,2026-08-15T10:12:13Z,2026-08-15T10:12:13Z,NOT_APPLICABLE_STRUCTURAL_COHORT,STRUCTURAL_COHORT_CONFIRMATION,STRUCTURAL_COHORT_CONFIRMATION,P3W6F2_COHORT_CONFIRMATION_03ef1612b55e821318c668aee83beb5db77c0ee48699f0087819a1d9515cef4d
generated_fact_253,generated_fact_253__none,generated_fact_253__paraphrase,generated_fact_253__polarity_flip,REFUTE,REFUTE,SUPPORT,"Director Gabriel Costa, the program director, opened the Meridian initiative 253 in Granite Coast during January.","Director Gabriel Costa, the program director, opened the Meridian initiative 253 in Granite Coast during January.","Director Gabriel Costa, the program director, opened the Meridian initiative 253 in Granite Coast during January.","Director Gabriel Costa, the program director, did not opened the Meridian initiative 253 in Granite Coast during January.","During January in Granite Coast, Director Gabriel Costa acting as program director did not opened the Meridian initiative 253.","Director Gabriel Costa, the program director, opened the Meridian initiative 253 in Granite Coast during January.",FAIL,FAIL,PASS,"[""DID_NOT_INFLECTED_PREDICATE"",""GRAMMAR_TEMPLATE_FAIL""]","[""CANONICAL_ROW_KNOWN_GENERATOR_DEFECT"",""DID_NOT_INFLECTED_PREDICATE"",""GRAMMAR_TEMPLATE_FAIL""]","[""CANONICAL_ROW_KNOWN_GENERATOR_DEFECT""]",no text difference,no text difference,no text difference,no text difference,multiple changes,negation-only difference,F2_CANONICAL_DEFECT_PROPAGATED_TO_DERIVATIVES,canonical grammar failure propagates to paraphrase canonical_status UNRESOLVED,VALID,VALID,VALID,MULTI_MEMBER_DEFECT,CANONICAL_REGENERATION_REQUIRED,,a22606746263a983a7b48db571627d449e6aed315549cad00e8fc43e2357eb75,9terry,P3W6F2_HYBRID_HUMAN_REVIEW_V2,2026-08-15T10:12:13Z,2026-08-15T10:12:13Z,NOT_APPLICABLE_STRUCTURAL_COHORT,STRUCTURAL_COHORT_CONFIRMATION,STRUCTURAL_COHORT_CONFIRMATION,P3W6F2_COHORT_CONFIRMATION_03ef1612b55e821318c668aee83beb5db77c0ee48699f0087819a1d9515cef4d
generated_fact_254,generated_fact_254__none,generated_fact_254__paraphrase,generated_fact_254__polarity_flip,REFUTE,REFUTE,SUPPORT,"Dr Helena Wu, the research lead, selected the Meridian initiative 254 in Horizon Plains during March.","Dr Helena Wu, the research lead, selected the Meridian initiative 254 in Horizon Plains during March.","Dr Helena Wu, the research lead, selected the Meridian initiative 254 in Horizon Plains during March.","Dr Helena Wu, the research lead, did not selected the Meridian initiative 254 in Horizon Plains during March.","During March in Horizon Plains, Dr Helena Wu acting as research lead did not selected the Meridian initiative 254.","Dr Helena Wu, the research lead, selected the Meridian initiative 254 in Horizon Plains during March.",FAIL,FAIL,PASS,"[""DID_NOT_INFLECTED_PREDICATE"",""GRAMMAR_TEMPLATE_FAIL""]","[""CANONICAL_ROW_KNOWN_GENERATOR_DEFECT"",""DID_NOT_INFLECTED_PREDICATE"",""GRAMMAR_TEMPLATE_FAIL""]","[""CANONICAL_ROW_KNOWN_GENERATOR_DEFECT""]",no text difference,no text difference,no text difference,no text difference,multiple changes,negation-only difference,F2_CANONICAL_DEFECT_PROPAGATED_TO_DERIVATIVES,canonical grammar failure propagates to paraphrase canonical_status UNRESOLVED,VALID,VALID,VALID,MULTI_MEMBER_DEFECT,CANONICAL_REGENERATION_REQUIRED,,76b7d3ee857e0d6c532f76771ce99c809239372caa5c9b96eea9a3502f12046c,9terry,P3W6F2_HYBRID_HUMAN_REVIEW_V2,2026-08-15T10:12:13Z,2026-08-15T10:12:13Z,NOT_APPLICABLE_STRUCTURAL_COHORT,STRUCTURAL_COHORT_CONFIRMATION,STRUCTURAL_COHORT_CONFIRMATION,P3W6F2_COHORT_CONFIRMATION_03ef1612b55e821318c668aee83beb5db77c0ee48699f0087819a1d9515cef4d
generated_fact_255,generated_fact_255__none,generated_fact_255__paraphrase,generated_fact_255__polarity_flip,REFUTE,REFUTE,SUPPORT,"Professor Ismail Kaya, the regional coordinator, approved the Meridian initiative 255 in Aurora City during May.","Professor Ismail Kaya, the regional coordinator, approved the Meridian initiative 255 in Aurora City during May.","Professor Ismail Kaya, the regional coordinator, approved the Meridian initiative 255 in Aurora City during May.","Professor Ismail Kaya, the regional coordinator, did not approved the Meridian initiative 255 in Aurora City during May.","During May in Aurora City, Professor Ismail Kaya acting as regional coordinator did not approved the Meridian initiative 255.","Professor Ismail Kaya, the regional coordinator, approved the Meridian initiative 255 in Aurora City during May.",FAIL,FAIL,PASS,"[""DID_NOT_INFLECTED_PREDICATE"",""GRAMMAR_TEMPLATE_FAIL""]","[""CANONICAL_ROW_KNOWN_GENERATOR_DEFECT"",""DID_NOT_INFLECTED_PREDICATE"",""GRAMMAR_TEMPLATE_FAIL""]","[""CANONICAL_ROW_KNOWN_GENERATOR_DEFECT""]",no text difference,no text difference,no text difference,no text difference,multiple changes,negation-only difference,F2_CANONICAL_DEFECT_PROPAGATED_TO_DERIVATIVES,canonical grammar failure propagates to paraphrase canonical_status UNRESOLVED,VALID,VALID,VALID,MULTI_MEMBER_DEFECT,CANONICAL_REGENERATION_REQUIRED,,f06aa35fb82a7ee726220b7cc635c725eff0ea5b6e24c312be6c4508989d4a5f,9terry,P3W6F2_HYBRID_HUMAN_REVIEW_V2,2026-08-15T10:12:13Z,2026-08-15T10:12:13Z,NOT_APPLICABLE_STRUCTURAL_COHORT,STRUCTURAL_COHORT_CONFIRMATION,STRUCTURAL_COHORT_CONFIRMATION,P3W6F2_COHORT_CONFIRMATION_03ef1612b55e821318c668aee83beb5db77c0ee48699f0087819a1d9515cef4d
generated_fact_256,generated_fact_256__none,generated_fact_256__paraphrase,generated_fact_256__polarity_flip,REFUTE,REFUTE,SUPPORT,"Minister Julia Novak, the operations chief, launched the Meridian initiative 256 in Beacon Harbor during July.","Minister Julia Novak, the operations chief, launched the Meridian initiative 256 in Beacon Harbor during July.","Minister Julia Novak, the operations chief, launched the Meridian initiative 256 in Beacon Harbor during July.","Minister Julia Novak, the operations chief, did not launched the Meridian initiative 256 in Beacon Harbor during July.","During July in Beacon Harbor, Minister Julia Novak acting as operations chief did not launched the Meridian initiative 256.","Minister Julia Novak, the operations chief, launched the Meridian initiative 256 in Beacon Harbor during July.",FAIL,FAIL,PASS,"[""DID_NOT_INFLECTED_PREDICATE"",""GRAMMAR_TEMPLATE_FAIL""]","[""CANONICAL_ROW_KNOWN_GENERATOR_DEFECT"",""DID_NOT_INFLECTED_PREDICATE"",""GRAMMAR_TEMPLATE_FAIL""]","[""CANONICAL_ROW_KNOWN_GENERATOR_DEFECT""]",no text difference,no text difference,no text difference,no text difference,multiple changes,negation-only difference,F2_CANONICAL_DEFECT_PROPAGATED_TO_DERIVATIVES,canonical grammar failure propagates to paraphrase canonical_status UNRESOLVED,VALID,VALID,VALID,MULTI_MEMBER_DEFECT,CANONICAL_REGENERATION_REQUIRED,,ab7ec4b714545dccbea7a01b8418d425109a8ffc615c6494489d17739d1b3974,9terry,P3W6F2_HYBRID_HUMAN_REVIEW_V2,2026-08-15T10:12:13Z,2026-08-15T10:12:13Z,NOT_APPLICABLE_STRUCTURAL_COHORT,STRUCTURAL_COHORT_CONFIRMATION,STRUCTURAL_COHORT_CONFIRMATION,P3W6F2_COHORT_CONFIRMATION_03ef1612b55e821318c668aee83beb5db77c0ee48699f0087819a1d9515cef4d
generated_fact_258,generated_fact_258__none,generated_fact_258__paraphrase,generated_fact_258__polarity_flip,REFUTE,REFUTE,SUPPORT,"Coordinator Lucia Romano, the technical adviser, published the Meridian initiative 258 in Delta Bay during November.","Coordinator Lucia Romano, the technical adviser, published the Meridian initiative 258 in Delta Bay during November.","Coordinator Lucia Romano, the technical adviser, published the Meridian initiative 258 in Delta Bay during November.","Coordinator Lucia Romano, the technical adviser, did not published the Meridian initiative 258 in Delta Bay during November.","During November in Delta Bay, Coordinator Lucia Romano acting as technical adviser did not published the Meridian initiative 258.","Coordinator Lucia Romano, the technical adviser, published the Meridian initiative 258 in Delta Bay during November.",FAIL,FAIL,PASS,"[""DID_NOT_INFLECTED_PREDICATE"",""GRAMMAR_TEMPLATE_FAIL""]","[""CANONICAL_ROW_KNOWN_GENERATOR_DEFECT"",""DID_NOT_INFLECTED_PREDICATE"",""GRAMMAR_TEMPLATE_FAIL""]","[""CANONICAL_ROW_KNOWN_GENERATOR_DEFECT""]",no text difference,no text difference,no text difference,no text difference,multiple changes,negation-only difference,F2_CANONICAL_DEFECT_PROPAGATED_TO_DERIVATIVES,canonical grammar failure propagates to paraphrase canonical_status UNRESOLVED,VALID,VALID,VALID,MULTI_MEMBER_DEFECT,CANONICAL_REGENERATION_REQUIRED,,5555510342a2128211685d13a6f6580a3cc8043fe9dacebe70c01374d24413dd,9terry,P3W6F2_HYBRID_HUMAN_REVIEW_V2,2026-08-15T10:12:13Z,2026-08-15T10:12:13Z,NOT_APPLICABLE_STRUCTURAL_COHORT,STRUCTURAL_COHORT_CONFIRMATION,STRUCTURAL_COHORT_CONFIRMATION,P3W6F2_COHORT_CONFIRMATION_03ef1612b55e821318c668aee83beb5db77c0ee48699f0087819a1d9515cef4d
generated_fact_259,generated_fact_259__none,generated_fact_259__paraphrase,generated_fact_259__polarity_flip,REFUTE,REFUTE,SUPPORT,"Director Avery Stone, the program director, delivered the Meridian initiative 259 in Elm Valley during January.","Director Avery Stone, the program director, delivered the Meridian initiative 259 in Elm Valley during January.","Director Avery Stone, the program director, delivered the Meridian initiative 259 in Elm Valley during January.","Director Avery Stone, the program director, did not delivered the Meridian initiative 259 in Elm Valley during January.","During January in Elm Valley, Director Avery Stone acting as program director did not delivered the Meridian initiative 259.","Director Avery Stone, the program director, delivered the Meridian initiative 259 in Elm Valley during January.",FAIL,FAIL,PASS,"[""DID_NOT_INFLECTED_PREDICATE"",""GRAMMAR_TEMPLATE_FAIL""]","[""CANONICAL_ROW_KNOWN_GENERATOR_DEFECT"",""DID_NOT_INFLECTED_PREDICATE"",""GRAMMAR_TEMPLATE_FAIL""]","[""CANONICAL_ROW_KNOWN_GENERATOR_DEFECT""]",no text difference,no text difference,no text difference,no text difference,multiple changes,negation-only difference,F2_CANONICAL_DEFECT_PROPAGATED_TO_DERIVATIVES,canonical grammar failure propagates to paraphrase canonical_status UNRESOLVED,VALID,VALID,VALID,MULTI_MEMBER_DEFECT,CANONICAL_REGENERATION_REQUIRED,,8cd5447d3c25522af2c7042d07d9fc04d756bad714c4d5e08293b365997b9c2d,9terry,P3W6F2_HYBRID_HUMAN_REVIEW_V2,2026-08-15T10:12:13Z,2026-08-15T10:12:13Z,NOT_APPLICABLE_STRUCTURAL_COHORT,STRUCTURAL_COHORT_CONFIRMATION,STRUCTURAL_COHORT_CONFIRMATION,P3W6F2_COHORT_CONFIRMATION_03ef1612b55e821318c668aee83beb5db77c0ee48699f0087819a1d9515cef4d
generated_fact_260,generated_fact_260__none,generated_fact_260__paraphrase,generated_fact_260__polarity_flip,REFUTE,REFUTE,SUPPORT,"Dr Bianca Flores, the research lead, opened the Meridian initiative 260 in Falcon Ridge during March.","Dr Bianca Flores, the research lead, opened the Meridian initiative 260 in Falcon Ridge during March.","Dr Bianca Flores, the research lead, opened the Meridian initiative 260 in Falcon Ridge during March.","Dr Bianca Flores, the research lead, did not opened the Meridian initiative 260 in Falcon Ridge during March.","During March in Falcon Ridge, Dr Bianca Flores acting as research lead did not opened the Meridian initiative 260.","Dr Bianca Flores, the research lead, opened the Meridian initiative 260 in Falcon Ridge during March.",FAIL,FAIL,PASS,"[""DID_NOT_INFLECTED_PREDICATE"",""GRAMMAR_TEMPLATE_FAIL""]","[""CANONICAL_ROW_KNOWN_GENERATOR_DEFECT"",""DID_NOT_INFLECTED_PREDICATE"",""GRAMMAR_TEMPLATE_FAIL""]","[""CANONICAL_ROW_KNOWN_GENERATOR_DEFECT""]",no text difference,no text difference,no text difference,no text difference,multiple changes,negation-only difference,F2_CANONICAL_DEFECT_PROPAGATED_TO_DERIVATIVES,canonical grammar failure propagates to paraphrase canonical_status UNRESOLVED,VALID,VALID,VALID,MULTI_MEMBER_DEFECT,CANONICAL_REGENERATION_REQUIRED,,4fc6cdca759f6ca817dca72c9c897cf1ca485b454dd4a9fd5744a953d247c213,9terry,P3W6F2_HYBRID_HUMAN_REVIEW_V2,2026-08-15T10:12:13Z,2026-08-15T10:12:13Z,NOT_APPLICABLE_STRUCTURAL_COHORT,STRUCTURAL_COHORT_CONFIRMATION,STRUCTURAL_COHORT_CONFIRMATION,P3W6F2_COHORT_CONFIRMATION_03ef1612b55e821318c668aee83beb5db77c0ee48699f0087819a1d9515cef4d
generated_fact_261,generated_fact_261__none,generated_fact_261__paraphrase,generated_fact_261__polarity_flip,REFUTE,REFUTE,SUPPORT,"Professor Chidi Eze, the regional coordinator, selected the Meridian initiative 261 in Granite Coast during May.","Professor Chidi Eze, the regional coordinator, selected the Meridian initiative 261 in Granite Coast during May.","Professor Chidi Eze, the regional coordinator, selected the Meridian initiative 261 in Granite Coast during May.","Professor Chidi Eze, the regional coordinator, did not selected the Meridian initiative 261 in Granite Coast during May.","During May in Granite Coast, Professor Chidi Eze acting as regional coordinator did not selected the Meridian initiative 261.","Professor Chidi Eze, the regional coordinator, selected the Meridian initiative 261 in Granite Coast during May.",FAIL,FAIL,PASS,"[""DID_NOT_INFLECTED_PREDICATE"",""GRAMMAR_TEMPLATE_FAIL""]","[""CANONICAL_ROW_KNOWN_GENERATOR_DEFECT"",""DID_NOT_INFLECTED_PREDICATE"",""GRAMMAR_TEMPLATE_FAIL""]","[""CANONICAL_ROW_KNOWN_GENERATOR_DEFECT""]",no text difference,no text difference,no text difference,no text difference,multiple changes,negation-only difference,F2_CANONICAL_DEFECT_PROPAGATED_TO_DERIVATIVES,canonical grammar failure propagates to paraphrase canonical_status UNRESOLVED,VALID,VALID,VALID,MULTI_MEMBER_DEFECT,CANONICAL_REGENERATION_REQUIRED,,529f1b4c8f98f0edb811dbdf4231f3349b9c6fc1851a4bfd9bc5161cbe1532ad,9terry,P3W6F2_HYBRID_HUMAN_REVIEW_V2,2026-08-15T10:12:13Z,2026-08-15T10:12:13Z,NOT_APPLICABLE_STRUCTURAL_COHORT,STRUCTURAL_COHORT_CONFIRMATION,STRUCTURAL_COHORT_CONFIRMATION,P3W6F2_COHORT_CONFIRMATION_03ef1612b55e821318c668aee83beb5db77c0ee48699f0087819a1d9515cef4d
generated_fact_263,generated_fact_263__none,generated_fact_263__paraphrase,generated_fact_263__polarity_flip,REFUTE,REFUTE,SUPPORT,"Engineer Ethan Brooks, the project curator, launched the Meridian initiative 263 in Aurora City during September.","Engineer Ethan Brooks, the project curator, launched the Meridian initiative 263 in Aurora City during September.","Engineer Ethan Brooks, the project curator, launched the Meridian initiative 263 in Aurora City during September.","Engineer Ethan Brooks, the project curator, did not launched the Meridian initiative 263 in Aurora City during September.","During September in Aurora City, Engineer Ethan Brooks acting as project curator did not launched the Meridian initiative 263.","Engineer Ethan Brooks, the project curator, launched the Meridian initiative 263 in Aurora City during September.",FAIL,FAIL,PASS,"[""DID_NOT_INFLECTED_PREDICATE"",""GRAMMAR_TEMPLATE_FAIL""]","[""CANONICAL_ROW_KNOWN_GENERATOR_DEFECT"",""DID_NOT_INFLECTED_PREDICATE"",""GRAMMAR_TEMPLATE_FAIL""]","[""CANONICAL_ROW_KNOWN_GENERATOR_DEFECT""]",no text difference,no text difference,no text difference,no text difference,multiple changes,negation-only difference,F2_CANONICAL_DEFECT_PROPAGATED_TO_DERIVATIVES,canonical grammar failure propagates to paraphrase canonical_status UNRESOLVED,VALID,VALID,VALID,MULTI_MEMBER_DEFECT,CANONICAL_REGENERATION_REQUIRED,,1fd8294e804ce0bc4fe8a2abbdbf1096043ffe25217b3832f8bba90982e71a56,9terry,P3W6F2_HYBRID_HUMAN_REVIEW_V2,2026-08-15T10:12:13Z,2026-08-15T10:12:13Z,NOT_APPLICABLE_STRUCTURAL_COHORT,STRUCTURAL_COHORT_CONFIRMATION,STRUCTURAL_COHORT_CONFIRMATION,P3W6F2_COHORT_CONFIRMATION_03ef1612b55e821318c668aee83beb5db77c0ee48699f0087819a1d9515cef4d
generated_fact_264,generated_fact_264__none,generated_fact_264__paraphrase,generated_fact_264__polarity_flip,REFUTE,REFUTE,SUPPORT,"Coordinator Farah Qureshi, the technical adviser, restored the Meridian initiative 264 in Beacon Harbor during November.","Coordinator Farah Qureshi, the technical adviser, restored the Meridian initiative 264 in Beacon Harbor during November.","Coordinator Farah Qureshi, the technical adviser, restored the Meridian initiative 264 in Beacon Harbor during November.","Coordinator Farah Qureshi, the technical adviser, did not restored the Meridian initiative 264 in Beacon Harbor during November.","During November in Beacon Harbor, Coordinator Farah Qureshi acting as technical adviser did not restored the Meridian initiative 264.","Coordinator Farah Qureshi, the technical adviser, restored the Meridian initiative 264 in Beacon Harbor during November.",FAIL,FAIL,PASS,"[""DID_NOT_INFLECTED_PREDICATE"",""GRAMMAR_TEMPLATE_FAIL""]","[""CANONICAL_ROW_KNOWN_GENERATOR_DEFECT"",""DID_NOT_INFLECTED_PREDICATE"",""GRAMMAR_TEMPLATE_FAIL""]","[""CANONICAL_ROW_KNOWN_GENERATOR_DEFECT""]",no text difference,no text difference,no text difference,no text difference,multiple changes,negation-only difference,F2_CANONICAL_DEFECT_PROPAGATED_TO_DERIVATIVES,canonical grammar failure propagates to paraphrase canonical_status UNRESOLVED,VALID,VALID,VALID,MULTI_MEMBER_DEFECT,CANONICAL_REGENERATION_REQUIRED,,be5d9161d4ffb14d7abf3298970ab45c8979e1a70ba382bf0c4a7b0414b2fa54,9terry,P3W6F2_HYBRID_HUMAN_REVIEW_V2,2026-08-15T10:12:13Z,2026-08-15T10:12:13Z,NOT_APPLICABLE_STRUCTURAL_COHORT,STRUCTURAL_COHORT_CONFIRMATION,STRUCTURAL_COHORT_CONFIRMATION,P3W6F2_COHORT_CONFIRMATION_03ef1612b55e821318c668aee83beb5db77c0ee48699f0087819a1d9515cef4d
generated_fact_266,generated_fact_266__none,generated_fact_266__paraphrase,generated_fact_266__polarity_flip,REFUTE,REFUTE,SUPPORT,"Dr Helena Wu, the research lead, delivered the Meridian initiative 266 in Delta Bay during March.","Dr Helena Wu, the research lead, delivered the Meridian initiative 266 in Delta Bay during March.","Dr Helena Wu, the research lead, delivered the Meridian initiative 266 in Delta Bay during March.","Dr Helena Wu, the research lead, did not delivered the Meridian initiative 266 in Delta Bay during March.","During March in Delta Bay, Dr Helena Wu acting as research lead did not delivered the Meridian initiative 266.","Dr Helena Wu, the research lead, delivered the Meridian initiative 266 in Delta Bay during March.",FAIL,FAIL,PASS,"[""DID_NOT_INFLECTED_PREDICATE"",""GRAMMAR_TEMPLATE_FAIL""]","[""CANONICAL_ROW_KNOWN_GENERATOR_DEFECT"",""DID_NOT_INFLECTED_PREDICATE"",""GRAMMAR_TEMPLATE_FAIL""]","[""CANONICAL_ROW_KNOWN_GENERATOR_DEFECT""]",no text difference,no text difference,no text difference,no text difference,multiple changes,negation-only difference,F2_CANONICAL_DEFECT_PROPAGATED_TO_DERIVATIVES,canonical grammar failure propagates to paraphrase canonical_status UNRESOLVED,VALID,VALID,VALID,MULTI_MEMBER_DEFECT,CANONICAL_REGENERATION_REQUIRED,,0be1519887c9a50c64f31fbd9f93cf1e01d879431d72aae33b7890453f33016d,9terry,P3W6F2_HYBRID_HUMAN_REVIEW_V2,2026-08-15T10:12:13Z,2026-08-15T10:12:13Z,NOT_APPLICABLE_STRUCTURAL_COHORT,STRUCTURAL_COHORT_CONFIRMATION,STRUCTURAL_COHORT_CONFIRMATION,P3W6F2_COHORT_CONFIRMATION_03ef1612b55e821318c668aee83beb5db77c0ee48699f0087819a1d9515cef4d
generated_fact_267,generated_fact_267__none,generated_fact_267__paraphrase,generated_fact_267__polarity_flip,REFUTE,REFUTE,SUPPORT,"Professor Ismail Kaya, the regional coordinator, opened the Meridian initiative 267 in Elm Valley during May.","Professor Ismail Kaya, the regional coordinator, opened the Meridian initiative 267 in Elm Valley during May.","Professor Ismail Kaya, the regional coordinator, opened the Meridian initiative 267 in Elm Valley during May.","Professor Ismail Kaya, the regional coordinator, did not opened the Meridian initiative 267 in Elm Valley during May.","During May in Elm Valley, Professor Ismail Kaya acting as regional coordinator did not opened the Meridian initiative 267.","Professor Ismail Kaya, the regional coordinator, opened the Meridian initiative 267 in Elm Valley during May.",FAIL,FAIL,PASS,"[""DID_NOT_INFLECTED_PREDICATE"",""GRAMMAR_TEMPLATE_FAIL""]","[""CANONICAL_ROW_KNOWN_GENERATOR_DEFECT"",""DID_NOT_INFLECTED_PREDICATE"",""GRAMMAR_TEMPLATE_FAIL""]","[""CANONICAL_ROW_KNOWN_GENERATOR_DEFECT""]",no text difference,no text difference,no text difference,no text difference,multiple changes,negation-only difference,F2_CANONICAL_DEFECT_PROPAGATED_TO_DERIVATIVES,canonical grammar failure propagates to paraphrase canonical_status UNRESOLVED,VALID,VALID,VALID,MULTI_MEMBER_DEFECT,CANONICAL_REGENERATION_REQUIRED,,87c91365277ac099903dacd7410385ef55f5ae13c89bab758a4020369f6c37b7,9terry,P3W6F2_HYBRID_HUMAN_REVIEW_V2,2026-08-15T10:12:13Z,2026-08-15T10:12:13Z,NOT_APPLICABLE_STRUCTURAL_COHORT,STRUCTURAL_COHORT_CONFIRMATION,STRUCTURAL_COHORT_CONFIRMATION,P3W6F2_COHORT_CONFIRMATION_03ef1612b55e821318c668aee83beb5db77c0ee48699f0087819a1d9515cef4d
generated_fact_268,generated_fact_268__none,generated_fact_268__paraphrase,generated_fact_268__polarity_flip,REFUTE,REFUTE,SUPPORT,"Minister Julia Novak, the operations chief, selected the Meridian initiative 268 in Falcon Ridge during July.","Minister Julia Novak, the operations chief, selected the Meridian initiative 268 in Falcon Ridge during July.","Minister Julia Novak, the operations chief, selected the Meridian initiative 268 in Falcon Ridge during July.","Minister Julia Novak, the operations chief, did not selected the Meridian initiative 268 in Falcon Ridge during July.","During July in Falcon Ridge, Minister Julia Novak acting as operations chief did not selected the Meridian initiative 268.","Minister Julia Novak, the operations chief, selected the Meridian initiative 268 in Falcon Ridge during July.",FAIL,FAIL,PASS,"[""DID_NOT_INFLECTED_PREDICATE"",""GRAMMAR_TEMPLATE_FAIL""]","[""CANONICAL_ROW_KNOWN_GENERATOR_DEFECT"",""DID_NOT_INFLECTED_PREDICATE"",""GRAMMAR_TEMPLATE_FAIL""]","[""CANONICAL_ROW_KNOWN_GENERATOR_DEFECT""]",no text difference,no text difference,no text difference,no text difference,multiple changes,negation-only difference,F2_CANONICAL_DEFECT_PROPAGATED_TO_DERIVATIVES,canonical grammar failure propagates to paraphrase canonical_status UNRESOLVED,VALID,VALID,VALID,MULTI_MEMBER_DEFECT,CANONICAL_REGENERATION_REQUIRED,,b3e67dc38b983d3d3b6d0d9bf528c7e357ceb22ea4726e4b24d4b7cef3b136a2,9terry,P3W6F2_HYBRID_HUMAN_REVIEW_V2,2026-08-15T10:12:13Z,2026-08-15T10:12:13Z,NOT_APPLICABLE_STRUCTURAL_COHORT,STRUCTURAL_COHORT_CONFIRMATION,STRUCTURAL_COHORT_CONFIRMATION,P3W6F2_COHORT_CONFIRMATION_03ef1612b55e821318c668aee83beb5db77c0ee48699f0087819a1d9515cef4d
generated_fact_269,generated_fact_269__none,generated_fact_269__paraphrase,generated_fact_269__polarity_flip,REFUTE,REFUTE,SUPPORT,"Engineer Kwame Adu, the project curator, approved the Meridian initiative 269 in Granite Coast during September.","Engineer Kwame Adu, the project curator, approved the Meridian initiative 269 in Granite Coast during September.","Engineer Kwame Adu, the project curator, approved the Meridian initiative 269 in Granite Coast during September.","Engineer Kwame Adu, the project curator, did not approved the Meridian initiative 269 in Granite Coast during September.","During September in Granite Coast, Engineer Kwame Adu acting as project curator did not approved the Meridian initiative 269.","Engineer Kwame Adu, the project curator, approved the Meridian initiative 269 in Granite Coast during September.",FAIL,FAIL,PASS,"[""DID_NOT_INFLECTED_PREDICATE"",""GRAMMAR_TEMPLATE_FAIL""]","[""CANONICAL_ROW_KNOWN_GENERATOR_DEFECT"",""DID_NOT_INFLECTED_PREDICATE"",""GRAMMAR_TEMPLATE_FAIL""]","[""CANONICAL_ROW_KNOWN_GENERATOR_DEFECT""]",no text difference,no text difference,no text difference,no text difference,multiple changes,negation-only difference,F2_CANONICAL_DEFECT_PROPAGATED_TO_DERIVATIVES,canonical grammar failure propagates to paraphrase canonical_status UNRESOLVED,VALID,VALID,VALID,MULTI_MEMBER_DEFECT,CANONICAL_REGENERATION_REQUIRED,,2663b58c2c39b631e430492497d4746f5c943b6cacc0ddc3b0e661499e7134b9,9terry,P3W6F2_HYBRID_HUMAN_REVIEW_V2,2026-08-15T10:12:13Z,2026-08-15T10:12:13Z,NOT_APPLICABLE_STRUCTURAL_COHORT,STRUCTURAL_COHORT_CONFIRMATION,STRUCTURAL_COHORT_CONFIRMATION,P3W6F2_COHORT_CONFIRMATION_03ef1612b55e821318c668aee83beb5db77c0ee48699f0087819a1d9515cef4d
generated_fact_270,generated_fact_270__none,generated_fact_270__paraphrase,generated_fact_270__polarity_flip,REFUTE,REFUTE,SUPPORT,"Coordinator Lucia Romano, the technical adviser, launched the Meridian initiative 270 in Horizon Plains during November.","Coordinator Lucia Romano, the technical adviser, launched the Meridian initiative 270 in Horizon Plains during November.","Coordinator Lucia Romano, the technical adviser, launched the Meridian initiative 270 in Horizon Plains during November.","Coordinator Lucia Romano, the technical adviser, did not launched the Meridian initiative 270 in Horizon Plains during November.","During November in Horizon Plains, Coordinator Lucia Romano acting as technical adviser did not launched the Meridian initiative 270.","Coordinator Lucia Romano, the technical adviser, launched the Meridian initiative 270 in Horizon Plains during November.",FAIL,FAIL,PASS,"[""DID_NOT_INFLECTED_PREDICATE"",""GRAMMAR_TEMPLATE_FAIL""]","[""CANONICAL_ROW_KNOWN_GENERATOR_DEFECT"",""DID_NOT_INFLECTED_PREDICATE"",""GRAMMAR_TEMPLATE_FAIL""]","[""CANONICAL_ROW_KNOWN_GENERATOR_DEFECT""]",no text difference,no text difference,no text difference,no text difference,multiple changes,negation-only difference,F2_CANONICAL_DEFECT_PROPAGATED_TO_DERIVATIVES,canonical grammar failure propagates to paraphrase canonical_status UNRESOLVED,VALID,VALID,VALID,MULTI_MEMBER_DEFECT,CANONICAL_REGENERATION_REQUIRED,,23cae9a9316a23c2a174c144b52536cc6557190943151c06dd11e937cea50af2,9terry,P3W6F2_HYBRID_HUMAN_REVIEW_V2,2026-08-15T10:12:13Z,2026-08-15T10:12:13Z,NOT_APPLICABLE_STRUCTURAL_COHORT,STRUCTURAL_COHORT_CONFIRMATION,STRUCTURAL_COHORT_CONFIRMATION,P3W6F2_COHORT_CONFIRMATION_03ef1612b55e821318c668aee83beb5db77c0ee48699f0087819a1d9515cef4d
generated_fact_272,generated_fact_272__none,generated_fact_272__paraphrase,generated_fact_272__polarity_flip,REFUTE,REFUTE,SUPPORT,"Dr Bianca Flores, the research lead, published the Meridian initiative 272 in Beacon Harbor during March.","Dr Bianca Flores, the research lead, published the Meridian initiative 272 in Beacon Harbor during March.","Dr Bianca Flores, the research lead, published the Meridian initiative 272 in Beacon Harbor during March.","Dr Bianca Flores, the research lead, did not published the Meridian initiative 272 in Beacon Harbor during March.","During March in Beacon Harbor, Dr Bianca Flores acting as research lead did not published the Meridian initiative 272.","Dr Bianca Flores, the research lead, published the Meridian initiative 272 in Beacon Harbor during March.",FAIL,FAIL,PASS,"[""DID_NOT_INFLECTED_PREDICATE"",""GRAMMAR_TEMPLATE_FAIL""]","[""CANONICAL_ROW_KNOWN_GENERATOR_DEFECT"",""DID_NOT_INFLECTED_PREDICATE"",""GRAMMAR_TEMPLATE_FAIL""]","[""CANONICAL_ROW_KNOWN_GENERATOR_DEFECT""]",no text difference,no text difference,no text difference,no text difference,multiple changes,negation-only difference,F2_CANONICAL_DEFECT_PROPAGATED_TO_DERIVATIVES,canonical grammar failure propagates to paraphrase canonical_status UNRESOLVED,VALID,VALID,VALID,MULTI_MEMBER_DEFECT,CANONICAL_REGENERATION_REQUIRED,,6b00ff5f6db661b9daafb2a96804d057709e38fb0b65b73e658e9b0cd86ab311,9terry,P3W6F2_HYBRID_HUMAN_REVIEW_V2,2026-08-15T10:12:13Z,2026-08-15T10:12:13Z,NOT_APPLICABLE_STRUCTURAL_COHORT,STRUCTURAL_COHORT_CONFIRMATION,STRUCTURAL_COHORT_CONFIRMATION,P3W6F2_COHORT_CONFIRMATION_03ef1612b55e821318c668aee83beb5db77c0ee48699f0087819a1d9515cef4d
generated_fact_275,generated_fact_275__none,generated_fact_275__paraphrase,generated_fact_275__polarity_flip,REFUTE,REFUTE,SUPPORT,"Engineer Ethan Brooks, the project curator, selected the Meridian initiative 275 in Elm Valley during September.","Engineer Ethan Brooks, the project curator, selected the Meridian initiative 275 in Elm Valley during September.","Engineer Ethan Brooks, the project curator, selected the Meridian initiative 275 in Elm Valley during September.","Engineer Ethan Brooks, the project curator, did not selected the Meridian initiative 275 in Elm Valley during September.","During September in Elm Valley, Engineer Ethan Brooks acting as project curator did not selected the Meridian initiative 275.","Engineer Ethan Brooks, the project curator, selected the Meridian initiative 275 in Elm Valley during September.",FAIL,FAIL,PASS,"[""DID_NOT_INFLECTED_PREDICATE"",""GRAMMAR_TEMPLATE_FAIL""]","[""CANONICAL_ROW_KNOWN_GENERATOR_DEFECT"",""DID_NOT_INFLECTED_PREDICATE"",""GRAMMAR_TEMPLATE_FAIL""]","[""CANONICAL_ROW_KNOWN_GENERATOR_DEFECT""]",no text difference,no text difference,no text difference,no text difference,multiple changes,negation-only difference,F2_CANONICAL_DEFECT_PROPAGATED_TO_DERIVATIVES,canonical grammar failure propagates to paraphrase canonical_status UNRESOLVED,VALID,VALID,VALID,MULTI_MEMBER_DEFECT,CANONICAL_REGENERATION_REQUIRED,,d7e9bdc3be9b221a4b38877653bdbeb0c0da1d0c95e3a3604a577c15196e9f8c,9terry,P3W6F2_HYBRID_HUMAN_REVIEW_V2,2026-08-15T10:12:13Z,2026-08-15T10:12:13Z,NOT_APPLICABLE_STRUCTURAL_COHORT,STRUCTURAL_COHORT_CONFIRMATION,STRUCTURAL_COHORT_CONFIRMATION,P3W6F2_COHORT_CONFIRMATION_03ef1612b55e821318c668aee83beb5db77c0ee48699f0087819a1d9515cef4d
generated_fact_276,generated_fact_276__none,generated_fact_276__paraphrase,generated_fact_276__polarity_flip,REFUTE,REFUTE,SUPPORT,"Coordinator Farah Qureshi, the technical adviser, approved the Meridian initiative 276 in Falcon Ridge during November.","Coordinator Farah Qureshi, the technical adviser, approved the Meridian initiative 276 in Falcon Ridge during November.","Coordinator Farah Qureshi, the technical adviser, approved the Meridian initiative 276 in Falcon Ridge during November.","Coordinator Farah Qureshi, the technical adviser, did not approved the Meridian initiative 276 in Falcon Ridge during November.","During November in Falcon Ridge, Coordinator Farah Qureshi acting as technical adviser did not approved the Meridian initiative 276.","Coordinator Farah Qureshi, the technical adviser, approved the Meridian initiative 276 in Falcon Ridge during November.",FAIL,FAIL,PASS,"[""DID_NOT_INFLECTED_PREDICATE"",""GRAMMAR_TEMPLATE_FAIL""]","[""CANONICAL_ROW_KNOWN_GENERATOR_DEFECT"",""DID_NOT_INFLECTED_PREDICATE"",""GRAMMAR_TEMPLATE_FAIL""]","[""CANONICAL_ROW_KNOWN_GENERATOR_DEFECT""]",no text difference,no text difference,no text difference,no text difference,multiple changes,negation-only difference,F2_CANONICAL_DEFECT_PROPAGATED_TO_DERIVATIVES,canonical grammar failure propagates to paraphrase canonical_status UNRESOLVED,VALID,VALID,VALID,MULTI_MEMBER_DEFECT,CANONICAL_REGENERATION_REQUIRED,,c7d6d412cc4f6dd0a237b5985376ac9a94beffa8e394ffd25385df71c26be32a,9terry,P3W6F2_HYBRID_HUMAN_REVIEW_V2,2026-08-15T10:12:13Z,2026-08-15T10:12:13Z,NOT_APPLICABLE_STRUCTURAL_COHORT,STRUCTURAL_COHORT_CONFIRMATION,STRUCTURAL_COHORT_CONFIRMATION,P3W6F2_COHORT_CONFIRMATION_03ef1612b55e821318c668aee83beb5db77c0ee48699f0087819a1d9515cef4d
generated_fact_277,generated_fact_277__none,generated_fact_277__paraphrase,generated_fact_277__polarity_flip,REFUTE,REFUTE,SUPPORT,"Director Gabriel Costa, the program director, launched the Meridian initiative 277 in Granite Coast during January.","Director Gabriel Costa, the program director, launched the Meridian initiative 277 in Granite Coast during January.","Director Gabriel Costa, the program director, launched the Meridian initiative 277 in Granite Coast during January.","Director Gabriel Costa, the program director, did not launched the Meridian initiative 277 in Granite Coast during January.","During January in Granite Coast, Director Gabriel Costa acting as program director did not launched the Meridian initiative 277.","Director Gabriel Costa, the program director, launched the Meridian initiative 277 in Granite Coast during January.",FAIL,FAIL,PASS,"[""DID_NOT_INFLECTED_PREDICATE"",""GRAMMAR_TEMPLATE_FAIL""]","[""CANONICAL_ROW_KNOWN_GENERATOR_DEFECT"",""DID_NOT_INFLECTED_PREDICATE"",""GRAMMAR_TEMPLATE_FAIL""]","[""CANONICAL_ROW_KNOWN_GENERATOR_DEFECT""]",no text difference,no text difference,no text difference,no text difference,multiple changes,negation-only difference,F2_CANONICAL_DEFECT_PROPAGATED_TO_DERIVATIVES,canonical grammar failure propagates to paraphrase canonical_status UNRESOLVED,VALID,VALID,VALID,MULTI_MEMBER_DEFECT,CANONICAL_REGENERATION_REQUIRED,,982cf19194e30de081a4a0d812b540062670a55aac78d15ef38406a5a475e92d,9terry,P3W6F2_HYBRID_HUMAN_REVIEW_V2,2026-08-15T10:12:13Z,2026-08-15T10:12:13Z,NOT_APPLICABLE_STRUCTURAL_COHORT,STRUCTURAL_COHORT_CONFIRMATION,STRUCTURAL_COHORT_CONFIRMATION,P3W6F2_COHORT_CONFIRMATION_03ef1612b55e821318c668aee83beb5db77c0ee48699f0087819a1d9515cef4d
generated_fact_278,generated_fact_278__none,generated_fact_278__paraphrase,generated_fact_278__polarity_flip,REFUTE,REFUTE,SUPPORT,"Dr Helena Wu, the research lead, restored the Meridian initiative 278 in Horizon Plains during March.","Dr Helena Wu, the research lead, restored the Meridian initiative 278 in Horizon Plains during March.","Dr Helena Wu, the research lead, restored the Meridian initiative 278 in Horizon Plains during March.","Dr Helena Wu, the research lead, did not restored the Meridian initiative 278 in Horizon Plains during March.","During March in Horizon Plains, Dr Helena Wu acting as research lead did not restored the Meridian initiative 278.","Dr Helena Wu, the research lead, restored the Meridian initiative 278 in Horizon Plains during March.",FAIL,FAIL,PASS,"[""DID_NOT_INFLECTED_PREDICATE"",""GRAMMAR_TEMPLATE_FAIL""]","[""CANONICAL_ROW_KNOWN_GENERATOR_DEFECT"",""DID_NOT_INFLECTED_PREDICATE"",""GRAMMAR_TEMPLATE_FAIL""]","[""CANONICAL_ROW_KNOWN_GENERATOR_DEFECT""]",no text difference,no text difference,no text difference,no text difference,multiple changes,negation-only difference,F2_CANONICAL_DEFECT_PROPAGATED_TO_DERIVATIVES,canonical grammar failure propagates to paraphrase canonical_status UNRESOLVED,VALID,VALID,VALID,MULTI_MEMBER_DEFECT,CANONICAL_REGENERATION_REQUIRED,,8de954896c4b305708e0d2fb9575a4507e19935bf1f5ba1c8883984718967bce,9terry,P3W6F2_HYBRID_HUMAN_REVIEW_V2,2026-08-15T10:12:13Z,2026-08-15T10:12:13Z,NOT_APPLICABLE_STRUCTURAL_COHORT,STRUCTURAL_COHORT_CONFIRMATION,STRUCTURAL_COHORT_CONFIRMATION,P3W6F2_COHORT_CONFIRMATION_03ef1612b55e821318c668aee83beb5db77c0ee48699f0087819a1d9515cef4d
generated_fact_279,generated_fact_279__none,generated_fact_279__paraphrase,generated_fact_279__polarity_flip,REFUTE,REFUTE,SUPPORT,"Professor Ismail Kaya, the regional coordinator, published the Meridian initiative 279 in Aurora City during May.","Professor Ismail Kaya, the regional coordinator, published the Meridian initiative 279 in Aurora City during May.","Professor Ismail Kaya, the regional coordinator, published the Meridian initiative 279 in Aurora City during May.","Professor Ismail Kaya, the regional coordinator, did not published the Meridian initiative 279 in Aurora City during May.","During May in Aurora City, Professor Ismail Kaya acting as regional coordinator did not published the Meridian initiative 279.","Professor Ismail Kaya, the regional coordinator, published the Meridian initiative 279 in Aurora City during May.",FAIL,FAIL,PASS,"[""DID_NOT_INFLECTED_PREDICATE"",""GRAMMAR_TEMPLATE_FAIL""]","[""CANONICAL_ROW_KNOWN_GENERATOR_DEFECT"",""DID_NOT_INFLECTED_PREDICATE"",""GRAMMAR_TEMPLATE_FAIL""]","[""CANONICAL_ROW_KNOWN_GENERATOR_DEFECT""]",no text difference,no text difference,no text difference,no text difference,multiple changes,negation-only difference,F2_CANONICAL_DEFECT_PROPAGATED_TO_DERIVATIVES,canonical grammar failure propagates to paraphrase canonical_status UNRESOLVED,VALID,VALID,VALID,MULTI_MEMBER_DEFECT,CANONICAL_REGENERATION_REQUIRED,,0a3970f878fe8f4cdd051e0f6f881e69f56f043cf66c3155f362cee05e8196d0,9terry,P3W6F2_HYBRID_HUMAN_REVIEW_V2,2026-08-15T10:12:13Z,2026-08-15T10:12:13Z,NOT_APPLICABLE_STRUCTURAL_COHORT,STRUCTURAL_COHORT_CONFIRMATION,STRUCTURAL_COHORT_CONFIRMATION,P3W6F2_COHORT_CONFIRMATION_03ef1612b55e821318c668aee83beb5db77c0ee48699f0087819a1d9515cef4d
generated_fact_280,generated_fact_280__none,generated_fact_280__paraphrase,generated_fact_280__polarity_flip,REFUTE,REFUTE,SUPPORT,"Minister Julia Novak, the operations chief, delivered the Meridian initiative 280 in Beacon Harbor during July.","Minister Julia Novak, the operations chief, delivered the Meridian initiative 280 in Beacon Harbor during July.","Minister Julia Novak, the operations chief, delivered the Meridian initiative 280 in Beacon Harbor during July.","Minister Julia Novak, the operations chief, did not delivered the Meridian initiative 280 in Beacon Harbor during July.","During July in Beacon Harbor, Minister Julia Novak acting as operations chief did not delivered the Meridian initiative 280.","Minister Julia Novak, the operations chief, delivered the Meridian initiative 280 in Beacon Harbor during July.",FAIL,FAIL,PASS,"[""DID_NOT_INFLECTED_PREDICATE"",""GRAMMAR_TEMPLATE_FAIL""]","[""CANONICAL_ROW_KNOWN_GENERATOR_DEFECT"",""DID_NOT_INFLECTED_PREDICATE"",""GRAMMAR_TEMPLATE_FAIL""]","[""CANONICAL_ROW_KNOWN_GENERATOR_DEFECT""]",no text difference,no text difference,no text difference,no text difference,multiple changes,negation-only difference,F2_CANONICAL_DEFECT_PROPAGATED_TO_DERIVATIVES,canonical grammar failure propagates to paraphrase canonical_status UNRESOLVED,VALID,VALID,VALID,MULTI_MEMBER_DEFECT,CANONICAL_REGENERATION_REQUIRED,,a834e73e418b4b0830022d21464d01a85538c03f9bb376f70907e0a4e185f49a,9terry,P3W6F2_HYBRID_HUMAN_REVIEW_V2,2026-08-15T10:12:13Z,2026-08-15T10:12:13Z,NOT_APPLICABLE_STRUCTURAL_COHORT,STRUCTURAL_COHORT_CONFIRMATION,STRUCTURAL_COHORT_CONFIRMATION,P3W6F2_COHORT_CONFIRMATION_03ef1612b55e821318c668aee83beb5db77c0ee48699f0087819a1d9515cef4d
generated_fact_281,generated_fact_281__none,generated_fact_281__paraphrase,generated_fact_281__polarity_flip,REFUTE,REFUTE,SUPPORT,"Engineer Kwame Adu, the project curator, opened the Meridian initiative 281 in Cedar Point during September.","Engineer Kwame Adu, the project curator, opened the Meridian initiative 281 in Cedar Point during September.","Engineer Kwame Adu, the project curator, opened the Meridian initiative 281 in Cedar Point during September.","Engineer Kwame Adu, the project curator, did not opened the Meridian initiative 281 in Cedar Point during September.","During September in Cedar Point, Engineer Kwame Adu acting as project curator did not opened the Meridian initiative 281.","Engineer Kwame Adu, the project curator, opened the Meridian initiative 281 in Cedar Point during September.",FAIL,FAIL,PASS,"[""DID_NOT_INFLECTED_PREDICATE"",""GRAMMAR_TEMPLATE_FAIL""]","[""CANONICAL_ROW_KNOWN_GENERATOR_DEFECT"",""DID_NOT_INFLECTED_PREDICATE"",""GRAMMAR_TEMPLATE_FAIL""]","[""CANONICAL_ROW_KNOWN_GENERATOR_DEFECT""]",no text difference,no text difference,no text difference,no text difference,multiple changes,negation-only difference,F2_CANONICAL_DEFECT_PROPAGATED_TO_DERIVATIVES,canonical grammar failure propagates to paraphrase canonical_status UNRESOLVED,VALID,VALID,VALID,MULTI_MEMBER_DEFECT,CANONICAL_REGENERATION_REQUIRED,,704d72f392a54f794bc1a06307578a76013d62cf3b541e8fef1bd1256c796fb5,9terry,P3W6F2_HYBRID_HUMAN_REVIEW_V2,2026-08-15T10:12:13Z,2026-08-15T10:12:13Z,NOT_APPLICABLE_STRUCTURAL_COHORT,STRUCTURAL_COHORT_CONFIRMATION,STRUCTURAL_COHORT_CONFIRMATION,P3W6F2_COHORT_CONFIRMATION_03ef1612b55e821318c668aee83beb5db77c0ee48699f0087819a1d9515cef4d
generated_fact_282,generated_fact_282__none,generated_fact_282__paraphrase,generated_fact_282__polarity_flip,REFUTE,REFUTE,SUPPORT,"Coordinator Lucia Romano, the technical adviser, selected the Meridian initiative 282 in Delta Bay during November.","Coordinator Lucia Romano, the technical adviser, selected the Meridian initiative 282 in Delta Bay during November.","Coordinator Lucia Romano, the technical adviser, selected the Meridian initiative 282 in Delta Bay during November.","Coordinator Lucia Romano, the technical adviser, did not selected the Meridian initiative 282 in Delta Bay during November.","During November in Delta Bay, Coordinator Lucia Romano acting as technical adviser did not selected the Meridian initiative 282.","Coordinator Lucia Romano, the technical adviser, selected the Meridian initiative 282 in Delta Bay during November.",FAIL,FAIL,PASS,"[""DID_NOT_INFLECTED_PREDICATE"",""GRAMMAR_TEMPLATE_FAIL""]","[""CANONICAL_ROW_KNOWN_GENERATOR_DEFECT"",""DID_NOT_INFLECTED_PREDICATE"",""GRAMMAR_TEMPLATE_FAIL""]","[""CANONICAL_ROW_KNOWN_GENERATOR_DEFECT""]",no text difference,no text difference,no text difference,no text difference,multiple changes,negation-only difference,F2_CANONICAL_DEFECT_PROPAGATED_TO_DERIVATIVES,canonical grammar failure propagates to paraphrase canonical_status UNRESOLVED,VALID,VALID,VALID,MULTI_MEMBER_DEFECT,CANONICAL_REGENERATION_REQUIRED,,19bbb0af1d71c5153f46f41654736eb408ff531f57443456b4c2905a181a4ba0,9terry,P3W6F2_HYBRID_HUMAN_REVIEW_V2,2026-08-15T10:12:13Z,2026-08-15T10:12:13Z,NOT_APPLICABLE_STRUCTURAL_COHORT,STRUCTURAL_COHORT_CONFIRMATION,STRUCTURAL_COHORT_CONFIRMATION,P3W6F2_COHORT_CONFIRMATION_03ef1612b55e821318c668aee83beb5db77c0ee48699f0087819a1d9515cef4d
generated_fact_283,generated_fact_283__none,generated_fact_283__paraphrase,generated_fact_283__polarity_flip,REFUTE,REFUTE,SUPPORT,"Director Avery Stone, the program director, approved the Meridian initiative 283 in Elm Valley during January.","Director Avery Stone, the program director, approved the Meridian initiative 283 in Elm Valley during January.","Director Avery Stone, the program director, approved the Meridian initiative 283 in Elm Valley during January.","Director Avery Stone, the program director, did not approved the Meridian initiative 283 in Elm Valley during January.","During January in Elm Valley, Director Avery Stone acting as program director did not approved the Meridian initiative 283.","Director Avery Stone, the program director, approved the Meridian initiative 283 in Elm Valley during January.",FAIL,FAIL,PASS,"[""DID_NOT_INFLECTED_PREDICATE"",""GRAMMAR_TEMPLATE_FAIL""]","[""CANONICAL_ROW_KNOWN_GENERATOR_DEFECT"",""DID_NOT_INFLECTED_PREDICATE"",""GRAMMAR_TEMPLATE_FAIL""]","[""CANONICAL_ROW_KNOWN_GENERATOR_DEFECT""]",no text difference,no text difference,no text difference,no text difference,multiple changes,negation-only difference,F2_CANONICAL_DEFECT_PROPAGATED_TO_DERIVATIVES,canonical grammar failure propagates to paraphrase canonical_status UNRESOLVED,VALID,VALID,VALID,MULTI_MEMBER_DEFECT,CANONICAL_REGENERATION_REQUIRED,,fb16cc9f63743c50224f3eb13f5367677954165d512d9d9b4df17171c4852f1f,9terry,P3W6F2_HYBRID_HUMAN_REVIEW_V2,2026-08-15T10:12:13Z,2026-08-15T10:12:13Z,NOT_APPLICABLE_STRUCTURAL_COHORT,STRUCTURAL_COHORT_CONFIRMATION,STRUCTURAL_COHORT_CONFIRMATION,P3W6F2_COHORT_CONFIRMATION_03ef1612b55e821318c668aee83beb5db77c0ee48699f0087819a1d9515cef4d
generated_fact_284,generated_fact_284__none,generated_fact_284__paraphrase,generated_fact_284__polarity_flip,REFUTE,REFUTE,SUPPORT,"Dr Bianca Flores, the research lead, launched the Meridian initiative 284 in Falcon Ridge during March.","Dr Bianca Flores, the research lead, launched the Meridian initiative 284 in Falcon Ridge during March.","Dr Bianca Flores, the research lead, launched the Meridian initiative 284 in Falcon Ridge during March.","Dr Bianca Flores, the research lead, did not launched the Meridian initiative 284 in Falcon Ridge during March.","During March in Falcon Ridge, Dr Bianca Flores acting as research lead did not launched the Meridian initiative 284.","Dr Bianca Flores, the research lead, launched the Meridian initiative 284 in Falcon Ridge during March.",FAIL,FAIL,PASS,"[""DID_NOT_INFLECTED_PREDICATE"",""GRAMMAR_TEMPLATE_FAIL""]","[""CANONICAL_ROW_KNOWN_GENERATOR_DEFECT"",""DID_NOT_INFLECTED_PREDICATE"",""GRAMMAR_TEMPLATE_FAIL""]","[""CANONICAL_ROW_KNOWN_GENERATOR_DEFECT""]",no text difference,no text difference,no text difference,no text difference,multiple changes,negation-only difference,F2_CANONICAL_DEFECT_PROPAGATED_TO_DERIVATIVES,canonical grammar failure propagates to paraphrase canonical_status UNRESOLVED,VALID,VALID,VALID,MULTI_MEMBER_DEFECT,CANONICAL_REGENERATION_REQUIRED,,5886b57b52176a105b5feaaa4f1217f2b9b1d92cb3669e12946a089d623b33f7,9terry,P3W6F2_HYBRID_HUMAN_REVIEW_V2,2026-08-15T10:12:13Z,2026-08-15T10:12:13Z,NOT_APPLICABLE_STRUCTURAL_COHORT,STRUCTURAL_COHORT_CONFIRMATION,STRUCTURAL_COHORT_CONFIRMATION,P3W6F2_COHORT_CONFIRMATION_03ef1612b55e821318c668aee83beb5db77c0ee48699f0087819a1d9515cef4d
generated_fact_286,generated_fact_286__none,generated_fact_286__paraphrase,generated_fact_286__polarity_flip,REFUTE,REFUTE,SUPPORT,"Minister Daria Volkova, the operations chief, published the Meridian initiative 286 in Horizon Plains during July.","Minister Daria Volkova, the operations chief, published the Meridian initiative 286 in Horizon Plains during July.","Minister Daria Volkova, the operations chief, published the Meridian initiative 286 in Horizon Plains during July.","Minister Daria Volkova, the operations chief, did not published the Meridian initiative 286 in Horizon Plains during July.","During July in Horizon Plains, Minister Daria Volkova acting as operations chief did not published the Meridian initiative 286.","Minister Daria Volkova, the operations chief, published the Meridian initiative 286 in Horizon Plains during July.",FAIL,FAIL,PASS,"[""DID_NOT_INFLECTED_PREDICATE"",""GRAMMAR_TEMPLATE_FAIL""]","[""CANONICAL_ROW_KNOWN_GENERATOR_DEFECT"",""DID_NOT_INFLECTED_PREDICATE"",""GRAMMAR_TEMPLATE_FAIL""]","[""CANONICAL_ROW_KNOWN_GENERATOR_DEFECT""]",no text difference,no text difference,no text difference,no text difference,multiple changes,negation-only difference,F2_CANONICAL_DEFECT_PROPAGATED_TO_DERIVATIVES,canonical grammar failure propagates to paraphrase canonical_status UNRESOLVED,VALID,VALID,VALID,MULTI_MEMBER_DEFECT,CANONICAL_REGENERATION_REQUIRED,,4a4f85a2a885e328d3f61c364efec3721e2f63168b27bd666fa8d6f2e0f39b58,9terry,P3W6F2_HYBRID_HUMAN_REVIEW_V2,2026-08-15T10:12:13Z,2026-08-15T10:12:13Z,NOT_APPLICABLE_STRUCTURAL_COHORT,STRUCTURAL_COHORT_CONFIRMATION,STRUCTURAL_COHORT_CONFIRMATION,P3W6F2_COHORT_CONFIRMATION_03ef1612b55e821318c668aee83beb5db77c0ee48699f0087819a1d9515cef4d
generated_fact_288,generated_fact_288__none,generated_fact_288__paraphrase,generated_fact_288__polarity_flip,REFUTE,REFUTE,SUPPORT,"Coordinator Farah Qureshi, the technical adviser, opened the Meridian initiative 288 in Beacon Harbor during November.","Coordinator Farah Qureshi, the technical adviser, opened the Meridian initiative 288 in Beacon Harbor during November.","Coordinator Farah Qureshi, the technical adviser, opened the Meridian initiative 288 in Beacon Harbor during November.","Coordinator Farah Qureshi, the technical adviser, did not opened the Meridian initiative 288 in Beacon Harbor during November.","During November in Beacon Harbor, Coordinator Farah Qureshi acting as technical adviser did not opened the Meridian initiative 288.","Coordinator Farah Qureshi, the technical adviser, opened the Meridian initiative 288 in Beacon Harbor during November.",FAIL,FAIL,PASS,"[""DID_NOT_INFLECTED_PREDICATE"",""GRAMMAR_TEMPLATE_FAIL""]","[""CANONICAL_ROW_KNOWN_GENERATOR_DEFECT"",""DID_NOT_INFLECTED_PREDICATE"",""GRAMMAR_TEMPLATE_FAIL""]","[""CANONICAL_ROW_KNOWN_GENERATOR_DEFECT""]",no text difference,no text difference,no text difference,no text difference,multiple changes,negation-only difference,F2_CANONICAL_DEFECT_PROPAGATED_TO_DERIVATIVES,canonical grammar failure propagates to paraphrase canonical_status UNRESOLVED,VALID,VALID,VALID,MULTI_MEMBER_DEFECT,CANONICAL_REGENERATION_REQUIRED,,f58653ec2a8609de21636a8ef1122a3f3fc4bf85a31675ea682ac30491b608af,9terry,P3W6F2_HYBRID_HUMAN_REVIEW_V2,2026-08-15T10:12:13Z,2026-08-15T10:12:13Z,NOT_APPLICABLE_STRUCTURAL_COHORT,STRUCTURAL_COHORT_CONFIRMATION,STRUCTURAL_COHORT_CONFIRMATION,P3W6F2_COHORT_CONFIRMATION_03ef1612b55e821318c668aee83beb5db77c0ee48699f0087819a1d9515cef4d
generated_fact_289,generated_fact_289__none,generated_fact_289__paraphrase,generated_fact_289__polarity_flip,REFUTE,REFUTE,SUPPORT,"Director Gabriel Costa, the program director, selected the Meridian initiative 289 in Cedar Point during January.","Director Gabriel Costa, the program director, selected the Meridian initiative 289 in Cedar Point during January.","Director Gabriel Costa, the program director, selected the Meridian initiative 289 in Cedar Point during January.","Director Gabriel Costa, the program director, did not selected the Meridian initiative 289 in Cedar Point during January.","During January in Cedar Point, Director Gabriel Costa acting as program director did not selected the Meridian initiative 289.","Director Gabriel Costa, the program director, selected the Meridian initiative 289 in Cedar Point during January.",FAIL,FAIL,PASS,"[""DID_NOT_INFLECTED_PREDICATE"",""GRAMMAR_TEMPLATE_FAIL""]","[""CANONICAL_ROW_KNOWN_GENERATOR_DEFECT"",""DID_NOT_INFLECTED_PREDICATE"",""GRAMMAR_TEMPLATE_FAIL""]","[""CANONICAL_ROW_KNOWN_GENERATOR_DEFECT""]",no text difference,no text difference,no text difference,no text difference,multiple changes,negation-only difference,F2_CANONICAL_DEFECT_PROPAGATED_TO_DERIVATIVES,canonical grammar failure propagates to paraphrase canonical_status UNRESOLVED,VALID,VALID,VALID,MULTI_MEMBER_DEFECT,CANONICAL_REGENERATION_REQUIRED,,2bd2f61163baec8893c6bbe6849ab8f8196d6779248cf9f20c2fabc3b898b545,9terry,P3W6F2_HYBRID_HUMAN_REVIEW_V2,2026-08-15T10:12:13Z,2026-08-15T10:12:13Z,NOT_APPLICABLE_STRUCTURAL_COHORT,STRUCTURAL_COHORT_CONFIRMATION,STRUCTURAL_COHORT_CONFIRMATION,P3W6F2_COHORT_CONFIRMATION_03ef1612b55e821318c668aee83beb5db77c0ee48699f0087819a1d9515cef4d
generated_fact_290,generated_fact_290__none,generated_fact_290__paraphrase,generated_fact_290__polarity_flip,REFUTE,REFUTE,SUPPORT,"Dr Helena Wu, the research lead, approved the Meridian initiative 290 in Delta Bay during March.","Dr Helena Wu, the research lead, approved the Meridian initiative 290 in Delta Bay during March.","Dr Helena Wu, the research lead, approved the Meridian initiative 290 in Delta Bay during March.","Dr Helena Wu, the research lead, did not approved the Meridian initiative 290 in Delta Bay during March.","During March in Delta Bay, Dr Helena Wu acting as research lead did not approved the Meridian initiative 290.","Dr Helena Wu, the research lead, approved the Meridian initiative 290 in Delta Bay during March.",FAIL,FAIL,PASS,"[""DID_NOT_INFLECTED_PREDICATE"",""GRAMMAR_TEMPLATE_FAIL""]","[""CANONICAL_ROW_KNOWN_GENERATOR_DEFECT"",""DID_NOT_INFLECTED_PREDICATE"",""GRAMMAR_TEMPLATE_FAIL""]","[""CANONICAL_ROW_KNOWN_GENERATOR_DEFECT""]",no text difference,no text difference,no text difference,no text difference,multiple changes,negation-only difference,F2_CANONICAL_DEFECT_PROPAGATED_TO_DERIVATIVES,canonical grammar failure propagates to paraphrase canonical_status UNRESOLVED,VALID,VALID,VALID,MULTI_MEMBER_DEFECT,CANONICAL_REGENERATION_REQUIRED,,9ca51c840c5be8045cb0b043e2e248defb37e2ad4087454472ce4d7a892883fd,9terry,P3W6F2_HYBRID_HUMAN_REVIEW_V2,2026-08-15T10:12:13Z,2026-08-15T10:12:13Z,NOT_APPLICABLE_STRUCTURAL_COHORT,STRUCTURAL_COHORT_CONFIRMATION,STRUCTURAL_COHORT_CONFIRMATION,P3W6F2_COHORT_CONFIRMATION_03ef1612b55e821318c668aee83beb5db77c0ee48699f0087819a1d9515cef4d
generated_fact_291,generated_fact_291__none,generated_fact_291__paraphrase,generated_fact_291__polarity_flip,REFUTE,REFUTE,SUPPORT,"Professor Ismail Kaya, the regional coordinator, launched the Meridian initiative 291 in Elm Valley during May.","Professor Ismail Kaya, the regional coordinator, launched the Meridian initiative 291 in Elm Valley during May.","Professor Ismail Kaya, the regional coordinator, launched the Meridian initiative 291 in Elm Valley during May.","Professor Ismail Kaya, the regional coordinator, did not launched the Meridian initiative 291 in Elm Valley during May.","During May in Elm Valley, Professor Ismail Kaya acting as regional coordinator did not launched the Meridian initiative 291.","Professor Ismail Kaya, the regional coordinator, launched the Meridian initiative 291 in Elm Valley during May.",FAIL,FAIL,PASS,"[""DID_NOT_INFLECTED_PREDICATE"",""GRAMMAR_TEMPLATE_FAIL""]","[""CANONICAL_ROW_KNOWN_GENERATOR_DEFECT"",""DID_NOT_INFLECTED_PREDICATE"",""GRAMMAR_TEMPLATE_FAIL""]","[""CANONICAL_ROW_KNOWN_GENERATOR_DEFECT""]",no text difference,no text difference,no text difference,no text difference,multiple changes,negation-only difference,F2_CANONICAL_DEFECT_PROPAGATED_TO_DERIVATIVES,canonical grammar failure propagates to paraphrase canonical_status UNRESOLVED,VALID,VALID,VALID,MULTI_MEMBER_DEFECT,CANONICAL_REGENERATION_REQUIRED,,85c1ac78b9bc0131d450005aebf62bc2585835665bc48dfaeef09febde9c2eb8,9terry,P3W6F2_HYBRID_HUMAN_REVIEW_V2,2026-08-15T10:12:13Z,2026-08-15T10:12:13Z,NOT_APPLICABLE_STRUCTURAL_COHORT,STRUCTURAL_COHORT_CONFIRMATION,STRUCTURAL_COHORT_CONFIRMATION,P3W6F2_COHORT_CONFIRMATION_03ef1612b55e821318c668aee83beb5db77c0ee48699f0087819a1d9515cef4d
generated_fact_292,generated_fact_292__none,generated_fact_292__paraphrase,generated_fact_292__polarity_flip,REFUTE,REFUTE,SUPPORT,"Minister Julia Novak, the operations chief, restored the Meridian initiative 292 in Falcon Ridge during July.","Minister Julia Novak, the operations chief, restored the Meridian initiative 292 in Falcon Ridge during July.","Minister Julia Novak, the operations chief, restored the Meridian initiative 292 in Falcon Ridge during July.","Minister Julia Novak, the operations chief, did not restored the Meridian initiative 292 in Falcon Ridge during July.","During July in Falcon Ridge, Minister Julia Novak acting as operations chief did not restored the Meridian initiative 292.","Minister Julia Novak, the operations chief, restored the Meridian initiative 292 in Falcon Ridge during July.",FAIL,FAIL,PASS,"[""DID_NOT_INFLECTED_PREDICATE"",""GRAMMAR_TEMPLATE_FAIL""]","[""CANONICAL_ROW_KNOWN_GENERATOR_DEFECT"",""DID_NOT_INFLECTED_PREDICATE"",""GRAMMAR_TEMPLATE_FAIL""]","[""CANONICAL_ROW_KNOWN_GENERATOR_DEFECT""]",no text difference,no text difference,no text difference,no text difference,multiple changes,negation-only difference,F2_CANONICAL_DEFECT_PROPAGATED_TO_DERIVATIVES,canonical grammar failure propagates to paraphrase canonical_status UNRESOLVED,VALID,VALID,VALID,MULTI_MEMBER_DEFECT,CANONICAL_REGENERATION_REQUIRED,,447436e41c0f4d6cda0177fa2d5adf0945fe8b0144809bee0c83bc633887c915,9terry,P3W6F2_HYBRID_HUMAN_REVIEW_V2,2026-08-15T10:12:13Z,2026-08-15T10:12:13Z,NOT_APPLICABLE_STRUCTURAL_COHORT,STRUCTURAL_COHORT_CONFIRMATION,STRUCTURAL_COHORT_CONFIRMATION,P3W6F2_COHORT_CONFIRMATION_03ef1612b55e821318c668aee83beb5db77c0ee48699f0087819a1d9515cef4d
generated_fact_293,generated_fact_293__none,generated_fact_293__paraphrase,generated_fact_293__polarity_flip,REFUTE,REFUTE,SUPPORT,"Engineer Kwame Adu, the project curator, published the Meridian initiative 293 in Granite Coast during September.","Engineer Kwame Adu, the project curator, published the Meridian initiative 293 in Granite Coast during September.","Engineer Kwame Adu, the project curator, published the Meridian initiative 293 in Granite Coast during September.","Engineer Kwame Adu, the project curator, did not published the Meridian initiative 293 in Granite Coast during September.","During September in Granite Coast, Engineer Kwame Adu acting as project curator did not published the Meridian initiative 293.","Engineer Kwame Adu, the project curator, published the Meridian initiative 293 in Granite Coast during September.",FAIL,FAIL,PASS,"[""DID_NOT_INFLECTED_PREDICATE"",""GRAMMAR_TEMPLATE_FAIL""]","[""CANONICAL_ROW_KNOWN_GENERATOR_DEFECT"",""DID_NOT_INFLECTED_PREDICATE"",""GRAMMAR_TEMPLATE_FAIL""]","[""CANONICAL_ROW_KNOWN_GENERATOR_DEFECT""]",no text difference,no text difference,no text difference,no text difference,multiple changes,negation-only difference,F2_CANONICAL_DEFECT_PROPAGATED_TO_DERIVATIVES,canonical grammar failure propagates to paraphrase canonical_status UNRESOLVED,VALID,VALID,VALID,MULTI_MEMBER_DEFECT,CANONICAL_REGENERATION_REQUIRED,,5186bf5b19b895ef04e1ae7b2836d8bfa39693022230b1cefd0eb47157c66a6a,9terry,P3W6F2_HYBRID_HUMAN_REVIEW_V2,2026-08-15T10:12:13Z,2026-08-15T10:12:13Z,NOT_APPLICABLE_STRUCTURAL_COHORT,STRUCTURAL_COHORT_CONFIRMATION,STRUCTURAL_COHORT_CONFIRMATION,P3W6F2_COHORT_CONFIRMATION_03ef1612b55e821318c668aee83beb5db77c0ee48699f0087819a1d9515cef4d
generated_fact_294,generated_fact_294__none,generated_fact_294__paraphrase,generated_fact_294__polarity_flip,REFUTE,REFUTE,SUPPORT,"Coordinator Lucia Romano, the technical adviser, delivered the Meridian initiative 294 in Horizon Plains during November.","Coordinator Lucia Romano, the technical adviser, delivered the Meridian initiative 294 in Horizon Plains during November.","Coordinator Lucia Romano, the technical adviser, delivered the Meridian initiative 294 in Horizon Plains during November.","Coordinator Lucia Romano, the technical adviser, did not delivered the Meridian initiative 294 in Horizon Plains during November.","During November in Horizon Plains, Coordinator Lucia Romano acting as technical adviser did not delivered the Meridian initiative 294.","Coordinator Lucia Romano, the technical adviser, delivered the Meridian initiative 294 in Horizon Plains during November.",FAIL,FAIL,PASS,"[""DID_NOT_INFLECTED_PREDICATE"",""GRAMMAR_TEMPLATE_FAIL""]","[""CANONICAL_ROW_KNOWN_GENERATOR_DEFECT"",""DID_NOT_INFLECTED_PREDICATE"",""GRAMMAR_TEMPLATE_FAIL""]","[""CANONICAL_ROW_KNOWN_GENERATOR_DEFECT""]",no text difference,no text difference,no text difference,no text difference,multiple changes,negation-only difference,F2_CANONICAL_DEFECT_PROPAGATED_TO_DERIVATIVES,canonical grammar failure propagates to paraphrase canonical_status UNRESOLVED,VALID,VALID,VALID,MULTI_MEMBER_DEFECT,CANONICAL_REGENERATION_REQUIRED,,67b43a5147bc36685d7a81adf124a97da66c995e6c726f211aa6954b7eee28a4,9terry,P3W6F2_HYBRID_HUMAN_REVIEW_V2,2026-08-15T10:12:13Z,2026-08-15T10:12:13Z,NOT_APPLICABLE_STRUCTURAL_COHORT,STRUCTURAL_COHORT_CONFIRMATION,STRUCTURAL_COHORT_CONFIRMATION,P3W6F2_COHORT_CONFIRMATION_03ef1612b55e821318c668aee83beb5db77c0ee48699f0087819a1d9515cef4d
generated_fact_295,generated_fact_295__none,generated_fact_295__paraphrase,generated_fact_295__polarity_flip,REFUTE,REFUTE,SUPPORT,"Director Avery Stone, the program director, opened the Meridian initiative 295 in Aurora City during January.","Director Avery Stone, the program director, opened the Meridian initiative 295 in Aurora City during January.","Director Avery Stone, the program director, opened the Meridian initiative 295 in Aurora City during January.","Director Avery Stone, the program director, did not opened the Meridian initiative 295 in Aurora City during January.","During January in Aurora City, Director Avery Stone acting as program director did not opened the Meridian initiative 295.","Director Avery Stone, the program director, opened the Meridian initiative 295 in Aurora City during January.",FAIL,FAIL,PASS,"[""DID_NOT_INFLECTED_PREDICATE"",""GRAMMAR_TEMPLATE_FAIL""]","[""CANONICAL_ROW_KNOWN_GENERATOR_DEFECT"",""DID_NOT_INFLECTED_PREDICATE"",""GRAMMAR_TEMPLATE_FAIL""]","[""CANONICAL_ROW_KNOWN_GENERATOR_DEFECT""]",no text difference,no text difference,no text difference,no text difference,multiple changes,negation-only difference,F2_CANONICAL_DEFECT_PROPAGATED_TO_DERIVATIVES,canonical grammar failure propagates to paraphrase canonical_status UNRESOLVED,VALID,VALID,VALID,MULTI_MEMBER_DEFECT,CANONICAL_REGENERATION_REQUIRED,,4d66fe828d3f62e3e031d4fd5555dbd72d6004e5185110215812747114061d59,9terry,P3W6F2_HYBRID_HUMAN_REVIEW_V2,2026-08-15T10:12:13Z,2026-08-15T10:12:13Z,NOT_APPLICABLE_STRUCTURAL_COHORT,STRUCTURAL_COHORT_CONFIRMATION,STRUCTURAL_COHORT_CONFIRMATION,P3W6F2_COHORT_CONFIRMATION_03ef1612b55e821318c668aee83beb5db77c0ee48699f0087819a1d9515cef4d
generated_fact_296,generated_fact_296__none,generated_fact_296__paraphrase,generated_fact_296__polarity_flip,REFUTE,REFUTE,SUPPORT,"Dr Bianca Flores, the research lead, selected the Meridian initiative 296 in Beacon Harbor during March.","Dr Bianca Flores, the research lead, selected the Meridian initiative 296 in Beacon Harbor during March.","Dr Bianca Flores, the research lead, selected the Meridian initiative 296 in Beacon Harbor during March.","Dr Bianca Flores, the research lead, did not selected the Meridian initiative 296 in Beacon Harbor during March.","During March in Beacon Harbor, Dr Bianca Flores acting as research lead did not selected the Meridian initiative 296.","Dr Bianca Flores, the research lead, selected the Meridian initiative 296 in Beacon Harbor during March.",FAIL,FAIL,PASS,"[""DID_NOT_INFLECTED_PREDICATE"",""GRAMMAR_TEMPLATE_FAIL""]","[""CANONICAL_ROW_KNOWN_GENERATOR_DEFECT"",""DID_NOT_INFLECTED_PREDICATE"",""GRAMMAR_TEMPLATE_FAIL""]","[""CANONICAL_ROW_KNOWN_GENERATOR_DEFECT""]",no text difference,no text difference,no text difference,no text difference,multiple changes,negation-only difference,F2_CANONICAL_DEFECT_PROPAGATED_TO_DERIVATIVES,canonical grammar failure propagates to paraphrase canonical_status UNRESOLVED,VALID,VALID,VALID,MULTI_MEMBER_DEFECT,CANONICAL_REGENERATION_REQUIRED,,c0d9f925c4c72ceedac9bbc6d24c337d9b79987ae0d624f2a7337ac606924aa3,9terry,P3W6F2_HYBRID_HUMAN_REVIEW_V2,2026-08-15T10:12:13Z,2026-08-15T10:12:13Z,NOT_APPLICABLE_STRUCTURAL_COHORT,STRUCTURAL_COHORT_CONFIRMATION,STRUCTURAL_COHORT_CONFIRMATION,P3W6F2_COHORT_CONFIRMATION_03ef1612b55e821318c668aee83beb5db77c0ee48699f0087819a1d9515cef4d
generated_fact_298,generated_fact_298__none,generated_fact_298__paraphrase,generated_fact_298__polarity_flip,REFUTE,REFUTE,SUPPORT,"Minister Daria Volkova, the operations chief, launched the Meridian initiative 298 in Delta Bay during July.","Minister Daria Volkova, the operations chief, launched the Meridian initiative 298 in Delta Bay during July.","Minister Daria Volkova, the operations chief, launched the Meridian initiative 298 in Delta Bay during July.","Minister Daria Volkova, the operations chief, did not launched the Meridian initiative 298 in Delta Bay during July.","During July in Delta Bay, Minister Daria Volkova acting as operations chief did not launched the Meridian initiative 298.","Minister Daria Volkova, the operations chief, launched the Meridian initiative 298 in Delta Bay during July.",FAIL,FAIL,PASS,"[""DID_NOT_INFLECTED_PREDICATE"",""GRAMMAR_TEMPLATE_FAIL""]","[""CANONICAL_ROW_KNOWN_GENERATOR_DEFECT"",""DID_NOT_INFLECTED_PREDICATE"",""GRAMMAR_TEMPLATE_FAIL""]","[""CANONICAL_ROW_KNOWN_GENERATOR_DEFECT""]",no text difference,no text difference,no text difference,no text difference,multiple changes,negation-only difference,F2_CANONICAL_DEFECT_PROPAGATED_TO_DERIVATIVES,canonical grammar failure propagates to paraphrase canonical_status UNRESOLVED,VALID,VALID,VALID,MULTI_MEMBER_DEFECT,CANONICAL_REGENERATION_REQUIRED,,a7c4022f7f5f9e3c8a01cbe1bc06fa3317c747b815441417dd636b9382976751,9terry,P3W6F2_HYBRID_HUMAN_REVIEW_V2,2026-08-15T10:12:13Z,2026-08-15T10:12:13Z,NOT_APPLICABLE_STRUCTURAL_COHORT,STRUCTURAL_COHORT_CONFIRMATION,STRUCTURAL_COHORT_CONFIRMATION,P3W6F2_COHORT_CONFIRMATION_03ef1612b55e821318c668aee83beb5db77c0ee48699f0087819a1d9515cef4d
generated_fact_299,generated_fact_299__none,generated_fact_299__paraphrase,generated_fact_299__polarity_flip,REFUTE,REFUTE,SUPPORT,"Engineer Ethan Brooks, the project curator, restored the Meridian initiative 299 in Elm Valley during September.","Engineer Ethan Brooks, the project curator, restored the Meridian initiative 299 in Elm Valley during September.","Engineer Ethan Brooks, the project curator, restored the Meridian initiative 299 in Elm Valley during September.","Engineer Ethan Brooks, the project curator, did not restored the Meridian initiative 299 in Elm Valley during September.","During September in Elm Valley, Engineer Ethan Brooks acting as project curator did not restored the Meridian initiative 299.","Engineer Ethan Brooks, the project curator, restored the Meridian initiative 299 in Elm Valley during September.",FAIL,FAIL,PASS,"[""DID_NOT_INFLECTED_PREDICATE"",""GRAMMAR_TEMPLATE_FAIL""]","[""CANONICAL_ROW_KNOWN_GENERATOR_DEFECT"",""DID_NOT_INFLECTED_PREDICATE"",""GRAMMAR_TEMPLATE_FAIL""]","[""CANONICAL_ROW_KNOWN_GENERATOR_DEFECT""]",no text difference,no text difference,no text difference,no text difference,multiple changes,negation-only difference,F2_CANONICAL_DEFECT_PROPAGATED_TO_DERIVATIVES,canonical grammar failure propagates to paraphrase canonical_status UNRESOLVED,VALID,VALID,VALID,MULTI_MEMBER_DEFECT,CANONICAL_REGENERATION_REQUIRED,,faff077de95cdf489023a042a063d5fe1738545bad3adb1dee2ec386a5bd6294,9terry,P3W6F2_HYBRID_HUMAN_REVIEW_V2,2026-08-15T10:12:13Z,2026-08-15T10:12:13Z,NOT_APPLICABLE_STRUCTURAL_COHORT,STRUCTURAL_COHORT_CONFIRMATION,STRUCTURAL_COHORT_CONFIRMATION,P3W6F2_COHORT_CONFIRMATION_03ef1612b55e821318c668aee83beb5db77c0ee48699f0087819a1d9515cef4d
