schema_version,source_pair_id,layer_contrast,secondary_layer_index,midpoint_layer_index,endpoint,estimand,secondary_contrast_value,midpoint_contrast_value,cross_layer_difference
gen4_name_direct_cross_layer_pair_level_differences_v1,archive_release,5_MINUS_11,5,11,POST4_SPEED,DELTA_NAME,-0.06946730613708496,-0.06329774856567383,-0.006169557571411133
gen4_name_direct_cross_layer_pair_level_differences_v1,bridge_opening,5_MINUS_11,5,11,POST4_SPEED,DELTA_NAME,-0.09508442878723145,-0.0768423080444336,-0.01824212074279785
gen4_name_direct_cross_layer_pair_level_differences_v1,canal_reopening,5_MINUS_11,5,11,POST4_SPEED,DELTA_NAME,0.09975886344909668,0.02563345432281494,0.07412540912628174
gen4_name_direct_cross_layer_pair_level_differences_v1,clinic_expansion,5_MINUS_11,5,11,POST4_SPEED,DELTA_NAME,-0.08942508697509766,0.0624619722366333,-0.15188705921173096
gen4_name_direct_cross_layer_pair_level_differences_v1,dam_inspection,5_MINUS_11,5,11,POST4_SPEED,DELTA_NAME,-0.16714215278625488,0.05364525318145752,-0.2207874059677124
gen4_name_direct_cross_layer_pair_level_differences_v1,ferry_launch,5_MINUS_11,5,11,POST4_SPEED,DELTA_NAME,0.02169358730316162,0.03474783897399902,-0.013054251670837402
gen4_name_direct_cross_layer_pair_level_differences_v1,festival_selection,5_MINUS_11,5,11,POST4_SPEED,DELTA_NAME,0.1083059310913086,-0.06924962997436523,0.17755556106567383
gen4_name_direct_cross_layer_pair_level_differences_v1,forest_mapping,5_MINUS_11,5,11,POST4_SPEED,DELTA_NAME,-0.15539610385894775,-0.06224179267883301,-0.09315431118011475
gen4_name_direct_cross_layer_pair_level_differences_v1,garden_award,5_MINUS_11,5,11,POST4_SPEED,DELTA_NAME,-0.10894596576690674,-0.039092302322387695,-0.06985366344451904
gen4_name_direct_cross_layer_pair_level_differences_v1,generated_fact_031,5_MINUS_11,5,11,POST4_SPEED,DELTA_NAME,0.08798658847808838,0.01682722568511963,0.07115936279296875
gen4_name_direct_cross_layer_pair_level_differences_v1,generated_fact_032,5_MINUS_11,5,11,POST4_SPEED,DELTA_NAME,-0.0805732011795044,0.03979909420013428,-0.12037229537963867
gen4_name_direct_cross_layer_pair_level_differences_v1,generated_fact_033,5_MINUS_11,5,11,POST4_SPEED,DELTA_NAME,-0.0038412809371948242,-0.016324877738952637,0.012483596801757812
gen4_name_direct_cross_layer_pair_level_differences_v1,generated_fact_034,5_MINUS_11,5,11,POST4_SPEED,DELTA_NAME,0.010556578636169434,0.001831650733947754,0.00872492790222168
gen4_name_direct_cross_layer_pair_level_differences_v1,generated_fact_035,5_MINUS_11,5,11,POST4_SPEED,DELTA_NAME,0.015892863273620605,0.0021151304244995117,0.013777732849121094
gen4_name_direct_cross_layer_pair_level_differences_v1,generated_fact_036,5_MINUS_11,5,11,POST4_SPEED,DELTA_NAME,0.03953075408935547,0.05758547782897949,-0.018054723739624023
gen4_name_direct_cross_layer_pair_level_differences_v1,generated_fact_037,5_MINUS_11,5,11,POST4_SPEED,DELTA_NAME,0.04548978805541992,-0.041046738624572754,0.08653652667999268
gen4_name_direct_cross_layer_pair_level_differences_v1,generated_fact_038,5_MINUS_11,5,11,POST4_SPEED,DELTA_NAME,-0.14452481269836426,0.06015145778656006,-0.20467627048492432
gen4_name_direct_cross_layer_pair_level_differences_v1,generated_fact_039,5_MINUS_11,5,11,POST4_SPEED,DELTA_NAME,-0.05816793441772461,0.010108113288879395,-0.068276047706604
gen4_name_direct_cross_layer_pair_level_differences_v1,generated_fact_040,5_MINUS_11,5,11,POST4_SPEED,DELTA_NAME,0.10148382186889648,-0.06865167617797852,0.170135498046875
gen4_name_direct_cross_layer_pair_level_differences_v1,generated_fact_041,5_MINUS_11,5,11,POST4_SPEED,DELTA_NAME,0.037569284439086914,-0.1275029182434082,0.16507220268249512
gen4_name_direct_cross_layer_pair_level_differences_v1,generated_fact_042,5_MINUS_11,5,11,POST4_SPEED,DELTA_NAME,-0.03988051414489746,0.03593325614929199,-0.07581377029418945
gen4_name_direct_cross_layer_pair_level_differences_v1,generated_fact_043,5_MINUS_11,5,11,POST4_SPEED,DELTA_NAME,0.08962023258209229,0.01803767681121826,0.07158255577087402
gen4_name_direct_cross_layer_pair_level_differences_v1,generated_fact_044,5_MINUS_11,5,11,POST4_SPEED,DELTA_NAME,-0.07941877841949463,0.04119741916656494,-0.12061619758605957
gen4_name_direct_cross_layer_pair_level_differences_v1,generated_fact_045,5_MINUS_11,5,11,POST4_SPEED,DELTA_NAME,-0.0016205310821533203,-0.01627969741821289,0.01465916633605957
gen4_name_direct_cross_layer_pair_level_differences_v1,generated_fact_046,5_MINUS_11,5,11,POST4_SPEED,DELTA_NAME,0.01048743724822998,0.0002900362014770508,0.01019740104675293
gen4_name_direct_cross_layer_pair_level_differences_v1,generated_fact_047,5_MINUS_11,5,11,POST4_SPEED,DELTA_NAME,0.01537775993347168,0.0026602745056152344,0.012717485427856445
gen4_name_direct_cross_layer_pair_level_differences_v1,generated_fact_048,5_MINUS_11,5,11,POST4_SPEED,DELTA_NAME,0.03998208045959473,0.057170867919921875,-0.01718878746032715
gen4_name_direct_cross_layer_pair_level_differences_v1,generated_fact_049,5_MINUS_11,5,11,POST4_SPEED,DELTA_NAME,0.04569065570831299,-0.039823055267333984,0.08551371097564697
gen4_name_direct_cross_layer_pair_level_differences_v1,generated_fact_050,5_MINUS_11,5,11,POST4_SPEED,DELTA_NAME,-0.1457120180130005,0.05770540237426758,-0.20341742038726807
gen4_name_direct_cross_layer_pair_level_differences_v1,generated_fact_051,5_MINUS_11,5,11,POST4_SPEED,DELTA_NAME,-0.058356285095214844,0.01221764087677002,-0.07057392597198486
gen4_name_direct_cross_layer_pair_level_differences_v1,generated_fact_052,5_MINUS_11,5,11,POST4_SPEED,DELTA_NAME,0.10042953491210938,-0.06711864471435547,0.16754817962646484
gen4_name_direct_cross_layer_pair_level_differences_v1,generated_fact_053,5_MINUS_11,5,11,POST4_SPEED,DELTA_NAME,0.040148019790649414,-0.1289982795715332,0.16914629936218262
gen4_name_direct_cross_layer_pair_level_differences_v1,generated_fact_054,5_MINUS_11,5,11,POST4_SPEED,DELTA_NAME,-0.0399705171585083,0.03432798385620117,-0.07429850101470947
gen4_name_direct_cross_layer_pair_level_differences_v1,generated_fact_055,5_MINUS_11,5,11,POST4_SPEED,DELTA_NAME,0.08841133117675781,0.01930701732635498,0.06910431385040283
gen4_name_direct_cross_layer_pair_level_differences_v1,generated_fact_056,5_MINUS_11,5,11,POST4_SPEED,DELTA_NAME,-0.07976889610290527,0.04068577289581299,-0.12045466899871826
gen4_name_direct_cross_layer_pair_level_differences_v1,generated_fact_057,5_MINUS_11,5,11,POST4_SPEED,DELTA_NAME,-0.0020492076873779297,-0.016710877418518066,0.014661669731140137
gen4_name_direct_cross_layer_pair_level_differences_v1,generated_fact_058,5_MINUS_11,5,11,POST4_SPEED,DELTA_NAME,0.009145855903625488,0.0028918981552124023,0.006253957748413086
gen4_name_direct_cross_layer_pair_level_differences_v1,generated_fact_059,5_MINUS_11,5,11,POST4_SPEED,DELTA_NAME,0.015445709228515625,0.0006924867630004883,0.014753222465515137
gen4_name_direct_cross_layer_pair_level_differences_v1,generated_fact_060,5_MINUS_11,5,11,POST4_SPEED,DELTA_NAME,0.039994239807128906,0.05828750133514404,-0.018293261528015137
gen4_name_direct_cross_layer_pair_level_differences_v1,generated_fact_061,5_MINUS_11,5,11,POST4_SPEED,DELTA_NAME,0.044992804527282715,-0.04106581211090088,0.0860586166381836
gen4_name_direct_cross_layer_pair_level_differences_v1,generated_fact_062,5_MINUS_11,5,11,POST4_SPEED,DELTA_NAME,-0.14375531673431396,0.05971336364746094,-0.2034686803817749
gen4_name_direct_cross_layer_pair_level_differences_v1,generated_fact_063,5_MINUS_11,5,11,POST4_SPEED,DELTA_NAME,-0.057906389236450195,0.008982539176940918,-0.06688892841339111
gen4_name_direct_cross_layer_pair_level_differences_v1,generated_fact_064,5_MINUS_11,5,11,POST4_SPEED,DELTA_NAME,0.1004403829574585,-0.06888210773468018,0.16932249069213867
gen4_name_direct_cross_layer_pair_level_differences_v1,generated_fact_065,5_MINUS_11,5,11,POST4_SPEED,DELTA_NAME,0.040985703468322754,-0.12837398052215576,0.16935968399047852
gen4_name_direct_cross_layer_pair_level_differences_v1,generated_fact_066,5_MINUS_11,5,11,POST4_SPEED,DELTA_NAME,-0.039643049240112305,0.03481745719909668,-0.07446050643920898
gen4_name_direct_cross_layer_pair_level_differences_v1,generated_fact_067,5_MINUS_11,5,11,POST4_SPEED,DELTA_NAME,0.08869385719299316,0.01795780658721924,0.07073605060577393
gen4_name_direct_cross_layer_pair_level_differences_v1,generated_fact_068,5_MINUS_11,5,11,POST4_SPEED,DELTA_NAME,-0.07936930656433105,0.04075264930725098,-0.12012195587158203
gen4_name_direct_cross_layer_pair_level_differences_v1,generated_fact_069,5_MINUS_11,5,11,POST4_SPEED,DELTA_NAME,-0.0038292407989501953,-0.014928221702575684,0.011098980903625488
gen4_name_direct_cross_layer_pair_level_differences_v1,generated_fact_070,5_MINUS_11,5,11,POST4_SPEED,DELTA_NAME,0.010073661804199219,-0.0011608600616455078,0.011234521865844727
gen4_name_direct_cross_layer_pair_level_differences_v1,generated_fact_071,5_MINUS_11,5,11,POST4_SPEED,DELTA_NAME,0.014338016510009766,0.003109455108642578,0.011228561401367188
gen4_name_direct_cross_layer_pair_level_differences_v1,generated_fact_072,5_MINUS_11,5,11,POST4_SPEED,DELTA_NAME,0.03996610641479492,0.05742621421813965,-0.017460107803344727
gen4_name_direct_cross_layer_pair_level_differences_v1,generated_fact_073,5_MINUS_11,5,11,POST4_SPEED,DELTA_NAME,0.04494369029998779,-0.03857755661010742,0.08352124691009521
gen4_name_direct_cross_layer_pair_level_differences_v1,generated_fact_074,5_MINUS_11,5,11,POST4_SPEED,DELTA_NAME,-0.143416166305542,0.05994415283203125,-0.20336031913757324
gen4_name_direct_cross_layer_pair_level_differences_v1,generated_fact_075,5_MINUS_11,5,11,POST4_SPEED,DELTA_NAME,-0.05866408348083496,0.011144518852233887,-0.06980860233306885
gen4_name_direct_cross_layer_pair_level_differences_v1,generated_fact_076,5_MINUS_11,5,11,POST4_SPEED,DELTA_NAME,0.0993889570236206,-0.06862747669219971,0.1680164337158203
gen4_name_direct_cross_layer_pair_level_differences_v1,generated_fact_077,5_MINUS_11,5,11,POST4_SPEED,DELTA_NAME,0.04137086868286133,-0.12907397747039795,0.17044484615325928
gen4_name_direct_cross_layer_pair_level_differences_v1,generated_fact_078,5_MINUS_11,5,11,POST4_SPEED,DELTA_NAME,-0.040352463722229004,0.03492295742034912,-0.07527542114257812
gen4_name_direct_cross_layer_pair_level_differences_v1,generated_fact_079,5_MINUS_11,5,11,POST4_SPEED,DELTA_NAME,0.09001052379608154,0.019563794136047363,0.07044672966003418
gen4_name_direct_cross_layer_pair_level_differences_v1,generated_fact_080,5_MINUS_11,5,11,POST4_SPEED,DELTA_NAME,-0.07788598537445068,0.040627479553222656,-0.11851346492767334
gen4_name_direct_cross_layer_pair_level_differences_v1,generated_fact_081,5_MINUS_11,5,11,POST4_SPEED,DELTA_NAME,-0.003992199897766113,-0.01607215404510498,0.012079954147338867
gen4_name_direct_cross_layer_pair_level_differences_v1,generated_fact_082,5_MINUS_11,5,11,POST4_SPEED,DELTA_NAME,0.008973479270935059,-0.00039517879486083984,0.009368658065795898
gen4_name_direct_cross_layer_pair_level_differences_v1,generated_fact_083,5_MINUS_11,5,11,POST4_SPEED,DELTA_NAME,0.015324831008911133,0.0039179325103759766,0.011406898498535156
gen4_name_direct_cross_layer_pair_level_differences_v1,generated_fact_084,5_MINUS_11,5,11,POST4_SPEED,DELTA_NAME,0.03944993019104004,0.05786621570587158,-0.018416285514831543
gen4_name_direct_cross_layer_pair_level_differences_v1,generated_fact_085,5_MINUS_11,5,11,POST4_SPEED,DELTA_NAME,0.04518473148345947,-0.040518760681152344,0.08570349216461182
gen4_name_direct_cross_layer_pair_level_differences_v1,generated_fact_086,5_MINUS_11,5,11,POST4_SPEED,DELTA_NAME,-0.14493882656097412,0.05785202980041504,-0.20279085636138916
gen4_name_direct_cross_layer_pair_level_differences_v1,generated_fact_087,5_MINUS_11,5,11,POST4_SPEED,DELTA_NAME,-0.05944061279296875,0.008342981338500977,-0.06778359413146973
gen4_name_direct_cross_layer_pair_level_differences_v1,generated_fact_088,5_MINUS_11,5,11,POST4_SPEED,DELTA_NAME,0.10131585597991943,-0.06984364986419678,0.1711595058441162
gen4_name_direct_cross_layer_pair_level_differences_v1,generated_fact_089,5_MINUS_11,5,11,POST4_SPEED,DELTA_NAME,0.0418088436126709,-0.12503981590270996,0.16684865951538086
gen4_name_direct_cross_layer_pair_level_differences_v1,generated_fact_090,5_MINUS_11,5,11,POST4_SPEED,DELTA_NAME,-0.03913605213165283,0.03453671932220459,-0.07367277145385742
gen4_name_direct_cross_layer_pair_level_differences_v1,generated_fact_091,5_MINUS_11,5,11,POST4_SPEED,DELTA_NAME,0.08810126781463623,0.018982768058776855,0.06911849975585938
gen4_name_direct_cross_layer_pair_level_differences_v1,generated_fact_092,5_MINUS_11,5,11,POST4_SPEED,DELTA_NAME,-0.07935404777526855,0.040593743324279785,-0.11994779109954834
gen4_name_direct_cross_layer_pair_level_differences_v1,generated_fact_093,5_MINUS_11,5,11,POST4_SPEED,DELTA_NAME,-0.002293825149536133,-0.014749765396118164,0.012455940246582031
gen4_name_direct_cross_layer_pair_level_differences_v1,generated_fact_094,5_MINUS_11,5,11,POST4_SPEED,DELTA_NAME,0.010264396667480469,0.0005123615264892578,0.009752035140991211
gen4_name_direct_cross_layer_pair_level_differences_v1,generated_fact_095,5_MINUS_11,5,11,POST4_SPEED,DELTA_NAME,0.013804912567138672,0.0041190385818481445,0.009685873985290527
gen4_name_direct_cross_layer_pair_level_differences_v1,generated_fact_096,5_MINUS_11,5,11,POST4_SPEED,DELTA_NAME,0.03897547721862793,0.05642533302307129,-0.01744985580444336
gen4_name_direct_cross_layer_pair_level_differences_v1,generated_fact_097,5_MINUS_11,5,11,POST4_SPEED,DELTA_NAME,0.045229434967041016,-0.03924870491027832,0.08447813987731934
gen4_name_direct_cross_layer_pair_level_differences_v1,generated_fact_098,5_MINUS_11,5,11,POST4_SPEED,DELTA_NAME,-0.14460694789886475,0.056681275367736816,-0.20128822326660156
gen4_name_direct_cross_layer_pair_level_differences_v1,generated_fact_099,5_MINUS_11,5,11,POST4_SPEED,DELTA_NAME,-0.058153629302978516,0.011455297470092773,-0.06960892677307129
gen4_name_direct_cross_layer_pair_level_differences_v1,generated_fact_100,5_MINUS_11,5,11,POST4_SPEED,DELTA_NAME,0.10013389587402344,-0.06968140602111816,0.1698153018951416
gen4_name_direct_cross_layer_pair_level_differences_v1,generated_fact_101,5_MINUS_11,5,11,POST4_SPEED,DELTA_NAME,0.038161516189575195,-0.1295640468597412,0.1677255630493164
gen4_name_direct_cross_layer_pair_level_differences_v1,generated_fact_102,5_MINUS_11,5,11,POST4_SPEED,DELTA_NAME,-0.039186954498291016,0.03390169143676758,-0.0730886459350586
gen4_name_direct_cross_layer_pair_level_differences_v1,generated_fact_103,5_MINUS_11,5,11,POST4_SPEED,DELTA_NAME,0.08806872367858887,0.019533991813659668,0.0685347318649292
gen4_name_direct_cross_layer_pair_level_differences_v1,generated_fact_104,5_MINUS_11,5,11,POST4_SPEED,DELTA_NAME,-0.08008050918579102,0.03929316997528076,-0.11937367916107178
gen4_name_direct_cross_layer_pair_level_differences_v1,generated_fact_105,5_MINUS_11,5,11,POST4_SPEED,DELTA_NAME,-0.004050254821777344,-0.015632033348083496,0.011581778526306152
gen4_name_direct_cross_layer_pair_level_differences_v1,generated_fact_106,5_MINUS_11,5,11,POST4_SPEED,DELTA_NAME,0.010350942611694336,0.0005098581314086914,0.009841084480285645
gen4_name_direct_cross_layer_pair_level_differences_v1,generated_fact_107,5_MINUS_11,5,11,POST4_SPEED,DELTA_NAME,0.016183137893676758,0.004441976547241211,0.011741161346435547
gen4_name_direct_cross_layer_pair_level_differences_v1,generated_fact_108,5_MINUS_11,5,11,POST4_SPEED,DELTA_NAME,0.03992331027984619,0.056373000144958496,-0.016449689865112305
gen4_name_direct_cross_layer_pair_level_differences_v1,generated_fact_109,5_MINUS_11,5,11,POST4_SPEED,DELTA_NAME,0.04532647132873535,-0.03955984115600586,0.08488631248474121
gen4_name_direct_cross_layer_pair_level_differences_v1,generated_fact_110,5_MINUS_11,5,11,POST4_SPEED,DELTA_NAME,-0.14364337921142578,0.05964374542236328,-0.20328712463378906
gen4_name_direct_cross_layer_pair_level_differences_v1,generated_fact_111,5_MINUS_11,5,11,POST4_SPEED,DELTA_NAME,-0.05868875980377197,0.006827354431152344,-0.06551611423492432
gen4_name_direct_cross_layer_pair_level_differences_v1,generated_fact_112,5_MINUS_11,5,11,POST4_SPEED,DELTA_NAME,0.10068738460540771,-0.06950092315673828,0.170188307762146
gen4_name_direct_cross_layer_pair_level_differences_v1,generated_fact_113,5_MINUS_11,5,11,POST4_SPEED,DELTA_NAME,0.039949893951416016,-0.12708818912506104,0.16703808307647705
gen4_name_direct_cross_layer_pair_level_differences_v1,generated_fact_114,5_MINUS_11,5,11,POST4_SPEED,DELTA_NAME,-0.041908979415893555,0.03361845016479492,-0.07552742958068848
gen4_name_direct_cross_layer_pair_level_differences_v1,generated_fact_115,5_MINUS_11,5,11,POST4_SPEED,DELTA_NAME,0.08798742294311523,0.017254948616027832,0.0707324743270874
gen4_name_direct_cross_layer_pair_level_differences_v1,generated_fact_116,5_MINUS_11,5,11,POST4_SPEED,DELTA_NAME,-0.08090424537658691,0.04074966907501221,-0.12165391445159912
gen4_name_direct_cross_layer_pair_level_differences_v1,generated_fact_117,5_MINUS_11,5,11,POST4_SPEED,DELTA_NAME,-0.0023306608200073242,-0.015443086624145508,0.013112425804138184
gen4_name_direct_cross_layer_pair_level_differences_v1,generated_fact_118,5_MINUS_11,5,11,POST4_SPEED,DELTA_NAME,0.0116194486618042,0.0015407800674438477,0.010078668594360352
gen4_name_direct_cross_layer_pair_level_differences_v1,generated_fact_119,5_MINUS_11,5,11,POST4_SPEED,DELTA_NAME,0.014640331268310547,0.0025049448013305664,0.01213538646697998
gen4_name_direct_cross_layer_pair_level_differences_v1,generated_fact_120,5_MINUS_11,5,11,POST4_SPEED,DELTA_NAME,0.03872501850128174,0.05733776092529297,-0.01861274242401123
gen4_name_direct_cross_layer_pair_level_differences_v1,generated_fact_121,5_MINUS_11,5,11,POST4_SPEED,DELTA_NAME,0.046549439430236816,-0.0394364595413208,0.08598589897155762
gen4_name_direct_cross_layer_pair_level_differences_v1,generated_fact_122,5_MINUS_11,5,11,POST4_SPEED,DELTA_NAME,-0.14388656616210938,0.05794680118560791,-0.20183336734771729
gen4_name_direct_cross_layer_pair_level_differences_v1,generated_fact_123,5_MINUS_11,5,11,POST4_SPEED,DELTA_NAME,-0.05859363079071045,0.011827230453491211,-0.07042086124420166
gen4_name_direct_cross_layer_pair_level_differences_v1,generated_fact_124,5_MINUS_11,5,11,POST4_SPEED,DELTA_NAME,0.09984147548675537,-0.06839621067047119,0.16823768615722656
gen4_name_direct_cross_layer_pair_level_differences_v1,generated_fact_125,5_MINUS_11,5,11,POST4_SPEED,DELTA_NAME,0.037384867668151855,-0.12752044200897217,0.16490530967712402
gen4_name_direct_cross_layer_pair_level_differences_v1,generated_fact_126,5_MINUS_11,5,11,POST4_SPEED,DELTA_NAME,-0.04092967510223389,0.03381061553955078,-0.07474029064178467
gen4_name_direct_cross_layer_pair_level_differences_v1,generated_fact_127,5_MINUS_11,5,11,POST4_SPEED,DELTA_NAME,0.0891028642654419,0.019353270530700684,0.06974959373474121
gen4_name_direct_cross_layer_pair_level_differences_v1,generated_fact_128,5_MINUS_11,5,11,POST4_SPEED,DELTA_NAME,-0.07980966567993164,0.040283203125,-0.12009286880493164
gen4_name_direct_cross_layer_pair_level_differences_v1,generated_fact_129,5_MINUS_11,5,11,POST4_SPEED,DELTA_NAME,-0.0042858123779296875,-0.0168532133102417,0.012567400932312012
gen4_name_direct_cross_layer_pair_level_differences_v1,generated_fact_130,5_MINUS_11,5,11,POST4_SPEED,DELTA_NAME,0.0098801851272583,0.0001533031463623047,0.009726881980895996
gen4_name_direct_cross_layer_pair_level_differences_v1,generated_fact_131,5_MINUS_11,5,11,POST4_SPEED,DELTA_NAME,0.017929792404174805,0.0026398897171020508,0.015289902687072754
gen4_name_direct_cross_layer_pair_level_differences_v1,generated_fact_132,5_MINUS_11,5,11,POST4_SPEED,DELTA_NAME,0.04055225849151611,0.056090712547302246,-0.015538454055786133
gen4_name_direct_cross_layer_pair_level_differences_v1,generated_fact_133,5_MINUS_11,5,11,POST4_SPEED,DELTA_NAME,0.045128583908081055,-0.03895711898803711,0.08408570289611816
gen4_name_direct_cross_layer_pair_level_differences_v1,generated_fact_134,5_MINUS_11,5,11,POST4_SPEED,DELTA_NAME,-0.14441931247711182,0.05935966968536377,-0.20377898216247559
gen4_name_direct_cross_layer_pair_level_differences_v1,generated_fact_135,5_MINUS_11,5,11,POST4_SPEED,DELTA_NAME,-0.05736899375915527,0.010496020317077637,-0.06786501407623291
gen4_name_direct_cross_layer_pair_level_differences_v1,generated_fact_136,5_MINUS_11,5,11,POST4_SPEED,DELTA_NAME,0.10113525390625,-0.06657230854034424,0.16770756244659424
gen4_name_direct_cross_layer_pair_level_differences_v1,generated_fact_137,5_MINUS_11,5,11,POST4_SPEED,DELTA_NAME,0.040198326110839844,-0.1277371644973755,0.16793549060821533
gen4_name_direct_cross_layer_pair_level_differences_v1,generated_fact_138,5_MINUS_11,5,11,POST4_SPEED,DELTA_NAME,-0.03984522819519043,0.03544211387634277,-0.0752873420715332
gen4_name_direct_cross_layer_pair_level_differences_v1,generated_fact_139,5_MINUS_11,5,11,POST4_SPEED,DELTA_NAME,0.08791911602020264,0.019447922706604004,0.06847119331359863
gen4_name_direct_cross_layer_pair_level_differences_v1,generated_fact_140,5_MINUS_11,5,11,POST4_SPEED,DELTA_NAME,-0.07980823516845703,0.04103517532348633,-0.12084341049194336
gen4_name_direct_cross_layer_pair_level_differences_v1,generated_fact_141,5_MINUS_11,5,11,POST4_SPEED,DELTA_NAME,-0.0014160871505737305,-0.015431642532348633,0.014015555381774902
gen4_name_direct_cross_layer_pair_level_differences_v1,generated_fact_142,5_MINUS_11,5,11,POST4_SPEED,DELTA_NAME,0.010111331939697266,0.0032101869583129883,0.006901144981384277
gen4_name_direct_cross_layer_pair_level_differences_v1,generated_fact_143,5_MINUS_11,5,11,POST4_SPEED,DELTA_NAME,0.014359116554260254,0.0014922618865966797,0.012866854667663574
gen4_name_direct_cross_layer_pair_level_differences_v1,generated_fact_144,5_MINUS_11,5,11,POST4_SPEED,DELTA_NAME,0.039179205894470215,0.05891013145446777,-0.01973092555999756
gen4_name_direct_cross_layer_pair_level_differences_v1,generated_fact_145,5_MINUS_11,5,11,POST4_SPEED,DELTA_NAME,0.04560554027557373,-0.04007863998413086,0.08568418025970459
gen4_name_direct_cross_layer_pair_level_differences_v1,generated_fact_146,5_MINUS_11,5,11,POST4_SPEED,DELTA_NAME,-0.14327311515808105,0.05764007568359375,-0.2009131908416748
gen4_name_direct_cross_layer_pair_level_differences_v1,generated_fact_147,5_MINUS_11,5,11,POST4_SPEED,DELTA_NAME,-0.05890798568725586,0.010253071784973145,-0.069161057472229
gen4_name_direct_cross_layer_pair_level_differences_v1,generated_fact_148,5_MINUS_11,5,11,POST4_SPEED,DELTA_NAME,0.09886336326599121,-0.0683068037033081,0.16717016696929932
gen4_name_direct_cross_layer_pair_level_differences_v1,generated_fact_149,5_MINUS_11,5,11,POST4_SPEED,DELTA_NAME,0.040084123611450195,-0.12942612171173096,0.16951024532318115
gen4_name_direct_cross_layer_pair_level_differences_v1,generated_fact_150,5_MINUS_11,5,11,POST4_SPEED,DELTA_NAME,-0.03914177417755127,0.0328826904296875,-0.07202446460723877
gen4_name_direct_cross_layer_pair_level_differences_v1,generated_fact_151,5_MINUS_11,5,11,POST4_SPEED,DELTA_NAME,0.08824419975280762,0.01901531219482422,0.0692288875579834
gen4_name_direct_cross_layer_pair_level_differences_v1,generated_fact_152,5_MINUS_11,5,11,POST4_SPEED,DELTA_NAME,-0.08062756061553955,0.03998672962188721,-0.12061429023742676
gen4_name_direct_cross_layer_pair_level_differences_v1,generated_fact_153,5_MINUS_11,5,11,POST4_SPEED,DELTA_NAME,-0.0047757625579833984,-0.016884803771972656,0.012109041213989258
gen4_name_direct_cross_layer_pair_level_differences_v1,generated_fact_154,5_MINUS_11,5,11,POST4_SPEED,DELTA_NAME,0.009456753730773926,0.0004011392593383789,0.009055614471435547
gen4_name_direct_cross_layer_pair_level_differences_v1,generated_fact_155,5_MINUS_11,5,11,POST4_SPEED,DELTA_NAME,0.016909480094909668,0.0021314620971679688,0.0147780179977417
gen4_name_direct_cross_layer_pair_level_differences_v1,generated_fact_156,5_MINUS_11,5,11,POST4_SPEED,DELTA_NAME,0.04089236259460449,0.05723452568054199,-0.0163421630859375
gen4_name_direct_cross_layer_pair_level_differences_v1,generated_fact_157,5_MINUS_11,5,11,POST4_SPEED,DELTA_NAME,0.04527592658996582,-0.039298176765441895,0.08457410335540771
gen4_name_direct_cross_layer_pair_level_differences_v1,generated_fact_158,5_MINUS_11,5,11,POST4_SPEED,DELTA_NAME,-0.14444732666015625,0.061150193214416504,-0.20559751987457275
gen4_name_direct_cross_layer_pair_level_differences_v1,generated_fact_159,5_MINUS_11,5,11,POST4_SPEED,DELTA_NAME,-0.057871103286743164,0.009175896644592285,-0.06704699993133545
gen4_name_direct_cross_layer_pair_level_differences_v1,generated_fact_160,5_MINUS_11,5,11,POST4_SPEED,DELTA_NAME,0.10068821907043457,-0.06791889667510986,0.16860711574554443
gen4_name_direct_cross_layer_pair_level_differences_v1,generated_fact_161,5_MINUS_11,5,11,POST4_SPEED,DELTA_NAME,0.04201841354370117,-0.12855279445648193,0.1705712080001831
gen4_name_direct_cross_layer_pair_level_differences_v1,generated_fact_162,5_MINUS_11,5,11,POST4_SPEED,DELTA_NAME,-0.0395277738571167,0.03593277931213379,-0.07546055316925049
gen4_name_direct_cross_layer_pair_level_differences_v1,generated_fact_163,5_MINUS_11,5,11,POST4_SPEED,DELTA_NAME,0.08929991722106934,0.019121527671813965,0.07017838954925537
gen4_name_direct_cross_layer_pair_level_differences_v1,generated_fact_164,5_MINUS_11,5,11,POST4_SPEED,DELTA_NAME,-0.07886946201324463,0.04146218299865723,-0.12033164501190186
gen4_name_direct_cross_layer_pair_level_differences_v1,generated_fact_165,5_MINUS_11,5,11,POST4_SPEED,DELTA_NAME,-0.0030072927474975586,-0.015133380889892578,0.01212608814239502
gen4_name_direct_cross_layer_pair_level_differences_v1,generated_fact_166,5_MINUS_11,5,11,POST4_SPEED,DELTA_NAME,0.010422825813293457,-0.00024020671844482422,0.010663032531738281
gen4_name_direct_cross_layer_pair_level_differences_v1,generated_fact_167,5_MINUS_11,5,11,POST4_SPEED,DELTA_NAME,0.014587998390197754,0.004185080528259277,0.010402917861938477
gen4_name_direct_cross_layer_pair_level_differences_v1,generated_fact_168,5_MINUS_11,5,11,POST4_SPEED,DELTA_NAME,0.0386049747467041,0.05750775337219238,-0.01890277862548828
gen4_name_direct_cross_layer_pair_level_differences_v1,generated_fact_169,5_MINUS_11,5,11,POST4_SPEED,DELTA_NAME,0.046280622482299805,-0.03914797306060791,0.08542859554290771
gen4_name_direct_cross_layer_pair_level_differences_v1,generated_fact_170,5_MINUS_11,5,11,POST4_SPEED,DELTA_NAME,-0.1450502872467041,0.05666518211364746,-0.20171546936035156
gen4_name_direct_cross_layer_pair_level_differences_v1,generated_fact_171,5_MINUS_11,5,11,POST4_SPEED,DELTA_NAME,-0.06014204025268555,0.010011911392211914,-0.07015395164489746
gen4_name_direct_cross_layer_pair_level_differences_v1,generated_fact_172,5_MINUS_11,5,11,POST4_SPEED,DELTA_NAME,0.0994410514831543,-0.07029616832733154,0.16973721981048584
gen4_name_direct_cross_layer_pair_level_differences_v1,generated_fact_173,5_MINUS_11,5,11,POST4_SPEED,DELTA_NAME,0.04151642322540283,-0.1256864070892334,0.16720283031463623
gen4_name_direct_cross_layer_pair_level_differences_v1,generated_fact_174,5_MINUS_11,5,11,POST4_SPEED,DELTA_NAME,-0.04025912284851074,0.0328676700592041,-0.07312679290771484
gen4_name_direct_cross_layer_pair_level_differences_v1,generated_fact_175,5_MINUS_11,5,11,POST4_SPEED,DELTA_NAME,0.08867037296295166,0.018746137619018555,0.0699242353439331
gen4_name_direct_cross_layer_pair_level_differences_v1,generated_fact_176,5_MINUS_11,5,11,POST4_SPEED,DELTA_NAME,-0.08041536808013916,0.0398859977722168,-0.12030136585235596
gen4_name_direct_cross_layer_pair_level_differences_v1,generated_fact_177,5_MINUS_11,5,11,POST4_SPEED,DELTA_NAME,-0.003128647804260254,-0.016060233116149902,0.012931585311889648
gen4_name_direct_cross_layer_pair_level_differences_v1,generated_fact_178,5_MINUS_11,5,11,POST4_SPEED,DELTA_NAME,0.010024666786193848,0.001995563507080078,0.00802910327911377
gen4_name_direct_cross_layer_pair_level_differences_v1,generated_fact_179,5_MINUS_11,5,11,POST4_SPEED,DELTA_NAME,0.016735315322875977,0.003190755844116211,0.013544559478759766
gen4_name_direct_cross_layer_pair_level_differences_v1,generated_fact_180,5_MINUS_11,5,11,POST4_SPEED,DELTA_NAME,0.03916668891906738,0.05659973621368408,-0.0174330472946167
gen4_name_direct_cross_layer_pair_level_differences_v1,generated_fact_181,5_MINUS_11,5,11,POST4_SPEED,DELTA_NAME,0.045443058013916016,-0.03988504409790039,0.0853281021118164
gen4_name_direct_cross_layer_pair_level_differences_v1,generated_fact_182,5_MINUS_11,5,11,POST4_SPEED,DELTA_NAME,-0.144362211227417,0.05922818183898926,-0.20359039306640625
gen4_name_direct_cross_layer_pair_level_differences_v1,generated_fact_183,5_MINUS_11,5,11,POST4_SPEED,DELTA_NAME,-0.05733847618103027,0.01012575626373291,-0.06746423244476318
gen4_name_direct_cross_layer_pair_level_differences_v1,generated_fact_184,5_MINUS_11,5,11,POST4_SPEED,DELTA_NAME,0.09987866878509521,-0.06990683078765869,0.1697854995727539
gen4_name_direct_cross_layer_pair_level_differences_v1,generated_fact_185,5_MINUS_11,5,11,POST4_SPEED,DELTA_NAME,0.03985321521759033,-0.12847387790679932,0.16832709312438965
gen4_name_direct_cross_layer_pair_level_differences_v1,generated_fact_186,5_MINUS_11,5,11,POST4_SPEED,DELTA_NAME,-0.0392611026763916,0.03489506244659424,-0.07415616512298584
gen4_name_direct_cross_layer_pair_level_differences_v1,generated_fact_187,5_MINUS_11,5,11,POST4_SPEED,DELTA_NAME,0.08803653717041016,0.018007755279541016,0.07002878189086914
gen4_name_direct_cross_layer_pair_level_differences_v1,generated_fact_188,5_MINUS_11,5,11,POST4_SPEED,DELTA_NAME,-0.08037161827087402,0.04042673110961914,-0.12079834938049316
gen4_name_direct_cross_layer_pair_level_differences_v1,generated_fact_189,5_MINUS_11,5,11,POST4_SPEED,DELTA_NAME,-0.0020955801010131836,-0.014463186264038086,0.012367606163024902
gen4_name_direct_cross_layer_pair_level_differences_v1,generated_fact_190,5_MINUS_11,5,11,POST4_SPEED,DELTA_NAME,0.011306166648864746,0.0005594491958618164,0.01074671745300293
gen4_name_direct_cross_layer_pair_level_differences_v1,generated_fact_191,5_MINUS_11,5,11,POST4_SPEED,DELTA_NAME,0.015819072723388672,0.005867481231689453,0.009951591491699219
gen4_name_direct_cross_layer_pair_level_differences_v1,generated_fact_192,5_MINUS_11,5,11,POST4_SPEED,DELTA_NAME,0.03879714012145996,0.056560635566711426,-0.017763495445251465
gen4_name_direct_cross_layer_pair_level_differences_v1,generated_fact_193,5_MINUS_11,5,11,POST4_SPEED,DELTA_NAME,0.04598402976989746,-0.03860950469970703,0.08459353446960449
gen4_name_direct_cross_layer_pair_level_differences_v1,generated_fact_194,5_MINUS_11,5,11,POST4_SPEED,DELTA_NAME,-0.14399957656860352,0.05781257152557373,-0.20181214809417725
gen4_name_direct_cross_layer_pair_level_differences_v1,generated_fact_195,5_MINUS_11,5,11,POST4_SPEED,DELTA_NAME,-0.05937790870666504,0.00817561149597168,-0.06755352020263672
gen4_name_direct_cross_layer_pair_level_differences_v1,generated_fact_196,5_MINUS_11,5,11,POST4_SPEED,DELTA_NAME,0.0983881950378418,-0.06950604915618896,0.16789424419403076
gen4_name_direct_cross_layer_pair_level_differences_v1,generated_fact_197,5_MINUS_11,5,11,POST4_SPEED,DELTA_NAME,0.03960239887237549,-0.12837517261505127,0.16797757148742676
gen4_name_direct_cross_layer_pair_level_differences_v1,generated_fact_198,5_MINUS_11,5,11,POST4_SPEED,DELTA_NAME,-0.04186666011810303,0.03273630142211914,-0.07460296154022217
gen4_name_direct_cross_layer_pair_level_differences_v1,generated_fact_199,5_MINUS_11,5,11,POST4_SPEED,DELTA_NAME,0.08769547939300537,0.01780414581298828,0.06989133358001709
gen4_name_direct_cross_layer_pair_level_differences_v1,generated_fact_200,5_MINUS_11,5,11,POST4_SPEED,DELTA_NAME,-0.08058011531829834,0.03964078426361084,-0.12022089958190918
gen4_name_direct_cross_layer_pair_level_differences_v1,generated_fact_201,5_MINUS_11,5,11,POST4_SPEED,DELTA_NAME,-0.004354596138000488,-0.015973806381225586,0.011619210243225098
gen4_name_direct_cross_layer_pair_level_differences_v1,generated_fact_202,5_MINUS_11,5,11,POST4_SPEED,DELTA_NAME,0.010510921478271484,0.0016704797744750977,0.008840441703796387
gen4_name_direct_cross_layer_pair_level_differences_v1,generated_fact_203,5_MINUS_11,5,11,POST4_SPEED,DELTA_NAME,0.01585566997528076,0.0018651485443115234,0.013990521430969238
gen4_name_direct_cross_layer_pair_level_differences_v1,generated_fact_204,5_MINUS_11,5,11,POST4_SPEED,DELTA_NAME,0.039395689964294434,0.05827152729034424,-0.018875837326049805
gen4_name_direct_cross_layer_pair_level_differences_v1,generated_fact_205,5_MINUS_11,5,11,POST4_SPEED,DELTA_NAME,0.04605400562286377,-0.039518117904663086,0.08557212352752686
gen4_name_direct_cross_layer_pair_level_differences_v1,generated_fact_206,5_MINUS_11,5,11,POST4_SPEED,DELTA_NAME,-0.14422690868377686,0.06001627445220947,-0.20424318313598633
gen4_name_direct_cross_layer_pair_level_differences_v1,generated_fact_207,5_MINUS_11,5,11,POST4_SPEED,DELTA_NAME,-0.05809831619262695,0.009927153587341309,-0.06802546977996826
gen4_name_direct_cross_layer_pair_level_differences_v1,generated_fact_208,5_MINUS_11,5,11,POST4_SPEED,DELTA_NAME,0.10125172138214111,-0.06875741481781006,0.17000913619995117
gen4_name_direct_cross_layer_pair_level_differences_v1,generated_fact_209,5_MINUS_11,5,11,POST4_SPEED,DELTA_NAME,0.038080692291259766,-0.12730562686920166,0.16538631916046143
gen4_name_direct_cross_layer_pair_level_differences_v1,generated_fact_210,5_MINUS_11,5,11,POST4_SPEED,DELTA_NAME,-0.04027915000915527,0.0347590446472168,-0.07503819465637207
gen4_name_direct_cross_layer_pair_level_differences_v1,generated_fact_211,5_MINUS_11,5,11,POST4_SPEED,DELTA_NAME,0.08882176876068115,0.017901897430419922,0.07091987133026123
gen4_name_direct_cross_layer_pair_level_differences_v1,generated_fact_212,5_MINUS_11,5,11,POST4_SPEED,DELTA_NAME,-0.08097922801971436,0.04099476337432861,-0.12197399139404297
gen4_name_direct_cross_layer_pair_level_differences_v1,generated_fact_213,5_MINUS_11,5,11,POST4_SPEED,DELTA_NAME,-0.0022939443588256836,-0.016448378562927246,0.014154434204101562
gen4_name_direct_cross_layer_pair_level_differences_v1,generated_fact_214,5_MINUS_11,5,11,POST4_SPEED,DELTA_NAME,0.010781645774841309,0.001020669937133789,0.00976097583770752
gen4_name_direct_cross_layer_pair_level_differences_v1,generated_fact_215,5_MINUS_11,5,11,POST4_SPEED,DELTA_NAME,0.016531705856323242,0.0023648738861083984,0.014166831970214844
gen4_name_direct_cross_layer_pair_level_differences_v1,generated_fact_216,5_MINUS_11,5,11,POST4_SPEED,DELTA_NAME,0.03998148441314697,0.05746567249298096,-0.017484188079833984
gen4_name_direct_cross_layer_pair_level_differences_v1,generated_fact_217,5_MINUS_11,5,11,POST4_SPEED,DELTA_NAME,0.04598796367645264,-0.038625240325927734,0.08461320400238037
gen4_name_direct_cross_layer_pair_level_differences_v1,generated_fact_218,5_MINUS_11,5,11,POST4_SPEED,DELTA_NAME,-0.14529216289520264,0.057541489601135254,-0.2028336524963379
gen4_name_direct_cross_layer_pair_level_differences_v1,generated_fact_219,5_MINUS_11,5,11,POST4_SPEED,DELTA_NAME,-0.05823230743408203,0.011887192726135254,-0.07011950016021729
gen4_name_direct_cross_layer_pair_level_differences_v1,generated_fact_220,5_MINUS_11,5,11,POST4_SPEED,DELTA_NAME,0.10011780261993408,-0.06670069694519043,0.1668184995651245
gen4_name_direct_cross_layer_pair_level_differences_v1,generated_fact_221,5_MINUS_11,5,11,POST4_SPEED,DELTA_NAME,0.039467573165893555,-0.12863552570343018,0.16810309886932373
gen4_name_direct_cross_layer_pair_level_differences_v1,generated_fact_222,5_MINUS_11,5,11,POST4_SPEED,DELTA_NAME,-0.04064524173736572,0.03346455097198486,-0.07410979270935059
gen4_name_direct_cross_layer_pair_level_differences_v1,generated_fact_223,5_MINUS_11,5,11,POST4_SPEED,DELTA_NAME,0.08827447891235352,0.01898324489593506,0.06929123401641846
gen4_name_direct_cross_layer_pair_level_differences_v1,generated_fact_224,5_MINUS_11,5,11,POST4_SPEED,DELTA_NAME,-0.08063232898712158,0.04070460796356201,-0.1213369369506836
gen4_name_direct_cross_layer_pair_level_differences_v1,generated_fact_225,5_MINUS_11,5,11,POST4_SPEED,DELTA_NAME,-0.002207040786743164,-0.016953468322753906,0.014746427536010742
gen4_name_direct_cross_layer_pair_level_differences_v1,generated_fact_226,5_MINUS_11,5,11,POST4_SPEED,DELTA_NAME,0.009596467018127441,0.0030547380447387695,0.006541728973388672
gen4_name_direct_cross_layer_pair_level_differences_v1,generated_fact_227,5_MINUS_11,5,11,POST4_SPEED,DELTA_NAME,0.01628577709197998,0.0007469654083251953,0.015538811683654785
gen4_name_direct_cross_layer_pair_level_differences_v1,generated_fact_228,5_MINUS_11,5,11,POST4_SPEED,DELTA_NAME,0.039075374603271484,0.059099435806274414,-0.02002406120300293
gen4_name_direct_cross_layer_pair_level_differences_v1,generated_fact_229,5_MINUS_11,5,11,POST4_SPEED,DELTA_NAME,0.045137882232666016,-0.04003763198852539,0.0851755142211914
gen4_name_direct_cross_layer_pair_level_differences_v1,generated_fact_230,5_MINUS_11,5,11,POST4_SPEED,DELTA_NAME,-0.14304280281066895,0.05962777137756348,-0.20267057418823242
gen4_name_direct_cross_layer_pair_level_differences_v1,generated_fact_231,5_MINUS_11,5,11,POST4_SPEED,DELTA_NAME,-0.057750701904296875,0.008535385131835938,-0.06628608703613281
gen4_name_direct_cross_layer_pair_level_differences_v1,generated_fact_232,5_MINUS_11,5,11,POST4_SPEED,DELTA_NAME,0.1001514196395874,-0.06881296634674072,0.16896438598632812
gen4_name_direct_cross_layer_pair_level_differences_v1,generated_fact_233,5_MINUS_11,5,11,POST4_SPEED,DELTA_NAME,0.040831804275512695,-0.12866687774658203,0.16949868202209473
gen4_name_direct_cross_layer_pair_level_differences_v1,generated_fact_234,5_MINUS_11,5,11,POST4_SPEED,DELTA_NAME,-0.04017436504364014,0.034605979919433594,-0.07478034496307373
gen4_name_direct_cross_layer_pair_level_differences_v1,generated_fact_235,5_MINUS_11,5,11,POST4_SPEED,DELTA_NAME,0.08859443664550781,0.018584370613098145,0.07001006603240967
gen4_name_direct_cross_layer_pair_level_differences_v1,generated_fact_236,5_MINUS_11,5,11,POST4_SPEED,DELTA_NAME,-0.08078837394714355,0.040505290031433105,-0.12129366397857666
gen4_name_direct_cross_layer_pair_level_differences_v1,generated_fact_237,5_MINUS_11,5,11,POST4_SPEED,DELTA_NAME,-0.0031075477600097656,-0.015963435173034668,0.012855887413024902
gen4_name_direct_cross_layer_pair_level_differences_v1,generated_fact_238,5_MINUS_11,5,11,POST4_SPEED,DELTA_NAME,0.010329127311706543,0.0006660223007202148,0.009663105010986328
gen4_name_direct_cross_layer_pair_level_differences_v1,generated_fact_239,5_MINUS_11,5,11,POST4_SPEED,DELTA_NAME,0.015544891357421875,0.0025452375411987305,0.012999653816223145
gen4_name_direct_cross_layer_pair_level_differences_v1,generated_fact_240,5_MINUS_11,5,11,POST4_SPEED,DELTA_NAME,0.039650917053222656,0.057438015937805176,-0.01778709888458252
gen4_name_direct_cross_layer_pair_level_differences_v1,generated_fact_241,5_MINUS_11,5,11,POST4_SPEED,DELTA_NAME,0.04561161994934082,-0.03746163845062256,0.08307325839996338
gen4_name_direct_cross_layer_pair_level_differences_v1,generated_fact_242,5_MINUS_11,5,11,POST4_SPEED,DELTA_NAME,-0.14376699924468994,0.05926156044006348,-0.20302855968475342
gen4_name_direct_cross_layer_pair_level_differences_v1,generated_fact_243,5_MINUS_11,5,11,POST4_SPEED,DELTA_NAME,-0.05860543251037598,0.011118769645690918,-0.0697242021560669
gen4_name_direct_cross_layer_pair_level_differences_v1,generated_fact_244,5_MINUS_11,5,11,POST4_SPEED,DELTA_NAME,0.0988004207611084,-0.06827318668365479,0.16707360744476318
gen4_name_direct_cross_layer_pair_level_differences_v1,generated_fact_245,5_MINUS_11,5,11,POST4_SPEED,DELTA_NAME,0.040975213050842285,-0.12908387184143066,0.17005908489227295
gen4_name_direct_cross_layer_pair_level_differences_v1,generated_fact_246,5_MINUS_11,5,11,POST4_SPEED,DELTA_NAME,-0.04132699966430664,0.03473806381225586,-0.0760650634765625
gen4_name_direct_cross_layer_pair_level_differences_v1,generated_fact_247,5_MINUS_11,5,11,POST4_SPEED,DELTA_NAME,0.08892762660980225,0.01950860023498535,0.0694190263748169
gen4_name_direct_cross_layer_pair_level_differences_v1,generated_fact_248,5_MINUS_11,5,11,POST4_SPEED,DELTA_NAME,-0.07943475246429443,0.04053354263305664,-0.11996829509735107
gen4_name_direct_cross_layer_pair_level_differences_v1,generated_fact_249,5_MINUS_11,5,11,POST4_SPEED,DELTA_NAME,-0.003702521324157715,-0.016576409339904785,0.01287388801574707
gen4_name_direct_cross_layer_pair_level_differences_v1,generated_fact_250,5_MINUS_11,5,11,POST4_SPEED,DELTA_NAME,0.009286642074584961,-0.00017940998077392578,0.009466052055358887
gen4_name_direct_cross_layer_pair_level_differences_v1,generated_fact_251,5_MINUS_11,5,11,POST4_SPEED,DELTA_NAME,0.016708731651306152,0.003888845443725586,0.012819886207580566
gen4_name_direct_cross_layer_pair_level_differences_v1,generated_fact_252,5_MINUS_11,5,11,POST4_SPEED,DELTA_NAME,0.03966403007507324,0.058708906173706055,-0.019044876098632812
gen4_name_direct_cross_layer_pair_level_differences_v1,generated_fact_253,5_MINUS_11,5,11,POST4_SPEED,DELTA_NAME,0.04601013660430908,-0.04015660285949707,0.08616673946380615
gen4_name_direct_cross_layer_pair_level_differences_v1,generated_fact_254,5_MINUS_11,5,11,POST4_SPEED,DELTA_NAME,-0.14431869983673096,0.05849754810333252,-0.20281624794006348
gen4_name_direct_cross_layer_pair_level_differences_v1,generated_fact_255,5_MINUS_11,5,11,POST4_SPEED,DELTA_NAME,-0.05923664569854736,0.008740782737731934,-0.0679774284362793
gen4_name_direct_cross_layer_pair_level_differences_v1,generated_fact_256,5_MINUS_11,5,11,POST4_SPEED,DELTA_NAME,0.10140204429626465,-0.07011294364929199,0.17151498794555664
gen4_name_direct_cross_layer_pair_level_differences_v1,generated_fact_257,5_MINUS_11,5,11,POST4_SPEED,DELTA_NAME,0.042119383811950684,-0.1247260570526123,0.166845440864563
gen4_name_direct_cross_layer_pair_level_differences_v1,generated_fact_258,5_MINUS_11,5,11,POST4_SPEED,DELTA_NAME,-0.04074501991271973,0.0346989631652832,-0.07544398307800293
gen4_name_direct_cross_layer_pair_level_differences_v1,generated_fact_259,5_MINUS_11,5,11,POST4_SPEED,DELTA_NAME,0.08769798278808594,0.018680930137634277,0.06901705265045166
gen4_name_direct_cross_layer_pair_level_differences_v1,generated_fact_260,5_MINUS_11,5,11,POST4_SPEED,DELTA_NAME,-0.07999742031097412,0.0397944450378418,-0.11979186534881592
gen4_name_direct_cross_layer_pair_level_differences_v1,generated_fact_261,5_MINUS_11,5,11,POST4_SPEED,DELTA_NAME,-0.0019892454147338867,-0.01468205451965332,0.012692809104919434
gen4_name_direct_cross_layer_pair_level_differences_v1,generated_fact_262,5_MINUS_11,5,11,POST4_SPEED,DELTA_NAME,0.01042938232421875,0.0011219978332519531,0.009307384490966797
gen4_name_direct_cross_layer_pair_level_differences_v1,generated_fact_263,5_MINUS_11,5,11,POST4_SPEED,DELTA_NAME,0.015250205993652344,0.0037859678268432617,0.011464238166809082
gen4_name_direct_cross_layer_pair_level_differences_v1,generated_fact_264,5_MINUS_11,5,11,POST4_SPEED,DELTA_NAME,0.03896486759185791,0.05803823471069336,-0.01907336711883545
gen4_name_direct_cross_layer_pair_level_differences_v1,generated_fact_265,5_MINUS_11,5,11,POST4_SPEED,DELTA_NAME,0.04536581039428711,-0.03847455978393555,0.08384037017822266
gen4_name_direct_cross_layer_pair_level_differences_v1,generated_fact_266,5_MINUS_11,5,11,POST4_SPEED,DELTA_NAME,-0.14506745338439941,0.05731797218322754,-0.20238542556762695
gen4_name_direct_cross_layer_pair_level_differences_v1,generated_fact_267,5_MINUS_11,5,11,POST4_SPEED,DELTA_NAME,-0.05852007865905762,0.011872291564941406,-0.07039237022399902
gen4_name_direct_cross_layer_pair_level_differences_v1,generated_fact_268,5_MINUS_11,5,11,POST4_SPEED,DELTA_NAME,0.0986185073852539,-0.0691220760345459,0.1677405834197998
gen4_name_direct_cross_layer_pair_level_differences_v1,generated_fact_269,5_MINUS_11,5,11,POST4_SPEED,DELTA_NAME,0.03973960876464844,-0.12938714027404785,0.1691267490386963
gen4_name_direct_cross_layer_pair_level_differences_v1,generated_fact_270,5_MINUS_11,5,11,POST4_SPEED,DELTA_NAME,-0.04007887840270996,0.03307032585144043,-0.07314920425415039
gen4_name_direct_cross_layer_pair_level_differences_v1,generated_fact_271,5_MINUS_11,5,11,POST4_SPEED,DELTA_NAME,0.08823442459106445,0.01981830596923828,0.06841611862182617
gen4_name_direct_cross_layer_pair_level_differences_v1,generated_fact_272,5_MINUS_11,5,11,POST4_SPEED,DELTA_NAME,-0.07990419864654541,0.039698123931884766,-0.11960232257843018
gen4_name_direct_cross_layer_pair_level_differences_v1,generated_fact_273,5_MINUS_11,5,11,POST4_SPEED,DELTA_NAME,-0.0027593374252319336,-0.016287922859191895,0.013528585433959961
gen4_name_direct_cross_layer_pair_level_differences_v1,generated_fact_274,5_MINUS_11,5,11,POST4_SPEED,DELTA_NAME,0.010250210762023926,0.0016634464263916016,0.008586764335632324
gen4_name_direct_cross_layer_pair_level_differences_v1,generated_fact_275,5_MINUS_11,5,11,POST4_SPEED,DELTA_NAME,0.018261194229125977,0.004190921783447266,0.014070272445678711
gen4_name_direct_cross_layer_pair_level_differences_v1,generated_fact_276,5_MINUS_11,5,11,POST4_SPEED,DELTA_NAME,0.03977704048156738,0.05693960189819336,-0.017162561416625977
gen4_name_direct_cross_layer_pair_level_differences_v1,generated_fact_277,5_MINUS_11,5,11,POST4_SPEED,DELTA_NAME,0.045209288597106934,-0.03934502601623535,0.08455431461334229
gen4_name_direct_cross_layer_pair_level_differences_v1,generated_fact_278,5_MINUS_11,5,11,POST4_SPEED,DELTA_NAME,-0.14381062984466553,0.059693217277526855,-0.20350384712219238
gen4_name_direct_cross_layer_pair_level_differences_v1,generated_fact_279,5_MINUS_11,5,11,POST4_SPEED,DELTA_NAME,-0.05782043933868408,0.007173061370849609,-0.06499350070953369
gen4_name_direct_cross_layer_pair_level_differences_v1,generated_fact_280,5_MINUS_11,5,11,POST4_SPEED,DELTA_NAME,0.09986329078674316,-0.06816458702087402,0.1680278778076172
gen4_name_direct_cross_layer_pair_level_differences_v1,generated_fact_281,5_MINUS_11,5,11,POST4_SPEED,DELTA_NAME,0.03982901573181152,-0.12724733352661133,0.16707634925842285
gen4_name_direct_cross_layer_pair_level_differences_v1,generated_fact_282,5_MINUS_11,5,11,POST4_SPEED,DELTA_NAME,-0.041948795318603516,0.03410029411315918,-0.0760490894317627
gen4_name_direct_cross_layer_pair_level_differences_v1,generated_fact_283,5_MINUS_11,5,11,POST4_SPEED,DELTA_NAME,0.08787333965301514,0.017331838607788086,0.07054150104522705
gen4_name_direct_cross_layer_pair_level_differences_v1,generated_fact_284,5_MINUS_11,5,11,POST4_SPEED,DELTA_NAME,-0.08089041709899902,0.04044628143310547,-0.12133669853210449
gen4_name_direct_cross_layer_pair_level_differences_v1,generated_fact_285,5_MINUS_11,5,11,POST4_SPEED,DELTA_NAME,-0.002150297164916992,-0.01565694808959961,0.013506650924682617
gen4_name_direct_cross_layer_pair_level_differences_v1,generated_fact_286,5_MINUS_11,5,11,POST4_SPEED,DELTA_NAME,0.011374831199645996,0.001741170883178711,0.009633660316467285
gen4_name_direct_cross_layer_pair_level_differences_v1,generated_fact_287,5_MINUS_11,5,11,POST4_SPEED,DELTA_NAME,0.015234112739562988,0.0029587745666503906,0.012275338172912598
gen4_name_direct_cross_layer_pair_level_differences_v1,generated_fact_288,5_MINUS_11,5,11,POST4_SPEED,DELTA_NAME,0.03805959224700928,0.05799674987792969,-0.01993715763092041
gen4_name_direct_cross_layer_pair_level_differences_v1,generated_fact_289,5_MINUS_11,5,11,POST4_SPEED,DELTA_NAME,0.04606497287750244,-0.03848695755004883,0.08455193042755127
gen4_name_direct_cross_layer_pair_level_differences_v1,generated_fact_290,5_MINUS_11,5,11,POST4_SPEED,DELTA_NAME,-0.1447821855545044,0.05756795406341553,-0.20235013961791992
gen4_name_direct_cross_layer_pair_level_differences_v1,generated_fact_291,5_MINUS_11,5,11,POST4_SPEED,DELTA_NAME,-0.059155941009521484,0.01055443286895752,-0.069710373878479
gen4_name_direct_cross_layer_pair_level_differences_v1,generated_fact_292,5_MINUS_11,5,11,POST4_SPEED,DELTA_NAME,0.09881389141082764,-0.06858980655670166,0.1674036979675293
gen4_name_direct_cross_layer_pair_level_differences_v1,generated_fact_293,5_MINUS_11,5,11,POST4_SPEED,DELTA_NAME,0.03725755214691162,-0.12823450565338135,0.16549205780029297
gen4_name_direct_cross_layer_pair_level_differences_v1,generated_fact_294,5_MINUS_11,5,11,POST4_SPEED,DELTA_NAME,-0.04088449478149414,0.03362691402435303,-0.07451140880584717
gen4_name_direct_cross_layer_pair_level_differences_v1,generated_fact_295,5_MINUS_11,5,11,POST4_SPEED,DELTA_NAME,0.08965897560119629,0.019397377967834473,0.07026159763336182
gen4_name_direct_cross_layer_pair_level_differences_v1,generated_fact_296,5_MINUS_11,5,11,POST4_SPEED,DELTA_NAME,-0.08034944534301758,0.04054522514343262,-0.1208946704864502
gen4_name_direct_cross_layer_pair_level_differences_v1,generated_fact_297,5_MINUS_11,5,11,POST4_SPEED,DELTA_NAME,-0.0031883716583251953,-0.016833066940307617,0.013644695281982422
gen4_name_direct_cross_layer_pair_level_differences_v1,generated_fact_298,5_MINUS_11,5,11,POST4_SPEED,DELTA_NAME,0.00970458984375,0.0013076066970825195,0.00839698314666748
gen4_name_direct_cross_layer_pair_level_differences_v1,generated_fact_299,5_MINUS_11,5,11,POST4_SPEED,DELTA_NAME,0.01818692684173584,0.002084970474243164,0.016101956367492676
gen4_name_direct_cross_layer_pair_level_differences_v1,generated_fact_300,5_MINUS_11,5,11,POST4_SPEED,DELTA_NAME,0.040885210037231445,0.05574023723602295,-0.014855027198791504
gen4_name_direct_cross_layer_pair_level_differences_v1,glacier_study,5_MINUS_11,5,11,POST4_SPEED,DELTA_NAME,0.16307497024536133,0.012928128242492676,0.15014684200286865
gen4_name_direct_cross_layer_pair_level_differences_v1,harbor_upgrade,5_MINUS_11,5,11,POST4_SPEED,DELTA_NAME,0.1159217357635498,0.012607812881469727,0.10331392288208008
gen4_name_direct_cross_layer_pair_level_differences_v1,jazz_archive,5_MINUS_11,5,11,POST4_SPEED,DELTA_NAME,0.06083822250366211,0.012190818786621094,0.048647403717041016
gen4_name_direct_cross_layer_pair_level_differences_v1,language_program,5_MINUS_11,5,11,POST4_SPEED,DELTA_NAME,0.1105431318283081,-0.10001635551452637,0.21055948734283447
gen4_name_direct_cross_layer_pair_level_differences_v1,library_digitization,5_MINUS_11,5,11,POST4_SPEED,DELTA_NAME,-0.13743281364440918,0.04654264450073242,-0.1839754581451416
gen4_name_direct_cross_layer_pair_level_differences_v1,market_renovation,5_MINUS_11,5,11,POST4_SPEED,DELTA_NAME,0.1120600700378418,-0.05591118335723877,0.16797125339508057
gen4_name_direct_cross_layer_pair_level_differences_v1,museum_purchase,5_MINUS_11,5,11,POST4_SPEED,DELTA_NAME,0.06323719024658203,0.11452412605285645,-0.051286935806274414
gen4_name_direct_cross_layer_pair_level_differences_v1,opera_premiere,5_MINUS_11,5,11,POST4_SPEED,DELTA_NAME,0.0004050731658935547,0.016028523445129395,-0.01562345027923584
gen4_name_direct_cross_layer_pair_level_differences_v1,orion_approval,5_MINUS_11,5,11,POST4_SPEED,DELTA_NAME,-0.06232762336730957,-0.0004723072052001953,-0.061855316162109375
gen4_name_direct_cross_layer_pair_level_differences_v1,poetry_prize,5_MINUS_11,5,11,POST4_SPEED,DELTA_NAME,-0.05699169635772705,0.10881567001342773,-0.16580736637115479
gen4_name_direct_cross_layer_pair_level_differences_v1,railway_restoration,5_MINUS_11,5,11,POST4_SPEED,DELTA_NAME,0.05180835723876953,0.0376439094543457,0.014164447784423828
gen4_name_direct_cross_layer_pair_level_differences_v1,reef_protection,5_MINUS_11,5,11,POST4_SPEED,DELTA_NAME,-0.04677164554595947,0.07177793979644775,-0.11854958534240723
gen4_name_direct_cross_layer_pair_level_differences_v1,robotics_championship,5_MINUS_11,5,11,POST4_SPEED,DELTA_NAME,-0.11258232593536377,0.05595088005065918,-0.16853320598602295
gen4_name_direct_cross_layer_pair_level_differences_v1,satellite_launch,5_MINUS_11,5,11,POST4_SPEED,DELTA_NAME,-0.007216334342956543,-0.027751445770263672,0.02053511142730713
gen4_name_direct_cross_layer_pair_level_differences_v1,school_opening,5_MINUS_11,5,11,POST4_SPEED,DELTA_NAME,-0.0969855785369873,-0.07425916194915771,-0.02272641658782959
gen4_name_direct_cross_layer_pair_level_differences_v1,solar_farm_contract,5_MINUS_11,5,11,POST4_SPEED,DELTA_NAME,0.039818763732910156,0.051277875900268555,-0.011459112167358398
gen4_name_direct_cross_layer_pair_level_differences_v1,theater_restoration,5_MINUS_11,5,11,POST4_SPEED,DELTA_NAME,0.05828571319580078,0.01550137996673584,0.04278433322906494
gen4_name_direct_cross_layer_pair_level_differences_v1,treaty_signature,5_MINUS_11,5,11,POST4_SPEED,DELTA_NAME,-0.069557785987854,-0.1453993320465088,0.07584154605865479
gen4_name_direct_cross_layer_pair_level_differences_v1,vaccine_delivery,5_MINUS_11,5,11,POST4_SPEED,DELTA_NAME,-0.05341601371765137,0.048593878746032715,-0.10200989246368408
gen4_name_direct_cross_layer_pair_level_differences_v1,volcano_observatory,5_MINUS_11,5,11,POST4_SPEED,DELTA_NAME,-0.023207783699035645,-0.012168169021606445,-0.0110396146774292
gen4_name_direct_cross_layer_pair_level_differences_v1,wetland_restoration,5_MINUS_11,5,11,POST4_SPEED,DELTA_NAME,-0.03808605670928955,-0.05442321300506592,0.016337156295776367
gen4_name_direct_cross_layer_pair_level_differences_v1,archive_release,5_MINUS_11,5,11,POST4_TURNING,DELTA_NAME,0.04844081401824951,-0.0012280941009521484,0.04966890811920166
gen4_name_direct_cross_layer_pair_level_differences_v1,bridge_opening,5_MINUS_11,5,11,POST4_TURNING,DELTA_NAME,0.026128292083740234,-0.014181256294250488,0.04030954837799072
gen4_name_direct_cross_layer_pair_level_differences_v1,canal_reopening,5_MINUS_11,5,11,POST4_TURNING,DELTA_NAME,-0.005702972412109375,0.03710925579071045,-0.042812228202819824
gen4_name_direct_cross_layer_pair_level_differences_v1,clinic_expansion,5_MINUS_11,5,11,POST4_TURNING,DELTA_NAME,-0.0364832878112793,-0.029163002967834473,-0.007320284843444824
gen4_name_direct_cross_layer_pair_level_differences_v1,dam_inspection,5_MINUS_11,5,11,POST4_TURNING,DELTA_NAME,-0.015278100967407227,-0.007591724395751953,-0.0076863765716552734
gen4_name_direct_cross_layer_pair_level_differences_v1,ferry_launch,5_MINUS_11,5,11,POST4_TURNING,DELTA_NAME,0.07298123836517334,-0.054152727127075195,0.12713396549224854
gen4_name_direct_cross_layer_pair_level_differences_v1,festival_selection,5_MINUS_11,5,11,POST4_TURNING,DELTA_NAME,0.08190977573394775,-0.01840066909790039,0.10031044483184814
gen4_name_direct_cross_layer_pair_level_differences_v1,forest_mapping,5_MINUS_11,5,11,POST4_TURNING,DELTA_NAME,0.024447321891784668,-0.001591801643371582,0.02603912353515625
gen4_name_direct_cross_layer_pair_level_differences_v1,garden_award,5_MINUS_11,5,11,POST4_TURNING,DELTA_NAME,-0.03303813934326172,-0.031435489654541016,-0.0016026496887207031
gen4_name_direct_cross_layer_pair_level_differences_v1,generated_fact_031,5_MINUS_11,5,11,POST4_TURNING,DELTA_NAME,-0.09479677677154541,-0.021460890769958496,-0.07333588600158691
gen4_name_direct_cross_layer_pair_level_differences_v1,generated_fact_032,5_MINUS_11,5,11,POST4_TURNING,DELTA_NAME,-0.029378771781921387,-0.03824567794799805,0.00886690616607666
gen4_name_direct_cross_layer_pair_level_differences_v1,generated_fact_033,5_MINUS_11,5,11,POST4_TURNING,DELTA_NAME,-0.09992265701293945,0.03585469722747803,-0.13577735424041748
gen4_name_direct_cross_layer_pair_level_differences_v1,generated_fact_034,5_MINUS_11,5,11,POST4_TURNING,DELTA_NAME,-0.024059772491455078,0.0013266801834106445,-0.025386452674865723
gen4_name_direct_cross_layer_pair_level_differences_v1,generated_fact_035,5_MINUS_11,5,11,POST4_TURNING,DELTA_NAME,0.08077359199523926,-0.0015026330947875977,0.08227622509002686
gen4_name_direct_cross_layer_pair_level_differences_v1,generated_fact_036,5_MINUS_11,5,11,POST4_TURNING,DELTA_NAME,0.08932757377624512,0.01027524471282959,0.07905232906341553
gen4_name_direct_cross_layer_pair_level_differences_v1,generated_fact_037,5_MINUS_11,5,11,POST4_TURNING,DELTA_NAME,0.1057274341583252,-0.00029587745666503906,0.10602331161499023
gen4_name_direct_cross_layer_pair_level_differences_v1,generated_fact_038,5_MINUS_11,5,11,POST4_TURNING,DELTA_NAME,0.017663002014160156,-0.042461514472961426,0.06012451648712158
gen4_name_direct_cross_layer_pair_level_differences_v1,generated_fact_039,5_MINUS_11,5,11,POST4_TURNING,DELTA_NAME,-0.03514862060546875,0.028223156929016113,-0.06337177753448486
gen4_name_direct_cross_layer_pair_level_differences_v1,generated_fact_040,5_MINUS_11,5,11,POST4_TURNING,DELTA_NAME,0.08254027366638184,0.04890763759613037,0.033632636070251465
gen4_name_direct_cross_layer_pair_level_differences_v1,generated_fact_041,5_MINUS_11,5,11,POST4_TURNING,DELTA_NAME,-0.04416167736053467,-0.025629281997680664,-0.018532395362854004
gen4_name_direct_cross_layer_pair_level_differences_v1,generated_fact_042,5_MINUS_11,5,11,POST4_TURNING,DELTA_NAME,-0.13148367404937744,-0.006076455116271973,-0.12540721893310547
gen4_name_direct_cross_layer_pair_level_differences_v1,generated_fact_043,5_MINUS_11,5,11,POST4_TURNING,DELTA_NAME,-0.09514546394348145,-0.02158045768737793,-0.07356500625610352
gen4_name_direct_cross_layer_pair_level_differences_v1,generated_fact_044,5_MINUS_11,5,11,POST4_TURNING,DELTA_NAME,-0.028606176376342773,-0.03813791275024414,0.009531736373901367
gen4_name_direct_cross_layer_pair_level_differences_v1,generated_fact_045,5_MINUS_11,5,11,POST4_TURNING,DELTA_NAME,-0.0997917652130127,0.03576314449310303,-0.13555490970611572
gen4_name_direct_cross_layer_pair_level_differences_v1,generated_fact_046,5_MINUS_11,5,11,POST4_TURNING,DELTA_NAME,-0.02394688129425049,0.001093745231628418,-0.025040626525878906
gen4_name_direct_cross_layer_pair_level_differences_v1,generated_fact_047,5_MINUS_11,5,11,POST4_TURNING,DELTA_NAME,0.08175206184387207,-0.0020911693572998047,0.08384323120117188
gen4_name_direct_cross_layer_pair_level_differences_v1,generated_fact_048,5_MINUS_11,5,11,POST4_TURNING,DELTA_NAME,0.0875692367553711,0.010309815406799316,0.07725942134857178
gen4_name_direct_cross_layer_pair_level_differences_v1,generated_fact_049,5_MINUS_11,5,11,POST4_TURNING,DELTA_NAME,0.10599040985107422,7.3909759521484375e-06,0.10598301887512207
gen4_name_direct_cross_layer_pair_level_differences_v1,generated_fact_050,5_MINUS_11,5,11,POST4_TURNING,DELTA_NAME,0.017143726348876953,-0.04243803024291992,0.059581756591796875
gen4_name_direct_cross_layer_pair_level_differences_v1,generated_fact_051,5_MINUS_11,5,11,POST4_TURNING,DELTA_NAME,-0.036858558654785156,0.02778327465057373,-0.06464183330535889
gen4_name_direct_cross_layer_pair_level_differences_v1,generated_fact_052,5_MINUS_11,5,11,POST4_TURNING,DELTA_NAME,0.08234381675720215,0.049120306968688965,0.033223509788513184
gen4_name_direct_cross_layer_pair_level_differences_v1,generated_fact_053,5_MINUS_11,5,11,POST4_TURNING,DELTA_NAME,-0.044303059577941895,-0.025371074676513672,-0.018931984901428223
gen4_name_direct_cross_layer_pair_level_differences_v1,generated_fact_054,5_MINUS_11,5,11,POST4_TURNING,DELTA_NAME,-0.1317899227142334,-0.006120920181274414,-0.12566900253295898
gen4_name_direct_cross_layer_pair_level_differences_v1,generated_fact_055,5_MINUS_11,5,11,POST4_TURNING,DELTA_NAME,-0.09517741203308105,-0.021087169647216797,-0.07409024238586426
gen4_name_direct_cross_layer_pair_level_differences_v1,generated_fact_056,5_MINUS_11,5,11,POST4_TURNING,DELTA_NAME,-0.02897953987121582,-0.03812611103057861,0.009146571159362793
gen4_name_direct_cross_layer_pair_level_differences_v1,generated_fact_057,5_MINUS_11,5,11,POST4_TURNING,DELTA_NAME,-0.09977424144744873,0.035239338874816895,-0.13501358032226562
gen4_name_direct_cross_layer_pair_level_differences_v1,generated_fact_058,5_MINUS_11,5,11,POST4_TURNING,DELTA_NAME,-0.023764610290527344,0.001543879508972168,-0.02530848979949951
gen4_name_direct_cross_layer_pair_level_differences_v1,generated_fact_059,5_MINUS_11,5,11,POST4_TURNING,DELTA_NAME,0.08113396167755127,-0.0017355680465698242,0.0828695297241211
gen4_name_direct_cross_layer_pair_level_differences_v1,generated_fact_060,5_MINUS_11,5,11,POST4_TURNING,DELTA_NAME,0.08881640434265137,0.010674595832824707,0.07814180850982666
gen4_name_direct_cross_layer_pair_level_differences_v1,generated_fact_061,5_MINUS_11,5,11,POST4_TURNING,DELTA_NAME,0.1058645248413086,0.0002899169921875,0.1055746078491211
gen4_name_direct_cross_layer_pair_level_differences_v1,generated_fact_062,5_MINUS_11,5,11,POST4_TURNING,DELTA_NAME,0.017960190773010254,-0.04230809211730957,0.060268282890319824
gen4_name_direct_cross_layer_pair_level_differences_v1,generated_fact_063,5_MINUS_11,5,11,POST4_TURNING,DELTA_NAME,-0.03563368320465088,0.027852535247802734,-0.06348621845245361
gen4_name_direct_cross_layer_pair_level_differences_v1,generated_fact_064,5_MINUS_11,5,11,POST4_TURNING,DELTA_NAME,0.08260619640350342,0.0492931604385376,0.03331303596496582
gen4_name_direct_cross_layer_pair_level_differences_v1,generated_fact_065,5_MINUS_11,5,11,POST4_TURNING,DELTA_NAME,-0.04324698448181152,-0.02563774585723877,-0.017609238624572754
gen4_name_direct_cross_layer_pair_level_differences_v1,generated_fact_066,5_MINUS_11,5,11,POST4_TURNING,DELTA_NAME,-0.1317235231399536,-0.006035923957824707,-0.1256875991821289
gen4_name_direct_cross_layer_pair_level_differences_v1,generated_fact_067,5_MINUS_11,5,11,POST4_TURNING,DELTA_NAME,-0.09493875503540039,-0.021572470664978027,-0.07336628437042236
gen4_name_direct_cross_layer_pair_level_differences_v1,generated_fact_068,5_MINUS_11,5,11,POST4_TURNING,DELTA_NAME,-0.028755664825439453,-0.03876543045043945,0.010009765625
gen4_name_direct_cross_layer_pair_level_differences_v1,generated_fact_069,5_MINUS_11,5,11,POST4_TURNING,DELTA_NAME,-0.0999833345413208,0.03570377826690674,-0.13568711280822754
gen4_name_direct_cross_layer_pair_level_differences_v1,generated_fact_070,5_MINUS_11,5,11,POST4_TURNING,DELTA_NAME,-0.02370607852935791,0.0007348060607910156,-0.024440884590148926
gen4_name_direct_cross_layer_pair_level_differences_v1,generated_fact_071,5_MINUS_11,5,11,POST4_TURNING,DELTA_NAME,0.08188259601593018,-0.0018061399459838867,0.08368873596191406
gen4_name_direct_cross_layer_pair_level_differences_v1,generated_fact_072,5_MINUS_11,5,11,POST4_TURNING,DELTA_NAME,0.08790230751037598,0.010766386985778809,0.07713592052459717
gen4_name_direct_cross_layer_pair_level_differences_v1,generated_fact_073,5_MINUS_11,5,11,POST4_TURNING,DELTA_NAME,0.10573232173919678,-0.0001195669174194336,0.10585188865661621
gen4_name_direct_cross_layer_pair_level_differences_v1,generated_fact_074,5_MINUS_11,5,11,POST4_TURNING,DELTA_NAME,0.01773989200592041,-0.042265892028808594,0.060005784034729004
gen4_name_direct_cross_layer_pair_level_differences_v1,generated_fact_075,5_MINUS_11,5,11,POST4_TURNING,DELTA_NAME,-0.03623151779174805,0.02806270122528076,-0.06429421901702881
gen4_name_direct_cross_layer_pair_level_differences_v1,generated_fact_076,5_MINUS_11,5,11,POST4_TURNING,DELTA_NAME,0.08200490474700928,0.04878890514373779,0.033215999603271484
gen4_name_direct_cross_layer_pair_level_differences_v1,generated_fact_077,5_MINUS_11,5,11,POST4_TURNING,DELTA_NAME,-0.04389476776123047,-0.024664759635925293,-0.019230008125305176
gen4_name_direct_cross_layer_pair_level_differences_v1,generated_fact_078,5_MINUS_11,5,11,POST4_TURNING,DELTA_NAME,-0.131483793258667,-0.005997776985168457,-0.12548601627349854
gen4_name_direct_cross_layer_pair_level_differences_v1,generated_fact_079,5_MINUS_11,5,11,POST4_TURNING,DELTA_NAME,-0.0950690507888794,-0.021691083908081055,-0.07337796688079834
gen4_name_direct_cross_layer_pair_level_differences_v1,generated_fact_080,5_MINUS_11,5,11,POST4_TURNING,DELTA_NAME,-0.028911590576171875,-0.03813314437866211,0.009221553802490234
gen4_name_direct_cross_layer_pair_level_differences_v1,generated_fact_081,5_MINUS_11,5,11,POST4_TURNING,DELTA_NAME,-0.10006940364837646,0.034864068031311035,-0.1349334716796875
gen4_name_direct_cross_layer_pair_level_differences_v1,generated_fact_082,5_MINUS_11,5,11,POST4_TURNING,DELTA_NAME,-0.023961782455444336,0.0015860795974731445,-0.02554786205291748
gen4_name_direct_cross_layer_pair_level_differences_v1,generated_fact_083,5_MINUS_11,5,11,POST4_TURNING,DELTA_NAME,0.08147168159484863,-0.001221776008605957,0.08269345760345459
gen4_name_direct_cross_layer_pair_level_differences_v1,generated_fact_084,5_MINUS_11,5,11,POST4_TURNING,DELTA_NAME,0.08863651752471924,0.010406255722045898,0.07823026180267334
gen4_name_direct_cross_layer_pair_level_differences_v1,generated_fact_085,5_MINUS_11,5,11,POST4_TURNING,DELTA_NAME,0.1060185432434082,-1.2755393981933594e-05,0.10603129863739014
gen4_name_direct_cross_layer_pair_level_differences_v1,generated_fact_086,5_MINUS_11,5,11,POST4_TURNING,DELTA_NAME,0.018000364303588867,-0.04244363307952881,0.060443997383117676
gen4_name_direct_cross_layer_pair_level_differences_v1,generated_fact_087,5_MINUS_11,5,11,POST4_TURNING,DELTA_NAME,-0.03549051284790039,0.028130650520324707,-0.0636211633682251
gen4_name_direct_cross_layer_pair_level_differences_v1,generated_fact_088,5_MINUS_11,5,11,POST4_TURNING,DELTA_NAME,0.08285081386566162,0.049401283264160156,0.033449530601501465
gen4_name_direct_cross_layer_pair_level_differences_v1,generated_fact_089,5_MINUS_11,5,11,POST4_TURNING,DELTA_NAME,-0.04297363758087158,-0.02513730525970459,-0.017836332321166992
gen4_name_direct_cross_layer_pair_level_differences_v1,generated_fact_090,5_MINUS_11,5,11,POST4_TURNING,DELTA_NAME,-0.13173997402191162,-0.0061800479888916016,-0.12555992603302002
gen4_name_direct_cross_layer_pair_level_differences_v1,generated_fact_091,5_MINUS_11,5,11,POST4_TURNING,DELTA_NAME,-0.09550881385803223,-0.02177286148071289,-0.07373595237731934
gen4_name_direct_cross_layer_pair_level_differences_v1,generated_fact_092,5_MINUS_11,5,11,POST4_TURNING,DELTA_NAME,-0.029219388961791992,-0.03849458694458008,0.009275197982788086
gen4_name_direct_cross_layer_pair_level_differences_v1,generated_fact_093,5_MINUS_11,5,11,POST4_TURNING,DELTA_NAME,-0.09992563724517822,0.035996437072753906,-0.13592207431793213
gen4_name_direct_cross_layer_pair_level_differences_v1,generated_fact_094,5_MINUS_11,5,11,POST4_TURNING,DELTA_NAME,-0.024448752403259277,0.0009610652923583984,-0.025409817695617676
gen4_name_direct_cross_layer_pair_level_differences_v1,generated_fact_095,5_MINUS_11,5,11,POST4_TURNING,DELTA_NAME,0.0822291374206543,-0.001273036003112793,0.08350217342376709
gen4_name_direct_cross_layer_pair_level_differences_v1,generated_fact_096,5_MINUS_11,5,11,POST4_TURNING,DELTA_NAME,0.08733820915222168,0.0102311372756958,0.07710707187652588
gen4_name_direct_cross_layer_pair_level_differences_v1,generated_fact_097,5_MINUS_11,5,11,POST4_TURNING,DELTA_NAME,0.10630929470062256,-0.00022554397583007812,0.10653483867645264
gen4_name_direct_cross_layer_pair_level_differences_v1,generated_fact_098,5_MINUS_11,5,11,POST4_TURNING,DELTA_NAME,0.017360329627990723,-0.041968345642089844,0.059328675270080566
gen4_name_direct_cross_layer_pair_level_differences_v1,generated_fact_099,5_MINUS_11,5,11,POST4_TURNING,DELTA_NAME,-0.036167263984680176,0.02732241153717041,-0.06348967552185059
gen4_name_direct_cross_layer_pair_level_differences_v1,generated_fact_100,5_MINUS_11,5,11,POST4_TURNING,DELTA_NAME,0.08191752433776855,0.04932129383087158,0.03259623050689697
gen4_name_direct_cross_layer_pair_level_differences_v1,generated_fact_101,5_MINUS_11,5,11,POST4_TURNING,DELTA_NAME,-0.043779611587524414,-0.025343656539916992,-0.018435955047607422
gen4_name_direct_cross_layer_pair_level_differences_v1,generated_fact_102,5_MINUS_11,5,11,POST4_TURNING,DELTA_NAME,-0.13194215297698975,-0.006286025047302246,-0.1256561279296875
gen4_name_direct_cross_layer_pair_level_differences_v1,generated_fact_103,5_MINUS_11,5,11,POST4_TURNING,DELTA_NAME,-0.096000075340271,-0.0211179256439209,-0.0748821496963501
gen4_name_direct_cross_layer_pair_level_differences_v1,generated_fact_104,5_MINUS_11,5,11,POST4_TURNING,DELTA_NAME,-0.029204845428466797,-0.03825998306274414,0.009055137634277344
gen4_name_direct_cross_layer_pair_level_differences_v1,generated_fact_105,5_MINUS_11,5,11,POST4_TURNING,DELTA_NAME,-0.10004186630249023,0.03560793399810791,-0.13564980030059814
gen4_name_direct_cross_layer_pair_level_differences_v1,generated_fact_106,5_MINUS_11,5,11,POST4_TURNING,DELTA_NAME,-0.023918986320495605,0.0009878873825073242,-0.02490687370300293
gen4_name_direct_cross_layer_pair_level_differences_v1,generated_fact_107,5_MINUS_11,5,11,POST4_TURNING,DELTA_NAME,0.08125817775726318,-0.0017899274826049805,0.08304810523986816
gen4_name_direct_cross_layer_pair_level_differences_v1,generated_fact_108,5_MINUS_11,5,11,POST4_TURNING,DELTA_NAME,0.08863914012908936,0.010218143463134766,0.07842099666595459
gen4_name_direct_cross_layer_pair_level_differences_v1,generated_fact_109,5_MINUS_11,5,11,POST4_TURNING,DELTA_NAME,0.10635042190551758,-4.076957702636719e-05,0.10639119148254395
gen4_name_direct_cross_layer_pair_level_differences_v1,generated_fact_110,5_MINUS_11,5,11,POST4_TURNING,DELTA_NAME,0.017853617668151855,-0.04266071319580078,0.06051433086395264
gen4_name_direct_cross_layer_pair_level_differences_v1,generated_fact_111,5_MINUS_11,5,11,POST4_TURNING,DELTA_NAME,-0.035274624824523926,0.027422428131103516,-0.06269705295562744
gen4_name_direct_cross_layer_pair_level_differences_v1,generated_fact_112,5_MINUS_11,5,11,POST4_TURNING,DELTA_NAME,0.0822373628616333,0.04905438423156738,0.03318297863006592
gen4_name_direct_cross_layer_pair_level_differences_v1,generated_fact_113,5_MINUS_11,5,11,POST4_TURNING,DELTA_NAME,-0.043712735176086426,-0.024878263473510742,-0.018834471702575684
gen4_name_direct_cross_layer_pair_level_differences_v1,generated_fact_114,5_MINUS_11,5,11,POST4_TURNING,DELTA_NAME,-0.13148784637451172,-0.0059735774993896484,-0.12551426887512207
gen4_name_direct_cross_layer_pair_level_differences_v1,generated_fact_115,5_MINUS_11,5,11,POST4_TURNING,DELTA_NAME,-0.09497904777526855,-0.021955370903015137,-0.07302367687225342
gen4_name_direct_cross_layer_pair_level_differences_v1,generated_fact_116,5_MINUS_11,5,11,POST4_TURNING,DELTA_NAME,-0.029259562492370605,-0.03855574131011963,0.009296178817749023
gen4_name_direct_cross_layer_pair_level_differences_v1,generated_fact_117,5_MINUS_11,5,11,POST4_TURNING,DELTA_NAME,-0.09982597827911377,0.036305785179138184,-0.13613176345825195
gen4_name_direct_cross_layer_pair_level_differences_v1,generated_fact_118,5_MINUS_11,5,11,POST4_TURNING,DELTA_NAME,-0.024226784706115723,0.0010684728622436523,-0.025295257568359375
gen4_name_direct_cross_layer_pair_level_differences_v1,generated_fact_119,5_MINUS_11,5,11,POST4_TURNING,DELTA_NAME,0.08189690113067627,-0.0012305974960327148,0.08312749862670898
gen4_name_direct_cross_layer_pair_level_differences_v1,generated_fact_120,5_MINUS_11,5,11,POST4_TURNING,DELTA_NAME,0.08853185176849365,0.010250687599182129,0.07828116416931152
gen4_name_direct_cross_layer_pair_level_differences_v1,generated_fact_121,5_MINUS_11,5,11,POST4_TURNING,DELTA_NAME,0.10594666004180908,-0.00017774105072021484,0.1061244010925293
gen4_name_direct_cross_layer_pair_level_differences_v1,generated_fact_122,5_MINUS_11,5,11,POST4_TURNING,DELTA_NAME,0.017507195472717285,-0.04177439212799072,0.05928158760070801
gen4_name_direct_cross_layer_pair_level_differences_v1,generated_fact_123,5_MINUS_11,5,11,POST4_TURNING,DELTA_NAME,-0.03587019443511963,0.027759075164794922,-0.06362926959991455
gen4_name_direct_cross_layer_pair_level_differences_v1,generated_fact_124,5_MINUS_11,5,11,POST4_TURNING,DELTA_NAME,0.08191180229187012,0.04820883274078369,0.033702969551086426
gen4_name_direct_cross_layer_pair_level_differences_v1,generated_fact_125,5_MINUS_11,5,11,POST4_TURNING,DELTA_NAME,-0.04444098472595215,-0.02550041675567627,-0.01894056797027588
gen4_name_direct_cross_layer_pair_level_differences_v1,generated_fact_126,5_MINUS_11,5,11,POST4_TURNING,DELTA_NAME,-0.13158202171325684,-0.006271719932556152,-0.12531030178070068
gen4_name_direct_cross_layer_pair_level_differences_v1,generated_fact_127,5_MINUS_11,5,11,POST4_TURNING,DELTA_NAME,-0.09490585327148438,-0.02109706401824951,-0.07380878925323486
gen4_name_direct_cross_layer_pair_level_differences_v1,generated_fact_128,5_MINUS_11,5,11,POST4_TURNING,DELTA_NAME,-0.02890908718109131,-0.03791952133178711,0.0090104341506958
gen4_name_direct_cross_layer_pair_level_differences_v1,generated_fact_129,5_MINUS_11,5,11,POST4_TURNING,DELTA_NAME,-0.09970855712890625,0.03583264350891113,-0.13554120063781738
gen4_name_direct_cross_layer_pair_level_differences_v1,generated_fact_130,5_MINUS_11,5,11,POST4_TURNING,DELTA_NAME,-0.023896455764770508,0.0016279220581054688,-0.025524377822875977
gen4_name_direct_cross_layer_pair_level_differences_v1,generated_fact_131,5_MINUS_11,5,11,POST4_TURNING,DELTA_NAME,0.08121967315673828,-0.001809239387512207,0.08302891254425049
gen4_name_direct_cross_layer_pair_level_differences_v1,generated_fact_132,5_MINUS_11,5,11,POST4_TURNING,DELTA_NAME,0.08902168273925781,0.010206222534179688,0.07881546020507812
gen4_name_direct_cross_layer_pair_level_differences_v1,generated_fact_133,5_MINUS_11,5,11,POST4_TURNING,DELTA_NAME,0.10581207275390625,0.00016021728515625,0.10565185546875
gen4_name_direct_cross_layer_pair_level_differences_v1,generated_fact_134,5_MINUS_11,5,11,POST4_TURNING,DELTA_NAME,0.01749444007873535,-0.04289233684539795,0.0603867769241333
gen4_name_direct_cross_layer_pair_level_differences_v1,generated_fact_135,5_MINUS_11,5,11,POST4_TURNING,DELTA_NAME,-0.0359349250793457,0.02777421474456787,-0.06370913982391357
gen4_name_direct_cross_layer_pair_level_differences_v1,generated_fact_136,5_MINUS_11,5,11,POST4_TURNING,DELTA_NAME,0.08264386653900146,0.04935121536254883,0.03329265117645264
gen4_name_direct_cross_layer_pair_level_differences_v1,generated_fact_137,5_MINUS_11,5,11,POST4_TURNING,DELTA_NAME,-0.04364728927612305,-0.02544224262237549,-0.01820504665374756
gen4_name_direct_cross_layer_pair_level_differences_v1,generated_fact_138,5_MINUS_11,5,11,POST4_TURNING,DELTA_NAME,-0.13197815418243408,-0.006102442741394043,-0.12587571144104004
gen4_name_direct_cross_layer_pair_level_differences_v1,generated_fact_139,5_MINUS_11,5,11,POST4_TURNING,DELTA_NAME,-0.09517371654510498,-0.02167809009552002,-0.07349562644958496
gen4_name_direct_cross_layer_pair_level_differences_v1,generated_fact_140,5_MINUS_11,5,11,POST4_TURNING,DELTA_NAME,-0.028801321983337402,-0.03830409049987793,0.009502768516540527
gen4_name_direct_cross_layer_pair_level_differences_v1,generated_fact_141,5_MINUS_11,5,11,POST4_TURNING,DELTA_NAME,-0.09980213642120361,0.03595149517059326,-0.13575363159179688
gen4_name_direct_cross_layer_pair_level_differences_v1,generated_fact_142,5_MINUS_11,5,11,POST4_TURNING,DELTA_NAME,-0.024019956588745117,0.001295328140258789,-0.025315284729003906
gen4_name_direct_cross_layer_pair_level_differences_v1,generated_fact_143,5_MINUS_11,5,11,POST4_TURNING,DELTA_NAME,0.08233761787414551,-0.001581430435180664,0.08391904830932617
gen4_name_direct_cross_layer_pair_level_differences_v1,generated_fact_144,5_MINUS_11,5,11,POST4_TURNING,DELTA_NAME,0.08751130104064941,0.010465383529663086,0.07704591751098633
gen4_name_direct_cross_layer_pair_level_differences_v1,generated_fact_145,5_MINUS_11,5,11,POST4_TURNING,DELTA_NAME,0.10586178302764893,0.00038874149322509766,0.10547304153442383
gen4_name_direct_cross_layer_pair_level_differences_v1,generated_fact_146,5_MINUS_11,5,11,POST4_TURNING,DELTA_NAME,0.017656326293945312,-0.041884660720825195,0.05954098701477051
gen4_name_direct_cross_layer_pair_level_differences_v1,generated_fact_147,5_MINUS_11,5,11,POST4_TURNING,DELTA_NAME,-0.035991668701171875,0.027652978897094727,-0.0636446475982666
gen4_name_direct_cross_layer_pair_level_differences_v1,generated_fact_148,5_MINUS_11,5,11,POST4_TURNING,DELTA_NAME,0.08190035820007324,0.048751235008239746,0.033149123191833496
gen4_name_direct_cross_layer_pair_level_differences_v1,generated_fact_149,5_MINUS_11,5,11,POST4_TURNING,DELTA_NAME,-0.043766021728515625,-0.02560102939605713,-0.018164992332458496
gen4_name_direct_cross_layer_pair_level_differences_v1,generated_fact_150,5_MINUS_11,5,11,POST4_TURNING,DELTA_NAME,-0.1321202516555786,-0.0059348344802856445,-0.12618541717529297
gen4_name_direct_cross_layer_pair_level_differences_v1,generated_fact_151,5_MINUS_11,5,11,POST4_TURNING,DELTA_NAME,-0.09475278854370117,-0.020933032035827637,-0.07381975650787354
gen4_name_direct_cross_layer_pair_level_differences_v1,generated_fact_152,5_MINUS_11,5,11,POST4_TURNING,DELTA_NAME,-0.029258370399475098,-0.0384671688079834,0.0092087984085083
gen4_name_direct_cross_layer_pair_level_differences_v1,generated_fact_153,5_MINUS_11,5,11,POST4_TURNING,DELTA_NAME,-0.09991073608398438,0.03538930416107178,-0.13530004024505615
gen4_name_direct_cross_layer_pair_level_differences_v1,generated_fact_154,5_MINUS_11,5,11,POST4_TURNING,DELTA_NAME,-0.023647308349609375,0.0011432170867919922,-0.024790525436401367
gen4_name_direct_cross_layer_pair_level_differences_v1,generated_fact_155,5_MINUS_11,5,11,POST4_TURNING,DELTA_NAME,0.08122920989990234,-0.0018562078475952148,0.08308541774749756
gen4_name_direct_cross_layer_pair_level_differences_v1,generated_fact_156,5_MINUS_11,5,11,POST4_TURNING,DELTA_NAME,0.0891733169555664,0.010677695274353027,0.07849562168121338
gen4_name_direct_cross_layer_pair_level_differences_v1,generated_fact_157,5_MINUS_11,5,11,POST4_TURNING,DELTA_NAME,0.10538172721862793,-0.00025069713592529297,0.10563242435455322
gen4_name_direct_cross_layer_pair_level_differences_v1,generated_fact_158,5_MINUS_11,5,11,POST4_TURNING,DELTA_NAME,0.017891287803649902,-0.04265952110290527,0.060550808906555176
gen4_name_direct_cross_layer_pair_level_differences_v1,generated_fact_159,5_MINUS_11,5,11,POST4_TURNING,DELTA_NAME,-0.0357966423034668,0.028014302253723145,-0.06381094455718994
gen4_name_direct_cross_layer_pair_level_differences_v1,generated_fact_160,5_MINUS_11,5,11,POST4_TURNING,DELTA_NAME,0.08251619338989258,0.04948878288269043,0.03302741050720215
gen4_name_direct_cross_layer_pair_level_differences_v1,generated_fact_161,5_MINUS_11,5,11,POST4_TURNING,DELTA_NAME,-0.04314374923706055,-0.024884939193725586,-0.01825881004333496
gen4_name_direct_cross_layer_pair_level_differences_v1,generated_fact_162,5_MINUS_11,5,11,POST4_TURNING,DELTA_NAME,-0.13151991367340088,-0.005952358245849609,-0.12556755542755127
gen4_name_direct_cross_layer_pair_level_differences_v1,generated_fact_163,5_MINUS_11,5,11,POST4_TURNING,DELTA_NAME,-0.09535336494445801,-0.022245049476623535,-0.07310831546783447
gen4_name_direct_cross_layer_pair_level_differences_v1,generated_fact_164,5_MINUS_11,5,11,POST4_TURNING,DELTA_NAME,-0.028887033462524414,-0.03831684589385986,0.00942981243133545
gen4_name_direct_cross_layer_pair_level_differences_v1,generated_fact_165,5_MINUS_11,5,11,POST4_TURNING,DELTA_NAME,-0.0999070405960083,0.03561699390411377,-0.13552403450012207
gen4_name_direct_cross_layer_pair_level_differences_v1,generated_fact_166,5_MINUS_11,5,11,POST4_TURNING,DELTA_NAME,-0.024045109748840332,0.0012291669845581055,-0.025274276733398438
gen4_name_direct_cross_layer_pair_level_differences_v1,generated_fact_167,5_MINUS_11,5,11,POST4_TURNING,DELTA_NAME,0.08236932754516602,-0.0011965036392211914,0.08356583118438721
gen4_name_direct_cross_layer_pair_level_differences_v1,generated_fact_168,5_MINUS_11,5,11,POST4_TURNING,DELTA_NAME,0.08784186840057373,0.01022636890411377,0.07761549949645996
gen4_name_direct_cross_layer_pair_level_differences_v1,generated_fact_169,5_MINUS_11,5,11,POST4_TURNING,DELTA_NAME,0.10592949390411377,-3.1828880310058594e-05,0.10596132278442383
gen4_name_direct_cross_layer_pair_level_differences_v1,generated_fact_170,5_MINUS_11,5,11,POST4_TURNING,DELTA_NAME,0.01732611656188965,-0.04181361198425293,0.05913972854614258
gen4_name_direct_cross_layer_pair_level_differences_v1,generated_fact_171,5_MINUS_11,5,11,POST4_TURNING,DELTA_NAME,-0.0358659029006958,0.028313398361206055,-0.06417930126190186
gen4_name_direct_cross_layer_pair_level_differences_v1,generated_fact_172,5_MINUS_11,5,11,POST4_TURNING,DELTA_NAME,0.08216547966003418,0.04887723922729492,0.03328824043273926
gen4_name_direct_cross_layer_pair_level_differences_v1,generated_fact_173,5_MINUS_11,5,11,POST4_TURNING,DELTA_NAME,-0.04320192337036133,-0.025017619132995605,-0.018184304237365723
gen4_name_direct_cross_layer_pair_level_differences_v1,generated_fact_174,5_MINUS_11,5,11,POST4_TURNING,DELTA_NAME,-0.13177895545959473,-0.006296753883361816,-0.1254822015762329
gen4_name_direct_cross_layer_pair_level_differences_v1,generated_fact_175,5_MINUS_11,5,11,POST4_TURNING,DELTA_NAME,-0.09544038772583008,-0.021077275276184082,-0.074363112449646
gen4_name_direct_cross_layer_pair_level_differences_v1,generated_fact_176,5_MINUS_11,5,11,POST4_TURNING,DELTA_NAME,-0.029175996780395508,-0.038227200508117676,0.009051203727722168
gen4_name_direct_cross_layer_pair_level_differences_v1,generated_fact_177,5_MINUS_11,5,11,POST4_TURNING,DELTA_NAME,-0.09980916976928711,0.035663485527038574,-0.13547265529632568
gen4_name_direct_cross_layer_pair_level_differences_v1,generated_fact_178,5_MINUS_11,5,11,POST4_TURNING,DELTA_NAME,-0.02395474910736084,0.0015349388122558594,-0.0254896879196167
gen4_name_direct_cross_layer_pair_level_differences_v1,generated_fact_179,5_MINUS_11,5,11,POST4_TURNING,DELTA_NAME,0.0807647705078125,-0.0013804435729980469,0.08214521408081055
gen4_name_direct_cross_layer_pair_level_differences_v1,generated_fact_180,5_MINUS_11,5,11,POST4_TURNING,DELTA_NAME,0.08850538730621338,0.010463595390319824,0.07804179191589355
gen4_name_direct_cross_layer_pair_level_differences_v1,generated_fact_181,5_MINUS_11,5,11,POST4_TURNING,DELTA_NAME,0.10623443126678467,-9.608268737792969e-05,0.1063305139541626
gen4_name_direct_cross_layer_pair_level_differences_v1,generated_fact_182,5_MINUS_11,5,11,POST4_TURNING,DELTA_NAME,0.017643213272094727,-0.04239320755004883,0.060036420822143555
gen4_name_direct_cross_layer_pair_level_differences_v1,generated_fact_183,5_MINUS_11,5,11,POST4_TURNING,DELTA_NAME,-0.03504228591918945,0.02762424945831299,-0.06266653537750244
gen4_name_direct_cross_layer_pair_level_differences_v1,generated_fact_184,5_MINUS_11,5,11,POST4_TURNING,DELTA_NAME,0.08229935169219971,0.04935777187347412,0.032941579818725586
gen4_name_direct_cross_layer_pair_level_differences_v1,generated_fact_185,5_MINUS_11,5,11,POST4_TURNING,DELTA_NAME,-0.04314315319061279,-0.025241851806640625,-0.017901301383972168
gen4_name_direct_cross_layer_pair_level_differences_v1,generated_fact_186,5_MINUS_11,5,11,POST4_TURNING,DELTA_NAME,-0.131486177444458,-0.006387591361999512,-0.1250985860824585
gen4_name_direct_cross_layer_pair_level_differences_v1,generated_fact_187,5_MINUS_11,5,11,POST4_TURNING,DELTA_NAME,-0.09557747840881348,-0.021706461906433105,-0.07387101650238037
gen4_name_direct_cross_layer_pair_level_differences_v1,generated_fact_188,5_MINUS_11,5,11,POST4_TURNING,DELTA_NAME,-0.029088973999023438,-0.03834712505340576,0.009258151054382324
gen4_name_direct_cross_layer_pair_level_differences_v1,generated_fact_189,5_MINUS_11,5,11,POST4_TURNING,DELTA_NAME,-0.1001441478729248,0.035767316818237305,-0.1359114646911621
gen4_name_direct_cross_layer_pair_level_differences_v1,generated_fact_190,5_MINUS_11,5,11,POST4_TURNING,DELTA_NAME,-0.02400064468383789,0.0007585287094116211,-0.02475917339324951
gen4_name_direct_cross_layer_pair_level_differences_v1,generated_fact_191,5_MINUS_11,5,11,POST4_TURNING,DELTA_NAME,0.08175110816955566,-0.0017321109771728516,0.08348321914672852
gen4_name_direct_cross_layer_pair_level_differences_v1,generated_fact_192,5_MINUS_11,5,11,POST4_TURNING,DELTA_NAME,0.08725094795227051,0.010407209396362305,0.0768437385559082
gen4_name_direct_cross_layer_pair_level_differences_v1,generated_fact_193,5_MINUS_11,5,11,POST4_TURNING,DELTA_NAME,0.10656893253326416,-7.62939453125e-05,0.10664522647857666
gen4_name_direct_cross_layer_pair_level_differences_v1,generated_fact_194,5_MINUS_11,5,11,POST4_TURNING,DELTA_NAME,0.017578482627868652,-0.042020559310913086,0.05959904193878174
gen4_name_direct_cross_layer_pair_level_differences_v1,generated_fact_195,5_MINUS_11,5,11,POST4_TURNING,DELTA_NAME,-0.03552591800689697,0.027675747871398926,-0.0632016658782959
gen4_name_direct_cross_layer_pair_level_differences_v1,generated_fact_196,5_MINUS_11,5,11,POST4_TURNING,DELTA_NAME,0.08179283142089844,0.0486220121383667,0.03317081928253174
gen4_name_direct_cross_layer_pair_level_differences_v1,generated_fact_197,5_MINUS_11,5,11,POST4_TURNING,DELTA_NAME,-0.04402327537536621,-0.024859309196472168,-0.019163966178894043
gen4_name_direct_cross_layer_pair_level_differences_v1,generated_fact_198,5_MINUS_11,5,11,POST4_TURNING,DELTA_NAME,-0.13126444816589355,-0.006206393241882324,-0.12505805492401123
gen4_name_direct_cross_layer_pair_level_differences_v1,generated_fact_199,5_MINUS_11,5,11,POST4_TURNING,DELTA_NAME,-0.09497463703155518,-0.021325111389160156,-0.07364952564239502
gen4_name_direct_cross_layer_pair_level_differences_v1,generated_fact_200,5_MINUS_11,5,11,POST4_TURNING,DELTA_NAME,-0.029369115829467773,-0.03822147846221924,0.008852362632751465
gen4_name_direct_cross_layer_pair_level_differences_v1,generated_fact_201,5_MINUS_11,5,11,POST4_TURNING,DELTA_NAME,-0.10002243518829346,0.03596222400665283,-0.1359846591949463
gen4_name_direct_cross_layer_pair_level_differences_v1,generated_fact_202,5_MINUS_11,5,11,POST4_TURNING,DELTA_NAME,-0.024057984352111816,0.001420736312866211,-0.025478720664978027
gen4_name_direct_cross_layer_pair_level_differences_v1,generated_fact_203,5_MINUS_11,5,11,POST4_TURNING,DELTA_NAME,0.08077073097229004,-0.001315474510192871,0.08208620548248291
gen4_name_direct_cross_layer_pair_level_differences_v1,generated_fact_204,5_MINUS_11,5,11,POST4_TURNING,DELTA_NAME,0.08921265602111816,0.010375022888183594,0.07883763313293457
gen4_name_direct_cross_layer_pair_level_differences_v1,generated_fact_205,5_MINUS_11,5,11,POST4_TURNING,DELTA_NAME,0.10550010204315186,-0.00019347667694091797,0.10569357872009277
gen4_name_direct_cross_layer_pair_level_differences_v1,generated_fact_206,5_MINUS_11,5,11,POST4_TURNING,DELTA_NAME,0.017673134803771973,-0.04211127758026123,0.0597844123840332
gen4_name_direct_cross_layer_pair_level_differences_v1,generated_fact_207,5_MINUS_11,5,11,POST4_TURNING,DELTA_NAME,-0.03523063659667969,0.027565956115722656,-0.06279659271240234
gen4_name_direct_cross_layer_pair_level_differences_v1,generated_fact_208,5_MINUS_11,5,11,POST4_TURNING,DELTA_NAME,0.08263182640075684,0.04889380931854248,0.033738017082214355
gen4_name_direct_cross_layer_pair_level_differences_v1,generated_fact_209,5_MINUS_11,5,11,POST4_TURNING,DELTA_NAME,-0.0441126823425293,-0.025478124618530273,-0.018634557723999023
gen4_name_direct_cross_layer_pair_level_differences_v1,generated_fact_210,5_MINUS_11,5,11,POST4_TURNING,DELTA_NAME,-0.13134217262268066,-0.006114363670349121,-0.12522780895233154
gen4_name_direct_cross_layer_pair_level_differences_v1,generated_fact_211,5_MINUS_11,5,11,POST4_TURNING,DELTA_NAME,-0.09465181827545166,-0.02159857749938965,-0.07305324077606201
gen4_name_direct_cross_layer_pair_level_differences_v1,generated_fact_212,5_MINUS_11,5,11,POST4_TURNING,DELTA_NAME,-0.028805851936340332,-0.03795790672302246,0.009152054786682129
gen4_name_direct_cross_layer_pair_level_differences_v1,generated_fact_213,5_MINUS_11,5,11,POST4_TURNING,DELTA_NAME,-0.09978675842285156,0.036041855812072754,-0.13582861423492432
gen4_name_direct_cross_layer_pair_level_differences_v1,generated_fact_214,5_MINUS_11,5,11,POST4_TURNING,DELTA_NAME,-0.024106860160827637,0.0011811256408691406,-0.025287985801696777
gen4_name_direct_cross_layer_pair_level_differences_v1,generated_fact_215,5_MINUS_11,5,11,POST4_TURNING,DELTA_NAME,0.08193206787109375,-0.0020154714584350586,0.08394753932952881
gen4_name_direct_cross_layer_pair_level_differences_v1,generated_fact_216,5_MINUS_11,5,11,POST4_TURNING,DELTA_NAME,0.08757209777832031,0.010332822799682617,0.0772392749786377
gen4_name_direct_cross_layer_pair_level_differences_v1,generated_fact_217,5_MINUS_11,5,11,POST4_TURNING,DELTA_NAME,0.10581755638122559,4.1961669921875e-05,0.10577559471130371
gen4_name_direct_cross_layer_pair_level_differences_v1,generated_fact_218,5_MINUS_11,5,11,POST4_TURNING,DELTA_NAME,0.016963839530944824,-0.04235959053039551,0.05932343006134033
gen4_name_direct_cross_layer_pair_level_differences_v1,generated_fact_219,5_MINUS_11,5,11,POST4_TURNING,DELTA_NAME,-0.036257028579711914,0.027802109718322754,-0.06405913829803467
gen4_name_direct_cross_layer_pair_level_differences_v1,generated_fact_220,5_MINUS_11,5,11,POST4_TURNING,DELTA_NAME,0.08198821544647217,0.049019575119018555,0.03296864032745361
gen4_name_direct_cross_layer_pair_level_differences_v1,generated_fact_221,5_MINUS_11,5,11,POST4_TURNING,DELTA_NAME,-0.04412484169006348,-0.025339603424072266,-0.01878523826599121
gen4_name_direct_cross_layer_pair_level_differences_v1,generated_fact_222,5_MINUS_11,5,11,POST4_TURNING,DELTA_NAME,-0.13165760040283203,-0.006157875061035156,-0.12549972534179688
gen4_name_direct_cross_layer_pair_level_differences_v1,generated_fact_223,5_MINUS_11,5,11,POST4_TURNING,DELTA_NAME,-0.09517073631286621,-0.020924806594848633,-0.07424592971801758
gen4_name_direct_cross_layer_pair_level_differences_v1,generated_fact_224,5_MINUS_11,5,11,POST4_TURNING,DELTA_NAME,-0.028997182846069336,-0.03804636001586914,0.009049177169799805
gen4_name_direct_cross_layer_pair_level_differences_v1,generated_fact_225,5_MINUS_11,5,11,POST4_TURNING,DELTA_NAME,-0.09966373443603516,0.03556680679321289,-0.13523054122924805
gen4_name_direct_cross_layer_pair_level_differences_v1,generated_fact_226,5_MINUS_11,5,11,POST4_TURNING,DELTA_NAME,-0.02374708652496338,0.0016745328903198242,-0.025421619415283203
gen4_name_direct_cross_layer_pair_level_differences_v1,generated_fact_227,5_MINUS_11,5,11,POST4_TURNING,DELTA_NAME,0.08111691474914551,-0.001652359962463379,0.08276927471160889
gen4_name_direct_cross_layer_pair_level_differences_v1,generated_fact_228,5_MINUS_11,5,11,POST4_TURNING,DELTA_NAME,0.0885704755783081,0.011004447937011719,0.07756602764129639
gen4_name_direct_cross_layer_pair_level_differences_v1,generated_fact_229,5_MINUS_11,5,11,POST4_TURNING,DELTA_NAME,0.10538673400878906,0.00028264522552490234,0.10510408878326416
gen4_name_direct_cross_layer_pair_level_differences_v1,generated_fact_230,5_MINUS_11,5,11,POST4_TURNING,DELTA_NAME,0.01776421070098877,-0.042298316955566406,0.060062527656555176
gen4_name_direct_cross_layer_pair_level_differences_v1,generated_fact_231,5_MINUS_11,5,11,POST4_TURNING,DELTA_NAME,-0.03530073165893555,0.027487874031066895,-0.06278860569000244
gen4_name_direct_cross_layer_pair_level_differences_v1,generated_fact_232,5_MINUS_11,5,11,POST4_TURNING,DELTA_NAME,0.08218348026275635,0.049062490463256836,0.03312098979949951
gen4_name_direct_cross_layer_pair_level_differences_v1,generated_fact_233,5_MINUS_11,5,11,POST4_TURNING,DELTA_NAME,-0.043067216873168945,-0.025771617889404297,-0.01729559898376465
gen4_name_direct_cross_layer_pair_level_differences_v1,generated_fact_234,5_MINUS_11,5,11,POST4_TURNING,DELTA_NAME,-0.1317887306213379,-0.0060002803802490234,-0.12578845024108887
gen4_name_direct_cross_layer_pair_level_differences_v1,generated_fact_235,5_MINUS_11,5,11,POST4_TURNING,DELTA_NAME,-0.09484660625457764,-0.02174067497253418,-0.07310593128204346
gen4_name_direct_cross_layer_pair_level_differences_v1,generated_fact_236,5_MINUS_11,5,11,POST4_TURNING,DELTA_NAME,-0.028999805450439453,-0.0386354923248291,0.009635686874389648
gen4_name_direct_cross_layer_pair_level_differences_v1,generated_fact_237,5_MINUS_11,5,11,POST4_TURNING,DELTA_NAME,-0.09987330436706543,0.0357893705368042,-0.13566267490386963
gen4_name_direct_cross_layer_pair_level_differences_v1,generated_fact_238,5_MINUS_11,5,11,POST4_TURNING,DELTA_NAME,-0.023367881774902344,0.0007241964340209961,-0.02409207820892334
gen4_name_direct_cross_layer_pair_level_differences_v1,generated_fact_239,5_MINUS_11,5,11,POST4_TURNING,DELTA_NAME,0.08198583126068115,-0.0020112991333007812,0.08399713039398193
gen4_name_direct_cross_layer_pair_level_differences_v1,generated_fact_240,5_MINUS_11,5,11,POST4_TURNING,DELTA_NAME,0.08793342113494873,0.010911345481872559,0.07702207565307617
gen4_name_direct_cross_layer_pair_level_differences_v1,generated_fact_241,5_MINUS_11,5,11,POST4_TURNING,DELTA_NAME,0.10569071769714355,-0.00018274784088134766,0.1058734655380249
gen4_name_direct_cross_layer_pair_level_differences_v1,generated_fact_242,5_MINUS_11,5,11,POST4_TURNING,DELTA_NAME,0.017720460891723633,-0.04214215278625488,0.059862613677978516
gen4_name_direct_cross_layer_pair_level_differences_v1,generated_fact_243,5_MINUS_11,5,11,POST4_TURNING,DELTA_NAME,-0.036266207695007324,0.027986764907836914,-0.06425297260284424
gen4_name_direct_cross_layer_pair_level_differences_v1,generated_fact_244,5_MINUS_11,5,11,POST4_TURNING,DELTA_NAME,0.08171963691711426,0.048920631408691406,0.03279900550842285
gen4_name_direct_cross_layer_pair_level_differences_v1,generated_fact_245,5_MINUS_11,5,11,POST4_TURNING,DELTA_NAME,-0.04374253749847412,-0.024882793426513672,-0.01885974407196045
gen4_name_direct_cross_layer_pair_level_differences_v1,generated_fact_246,5_MINUS_11,5,11,POST4_TURNING,DELTA_NAME,-0.13183188438415527,-0.006012558937072754,-0.12581932544708252
gen4_name_direct_cross_layer_pair_level_differences_v1,generated_fact_247,5_MINUS_11,5,11,POST4_TURNING,DELTA_NAME,-0.0946279764175415,-0.021786808967590332,-0.07284116744995117
gen4_name_direct_cross_layer_pair_level_differences_v1,generated_fact_248,5_MINUS_11,5,11,POST4_TURNING,DELTA_NAME,-0.029040098190307617,-0.037926554679870605,0.008886456489562988
gen4_name_direct_cross_layer_pair_level_differences_v1,generated_fact_249,5_MINUS_11,5,11,POST4_TURNING,DELTA_NAME,-0.10007548332214355,0.034979820251464844,-0.1350553035736084
gen4_name_direct_cross_layer_pair_level_differences_v1,generated_fact_250,5_MINUS_11,5,11,POST4_TURNING,DELTA_NAME,-0.024042487144470215,0.001610398292541504,-0.02565288543701172
gen4_name_direct_cross_layer_pair_level_differences_v1,generated_fact_251,5_MINUS_11,5,11,POST4_TURNING,DELTA_NAME,0.08145129680633545,-0.001203775405883789,0.08265507221221924
gen4_name_direct_cross_layer_pair_level_differences_v1,generated_fact_252,5_MINUS_11,5,11,POST4_TURNING,DELTA_NAME,0.08887195587158203,0.01064610481262207,0.07822585105895996
gen4_name_direct_cross_layer_pair_level_differences_v1,generated_fact_253,5_MINUS_11,5,11,POST4_TURNING,DELTA_NAME,0.10588109493255615,5.829334259033203e-05,0.10582280158996582
gen4_name_direct_cross_layer_pair_level_differences_v1,generated_fact_254,5_MINUS_11,5,11,POST4_TURNING,DELTA_NAME,0.017938971519470215,-0.04234886169433594,0.06028783321380615
gen4_name_direct_cross_layer_pair_level_differences_v1,generated_fact_255,5_MINUS_11,5,11,POST4_TURNING,DELTA_NAME,-0.03523612022399902,0.02790665626525879,-0.06314277648925781
gen4_name_direct_cross_layer_pair_level_differences_v1,generated_fact_256,5_MINUS_11,5,11,POST4_TURNING,DELTA_NAME,0.08237874507904053,0.04926729202270508,0.03311145305633545
gen4_name_direct_cross_layer_pair_level_differences_v1,generated_fact_257,5_MINUS_11,5,11,POST4_TURNING,DELTA_NAME,-0.04310417175292969,-0.025084257125854492,-0.018019914627075195
gen4_name_direct_cross_layer_pair_level_differences_v1,generated_fact_258,5_MINUS_11,5,11,POST4_TURNING,DELTA_NAME,-0.1320432424545288,-0.006284117698669434,-0.12575912475585938
gen4_name_direct_cross_layer_pair_level_differences_v1,generated_fact_259,5_MINUS_11,5,11,POST4_TURNING,DELTA_NAME,-0.09536302089691162,-0.021673917770385742,-0.07368910312652588
gen4_name_direct_cross_layer_pair_level_differences_v1,generated_fact_260,5_MINUS_11,5,11,POST4_TURNING,DELTA_NAME,-0.029013752937316895,-0.038662075996398926,0.009648323059082031
gen4_name_direct_cross_layer_pair_level_differences_v1,generated_fact_261,5_MINUS_11,5,11,POST4_TURNING,DELTA_NAME,-0.10000753402709961,0.03611874580383301,-0.13612627983093262
gen4_name_direct_cross_layer_pair_level_differences_v1,generated_fact_262,5_MINUS_11,5,11,POST4_TURNING,DELTA_NAME,-0.024080395698547363,0.001048445701599121,-0.025128841400146484
gen4_name_direct_cross_layer_pair_level_differences_v1,generated_fact_263,5_MINUS_11,5,11,POST4_TURNING,DELTA_NAME,0.08178973197937012,-0.0013494491577148438,0.08313918113708496
gen4_name_direct_cross_layer_pair_level_differences_v1,generated_fact_264,5_MINUS_11,5,11,POST4_TURNING,DELTA_NAME,0.08756279945373535,0.010315775871276855,0.0772470235824585
gen4_name_direct_cross_layer_pair_level_differences_v1,generated_fact_265,5_MINUS_11,5,11,POST4_TURNING,DELTA_NAME,0.10617494583129883,2.002716064453125e-05,0.1061549186706543
gen4_name_direct_cross_layer_pair_level_differences_v1,generated_fact_266,5_MINUS_11,5,11,POST4_TURNING,DELTA_NAME,0.017186999320983887,-0.041977524757385254,0.05916452407836914
gen4_name_direct_cross_layer_pair_level_differences_v1,generated_fact_267,5_MINUS_11,5,11,POST4_TURNING,DELTA_NAME,-0.03626120090484619,0.02769601345062256,-0.06395721435546875
gen4_name_direct_cross_layer_pair_level_differences_v1,generated_fact_268,5_MINUS_11,5,11,POST4_TURNING,DELTA_NAME,0.08149099349975586,0.04891514778137207,0.03257584571838379
gen4_name_direct_cross_layer_pair_level_differences_v1,generated_fact_269,5_MINUS_11,5,11,POST4_TURNING,DELTA_NAME,-0.04388713836669922,-0.025183439254760742,-0.018703699111938477
gen4_name_direct_cross_layer_pair_level_differences_v1,generated_fact_270,5_MINUS_11,5,11,POST4_TURNING,DELTA_NAME,-0.13169801235198975,-0.006376504898071289,-0.12532150745391846
gen4_name_direct_cross_layer_pair_level_differences_v1,generated_fact_271,5_MINUS_11,5,11,POST4_TURNING,DELTA_NAME,-0.09535074234008789,-0.021131038665771484,-0.0742197036743164
gen4_name_direct_cross_layer_pair_level_differences_v1,generated_fact_272,5_MINUS_11,5,11,POST4_TURNING,DELTA_NAME,-0.02908790111541748,-0.037897467613220215,0.008809566497802734
gen4_name_direct_cross_layer_pair_level_differences_v1,generated_fact_273,5_MINUS_11,5,11,POST4_TURNING,DELTA_NAME,-0.10008680820465088,0.03547191619873047,-0.13555872440338135
gen4_name_direct_cross_layer_pair_level_differences_v1,generated_fact_274,5_MINUS_11,5,11,POST4_TURNING,DELTA_NAME,-0.02380204200744629,0.001305699348449707,-0.025107741355895996
gen4_name_direct_cross_layer_pair_level_differences_v1,generated_fact_275,5_MINUS_11,5,11,POST4_TURNING,DELTA_NAME,0.08107399940490723,-0.0019680261611938477,0.08304202556610107
gen4_name_direct_cross_layer_pair_level_differences_v1,generated_fact_276,5_MINUS_11,5,11,POST4_TURNING,DELTA_NAME,0.08821845054626465,0.010463476181030273,0.07775497436523438
gen4_name_direct_cross_layer_pair_level_differences_v1,generated_fact_277,5_MINUS_11,5,11,POST4_TURNING,DELTA_NAME,0.10617852210998535,-9.965896606445312e-05,0.1062781810760498
gen4_name_direct_cross_layer_pair_level_differences_v1,generated_fact_278,5_MINUS_11,5,11,POST4_TURNING,DELTA_NAME,0.017809271812438965,-0.04265320301055908,0.06046247482299805
gen4_name_direct_cross_layer_pair_level_differences_v1,generated_fact_279,5_MINUS_11,5,11,POST4_TURNING,DELTA_NAME,-0.03513216972351074,0.027514338493347168,-0.06264650821685791
gen4_name_direct_cross_layer_pair_level_differences_v1,generated_fact_280,5_MINUS_11,5,11,POST4_TURNING,DELTA_NAME,0.08216273784637451,0.04909861087799072,0.03306412696838379
gen4_name_direct_cross_layer_pair_level_differences_v1,generated_fact_281,5_MINUS_11,5,11,POST4_TURNING,DELTA_NAME,-0.0435260534286499,-0.02495098114013672,-0.018575072288513184
gen4_name_direct_cross_layer_pair_level_differences_v1,generated_fact_282,5_MINUS_11,5,11,POST4_TURNING,DELTA_NAME,-0.13160336017608643,-0.006006121635437012,-0.12559723854064941
gen4_name_direct_cross_layer_pair_level_differences_v1,generated_fact_283,5_MINUS_11,5,11,POST4_TURNING,DELTA_NAME,-0.09482192993164062,-0.02186596393585205,-0.07295596599578857
gen4_name_direct_cross_layer_pair_level_differences_v1,generated_fact_284,5_MINUS_11,5,11,POST4_TURNING,DELTA_NAME,-0.029309630393981934,-0.03831768035888672,0.009008049964904785
gen4_name_direct_cross_layer_pair_level_differences_v1,generated_fact_285,5_MINUS_11,5,11,POST4_TURNING,DELTA_NAME,-0.09984230995178223,0.036482810974121094,-0.13632512092590332
gen4_name_direct_cross_layer_pair_level_differences_v1,generated_fact_286,5_MINUS_11,5,11,POST4_TURNING,DELTA_NAME,-0.024094223976135254,0.0010181665420532227,-0.025112390518188477
gen4_name_direct_cross_layer_pair_level_differences_v1,generated_fact_287,5_MINUS_11,5,11,POST4_TURNING,DELTA_NAME,0.08195161819458008,-0.0013848543167114258,0.0833364725112915
gen4_name_direct_cross_layer_pair_level_differences_v1,generated_fact_288,5_MINUS_11,5,11,POST4_TURNING,DELTA_NAME,0.08796894550323486,0.010341525077819824,0.07762742042541504
gen4_name_direct_cross_layer_pair_level_differences_v1,generated_fact_289,5_MINUS_11,5,11,POST4_TURNING,DELTA_NAME,0.10588681697845459,-0.00027632713317871094,0.1061631441116333
gen4_name_direct_cross_layer_pair_level_differences_v1,generated_fact_290,5_MINUS_11,5,11,POST4_TURNING,DELTA_NAME,0.017337441444396973,-0.0417100191116333,0.05904746055603027
gen4_name_direct_cross_layer_pair_level_differences_v1,generated_fact_291,5_MINUS_11,5,11,POST4_TURNING,DELTA_NAME,-0.035732150077819824,0.027707338333129883,-0.06343948841094971
gen4_name_direct_cross_layer_pair_level_differences_v1,generated_fact_292,5_MINUS_11,5,11,POST4_TURNING,DELTA_NAME,0.08185791969299316,0.048432230949401855,0.03342568874359131
gen4_name_direct_cross_layer_pair_level_differences_v1,generated_fact_293,5_MINUS_11,5,11,POST4_TURNING,DELTA_NAME,-0.04482746124267578,-0.02569258213043213,-0.019134879112243652
gen4_name_direct_cross_layer_pair_level_differences_v1,generated_fact_294,5_MINUS_11,5,11,POST4_TURNING,DELTA_NAME,-0.13130974769592285,-0.0061876773834228516,-0.1251220703125
gen4_name_direct_cross_layer_pair_level_differences_v1,generated_fact_295,5_MINUS_11,5,11,POST4_TURNING,DELTA_NAME,-0.0947120189666748,-0.0211031436920166,-0.0736088752746582
gen4_name_direct_cross_layer_pair_level_differences_v1,generated_fact_296,5_MINUS_11,5,11,POST4_TURNING,DELTA_NAME,-0.028923988342285156,-0.03759121894836426,0.008667230606079102
gen4_name_direct_cross_layer_pair_level_differences_v1,generated_fact_297,5_MINUS_11,5,11,POST4_TURNING,DELTA_NAME,-0.09981274604797363,0.03562116622924805,-0.13543391227722168
gen4_name_direct_cross_layer_pair_level_differences_v1,generated_fact_298,5_MINUS_11,5,11,POST4_TURNING,DELTA_NAME,-0.02379441261291504,0.0014753341674804688,-0.025269746780395508
gen4_name_direct_cross_layer_pair_level_differences_v1,generated_fact_299,5_MINUS_11,5,11,POST4_TURNING,DELTA_NAME,0.08092856407165527,-0.001730203628540039,0.08265876770019531
gen4_name_direct_cross_layer_pair_level_differences_v1,generated_fact_300,5_MINUS_11,5,11,POST4_TURNING,DELTA_NAME,0.0886831283569336,0.010392427444458008,0.07829070091247559
gen4_name_direct_cross_layer_pair_level_differences_v1,glacier_study,5_MINUS_11,5,11,POST4_TURNING,DELTA_NAME,0.026692986488342285,-0.012408614158630371,0.039101600646972656
gen4_name_direct_cross_layer_pair_level_differences_v1,harbor_upgrade,5_MINUS_11,5,11,POST4_TURNING,DELTA_NAME,0.05102992057800293,0.007565975189208984,0.043463945388793945
gen4_name_direct_cross_layer_pair_level_differences_v1,jazz_archive,5_MINUS_11,5,11,POST4_TURNING,DELTA_NAME,0.0002878904342651367,-0.05108523368835449,0.05137312412261963
gen4_name_direct_cross_layer_pair_level_differences_v1,language_program,5_MINUS_11,5,11,POST4_TURNING,DELTA_NAME,0.003584146499633789,0.014249444007873535,-0.010665297508239746
gen4_name_direct_cross_layer_pair_level_differences_v1,library_digitization,5_MINUS_11,5,11,POST4_TURNING,DELTA_NAME,-0.05172085762023926,-0.011214613914489746,-0.04050624370574951
gen4_name_direct_cross_layer_pair_level_differences_v1,market_renovation,5_MINUS_11,5,11,POST4_TURNING,DELTA_NAME,-0.1218419075012207,-0.050205111503601074,-0.07163679599761963
gen4_name_direct_cross_layer_pair_level_differences_v1,museum_purchase,5_MINUS_11,5,11,POST4_TURNING,DELTA_NAME,0.12196576595306396,0.05024063587188721,0.07172513008117676
gen4_name_direct_cross_layer_pair_level_differences_v1,opera_premiere,5_MINUS_11,5,11,POST4_TURNING,DELTA_NAME,0.01104748249053955,0.00536501407623291,0.005682468414306641
gen4_name_direct_cross_layer_pair_level_differences_v1,orion_approval,5_MINUS_11,5,11,POST4_TURNING,DELTA_NAME,-0.027205467224121094,-0.028007149696350098,0.0008016824722290039
gen4_name_direct_cross_layer_pair_level_differences_v1,poetry_prize,5_MINUS_11,5,11,POST4_TURNING,DELTA_NAME,0.023940086364746094,-0.016829848289489746,0.04076993465423584
gen4_name_direct_cross_layer_pair_level_differences_v1,railway_restoration,5_MINUS_11,5,11,POST4_TURNING,DELTA_NAME,0.028672456741333008,-0.03685736656188965,0.06552982330322266
gen4_name_direct_cross_layer_pair_level_differences_v1,reef_protection,5_MINUS_11,5,11,POST4_TURNING,DELTA_NAME,0.004979252815246582,0.009557962417602539,-0.004578709602355957
gen4_name_direct_cross_layer_pair_level_differences_v1,robotics_championship,5_MINUS_11,5,11,POST4_TURNING,DELTA_NAME,-0.007742643356323242,0.06163311004638672,-0.06937575340270996
gen4_name_direct_cross_layer_pair_level_differences_v1,satellite_launch,5_MINUS_11,5,11,POST4_TURNING,DELTA_NAME,0.06476926803588867,-0.006665349006652832,0.0714346170425415
gen4_name_direct_cross_layer_pair_level_differences_v1,school_opening,5_MINUS_11,5,11,POST4_TURNING,DELTA_NAME,-0.057779788970947266,-0.0508880615234375,-0.006891727447509766
gen4_name_direct_cross_layer_pair_level_differences_v1,solar_farm_contract,5_MINUS_11,5,11,POST4_TURNING,DELTA_NAME,0.017546653747558594,-0.006745815277099609,0.024292469024658203
gen4_name_direct_cross_layer_pair_level_differences_v1,theater_restoration,5_MINUS_11,5,11,POST4_TURNING,DELTA_NAME,-0.04486250877380371,0.016494274139404297,-0.06135678291320801
gen4_name_direct_cross_layer_pair_level_differences_v1,treaty_signature,5_MINUS_11,5,11,POST4_TURNING,DELTA_NAME,0.017747998237609863,-0.020018935203552246,0.03776693344116211
gen4_name_direct_cross_layer_pair_level_differences_v1,vaccine_delivery,5_MINUS_11,5,11,POST4_TURNING,DELTA_NAME,0.04004263877868652,0.027235865592956543,0.01280677318572998
gen4_name_direct_cross_layer_pair_level_differences_v1,volcano_observatory,5_MINUS_11,5,11,POST4_TURNING,DELTA_NAME,-0.02439117431640625,-0.024283528327941895,-0.00010764598846435547
gen4_name_direct_cross_layer_pair_level_differences_v1,wetland_restoration,5_MINUS_11,5,11,POST4_TURNING,DELTA_NAME,-0.03568553924560547,-0.03460133075714111,-0.0010842084884643555
gen4_name_direct_cross_layer_pair_level_differences_v1,archive_release,5_MINUS_11,5,11,POST4_PATH_EFFICIENCY,DELTA_NAME,-0.0159636556136441,0.010925970194755441,-0.026889625808399542
gen4_name_direct_cross_layer_pair_level_differences_v1,bridge_opening,5_MINUS_11,5,11,POST4_PATH_EFFICIENCY,DELTA_NAME,0.03623131133577434,0.007087475544760857,0.029143835791013484
gen4_name_direct_cross_layer_pair_level_differences_v1,canal_reopening,5_MINUS_11,5,11,POST4_PATH_EFFICIENCY,DELTA_NAME,0.0004535994404633037,-0.009939130585943867,0.010392730026407171
gen4_name_direct_cross_layer_pair_level_differences_v1,clinic_expansion,5_MINUS_11,5,11,POST4_PATH_EFFICIENCY,DELTA_NAME,0.0026736544360972947,-0.003856330678540132,0.006529985114637427
gen4_name_direct_cross_layer_pair_level_differences_v1,dam_inspection,5_MINUS_11,5,11,POST4_PATH_EFFICIENCY,DELTA_NAME,-0.002737723134851544,0.0001331039330434991,-0.002870827067895043
gen4_name_direct_cross_layer_pair_level_differences_v1,ferry_launch,5_MINUS_11,5,11,POST4_PATH_EFFICIENCY,DELTA_NAME,-4.97205856225813e-06,-0.010691917092958692,0.010686945034396433
gen4_name_direct_cross_layer_pair_level_differences_v1,festival_selection,5_MINUS_11,5,11,POST4_PATH_EFFICIENCY,DELTA_NAME,0.025200759213612145,0.004778701060350665,0.02042205815326148
gen4_name_direct_cross_layer_pair_level_differences_v1,forest_mapping,5_MINUS_11,5,11,POST4_PATH_EFFICIENCY,DELTA_NAME,-0.014142281663146905,0.012312520908404678,-0.026454802571551583
gen4_name_direct_cross_layer_pair_level_differences_v1,garden_award,5_MINUS_11,5,11,POST4_PATH_EFFICIENCY,DELTA_NAME,-0.0022568116566090146,0.003217756767047053,-0.005474568423656068
gen4_name_direct_cross_layer_pair_level_differences_v1,generated_fact_031,5_MINUS_11,5,11,POST4_PATH_EFFICIENCY,DELTA_NAME,0.042020599756393606,0.00708477551775144,0.034935824238642166
gen4_name_direct_cross_layer_pair_level_differences_v1,generated_fact_032,5_MINUS_11,5,11,POST4_PATH_EFFICIENCY,DELTA_NAME,-0.005904024318195034,-0.006823314136479464,0.00091928981828443
gen4_name_direct_cross_layer_pair_level_differences_v1,generated_fact_033,5_MINUS_11,5,11,POST4_PATH_EFFICIENCY,DELTA_NAME,-0.03891162750725807,0.011796917898779291,-0.050708545406037364
gen4_name_direct_cross_layer_pair_level_differences_v1,generated_fact_034,5_MINUS_11,5,11,POST4_PATH_EFFICIENCY,DELTA_NAME,0.023958136513572925,0.002292092142517743,0.021666044371055182
gen4_name_direct_cross_layer_pair_level_differences_v1,generated_fact_035,5_MINUS_11,5,11,POST4_PATH_EFFICIENCY,DELTA_NAME,0.03244936523665193,0.004424711096111866,0.028024654140540062
gen4_name_direct_cross_layer_pair_level_differences_v1,generated_fact_036,5_MINUS_11,5,11,POST4_PATH_EFFICIENCY,DELTA_NAME,-0.0008460146779880051,-0.016163640936859736,0.01531762625887173
gen4_name_direct_cross_layer_pair_level_differences_v1,generated_fact_037,5_MINUS_11,5,11,POST4_PATH_EFFICIENCY,DELTA_NAME,0.011255951588646174,0.008333888524324207,0.002922063064321967
gen4_name_direct_cross_layer_pair_level_differences_v1,generated_fact_038,5_MINUS_11,5,11,POST4_PATH_EFFICIENCY,DELTA_NAME,0.007973052501175415,-0.019517842656771145,0.02749089515794656
gen4_name_direct_cross_layer_pair_level_differences_v1,generated_fact_039,5_MINUS_11,5,11,POST4_PATH_EFFICIENCY,DELTA_NAME,-0.02661809692400957,0.005235936866815172,-0.03185403379082474
gen4_name_direct_cross_layer_pair_level_differences_v1,generated_fact_040,5_MINUS_11,5,11,POST4_PATH_EFFICIENCY,DELTA_NAME,0.00020199555383809686,-0.0018841263621324211,0.002086121915970518
gen4_name_direct_cross_layer_pair_level_differences_v1,generated_fact_041,5_MINUS_11,5,11,POST4_PATH_EFFICIENCY,DELTA_NAME,-0.0017516257255347778,0.03208850863229823,-0.03384013435783301
gen4_name_direct_cross_layer_pair_level_differences_v1,generated_fact_042,5_MINUS_11,5,11,POST4_PATH_EFFICIENCY,DELTA_NAME,-0.01965975280841703,-0.0046056438223950336,-0.015054108986021997
gen4_name_direct_cross_layer_pair_level_differences_v1,generated_fact_043,5_MINUS_11,5,11,POST4_PATH_EFFICIENCY,DELTA_NAME,0.040950263987293456,0.006530444836816696,0.03441981915047676
gen4_name_direct_cross_layer_pair_level_differences_v1,generated_fact_044,5_MINUS_11,5,11,POST4_PATH_EFFICIENCY,DELTA_NAME,-0.0064085201361063215,-0.007009733778135463,0.0006012136420291414
gen4_name_direct_cross_layer_pair_level_differences_v1,generated_fact_045,5_MINUS_11,5,11,POST4_PATH_EFFICIENCY,DELTA_NAME,-0.03858524966383459,0.011933308208412097,-0.05051855787224668
gen4_name_direct_cross_layer_pair_level_differences_v1,generated_fact_046,5_MINUS_11,5,11,POST4_PATH_EFFICIENCY,DELTA_NAME,0.02402500074617464,0.002667699946785951,0.02135730079938869
gen4_name_direct_cross_layer_pair_level_differences_v1,generated_fact_047,5_MINUS_11,5,11,POST4_PATH_EFFICIENCY,DELTA_NAME,0.03234466256683233,0.0043480682316486274,0.0279965943351837
gen4_name_direct_cross_layer_pair_level_differences_v1,generated_fact_048,5_MINUS_11,5,11,POST4_PATH_EFFICIENCY,DELTA_NAME,-0.0006496845386668171,-0.016016363609519302,0.015366679070852485
gen4_name_direct_cross_layer_pair_level_differences_v1,generated_fact_049,5_MINUS_11,5,11,POST4_PATH_EFFICIENCY,DELTA_NAME,0.011346241882946917,0.008245156687964883,0.003101085194982034
gen4_name_direct_cross_layer_pair_level_differences_v1,generated_fact_050,5_MINUS_11,5,11,POST4_PATH_EFFICIENCY,DELTA_NAME,0.008018705533415105,-0.019575934284827068,0.027594639818242173
gen4_name_direct_cross_layer_pair_level_differences_v1,generated_fact_051,5_MINUS_11,5,11,POST4_PATH_EFFICIENCY,DELTA_NAME,-0.026985669396296708,0.004920847342592738,-0.031906516738889446
gen4_name_direct_cross_layer_pair_level_differences_v1,generated_fact_052,5_MINUS_11,5,11,POST4_PATH_EFFICIENCY,DELTA_NAME,6.339852804920776e-05,-0.0023299916738610538,0.0023933902019102615
gen4_name_direct_cross_layer_pair_level_differences_v1,generated_fact_053,5_MINUS_11,5,11,POST4_PATH_EFFICIENCY,DELTA_NAME,-0.0022105290931546118,0.032254649988489814,-0.034465179081644426
gen4_name_direct_cross_layer_pair_level_differences_v1,generated_fact_054,5_MINUS_11,5,11,POST4_PATH_EFFICIENCY,DELTA_NAME,-0.019069721716410415,-0.004379757761177716,-0.014689963955232699
gen4_name_direct_cross_layer_pair_level_differences_v1,generated_fact_055,5_MINUS_11,5,11,POST4_PATH_EFFICIENCY,DELTA_NAME,0.04186374088571243,0.006673104734129631,0.0351906361515828
gen4_name_direct_cross_layer_pair_level_differences_v1,generated_fact_056,5_MINUS_11,5,11,POST4_PATH_EFFICIENCY,DELTA_NAME,-0.006096130397697963,-0.006852170623258824,0.0007560402255608611
gen4_name_direct_cross_layer_pair_level_differences_v1,generated_fact_057,5_MINUS_11,5,11,POST4_PATH_EFFICIENCY,DELTA_NAME,-0.038577501392226876,0.011732850402445816,-0.05031035179467269
gen4_name_direct_cross_layer_pair_level_differences_v1,generated_fact_058,5_MINUS_11,5,11,POST4_PATH_EFFICIENCY,DELTA_NAME,0.023977576340971696,0.002182388001335911,0.021795188339635785
gen4_name_direct_cross_layer_pair_level_differences_v1,generated_fact_059,5_MINUS_11,5,11,POST4_PATH_EFFICIENCY,DELTA_NAME,0.03251572790765178,0.004599422544318887,0.027916305363332894
gen4_name_direct_cross_layer_pair_level_differences_v1,generated_fact_060,5_MINUS_11,5,11,POST4_PATH_EFFICIENCY,DELTA_NAME,-0.0007143922749057174,-0.016156313917935705,0.015441921643029988
gen4_name_direct_cross_layer_pair_level_differences_v1,generated_fact_061,5_MINUS_11,5,11,POST4_PATH_EFFICIENCY,DELTA_NAME,0.011565113044052333,0.008531842592591932,0.0030332704514604014
gen4_name_direct_cross_layer_pair_level_differences_v1,generated_fact_062,5_MINUS_11,5,11,POST4_PATH_EFFICIENCY,DELTA_NAME,0.007996943230474396,-0.019270083796262383,0.02726702702673678
gen4_name_direct_cross_layer_pair_level_differences_v1,generated_fact_063,5_MINUS_11,5,11,POST4_PATH_EFFICIENCY,DELTA_NAME,-0.026739752493298408,0.005374382364893016,-0.03211413485819142
gen4_name_direct_cross_layer_pair_level_differences_v1,generated_fact_064,5_MINUS_11,5,11,POST4_PATH_EFFICIENCY,DELTA_NAME,0.00012124613022873598,-0.002207079916567156,0.002328326046795892
gen4_name_direct_cross_layer_pair_level_differences_v1,generated_fact_065,5_MINUS_11,5,11,POST4_PATH_EFFICIENCY,DELTA_NAME,-0.0022537437618467826,0.03223212629297634,-0.03448587005482312
gen4_name_direct_cross_layer_pair_level_differences_v1,generated_fact_066,5_MINUS_11,5,11,POST4_PATH_EFFICIENCY,DELTA_NAME,-0.020000997210433302,-0.00427620475309981,-0.015724792457333492
gen4_name_direct_cross_layer_pair_level_differences_v1,generated_fact_067,5_MINUS_11,5,11,POST4_PATH_EFFICIENCY,DELTA_NAME,0.041095207715229454,0.006613979302767081,0.03448122841246237
gen4_name_direct_cross_layer_pair_level_differences_v1,generated_fact_068,5_MINUS_11,5,11,POST4_PATH_EFFICIENCY,DELTA_NAME,-0.006284104921379541,-0.007064881885748775,0.0007807769643692342
gen4_name_direct_cross_layer_pair_level_differences_v1,generated_fact_069,5_MINUS_11,5,11,POST4_PATH_EFFICIENCY,DELTA_NAME,-0.038381413161319655,0.011724628710406193,-0.05010604187172585
gen4_name_direct_cross_layer_pair_level_differences_v1,generated_fact_070,5_MINUS_11,5,11,POST4_PATH_EFFICIENCY,DELTA_NAME,0.02392231982347154,0.0029987587363352053,0.020923561087136333
gen4_name_direct_cross_layer_pair_level_differences_v1,generated_fact_071,5_MINUS_11,5,11,POST4_PATH_EFFICIENCY,DELTA_NAME,0.03250047345350521,0.004207589356016284,0.028292884097488924
gen4_name_direct_cross_layer_pair_level_differences_v1,generated_fact_072,5_MINUS_11,5,11,POST4_PATH_EFFICIENCY,DELTA_NAME,-0.00042623183742457327,-0.016129344112976285,0.01570311227555171
gen4_name_direct_cross_layer_pair_level_differences_v1,generated_fact_073,5_MINUS_11,5,11,POST4_PATH_EFFICIENCY,DELTA_NAME,0.01157672847397706,0.008162284240251283,0.0034144442337257774
gen4_name_direct_cross_layer_pair_level_differences_v1,generated_fact_074,5_MINUS_11,5,11,POST4_PATH_EFFICIENCY,DELTA_NAME,0.007899330477070532,-0.019653306947337024,0.027552637424407556
gen4_name_direct_cross_layer_pair_level_differences_v1,generated_fact_075,5_MINUS_11,5,11,POST4_PATH_EFFICIENCY,DELTA_NAME,-0.02707360355645444,0.005138056364731525,-0.032211659921185964
gen4_name_direct_cross_layer_pair_level_differences_v1,generated_fact_076,5_MINUS_11,5,11,POST4_PATH_EFFICIENCY,DELTA_NAME,-1.7500926205282763e-05,-0.0020857678731761586,0.002068266946970876
gen4_name_direct_cross_layer_pair_level_differences_v1,generated_fact_077,5_MINUS_11,5,11,POST4_PATH_EFFICIENCY,DELTA_NAME,-0.0021780309425522004,0.03249842640331052,-0.03467645734586272
gen4_name_direct_cross_layer_pair_level_differences_v1,generated_fact_078,5_MINUS_11,5,11,POST4_PATH_EFFICIENCY,DELTA_NAME,-0.01890140724622502,-0.004508089094963197,-0.014393318151261825
gen4_name_direct_cross_layer_pair_level_differences_v1,generated_fact_079,5_MINUS_11,5,11,POST4_PATH_EFFICIENCY,DELTA_NAME,0.04176499979184839,0.006582733077901248,0.03518226671394714
gen4_name_direct_cross_layer_pair_level_differences_v1,generated_fact_080,5_MINUS_11,5,11,POST4_PATH_EFFICIENCY,DELTA_NAME,-0.006301447227303136,-0.0067182250916946185,0.0004167778643914821
gen4_name_direct_cross_layer_pair_level_differences_v1,generated_fact_081,5_MINUS_11,5,11,POST4_PATH_EFFICIENCY,DELTA_NAME,-0.03860554834446184,0.011709569707618606,-0.05031511805208044
gen4_name_direct_cross_layer_pair_level_differences_v1,generated_fact_082,5_MINUS_11,5,11,POST4_PATH_EFFICIENCY,DELTA_NAME,0.023848748278463783,0.002482322725192443,0.02136642555327134
gen4_name_direct_cross_layer_pair_level_differences_v1,generated_fact_083,5_MINUS_11,5,11,POST4_PATH_EFFICIENCY,DELTA_NAME,0.03247913239948991,0.004153257534304788,0.02832587486518512
gen4_name_direct_cross_layer_pair_level_differences_v1,generated_fact_084,5_MINUS_11,5,11,POST4_PATH_EFFICIENCY,DELTA_NAME,-0.0007861355319836449,-0.016291861674452013,0.015505726142468368
gen4_name_direct_cross_layer_pair_level_differences_v1,generated_fact_085,5_MINUS_11,5,11,POST4_PATH_EFFICIENCY,DELTA_NAME,0.011264321185124104,0.0083186161138889,0.002945705071235205
gen4_name_direct_cross_layer_pair_level_differences_v1,generated_fact_086,5_MINUS_11,5,11,POST4_PATH_EFFICIENCY,DELTA_NAME,0.008054575699857625,-0.01907818386690857,0.027132759566766196
gen4_name_direct_cross_layer_pair_level_differences_v1,generated_fact_087,5_MINUS_11,5,11,POST4_PATH_EFFICIENCY,DELTA_NAME,-0.026765983282177663,0.005548601790406227,-0.03231458507258389
gen4_name_direct_cross_layer_pair_level_differences_v1,generated_fact_088,5_MINUS_11,5,11,POST4_PATH_EFFICIENCY,DELTA_NAME,6.8341278345041e-05,-0.0020594524044107443,0.0021277936827557853
gen4_name_direct_cross_layer_pair_level_differences_v1,generated_fact_089,5_MINUS_11,5,11,POST4_PATH_EFFICIENCY,DELTA_NAME,-0.002251229297170365,0.032261342225580636,-0.034512571522751
gen4_name_direct_cross_layer_pair_level_differences_v1,generated_fact_090,5_MINUS_11,5,11,POST4_PATH_EFFICIENCY,DELTA_NAME,-0.019854583062171638,-0.004176284757930804,-0.015678298304240834
gen4_name_direct_cross_layer_pair_level_differences_v1,generated_fact_091,5_MINUS_11,5,11,POST4_PATH_EFFICIENCY,DELTA_NAME,0.04138618428579355,0.006326979971064017,0.03505920431472953
gen4_name_direct_cross_layer_pair_level_differences_v1,generated_fact_092,5_MINUS_11,5,11,POST4_PATH_EFFICIENCY,DELTA_NAME,-0.006303853733539422,-0.0068328777191310475,0.0005290239855916257
gen4_name_direct_cross_layer_pair_level_differences_v1,generated_fact_093,5_MINUS_11,5,11,POST4_PATH_EFFICIENCY,DELTA_NAME,-0.038539635174591524,0.011362064069431466,-0.04990169924402299
gen4_name_direct_cross_layer_pair_level_differences_v1,generated_fact_094,5_MINUS_11,5,11,POST4_PATH_EFFICIENCY,DELTA_NAME,0.023959601369411054,0.0028562883691009566,0.021103313000310098
gen4_name_direct_cross_layer_pair_level_differences_v1,generated_fact_095,5_MINUS_11,5,11,POST4_PATH_EFFICIENCY,DELTA_NAME,0.03232681939961962,0.0040972957351747,0.028229523664444922
gen4_name_direct_cross_layer_pair_level_differences_v1,generated_fact_096,5_MINUS_11,5,11,POST4_PATH_EFFICIENCY,DELTA_NAME,-0.0005410257149751074,-0.016122273197925807,0.0155812474829507
gen4_name_direct_cross_layer_pair_level_differences_v1,generated_fact_097,5_MINUS_11,5,11,POST4_PATH_EFFICIENCY,DELTA_NAME,0.011603687833090848,0.008201229458935977,0.003402458374154871
gen4_name_direct_cross_layer_pair_level_differences_v1,generated_fact_098,5_MINUS_11,5,11,POST4_PATH_EFFICIENCY,DELTA_NAME,0.007983615086551987,-0.019405413041584607,0.027389028128136594
gen4_name_direct_cross_layer_pair_level_differences_v1,generated_fact_099,5_MINUS_11,5,11,POST4_PATH_EFFICIENCY,DELTA_NAME,-0.027046219041154784,0.004918461275826069,-0.031964680316980854
gen4_name_direct_cross_layer_pair_level_differences_v1,generated_fact_100,5_MINUS_11,5,11,POST4_PATH_EFFICIENCY,DELTA_NAME,-4.562331170360201e-05,-0.0017969429706429785,0.0017513196589393765
gen4_name_direct_cross_layer_pair_level_differences_v1,generated_fact_101,5_MINUS_11,5,11,POST4_PATH_EFFICIENCY,DELTA_NAME,-0.0018411361461286857,0.03272611368830636,-0.03456724983443504
gen4_name_direct_cross_layer_pair_level_differences_v1,generated_fact_102,5_MINUS_11,5,11,POST4_PATH_EFFICIENCY,DELTA_NAME,-0.01921440377600958,-0.004656396207614544,-0.014558007568395037
gen4_name_direct_cross_layer_pair_level_differences_v1,generated_fact_103,5_MINUS_11,5,11,POST4_PATH_EFFICIENCY,DELTA_NAME,0.042179972797122656,0.0065858178746106,0.035594154922512056
gen4_name_direct_cross_layer_pair_level_differences_v1,generated_fact_104,5_MINUS_11,5,11,POST4_PATH_EFFICIENCY,DELTA_NAME,-0.00612047016892342,-0.006732058316938461,0.0006115881480150409
gen4_name_direct_cross_layer_pair_level_differences_v1,generated_fact_105,5_MINUS_11,5,11,POST4_PATH_EFFICIENCY,DELTA_NAME,-0.038603496098560064,0.011850735426338854,-0.05045423152489892
gen4_name_direct_cross_layer_pair_level_differences_v1,generated_fact_106,5_MINUS_11,5,11,POST4_PATH_EFFICIENCY,DELTA_NAME,0.023889136785204546,0.00236335459710052,0.021525782188104026
gen4_name_direct_cross_layer_pair_level_differences_v1,generated_fact_107,5_MINUS_11,5,11,POST4_PATH_EFFICIENCY,DELTA_NAME,0.03259318517587739,0.004345386547023655,0.028247798628853737
gen4_name_direct_cross_layer_pair_level_differences_v1,generated_fact_108,5_MINUS_11,5,11,POST4_PATH_EFFICIENCY,DELTA_NAME,-0.0008110781473530948,-0.015965167626311727,0.015154089478958632
gen4_name_direct_cross_layer_pair_level_differences_v1,generated_fact_109,5_MINUS_11,5,11,POST4_PATH_EFFICIENCY,DELTA_NAME,0.011265642055235559,0.008252948626880696,0.0030126934283548623
gen4_name_direct_cross_layer_pair_level_differences_v1,generated_fact_110,5_MINUS_11,5,11,POST4_PATH_EFFICIENCY,DELTA_NAME,0.007989723981772001,-0.01930614021891397,0.02729586420068597
gen4_name_direct_cross_layer_pair_level_differences_v1,generated_fact_111,5_MINUS_11,5,11,POST4_PATH_EFFICIENCY,DELTA_NAME,-0.026912016371245406,0.0056059729093085875,-0.032517989280553994
gen4_name_direct_cross_layer_pair_level_differences_v1,generated_fact_112,5_MINUS_11,5,11,POST4_PATH_EFFICIENCY,DELTA_NAME,-7.229649332879395e-05,-0.001964490042673961,0.001892193549345167
gen4_name_direct_cross_layer_pair_level_differences_v1,generated_fact_113,5_MINUS_11,5,11,POST4_PATH_EFFICIENCY,DELTA_NAME,-0.002044378468853858,0.03218953349422943,-0.034233911963083286
gen4_name_direct_cross_layer_pair_level_differences_v1,generated_fact_114,5_MINUS_11,5,11,POST4_PATH_EFFICIENCY,DELTA_NAME,-0.019595868189358268,-0.00426208721314647,-0.015333780976211797
gen4_name_direct_cross_layer_pair_level_differences_v1,generated_fact_115,5_MINUS_11,5,11,POST4_PATH_EFFICIENCY,DELTA_NAME,0.04165843356060289,0.006721021573891928,0.034937411986710964
gen4_name_direct_cross_layer_pair_level_differences_v1,generated_fact_116,5_MINUS_11,5,11,POST4_PATH_EFFICIENCY,DELTA_NAME,-0.006098840248208004,-0.00680422943414577,0.0007053891859377659
gen4_name_direct_cross_layer_pair_level_differences_v1,generated_fact_117,5_MINUS_11,5,11,POST4_PATH_EFFICIENCY,DELTA_NAME,-0.038535826998806644,0.011593539944192321,-0.050129366942998965
gen4_name_direct_cross_layer_pair_level_differences_v1,generated_fact_118,5_MINUS_11,5,11,POST4_PATH_EFFICIENCY,DELTA_NAME,0.023856448130862684,0.002610839743457438,0.021245608387405246
gen4_name_direct_cross_layer_pair_level_differences_v1,generated_fact_119,5_MINUS_11,5,11,POST4_PATH_EFFICIENCY,DELTA_NAME,0.032351143204942034,0.004330584342259303,0.028020558862682732
gen4_name_direct_cross_layer_pair_level_differences_v1,generated_fact_120,5_MINUS_11,5,11,POST4_PATH_EFFICIENCY,DELTA_NAME,-0.0008635765387553507,-0.016170656999118238,0.015307080460362887
gen4_name_direct_cross_layer_pair_level_differences_v1,generated_fact_121,5_MINUS_11,5,11,POST4_PATH_EFFICIENCY,DELTA_NAME,0.011423598013864611,0.008224657315407558,0.0031989406984570534
gen4_name_direct_cross_layer_pair_level_differences_v1,generated_fact_122,5_MINUS_11,5,11,POST4_PATH_EFFICIENCY,DELTA_NAME,0.007972838048627695,-0.019488112153671522,0.027460950202299217
gen4_name_direct_cross_layer_pair_level_differences_v1,generated_fact_123,5_MINUS_11,5,11,POST4_PATH_EFFICIENCY,DELTA_NAME,-0.027087809607670876,0.004850578726981969,-0.031938388334652845
gen4_name_direct_cross_layer_pair_level_differences_v1,generated_fact_124,5_MINUS_11,5,11,POST4_PATH_EFFICIENCY,DELTA_NAME,-0.0002885400852125075,-0.0017839959683176865,0.001495455883105179
gen4_name_direct_cross_layer_pair_level_differences_v1,generated_fact_125,5_MINUS_11,5,11,POST4_PATH_EFFICIENCY,DELTA_NAME,-0.001590623267603286,0.032250879662998444,-0.03384150293060173
gen4_name_direct_cross_layer_pair_level_differences_v1,generated_fact_126,5_MINUS_11,5,11,POST4_PATH_EFFICIENCY,DELTA_NAME,-0.018915316162644746,-0.004490307764591028,-0.014425008398053718
gen4_name_direct_cross_layer_pair_level_differences_v1,generated_fact_127,5_MINUS_11,5,11,POST4_PATH_EFFICIENCY,DELTA_NAME,0.04163291095687277,0.006688474670946243,0.03494443628592653
gen4_name_direct_cross_layer_pair_level_differences_v1,generated_fact_128,5_MINUS_11,5,11,POST4_PATH_EFFICIENCY,DELTA_NAME,-0.006081707505107836,-0.006851793242796944,0.0007700857376891079
gen4_name_direct_cross_layer_pair_level_differences_v1,generated_fact_129,5_MINUS_11,5,11,POST4_PATH_EFFICIENCY,DELTA_NAME,-0.03859455328600769,0.011921561133086012,-0.050516114419093705
gen4_name_direct_cross_layer_pair_level_differences_v1,generated_fact_130,5_MINUS_11,5,11,POST4_PATH_EFFICIENCY,DELTA_NAME,0.024047995672501044,0.0023651457780013985,0.021682849894499645
gen4_name_direct_cross_layer_pair_level_differences_v1,generated_fact_131,5_MINUS_11,5,11,POST4_PATH_EFFICIENCY,DELTA_NAME,0.032484306550687125,0.004436354688478583,0.028047951862208542
gen4_name_direct_cross_layer_pair_level_differences_v1,generated_fact_132,5_MINUS_11,5,11,POST4_PATH_EFFICIENCY,DELTA_NAME,-0.0009672803485528125,-0.015844602438142064,0.014877322089589251
gen4_name_direct_cross_layer_pair_level_differences_v1,generated_fact_133,5_MINUS_11,5,11,POST4_PATH_EFFICIENCY,DELTA_NAME,0.011337037475437794,0.008140212452402817,0.003196825023034977
gen4_name_direct_cross_layer_pair_level_differences_v1,generated_fact_134,5_MINUS_11,5,11,POST4_PATH_EFFICIENCY,DELTA_NAME,0.008091819440647019,-0.019337098962157517,0.027428918402804536
gen4_name_direct_cross_layer_pair_level_differences_v1,generated_fact_135,5_MINUS_11,5,11,POST4_PATH_EFFICIENCY,DELTA_NAME,-0.026779112205971012,0.0052122116665751506,-0.03199132387254616
gen4_name_direct_cross_layer_pair_level_differences_v1,generated_fact_136,5_MINUS_11,5,11,POST4_PATH_EFFICIENCY,DELTA_NAME,0.0001658027517984495,-0.002396945988591914,0.0025627487403903637
gen4_name_direct_cross_layer_pair_level_differences_v1,generated_fact_137,5_MINUS_11,5,11,POST4_PATH_EFFICIENCY,DELTA_NAME,-0.0023434488359158623,0.0320018964396282,-0.03434534527554406
gen4_name_direct_cross_layer_pair_level_differences_v1,generated_fact_138,5_MINUS_11,5,11,POST4_PATH_EFFICIENCY,DELTA_NAME,-0.019860043676223738,-0.0043720435249597345,-0.015488000151264003
gen4_name_direct_cross_layer_pair_level_differences_v1,generated_fact_139,5_MINUS_11,5,11,POST4_PATH_EFFICIENCY,DELTA_NAME,0.04136122884846066,0.006291442164769068,0.035069786683691595
gen4_name_direct_cross_layer_pair_level_differences_v1,generated_fact_140,5_MINUS_11,5,11,POST4_PATH_EFFICIENCY,DELTA_NAME,-0.006211695641245407,-0.006932060335908874,0.0007203646946634668
gen4_name_direct_cross_layer_pair_level_differences_v1,generated_fact_141,5_MINUS_11,5,11,POST4_PATH_EFFICIENCY,DELTA_NAME,-0.03811898982607226,0.011467175505903981,-0.04958616533197624
gen4_name_direct_cross_layer_pair_level_differences_v1,generated_fact_142,5_MINUS_11,5,11,POST4_PATH_EFFICIENCY,DELTA_NAME,0.02379020758689193,0.0024992576449514026,0.02129094994194053
gen4_name_direct_cross_layer_pair_level_differences_v1,generated_fact_143,5_MINUS_11,5,11,POST4_PATH_EFFICIENCY,DELTA_NAME,0.03237161685535528,0.004510627638327325,0.027860989217027954
gen4_name_direct_cross_layer_pair_level_differences_v1,generated_fact_144,5_MINUS_11,5,11,POST4_PATH_EFFICIENCY,DELTA_NAME,-0.00029772476205031095,-0.016216881410900608,0.015919156648850297
gen4_name_direct_cross_layer_pair_level_differences_v1,generated_fact_145,5_MINUS_11,5,11,POST4_PATH_EFFICIENCY,DELTA_NAME,0.011554548981532797,0.008397064438901036,0.003157484542631761
gen4_name_direct_cross_layer_pair_level_differences_v1,generated_fact_146,5_MINUS_11,5,11,POST4_PATH_EFFICIENCY,DELTA_NAME,0.007940148789999768,-0.019246580491611598,0.027186729281611366
gen4_name_direct_cross_layer_pair_level_differences_v1,generated_fact_147,5_MINUS_11,5,11,POST4_PATH_EFFICIENCY,DELTA_NAME,-0.027044023037555542,0.005113196598872771,-0.032157219636428314
gen4_name_direct_cross_layer_pair_level_differences_v1,generated_fact_148,5_MINUS_11,5,11,POST4_PATH_EFFICIENCY,DELTA_NAME,-0.0002722478085088187,-0.002181739126880855,0.0019094913183720363
gen4_name_direct_cross_layer_pair_level_differences_v1,generated_fact_149,5_MINUS_11,5,11,POST4_PATH_EFFICIENCY,DELTA_NAME,-0.002185657913134742,0.03241399878380852,-0.03459965669694326
gen4_name_direct_cross_layer_pair_level_differences_v1,generated_fact_150,5_MINUS_11,5,11,POST4_PATH_EFFICIENCY,DELTA_NAME,-0.019243448908552507,-0.004155912548697682,-0.015087536359854825
gen4_name_direct_cross_layer_pair_level_differences_v1,generated_fact_151,5_MINUS_11,5,11,POST4_PATH_EFFICIENCY,DELTA_NAME,0.041865205752989576,0.006811486889274243,0.03505371886371533
gen4_name_direct_cross_layer_pair_level_differences_v1,generated_fact_152,5_MINUS_11,5,11,POST4_PATH_EFFICIENCY,DELTA_NAME,-0.005994900371331546,-0.006957388688494992,0.0009624883171634457
gen4_name_direct_cross_layer_pair_level_differences_v1,generated_fact_153,5_MINUS_11,5,11,POST4_PATH_EFFICIENCY,DELTA_NAME,-0.0386547210748458,0.012003439583715303,-0.0506581606585611
gen4_name_direct_cross_layer_pair_level_differences_v1,generated_fact_154,5_MINUS_11,5,11,POST4_PATH_EFFICIENCY,DELTA_NAME,0.023993995232563015,0.0024515639935913103,0.021542431238971704
gen4_name_direct_cross_layer_pair_level_differences_v1,generated_fact_155,5_MINUS_11,5,11,POST4_PATH_EFFICIENCY,DELTA_NAME,0.032452510543195257,0.004388343639052994,0.028064166904142263
gen4_name_direct_cross_layer_pair_level_differences_v1,generated_fact_156,5_MINUS_11,5,11,POST4_PATH_EFFICIENCY,DELTA_NAME,-0.0008968262167835528,-0.015912769196652132,0.01501594297986858
gen4_name_direct_cross_layer_pair_level_differences_v1,generated_fact_157,5_MINUS_11,5,11,POST4_PATH_EFFICIENCY,DELTA_NAME,0.011467854854449344,0.008245737817093701,0.003222117037355643
gen4_name_direct_cross_layer_pair_level_differences_v1,generated_fact_158,5_MINUS_11,5,11,POST4_PATH_EFFICIENCY,DELTA_NAME,0.007942802301066476,-0.01959503252271616,0.027537834823782636
gen4_name_direct_cross_layer_pair_level_differences_v1,generated_fact_159,5_MINUS_11,5,11,POST4_PATH_EFFICIENCY,DELTA_NAME,-0.02695325899137002,0.005455356240620712,-0.032408615231990734
gen4_name_direct_cross_layer_pair_level_differences_v1,generated_fact_160,5_MINUS_11,5,11,POST4_PATH_EFFICIENCY,DELTA_NAME,-5.761664961856372e-06,-0.0022211322265442424,0.002215370561582386
gen4_name_direct_cross_layer_pair_level_differences_v1,generated_fact_161,5_MINUS_11,5,11,POST4_PATH_EFFICIENCY,DELTA_NAME,-0.0024512256000135957,0.03237631472431379,-0.03482754032432739
gen4_name_direct_cross_layer_pair_level_differences_v1,generated_fact_162,5_MINUS_11,5,11,POST4_PATH_EFFICIENCY,DELTA_NAME,-0.019796600078069715,-0.004391985086929895,-0.01540461499113982
gen4_name_direct_cross_layer_pair_level_differences_v1,generated_fact_163,5_MINUS_11,5,11,POST4_PATH_EFFICIENCY,DELTA_NAME,0.04130826864583359,0.006320072832365575,0.034988195813468015
gen4_name_direct_cross_layer_pair_level_differences_v1,generated_fact_164,5_MINUS_11,5,11,POST4_PATH_EFFICIENCY,DELTA_NAME,-0.0065147075334310856,-0.006821755792140727,0.00030704825870964125
gen4_name_direct_cross_layer_pair_level_differences_v1,generated_fact_165,5_MINUS_11,5,11,POST4_PATH_EFFICIENCY,DELTA_NAME,-0.03809329111238552,0.011566663597681881,-0.0496599547100674
gen4_name_direct_cross_layer_pair_level_differences_v1,generated_fact_166,5_MINUS_11,5,11,POST4_PATH_EFFICIENCY,DELTA_NAME,0.023817827900662003,0.0029130226573368945,0.02090480524332511
gen4_name_direct_cross_layer_pair_level_differences_v1,generated_fact_167,5_MINUS_11,5,11,POST4_PATH_EFFICIENCY,DELTA_NAME,0.03237819164029054,0.004093798300224827,0.028284393340065717
gen4_name_direct_cross_layer_pair_level_differences_v1,generated_fact_168,5_MINUS_11,5,11,POST4_PATH_EFFICIENCY,DELTA_NAME,-0.0006646964296682101,-0.01622036564136181,0.015555669211693601
gen4_name_direct_cross_layer_pair_level_differences_v1,generated_fact_169,5_MINUS_11,5,11,POST4_PATH_EFFICIENCY,DELTA_NAME,0.011427579030591162,0.008225536998840599,0.0032020420317505627
gen4_name_direct_cross_layer_pair_level_differences_v1,generated_fact_170,5_MINUS_11,5,11,POST4_PATH_EFFICIENCY,DELTA_NAME,0.008101075512862044,-0.01928662436219536,0.027387699875057403
gen4_name_direct_cross_layer_pair_level_differences_v1,generated_fact_171,5_MINUS_11,5,11,POST4_PATH_EFFICIENCY,DELTA_NAME,-0.02715820061168911,0.005236153268744215,-0.032394353880433324
gen4_name_direct_cross_layer_pair_level_differences_v1,generated_fact_172,5_MINUS_11,5,11,POST4_PATH_EFFICIENCY,DELTA_NAME,-0.00038106189261932766,-0.0019604065690632666,0.001579344676443939
gen4_name_direct_cross_layer_pair_level_differences_v1,generated_fact_173,5_MINUS_11,5,11,POST4_PATH_EFFICIENCY,DELTA_NAME,-0.0019792988217608998,0.032370842674612044,-0.03435014149637294
gen4_name_direct_cross_layer_pair_level_differences_v1,generated_fact_174,5_MINUS_11,5,11,POST4_PATH_EFFICIENCY,DELTA_NAME,-0.019070845239604894,-0.0042618497922344845,-0.01480899544737041
gen4_name_direct_cross_layer_pair_level_differences_v1,generated_fact_175,5_MINUS_11,5,11,POST4_PATH_EFFICIENCY,DELTA_NAME,0.04223434632149731,0.006702032145901149,0.03553231417559616
gen4_name_direct_cross_layer_pair_level_differences_v1,generated_fact_176,5_MINUS_11,5,11,POST4_PATH_EFFICIENCY,DELTA_NAME,-0.006122420569961096,-0.006770293220322798,0.0006478726503617027
gen4_name_direct_cross_layer_pair_level_differences_v1,generated_fact_177,5_MINUS_11,5,11,POST4_PATH_EFFICIENCY,DELTA_NAME,-0.03870407872179349,0.011502136845498445,-0.050206215567291934
gen4_name_direct_cross_layer_pair_level_differences_v1,generated_fact_178,5_MINUS_11,5,11,POST4_PATH_EFFICIENCY,DELTA_NAME,0.024004434653397133,0.002426968456722356,0.021577466196674777
gen4_name_direct_cross_layer_pair_level_differences_v1,generated_fact_179,5_MINUS_11,5,11,POST4_PATH_EFFICIENCY,DELTA_NAME,0.032424360593867496,0.00436455546791531,0.028059805125952186
gen4_name_direct_cross_layer_pair_level_differences_v1,generated_fact_180,5_MINUS_11,5,11,POST4_PATH_EFFICIENCY,DELTA_NAME,-0.001042119929497931,-0.01614257540847991,0.015100455478981978
gen4_name_direct_cross_layer_pair_level_differences_v1,generated_fact_181,5_MINUS_11,5,11,POST4_PATH_EFFICIENCY,DELTA_NAME,0.011467213710643576,0.008308478537219333,0.003158735173424243
gen4_name_direct_cross_layer_pair_level_differences_v1,generated_fact_182,5_MINUS_11,5,11,POST4_PATH_EFFICIENCY,DELTA_NAME,0.007995742675581896,-0.019331344190048227,0.027327086865630124
gen4_name_direct_cross_layer_pair_level_differences_v1,generated_fact_183,5_MINUS_11,5,11,POST4_PATH_EFFICIENCY,DELTA_NAME,-0.026904015492506206,0.005289747982820003,-0.03219376347532621
gen4_name_direct_cross_layer_pair_level_differences_v1,generated_fact_184,5_MINUS_11,5,11,POST4_PATH_EFFICIENCY,DELTA_NAME,6.149580037118074e-05,-0.001881717984092146,0.0019432137844633268
gen4_name_direct_cross_layer_pair_level_differences_v1,generated_fact_185,5_MINUS_11,5,11,POST4_PATH_EFFICIENCY,DELTA_NAME,-0.002190090419367796,0.03256177064721266,-0.03475186106658046
gen4_name_direct_cross_layer_pair_level_differences_v1,generated_fact_186,5_MINUS_11,5,11,POST4_PATH_EFFICIENCY,DELTA_NAME,-0.01984707649456202,-0.004553131814573619,-0.015293944679988403
gen4_name_direct_cross_layer_pair_level_differences_v1,generated_fact_187,5_MINUS_11,5,11,POST4_PATH_EFFICIENCY,DELTA_NAME,0.04150640443635867,0.006459976434597281,0.03504642800176139
gen4_name_direct_cross_layer_pair_level_differences_v1,generated_fact_188,5_MINUS_11,5,11,POST4_PATH_EFFICIENCY,DELTA_NAME,-0.006259095388182534,-0.006860598073253121,0.0006015026850705874
gen4_name_direct_cross_layer_pair_level_differences_v1,generated_fact_189,5_MINUS_11,5,11,POST4_PATH_EFFICIENCY,DELTA_NAME,-0.038320236843710165,0.011717118034730745,-0.05003735487844091
gen4_name_direct_cross_layer_pair_level_differences_v1,generated_fact_190,5_MINUS_11,5,11,POST4_PATH_EFFICIENCY,DELTA_NAME,0.023691021220544617,0.0027279170023479793,0.020963104218196638
gen4_name_direct_cross_layer_pair_level_differences_v1,generated_fact_191,5_MINUS_11,5,11,POST4_PATH_EFFICIENCY,DELTA_NAME,0.03246227903186916,0.0041990652896950476,0.02826321374217411
gen4_name_direct_cross_layer_pair_level_differences_v1,generated_fact_192,5_MINUS_11,5,11,POST4_PATH_EFFICIENCY,DELTA_NAME,-0.0006346971373715204,-0.016086251273406904,0.015451554136035384
gen4_name_direct_cross_layer_pair_level_differences_v1,generated_fact_193,5_MINUS_11,5,11,POST4_PATH_EFFICIENCY,DELTA_NAME,0.01144233007487655,0.008212746943569604,0.0032295831313069456
gen4_name_direct_cross_layer_pair_level_differences_v1,generated_fact_194,5_MINUS_11,5,11,POST4_PATH_EFFICIENCY,DELTA_NAME,0.00795925534306241,-0.019379063804160324,0.027338319147222734
gen4_name_direct_cross_layer_pair_level_differences_v1,generated_fact_195,5_MINUS_11,5,11,POST4_PATH_EFFICIENCY,DELTA_NAME,-0.02713550410459109,0.005418046794712639,-0.03255355089930373
gen4_name_direct_cross_layer_pair_level_differences_v1,generated_fact_196,5_MINUS_11,5,11,POST4_PATH_EFFICIENCY,DELTA_NAME,-0.0004524757081449393,-0.0019060088708959255,0.0014535331627509862
gen4_name_direct_cross_layer_pair_level_differences_v1,generated_fact_197,5_MINUS_11,5,11,POST4_PATH_EFFICIENCY,DELTA_NAME,-0.0019827960338276163,0.03234631830029833,-0.03432911433412594
gen4_name_direct_cross_layer_pair_level_differences_v1,generated_fact_198,5_MINUS_11,5,11,POST4_PATH_EFFICIENCY,DELTA_NAME,-0.01878930199073836,-0.004337163480111428,-0.014452138510626933
gen4_name_direct_cross_layer_pair_level_differences_v1,generated_fact_199,5_MINUS_11,5,11,POST4_PATH_EFFICIENCY,DELTA_NAME,0.042222970308514074,0.0069142562168083566,0.03530871409170572
gen4_name_direct_cross_layer_pair_level_differences_v1,generated_fact_200,5_MINUS_11,5,11,POST4_PATH_EFFICIENCY,DELTA_NAME,-0.005849331045379269,-0.006727475334637689,0.0008781442892584201
gen4_name_direct_cross_layer_pair_level_differences_v1,generated_fact_201,5_MINUS_11,5,11,POST4_PATH_EFFICIENCY,DELTA_NAME,-0.03885629434461929,0.011715610983426217,-0.05057190532804551
gen4_name_direct_cross_layer_pair_level_differences_v1,generated_fact_202,5_MINUS_11,5,11,POST4_PATH_EFFICIENCY,DELTA_NAME,0.02384877104247929,0.002354216218637628,0.02149455482384166
gen4_name_direct_cross_layer_pair_level_differences_v1,generated_fact_203,5_MINUS_11,5,11,POST4_PATH_EFFICIENCY,DELTA_NAME,0.032505886152038366,0.004412067963352029,0.028093818188686337
gen4_name_direct_cross_layer_pair_level_differences_v1,generated_fact_204,5_MINUS_11,5,11,POST4_PATH_EFFICIENCY,DELTA_NAME,-0.0009381110365365153,-0.01620646273043913,0.015268351693902615
gen4_name_direct_cross_layer_pair_level_differences_v1,generated_fact_205,5_MINUS_11,5,11,POST4_PATH_EFFICIENCY,DELTA_NAME,0.011184135226954273,0.008181259676108499,0.003002875550845774
gen4_name_direct_cross_layer_pair_level_differences_v1,generated_fact_206,5_MINUS_11,5,11,POST4_PATH_EFFICIENCY,DELTA_NAME,0.007919191780451529,-0.01940956826780421,0.02732876004825574
gen4_name_direct_cross_layer_pair_level_differences_v1,generated_fact_207,5_MINUS_11,5,11,POST4_PATH_EFFICIENCY,DELTA_NAME,-0.026706469439996716,0.005191621896927123,-0.03189809133692384
gen4_name_direct_cross_layer_pair_level_differences_v1,generated_fact_208,5_MINUS_11,5,11,POST4_PATH_EFFICIENCY,DELTA_NAME,2.0377895345813357e-05,-0.0018665610154016132,0.0018869389107474266
gen4_name_direct_cross_layer_pair_level_differences_v1,generated_fact_209,5_MINUS_11,5,11,POST4_PATH_EFFICIENCY,DELTA_NAME,-0.0019387086112410135,0.031994513469370434,-0.03393322208061145
gen4_name_direct_cross_layer_pair_level_differences_v1,generated_fact_210,5_MINUS_11,5,11,POST4_PATH_EFFICIENCY,DELTA_NAME,-0.019602178413014926,-0.004348036627163654,-0.015254141785851272
gen4_name_direct_cross_layer_pair_level_differences_v1,generated_fact_211,5_MINUS_11,5,11,POST4_PATH_EFFICIENCY,DELTA_NAME,0.04100635862348223,0.0065853164873003744,0.034421042136181856
gen4_name_direct_cross_layer_pair_level_differences_v1,generated_fact_212,5_MINUS_11,5,11,POST4_PATH_EFFICIENCY,DELTA_NAME,-0.006229204391620169,-0.0069561933858824365,0.0007269889942622676
gen4_name_direct_cross_layer_pair_level_differences_v1,generated_fact_213,5_MINUS_11,5,11,POST4_PATH_EFFICIENCY,DELTA_NAME,-0.03856125479019101,0.011813276268938855,-0.05037453105912987
gen4_name_direct_cross_layer_pair_level_differences_v1,generated_fact_214,5_MINUS_11,5,11,POST4_PATH_EFFICIENCY,DELTA_NAME,0.023992747002263115,0.002570014076389293,0.021422732925873822
gen4_name_direct_cross_layer_pair_level_differences_v1,generated_fact_215,5_MINUS_11,5,11,POST4_PATH_EFFICIENCY,DELTA_NAME,0.032333577489563725,0.004459532608579619,0.027874044880984106
gen4_name_direct_cross_layer_pair_level_differences_v1,generated_fact_216,5_MINUS_11,5,11,POST4_PATH_EFFICIENCY,DELTA_NAME,-0.0005296991508546567,-0.01604093185508315,0.015511232704228495
gen4_name_direct_cross_layer_pair_level_differences_v1,generated_fact_217,5_MINUS_11,5,11,POST4_PATH_EFFICIENCY,DELTA_NAME,0.011429118003683902,0.008121403440590091,0.003307714563093811
gen4_name_direct_cross_layer_pair_level_differences_v1,generated_fact_218,5_MINUS_11,5,11,POST4_PATH_EFFICIENCY,DELTA_NAME,0.008012074033586114,-0.019537606578680478,0.02754968061226659
gen4_name_direct_cross_layer_pair_level_differences_v1,generated_fact_219,5_MINUS_11,5,11,POST4_PATH_EFFICIENCY,DELTA_NAME,-0.027095286528269202,0.004945893600203033,-0.032041180128472235
gen4_name_direct_cross_layer_pair_level_differences_v1,generated_fact_220,5_MINUS_11,5,11,POST4_PATH_EFFICIENCY,DELTA_NAME,-2.1328012509536087e-05,-0.002411600139787584,0.002390272127278048
gen4_name_direct_cross_layer_pair_level_differences_v1,generated_fact_221,5_MINUS_11,5,11,POST4_PATH_EFFICIENCY,DELTA_NAME,-0.002297341934539565,0.032212484497290306,-0.03450982643182987
gen4_name_direct_cross_layer_pair_level_differences_v1,generated_fact_222,5_MINUS_11,5,11,POST4_PATH_EFFICIENCY,DELTA_NAME,-0.018825789330976117,-0.004324932479704335,-0.014500856851271782
gen4_name_direct_cross_layer_pair_level_differences_v1,generated_fact_223,5_MINUS_11,5,11,POST4_PATH_EFFICIENCY,DELTA_NAME,0.04192692273192461,0.006673073421135711,0.0352538493107889
gen4_name_direct_cross_layer_pair_level_differences_v1,generated_fact_224,5_MINUS_11,5,11,POST4_PATH_EFFICIENCY,DELTA_NAME,-0.006104182185130369,-0.0068682150187514,0.0007640328336210311
gen4_name_direct_cross_layer_pair_level_differences_v1,generated_fact_225,5_MINUS_11,5,11,POST4_PATH_EFFICIENCY,DELTA_NAME,-0.038528819323658314,0.01175513534163597,-0.050283954665294284
gen4_name_direct_cross_layer_pair_level_differences_v1,generated_fact_226,5_MINUS_11,5,11,POST4_PATH_EFFICIENCY,DELTA_NAME,0.02385536130771415,0.002173997188525567,0.021681364119188584
gen4_name_direct_cross_layer_pair_level_differences_v1,generated_fact_227,5_MINUS_11,5,11,POST4_PATH_EFFICIENCY,DELTA_NAME,0.032541067807642654,0.004713934604442083,0.02782713320320057
gen4_name_direct_cross_layer_pair_level_differences_v1,generated_fact_228,5_MINUS_11,5,11,POST4_PATH_EFFICIENCY,DELTA_NAME,-0.0006342615571207633,-0.016176169899747184,0.01554190834262642
gen4_name_direct_cross_layer_pair_level_differences_v1,generated_fact_229,5_MINUS_11,5,11,POST4_PATH_EFFICIENCY,DELTA_NAME,0.011483531756390164,0.00846535002309362,0.0030181817332965433
gen4_name_direct_cross_layer_pair_level_differences_v1,generated_fact_230,5_MINUS_11,5,11,POST4_PATH_EFFICIENCY,DELTA_NAME,0.007938095230758058,-0.019168811615776438,0.027106906846534495
gen4_name_direct_cross_layer_pair_level_differences_v1,generated_fact_231,5_MINUS_11,5,11,POST4_PATH_EFFICIENCY,DELTA_NAME,-0.026821170120011895,0.005366463929684151,-0.032187634049696046
gen4_name_direct_cross_layer_pair_level_differences_v1,generated_fact_232,5_MINUS_11,5,11,POST4_PATH_EFFICIENCY,DELTA_NAME,-3.1250080737565966e-05,-0.0021689267524162004,0.0021376766716786344
gen4_name_direct_cross_layer_pair_level_differences_v1,generated_fact_233,5_MINUS_11,5,11,POST4_PATH_EFFICIENCY,DELTA_NAME,-0.0023966736844726055,0.03222916275661941,-0.03462583644109202
gen4_name_direct_cross_layer_pair_level_differences_v1,generated_fact_234,5_MINUS_11,5,11,POST4_PATH_EFFICIENCY,DELTA_NAME,-0.01995445487683639,-0.004205796150107632,-0.01574865872672876
gen4_name_direct_cross_layer_pair_level_differences_v1,generated_fact_235,5_MINUS_11,5,11,POST4_PATH_EFFICIENCY,DELTA_NAME,0.04119702631217542,0.006543528383498809,0.03465349792867661
gen4_name_direct_cross_layer_pair_level_differences_v1,generated_fact_236,5_MINUS_11,5,11,POST4_PATH_EFFICIENCY,DELTA_NAME,-0.006210790566854751,-0.006900790165587478,0.0006899995987327268
gen4_name_direct_cross_layer_pair_level_differences_v1,generated_fact_237,5_MINUS_11,5,11,POST4_PATH_EFFICIENCY,DELTA_NAME,-0.03824773392926095,0.011703466257356354,-0.049951200186617306
gen4_name_direct_cross_layer_pair_level_differences_v1,generated_fact_238,5_MINUS_11,5,11,POST4_PATH_EFFICIENCY,DELTA_NAME,0.023848963736942785,0.002750470130155558,0.021098493606787228
gen4_name_direct_cross_layer_pair_level_differences_v1,generated_fact_239,5_MINUS_11,5,11,POST4_PATH_EFFICIENCY,DELTA_NAME,0.03244844573824818,0.004392405231541496,0.02805604050670668
gen4_name_direct_cross_layer_pair_level_differences_v1,generated_fact_240,5_MINUS_11,5,11,POST4_PATH_EFFICIENCY,DELTA_NAME,-0.0006468886666839424,-0.01602019572194735,0.015373307055263408
gen4_name_direct_cross_layer_pair_level_differences_v1,generated_fact_241,5_MINUS_11,5,11,POST4_PATH_EFFICIENCY,DELTA_NAME,0.011644421058458476,0.00799364850283496,0.003650772555623516
gen4_name_direct_cross_layer_pair_level_differences_v1,generated_fact_242,5_MINUS_11,5,11,POST4_PATH_EFFICIENCY,DELTA_NAME,0.007854798684536202,-0.019591571611648595,0.027446370296184797
gen4_name_direct_cross_layer_pair_level_differences_v1,generated_fact_243,5_MINUS_11,5,11,POST4_PATH_EFFICIENCY,DELTA_NAME,-0.027122811693933546,0.005158557849299361,-0.03228136954323291
gen4_name_direct_cross_layer_pair_level_differences_v1,generated_fact_244,5_MINUS_11,5,11,POST4_PATH_EFFICIENCY,DELTA_NAME,-0.00023842407092944384,-0.002129740480182607,0.0018913164092531631
gen4_name_direct_cross_layer_pair_level_differences_v1,generated_fact_245,5_MINUS_11,5,11,POST4_PATH_EFFICIENCY,DELTA_NAME,-0.0021542996460762187,0.03253841906820476,-0.03469271871428098
gen4_name_direct_cross_layer_pair_level_differences_v1,generated_fact_246,5_MINUS_11,5,11,POST4_PATH_EFFICIENCY,DELTA_NAME,-0.018929050692897853,-0.0044850958417869125,-0.01444395485111094
gen4_name_direct_cross_layer_pair_level_differences_v1,generated_fact_247,5_MINUS_11,5,11,POST4_PATH_EFFICIENCY,DELTA_NAME,0.041688912306892256,0.0064956420801280945,0.03519327022676416
gen4_name_direct_cross_layer_pair_level_differences_v1,generated_fact_248,5_MINUS_11,5,11,POST4_PATH_EFFICIENCY,DELTA_NAME,-0.0062936651042034275,-0.006724130002859208,0.0004304648986557802
gen4_name_direct_cross_layer_pair_level_differences_v1,generated_fact_249,5_MINUS_11,5,11,POST4_PATH_EFFICIENCY,DELTA_NAME,-0.03848873137000469,0.011749340332579405,-0.0502380717025841
gen4_name_direct_cross_layer_pair_level_differences_v1,generated_fact_250,5_MINUS_11,5,11,POST4_PATH_EFFICIENCY,DELTA_NAME,0.023775524408273407,0.0025247911713246474,0.02125073323694876
gen4_name_direct_cross_layer_pair_level_differences_v1,generated_fact_251,5_MINUS_11,5,11,POST4_PATH_EFFICIENCY,DELTA_NAME,0.03244391072703928,0.004266769599071851,0.02817714112796743
gen4_name_direct_cross_layer_pair_level_differences_v1,generated_fact_252,5_MINUS_11,5,11,POST4_PATH_EFFICIENCY,DELTA_NAME,-0.0008406126852658069,-0.016313625774986185,0.015473013089720378
gen4_name_direct_cross_layer_pair_level_differences_v1,generated_fact_253,5_MINUS_11,5,11,POST4_PATH_EFFICIENCY,DELTA_NAME,0.011112342962015409,0.008290141527633188,0.002822201434382221
gen4_name_direct_cross_layer_pair_level_differences_v1,generated_fact_254,5_MINUS_11,5,11,POST4_PATH_EFFICIENCY,DELTA_NAME,0.00798096943218346,-0.01918930003782049,0.02717026947000395
gen4_name_direct_cross_layer_pair_level_differences_v1,generated_fact_255,5_MINUS_11,5,11,POST4_PATH_EFFICIENCY,DELTA_NAME,-0.026838962433935354,0.005517827921620588,-0.03235679035555594
gen4_name_direct_cross_layer_pair_level_differences_v1,generated_fact_256,5_MINUS_11,5,11,POST4_PATH_EFFICIENCY,DELTA_NAME,-4.311114730781718e-05,-0.001916259875808124,0.0018731487285003068
gen4_name_direct_cross_layer_pair_level_differences_v1,generated_fact_257,5_MINUS_11,5,11,POST4_PATH_EFFICIENCY,DELTA_NAME,-0.002277974050454157,0.03218386123399253,-0.034461835284446685
gen4_name_direct_cross_layer_pair_level_differences_v1,generated_fact_258,5_MINUS_11,5,11,POST4_PATH_EFFICIENCY,DELTA_NAME,-0.019795331823464823,-0.004278998440299997,-0.015516333383164826
gen4_name_direct_cross_layer_pair_level_differences_v1,generated_fact_259,5_MINUS_11,5,11,POST4_PATH_EFFICIENCY,DELTA_NAME,0.041476133197270726,0.00623805755014234,0.035238075647128386
gen4_name_direct_cross_layer_pair_level_differences_v1,generated_fact_260,5_MINUS_11,5,11,POST4_PATH_EFFICIENCY,DELTA_NAME,-0.00625467291375803,-0.0068043527226980816,0.0005496798089400512
gen4_name_direct_cross_layer_pair_level_differences_v1,generated_fact_261,5_MINUS_11,5,11,POST4_PATH_EFFICIENCY,DELTA_NAME,-0.038373401013166,0.01134919595937206,-0.04972259697253806
gen4_name_direct_cross_layer_pair_level_differences_v1,generated_fact_262,5_MINUS_11,5,11,POST4_PATH_EFFICIENCY,DELTA_NAME,0.02380565101233545,0.002817857909271637,0.020987793103063812
gen4_name_direct_cross_layer_pair_level_differences_v1,generated_fact_263,5_MINUS_11,5,11,POST4_PATH_EFFICIENCY,DELTA_NAME,0.03244583504166526,0.004357020742591922,0.02808881429907334
gen4_name_direct_cross_layer_pair_level_differences_v1,generated_fact_264,5_MINUS_11,5,11,POST4_PATH_EFFICIENCY,DELTA_NAME,-0.0005945808514836171,-0.01627134555644233,0.015676764704958712
gen4_name_direct_cross_layer_pair_level_differences_v1,generated_fact_265,5_MINUS_11,5,11,POST4_PATH_EFFICIENCY,DELTA_NAME,0.011574476328731209,0.008114271590269173,0.003460204738462036
gen4_name_direct_cross_layer_pair_level_differences_v1,generated_fact_266,5_MINUS_11,5,11,POST4_PATH_EFFICIENCY,DELTA_NAME,0.008087626750621968,-0.01943743819014787,0.02752506494076984
gen4_name_direct_cross_layer_pair_level_differences_v1,generated_fact_267,5_MINUS_11,5,11,POST4_PATH_EFFICIENCY,DELTA_NAME,-0.02709080059322755,0.004891803659444971,-0.03198260425267252
gen4_name_direct_cross_layer_pair_level_differences_v1,generated_fact_268,5_MINUS_11,5,11,POST4_PATH_EFFICIENCY,DELTA_NAME,-0.00031008062884141374,-0.0017992078763047203,0.0014891272474633066
gen4_name_direct_cross_layer_pair_level_differences_v1,generated_fact_269,5_MINUS_11,5,11,POST4_PATH_EFFICIENCY,DELTA_NAME,-0.0020624044470693437,0.03273057469094515,-0.03479297913801449
gen4_name_direct_cross_layer_pair_level_differences_v1,generated_fact_270,5_MINUS_11,5,11,POST4_PATH_EFFICIENCY,DELTA_NAME,-0.019022232801725936,-0.004415542157368779,-0.014606690644357156
gen4_name_direct_cross_layer_pair_level_differences_v1,generated_fact_271,5_MINUS_11,5,11,POST4_PATH_EFFICIENCY,DELTA_NAME,0.04223965801078944,0.006513684825675381,0.03572597318511406
gen4_name_direct_cross_layer_pair_level_differences_v1,generated_fact_272,5_MINUS_11,5,11,POST4_PATH_EFFICIENCY,DELTA_NAME,-0.006220666947578557,-0.006823527066321555,0.0006028601187429983
gen4_name_direct_cross_layer_pair_level_differences_v1,generated_fact_273,5_MINUS_11,5,11,POST4_PATH_EFFICIENCY,DELTA_NAME,-0.03864124402254038,0.011937980404954474,-0.05057922442749485
gen4_name_direct_cross_layer_pair_level_differences_v1,generated_fact_274,5_MINUS_11,5,11,POST4_PATH_EFFICIENCY,DELTA_NAME,0.0237203030532267,0.0022339650195651872,0.021486338033661512
gen4_name_direct_cross_layer_pair_level_differences_v1,generated_fact_275,5_MINUS_11,5,11,POST4_PATH_EFFICIENCY,DELTA_NAME,0.03249272547596593,0.004499663949298127,0.027993061526667806
gen4_name_direct_cross_layer_pair_level_differences_v1,generated_fact_276,5_MINUS_11,5,11,POST4_PATH_EFFICIENCY,DELTA_NAME,-0.0007847779687091827,-0.01598071028134107,0.015195932312631888
gen4_name_direct_cross_layer_pair_level_differences_v1,generated_fact_277,5_MINUS_11,5,11,POST4_PATH_EFFICIENCY,DELTA_NAME,0.011250957536562356,0.008213316164189965,0.0030376413723723905
gen4_name_direct_cross_layer_pair_level_differences_v1,generated_fact_278,5_MINUS_11,5,11,POST4_PATH_EFFICIENCY,DELTA_NAME,0.007960872423596776,-0.01932964512401336,0.027290517547610138
gen4_name_direct_cross_layer_pair_level_differences_v1,generated_fact_279,5_MINUS_11,5,11,POST4_PATH_EFFICIENCY,DELTA_NAME,-0.02689237772651837,0.005536818767575613,-0.03242919649409398
gen4_name_direct_cross_layer_pair_level_differences_v1,generated_fact_280,5_MINUS_11,5,11,POST4_PATH_EFFICIENCY,DELTA_NAME,-9.891190078975542e-05,-0.0020783027596325,0.0019793908588427445
gen4_name_direct_cross_layer_pair_level_differences_v1,generated_fact_281,5_MINUS_11,5,11,POST4_PATH_EFFICIENCY,DELTA_NAME,-0.0021057027114745885,0.032169880717779875,-0.034275583429254464
gen4_name_direct_cross_layer_pair_level_differences_v1,generated_fact_282,5_MINUS_11,5,11,POST4_PATH_EFFICIENCY,DELTA_NAME,-0.01956080376475705,-0.00432853001662048,-0.015232273748136571
gen4_name_direct_cross_layer_pair_level_differences_v1,generated_fact_283,5_MINUS_11,5,11,POST4_PATH_EFFICIENCY,DELTA_NAME,0.041689676761500816,0.006666347746843382,0.035023329014657434
gen4_name_direct_cross_layer_pair_level_differences_v1,generated_fact_284,5_MINUS_11,5,11,POST4_PATH_EFFICIENCY,DELTA_NAME,-0.006076848928120271,-0.006825969305819524,0.0007491203776992528
gen4_name_direct_cross_layer_pair_level_differences_v1,generated_fact_285,5_MINUS_11,5,11,POST4_PATH_EFFICIENCY,DELTA_NAME,-0.03849151259353467,0.011562986250008678,-0.05005449884354335
gen4_name_direct_cross_layer_pair_level_differences_v1,generated_fact_286,5_MINUS_11,5,11,POST4_PATH_EFFICIENCY,DELTA_NAME,0.023857903519912627,0.0026910004856139924,0.021166903034298634
gen4_name_direct_cross_layer_pair_level_differences_v1,generated_fact_287,5_MINUS_11,5,11,POST4_PATH_EFFICIENCY,DELTA_NAME,0.03232305207579128,0.004291652914744926,0.028031399161046355
gen4_name_direct_cross_layer_pair_level_differences_v1,generated_fact_288,5_MINUS_11,5,11,POST4_PATH_EFFICIENCY,DELTA_NAME,-0.000599367934208006,-0.016212543707710414,0.015613175773502408
gen4_name_direct_cross_layer_pair_level_differences_v1,generated_fact_289,5_MINUS_11,5,11,POST4_PATH_EFFICIENCY,DELTA_NAME,0.011326499197286732,0.00816676129976257,0.003159737897524162
gen4_name_direct_cross_layer_pair_level_differences_v1,generated_fact_290,5_MINUS_11,5,11,POST4_PATH_EFFICIENCY,DELTA_NAME,0.00807664256245233,-0.01949877173801634,0.02757541430046867
gen4_name_direct_cross_layer_pair_level_differences_v1,generated_fact_291,5_MINUS_11,5,11,POST4_PATH_EFFICIENCY,DELTA_NAME,-0.02698650192308155,0.0050928877549785145,-0.032079389678060066
gen4_name_direct_cross_layer_pair_level_differences_v1,generated_fact_292,5_MINUS_11,5,11,POST4_PATH_EFFICIENCY,DELTA_NAME,-0.0002985527264424692,-0.001896545546516637,0.0015979928200741678
gen4_name_direct_cross_layer_pair_level_differences_v1,generated_fact_293,5_MINUS_11,5,11,POST4_PATH_EFFICIENCY,DELTA_NAME,-0.0017310662384629194,0.032366476018055756,-0.034097542256518676
gen4_name_direct_cross_layer_pair_level_differences_v1,generated_fact_294,5_MINUS_11,5,11,POST4_PATH_EFFICIENCY,DELTA_NAME,-0.018935022939630453,-0.004444941575697081,-0.014490081363933371
gen4_name_direct_cross_layer_pair_level_differences_v1,generated_fact_295,5_MINUS_11,5,11,POST4_PATH_EFFICIENCY,DELTA_NAME,0.04174772915166708,0.0067058129141894796,0.0350419162374776
gen4_name_direct_cross_layer_pair_level_differences_v1,generated_fact_296,5_MINUS_11,5,11,POST4_PATH_EFFICIENCY,DELTA_NAME,-0.006321979745643025,-0.006947977015774209,0.0006259972701311844
gen4_name_direct_cross_layer_pair_level_differences_v1,generated_fact_297,5_MINUS_11,5,11,POST4_PATH_EFFICIENCY,DELTA_NAME,-0.03866661492617063,0.011982870703728776,-0.050649485629899405
gen4_name_direct_cross_layer_pair_level_differences_v1,generated_fact_298,5_MINUS_11,5,11,POST4_PATH_EFFICIENCY,DELTA_NAME,0.023978830144132435,0.0021152210670575267,0.021863609077074908
gen4_name_direct_cross_layer_pair_level_differences_v1,generated_fact_299,5_MINUS_11,5,11,POST4_PATH_EFFICIENCY,DELTA_NAME,0.03244665775904565,0.004472370604841791,0.02797428715420386
gen4_name_direct_cross_layer_pair_level_differences_v1,generated_fact_300,5_MINUS_11,5,11,POST4_PATH_EFFICIENCY,DELTA_NAME,-0.0011210353907598614,-0.015789780555179322,0.014668745164419461
gen4_name_direct_cross_layer_pair_level_differences_v1,glacier_study,5_MINUS_11,5,11,POST4_PATH_EFFICIENCY,DELTA_NAME,0.039462474323967545,0.007301113042076257,0.03216136128189129
gen4_name_direct_cross_layer_pair_level_differences_v1,harbor_upgrade,5_MINUS_11,5,11,POST4_PATH_EFFICIENCY,DELTA_NAME,0.017519070947790205,-0.001988360117348653,0.01950743106513886
gen4_name_direct_cross_layer_pair_level_differences_v1,jazz_archive,5_MINUS_11,5,11,POST4_PATH_EFFICIENCY,DELTA_NAME,-0.0015515851240254785,-0.006470650228771413,0.004919065104745934
gen4_name_direct_cross_layer_pair_level_differences_v1,language_program,5_MINUS_11,5,11,POST4_PATH_EFFICIENCY,DELTA_NAME,-0.01572570815588481,0.020938861798304342,-0.03666456995418915
gen4_name_direct_cross_layer_pair_level_differences_v1,library_digitization,5_MINUS_11,5,11,POST4_PATH_EFFICIENCY,DELTA_NAME,0.01630814714568546,-0.012382887852319502,0.02869103499800496
gen4_name_direct_cross_layer_pair_level_differences_v1,market_renovation,5_MINUS_11,5,11,POST4_PATH_EFFICIENCY,DELTA_NAME,0.03524524063516743,0.01978105091161031,0.01546418972355712
gen4_name_direct_cross_layer_pair_level_differences_v1,museum_purchase,5_MINUS_11,5,11,POST4_PATH_EFFICIENCY,DELTA_NAME,-0.026698317496332835,0.006356331450903807,-0.03305464894723664
gen4_name_direct_cross_layer_pair_level_differences_v1,opera_premiere,5_MINUS_11,5,11,POST4_PATH_EFFICIENCY,DELTA_NAME,-0.0009868946170027981,-0.0006563904435245571,-0.000330504173478241
gen4_name_direct_cross_layer_pair_level_differences_v1,orion_approval,5_MINUS_11,5,11,POST4_PATH_EFFICIENCY,DELTA_NAME,-0.023360151367686433,-0.0059794627555577184,-0.017380688612128714
gen4_name_direct_cross_layer_pair_level_differences_v1,poetry_prize,5_MINUS_11,5,11,POST4_PATH_EFFICIENCY,DELTA_NAME,0.009490241278453382,-0.0054081629316051205,0.014898404210058502
gen4_name_direct_cross_layer_pair_level_differences_v1,railway_restoration,5_MINUS_11,5,11,POST4_PATH_EFFICIENCY,DELTA_NAME,-0.007471765533591024,0.004152149526359117,-0.01162391505995014
gen4_name_direct_cross_layer_pair_level_differences_v1,reef_protection,5_MINUS_11,5,11,POST4_PATH_EFFICIENCY,DELTA_NAME,0.012884724330273989,-0.01648823353587814,0.029372957866152127
gen4_name_direct_cross_layer_pair_level_differences_v1,robotics_championship,5_MINUS_11,5,11,POST4_PATH_EFFICIENCY,DELTA_NAME,0.04222108344308345,-0.0036785429600151853,0.04589962640309864
gen4_name_direct_cross_layer_pair_level_differences_v1,satellite_launch,5_MINUS_11,5,11,POST4_PATH_EFFICIENCY,DELTA_NAME,0.02123886714025408,-0.004304810869073861,0.02554367800932794
gen4_name_direct_cross_layer_pair_level_differences_v1,school_opening,5_MINUS_11,5,11,POST4_PATH_EFFICIENCY,DELTA_NAME,-0.005985457407138739,0.006991946967617069,-0.012977404374755808
gen4_name_direct_cross_layer_pair_level_differences_v1,solar_farm_contract,5_MINUS_11,5,11,POST4_PATH_EFFICIENCY,DELTA_NAME,0.0330067947566553,-0.013792896805076116,0.046799691561731416
gen4_name_direct_cross_layer_pair_level_differences_v1,theater_restoration,5_MINUS_11,5,11,POST4_PATH_EFFICIENCY,DELTA_NAME,-0.006339167036634563,0.008871826783337644,-0.015210993819972207
gen4_name_direct_cross_layer_pair_level_differences_v1,treaty_signature,5_MINUS_11,5,11,POST4_PATH_EFFICIENCY,DELTA_NAME,-0.0055401986726999475,0.019747487770904237,-0.025287686443604185
gen4_name_direct_cross_layer_pair_level_differences_v1,vaccine_delivery,5_MINUS_11,5,11,POST4_PATH_EFFICIENCY,DELTA_NAME,0.02129461672675681,0.0029912524272376895,0.01830336429951912
gen4_name_direct_cross_layer_pair_level_differences_v1,volcano_observatory,5_MINUS_11,5,11,POST4_PATH_EFFICIENCY,DELTA_NAME,0.0016368582834919154,0.00656176997415131,-0.004924911690659395
gen4_name_direct_cross_layer_pair_level_differences_v1,wetland_restoration,5_MINUS_11,5,11,POST4_PATH_EFFICIENCY,DELTA_NAME,-0.008995405744214813,0.02123669071235268,-0.030232096456567492
gen4_name_direct_cross_layer_pair_level_differences_v1,archive_release,17_MINUS_11,17,11,POST4_SPEED,DELTA_NAME,-0.28323495388031006,-0.06329774856567383,-0.21993720531463623
gen4_name_direct_cross_layer_pair_level_differences_v1,bridge_opening,17_MINUS_11,17,11,POST4_SPEED,DELTA_NAME,0.07994461059570312,-0.0768423080444336,0.15678691864013672
gen4_name_direct_cross_layer_pair_level_differences_v1,canal_reopening,17_MINUS_11,17,11,POST4_SPEED,DELTA_NAME,-0.08097803592681885,0.02563345432281494,-0.10661149024963379
gen4_name_direct_cross_layer_pair_level_differences_v1,clinic_expansion,17_MINUS_11,17,11,POST4_SPEED,DELTA_NAME,-0.05907970666885376,0.0624619722366333,-0.12154167890548706
gen4_name_direct_cross_layer_pair_level_differences_v1,dam_inspection,17_MINUS_11,17,11,POST4_SPEED,DELTA_NAME,-0.07541126012802124,0.05364525318145752,-0.12905651330947876
gen4_name_direct_cross_layer_pair_level_differences_v1,ferry_launch,17_MINUS_11,17,11,POST4_SPEED,DELTA_NAME,-0.011829733848571777,0.03474783897399902,-0.0465775728225708
gen4_name_direct_cross_layer_pair_level_differences_v1,festival_selection,17_MINUS_11,17,11,POST4_SPEED,DELTA_NAME,0.19052886962890625,-0.06924962997436523,0.2597784996032715
gen4_name_direct_cross_layer_pair_level_differences_v1,forest_mapping,17_MINUS_11,17,11,POST4_SPEED,DELTA_NAME,0.1514347791671753,-0.06224179267883301,0.2136765718460083
gen4_name_direct_cross_layer_pair_level_differences_v1,garden_award,17_MINUS_11,17,11,POST4_SPEED,DELTA_NAME,-0.0743873119354248,-0.039092302322387695,-0.03529500961303711
gen4_name_direct_cross_layer_pair_level_differences_v1,generated_fact_031,17_MINUS_11,17,11,POST4_SPEED,DELTA_NAME,0.055596113204956055,0.01682722568511963,0.038768887519836426
gen4_name_direct_cross_layer_pair_level_differences_v1,generated_fact_032,17_MINUS_11,17,11,POST4_SPEED,DELTA_NAME,-0.0159071683883667,0.03979909420013428,-0.05570626258850098
gen4_name_direct_cross_layer_pair_level_differences_v1,generated_fact_033,17_MINUS_11,17,11,POST4_SPEED,DELTA_NAME,-0.16268718242645264,-0.016324877738952637,-0.1463623046875
gen4_name_direct_cross_layer_pair_level_differences_v1,generated_fact_034,17_MINUS_11,17,11,POST4_SPEED,DELTA_NAME,0.09583276510238647,0.001831650733947754,0.09400111436843872
gen4_name_direct_cross_layer_pair_level_differences_v1,generated_fact_035,17_MINUS_11,17,11,POST4_SPEED,DELTA_NAME,0.3316134214401245,0.0021151304244995117,0.329498291015625
gen4_name_direct_cross_layer_pair_level_differences_v1,generated_fact_036,17_MINUS_11,17,11,POST4_SPEED,DELTA_NAME,-0.0012449026107788086,0.05758547782897949,-0.0588303804397583
gen4_name_direct_cross_layer_pair_level_differences_v1,generated_fact_037,17_MINUS_11,17,11,POST4_SPEED,DELTA_NAME,0.1898505687713623,-0.041046738624572754,0.23089730739593506
gen4_name_direct_cross_layer_pair_level_differences_v1,generated_fact_038,17_MINUS_11,17,11,POST4_SPEED,DELTA_NAME,0.04866790771484375,0.06015145778656006,-0.011483550071716309
gen4_name_direct_cross_layer_pair_level_differences_v1,generated_fact_039,17_MINUS_11,17,11,POST4_SPEED,DELTA_NAME,-0.15985620021820068,0.010108113288879395,-0.16996431350708008
gen4_name_direct_cross_layer_pair_level_differences_v1,generated_fact_040,17_MINUS_11,17,11,POST4_SPEED,DELTA_NAME,-0.286582887172699,-0.06865167617797852,-0.21793121099472046
gen4_name_direct_cross_layer_pair_level_differences_v1,generated_fact_041,17_MINUS_11,17,11,POST4_SPEED,DELTA_NAME,-0.0709233283996582,-0.1275029182434082,0.05657958984375
gen4_name_direct_cross_layer_pair_level_differences_v1,generated_fact_042,17_MINUS_11,17,11,POST4_SPEED,DELTA_NAME,-0.2521859407424927,0.03593325614929199,-0.28811919689178467
gen4_name_direct_cross_layer_pair_level_differences_v1,generated_fact_043,17_MINUS_11,17,11,POST4_SPEED,DELTA_NAME,0.05569213628768921,0.01803767681121826,0.03765445947647095
gen4_name_direct_cross_layer_pair_level_differences_v1,generated_fact_044,17_MINUS_11,17,11,POST4_SPEED,DELTA_NAME,-0.016121208667755127,0.04119741916656494,-0.05731862783432007
gen4_name_direct_cross_layer_pair_level_differences_v1,generated_fact_045,17_MINUS_11,17,11,POST4_SPEED,DELTA_NAME,-0.15404140949249268,-0.01627969741821289,-0.13776171207427979
gen4_name_direct_cross_layer_pair_level_differences_v1,generated_fact_046,17_MINUS_11,17,11,POST4_SPEED,DELTA_NAME,0.09521764516830444,0.0002900362014770508,0.09492760896682739
gen4_name_direct_cross_layer_pair_level_differences_v1,generated_fact_047,17_MINUS_11,17,11,POST4_SPEED,DELTA_NAME,0.33385878801345825,0.0026602745056152344,0.331198513507843
gen4_name_direct_cross_layer_pair_level_differences_v1,generated_fact_048,17_MINUS_11,17,11,POST4_SPEED,DELTA_NAME,0.0014257431030273438,0.057170867919921875,-0.05574512481689453
gen4_name_direct_cross_layer_pair_level_differences_v1,generated_fact_049,17_MINUS_11,17,11,POST4_SPEED,DELTA_NAME,0.1867716908454895,-0.039823055267333984,0.2265947461128235
gen4_name_direct_cross_layer_pair_level_differences_v1,generated_fact_050,17_MINUS_11,17,11,POST4_SPEED,DELTA_NAME,0.04816877841949463,0.05770540237426758,-0.00953662395477295
gen4_name_direct_cross_layer_pair_level_differences_v1,generated_fact_051,17_MINUS_11,17,11,POST4_SPEED,DELTA_NAME,-0.1632072925567627,0.01221764087677002,-0.17542493343353271
gen4_name_direct_cross_layer_pair_level_differences_v1,generated_fact_052,17_MINUS_11,17,11,POST4_SPEED,DELTA_NAME,-0.285375714302063,-0.06711864471435547,-0.21825706958770752
gen4_name_direct_cross_layer_pair_level_differences_v1,generated_fact_053,17_MINUS_11,17,11,POST4_SPEED,DELTA_NAME,-0.06981247663497925,-0.1289982795715332,0.059185802936553955
gen4_name_direct_cross_layer_pair_level_differences_v1,generated_fact_054,17_MINUS_11,17,11,POST4_SPEED,DELTA_NAME,-0.25830572843551636,0.03432798385620117,-0.29263371229171753
gen4_name_direct_cross_layer_pair_level_differences_v1,generated_fact_055,17_MINUS_11,17,11,POST4_SPEED,DELTA_NAME,0.056974053382873535,0.01930701732635498,0.037667036056518555
gen4_name_direct_cross_layer_pair_level_differences_v1,generated_fact_056,17_MINUS_11,17,11,POST4_SPEED,DELTA_NAME,-0.013399243354797363,0.04068577289581299,-0.05408501625061035
gen4_name_direct_cross_layer_pair_level_differences_v1,generated_fact_057,17_MINUS_11,17,11,POST4_SPEED,DELTA_NAME,-0.1618725061416626,-0.016710877418518066,-0.14516162872314453
gen4_name_direct_cross_layer_pair_level_differences_v1,generated_fact_058,17_MINUS_11,17,11,POST4_SPEED,DELTA_NAME,0.09482181072235107,0.0028918981552124023,0.09192991256713867
gen4_name_direct_cross_layer_pair_level_differences_v1,generated_fact_059,17_MINUS_11,17,11,POST4_SPEED,DELTA_NAME,0.33100706338882446,0.0006924867630004883,0.330314576625824
gen4_name_direct_cross_layer_pair_level_differences_v1,generated_fact_060,17_MINUS_11,17,11,POST4_SPEED,DELTA_NAME,-0.0026039481163024902,0.05828750133514404,-0.06089144945144653
gen4_name_direct_cross_layer_pair_level_differences_v1,generated_fact_061,17_MINUS_11,17,11,POST4_SPEED,DELTA_NAME,0.1901165246963501,-0.04106581211090088,0.23118233680725098
gen4_name_direct_cross_layer_pair_level_differences_v1,generated_fact_062,17_MINUS_11,17,11,POST4_SPEED,DELTA_NAME,0.049337804317474365,0.05971336364746094,-0.010375559329986572
gen4_name_direct_cross_layer_pair_level_differences_v1,generated_fact_063,17_MINUS_11,17,11,POST4_SPEED,DELTA_NAME,-0.16272884607315063,0.008982539176940918,-0.17171138525009155
gen4_name_direct_cross_layer_pair_level_differences_v1,generated_fact_064,17_MINUS_11,17,11,POST4_SPEED,DELTA_NAME,-0.29070138931274414,-0.06888210773468018,-0.22181928157806396
gen4_name_direct_cross_layer_pair_level_differences_v1,generated_fact_065,17_MINUS_11,17,11,POST4_SPEED,DELTA_NAME,-0.07078272104263306,-0.12837398052215576,0.057591259479522705
gen4_name_direct_cross_layer_pair_level_differences_v1,generated_fact_066,17_MINUS_11,17,11,POST4_SPEED,DELTA_NAME,-0.2502008080482483,0.03481745719909668,-0.28501826524734497
gen4_name_direct_cross_layer_pair_level_differences_v1,generated_fact_067,17_MINUS_11,17,11,POST4_SPEED,DELTA_NAME,0.05525684356689453,0.01795780658721924,0.03729903697967529
gen4_name_direct_cross_layer_pair_level_differences_v1,generated_fact_068,17_MINUS_11,17,11,POST4_SPEED,DELTA_NAME,-0.013648808002471924,0.04075264930725098,-0.0544014573097229
gen4_name_direct_cross_layer_pair_level_differences_v1,generated_fact_069,17_MINUS_11,17,11,POST4_SPEED,DELTA_NAME,-0.15371358394622803,-0.014928221702575684,-0.13878536224365234
gen4_name_direct_cross_layer_pair_level_differences_v1,generated_fact_070,17_MINUS_11,17,11,POST4_SPEED,DELTA_NAME,0.09741991758346558,-0.0011608600616455078,0.09858077764511108
gen4_name_direct_cross_layer_pair_level_differences_v1,generated_fact_071,17_MINUS_11,17,11,POST4_SPEED,DELTA_NAME,0.3332442045211792,0.003109455108642578,0.3301347494125366
gen4_name_direct_cross_layer_pair_level_differences_v1,generated_fact_072,17_MINUS_11,17,11,POST4_SPEED,DELTA_NAME,-0.0018616318702697754,0.05742621421813965,-0.059287846088409424
gen4_name_direct_cross_layer_pair_level_differences_v1,generated_fact_073,17_MINUS_11,17,11,POST4_SPEED,DELTA_NAME,0.18575739860534668,-0.03857755661010742,0.2243349552154541
gen4_name_direct_cross_layer_pair_level_differences_v1,generated_fact_074,17_MINUS_11,17,11,POST4_SPEED,DELTA_NAME,0.0476413369178772,0.05994415283203125,-0.012302815914154053
gen4_name_direct_cross_layer_pair_level_differences_v1,generated_fact_075,17_MINUS_11,17,11,POST4_SPEED,DELTA_NAME,-0.16280251741409302,0.011144518852233887,-0.1739470362663269
gen4_name_direct_cross_layer_pair_level_differences_v1,generated_fact_076,17_MINUS_11,17,11,POST4_SPEED,DELTA_NAME,-0.2903077006340027,-0.06862747669219971,-0.22168022394180298
gen4_name_direct_cross_layer_pair_level_differences_v1,generated_fact_077,17_MINUS_11,17,11,POST4_SPEED,DELTA_NAME,-0.07196283340454102,-0.12907397747039795,0.057111144065856934
gen4_name_direct_cross_layer_pair_level_differences_v1,generated_fact_078,17_MINUS_11,17,11,POST4_SPEED,DELTA_NAME,-0.2567841410636902,0.03492295742034912,-0.2917070984840393
gen4_name_direct_cross_layer_pair_level_differences_v1,generated_fact_079,17_MINUS_11,17,11,POST4_SPEED,DELTA_NAME,0.054778456687927246,0.019563794136047363,0.03521466255187988
gen4_name_direct_cross_layer_pair_level_differences_v1,generated_fact_080,17_MINUS_11,17,11,POST4_SPEED,DELTA_NAME,-0.015235066413879395,0.040627479553222656,-0.05586254596710205
gen4_name_direct_cross_layer_pair_level_differences_v1,generated_fact_081,17_MINUS_11,17,11,POST4_SPEED,DELTA_NAME,-0.16301828622817993,-0.01607215404510498,-0.14694613218307495
gen4_name_direct_cross_layer_pair_level_differences_v1,generated_fact_082,17_MINUS_11,17,11,POST4_SPEED,DELTA_NAME,0.09392768144607544,-0.00039517879486083984,0.09432286024093628
gen4_name_direct_cross_layer_pair_level_differences_v1,generated_fact_083,17_MINUS_11,17,11,POST4_SPEED,DELTA_NAME,0.33073437213897705,0.0039179325103759766,0.3268164396286011
gen4_name_direct_cross_layer_pair_level_differences_v1,generated_fact_084,17_MINUS_11,17,11,POST4_SPEED,DELTA_NAME,0.0007620453834533691,0.05786621570587158,-0.05710417032241821
gen4_name_direct_cross_layer_pair_level_differences_v1,generated_fact_085,17_MINUS_11,17,11,POST4_SPEED,DELTA_NAME,0.19256454706192017,-0.040518760681152344,0.2330833077430725
gen4_name_direct_cross_layer_pair_level_differences_v1,generated_fact_086,17_MINUS_11,17,11,POST4_SPEED,DELTA_NAME,0.05094623565673828,0.05785202980041504,-0.006905794143676758
gen4_name_direct_cross_layer_pair_level_differences_v1,generated_fact_087,17_MINUS_11,17,11,POST4_SPEED,DELTA_NAME,-0.15975421667099,0.008342981338500977,-0.16809719800949097
gen4_name_direct_cross_layer_pair_level_differences_v1,generated_fact_088,17_MINUS_11,17,11,POST4_SPEED,DELTA_NAME,-0.2931064963340759,-0.06984364986419678,-0.22326284646987915
gen4_name_direct_cross_layer_pair_level_differences_v1,generated_fact_089,17_MINUS_11,17,11,POST4_SPEED,DELTA_NAME,-0.07234108448028564,-0.12503981590270996,0.052698731422424316
gen4_name_direct_cross_layer_pair_level_differences_v1,generated_fact_090,17_MINUS_11,17,11,POST4_SPEED,DELTA_NAME,-0.25030386447906494,0.03453671932220459,-0.28484058380126953
gen4_name_direct_cross_layer_pair_level_differences_v1,generated_fact_091,17_MINUS_11,17,11,POST4_SPEED,DELTA_NAME,0.054634273052215576,0.018982768058776855,0.03565150499343872
gen4_name_direct_cross_layer_pair_level_differences_v1,generated_fact_092,17_MINUS_11,17,11,POST4_SPEED,DELTA_NAME,-0.0158880352973938,0.040593743324279785,-0.056481778621673584
gen4_name_direct_cross_layer_pair_level_differences_v1,generated_fact_093,17_MINUS_11,17,11,POST4_SPEED,DELTA_NAME,-0.15603339672088623,-0.014749765396118164,-0.14128363132476807
gen4_name_direct_cross_layer_pair_level_differences_v1,generated_fact_094,17_MINUS_11,17,11,POST4_SPEED,DELTA_NAME,0.09732353687286377,0.0005123615264892578,0.09681117534637451
gen4_name_direct_cross_layer_pair_level_differences_v1,generated_fact_095,17_MINUS_11,17,11,POST4_SPEED,DELTA_NAME,0.3318983316421509,0.0041190385818481445,0.32777929306030273
gen4_name_direct_cross_layer_pair_level_differences_v1,generated_fact_096,17_MINUS_11,17,11,POST4_SPEED,DELTA_NAME,-0.001353144645690918,0.05642533302307129,-0.05777847766876221
gen4_name_direct_cross_layer_pair_level_differences_v1,generated_fact_097,17_MINUS_11,17,11,POST4_SPEED,DELTA_NAME,0.18739819526672363,-0.03924870491027832,0.22664690017700195
gen4_name_direct_cross_layer_pair_level_differences_v1,generated_fact_098,17_MINUS_11,17,11,POST4_SPEED,DELTA_NAME,0.04728752374649048,0.056681275367736816,-0.009393751621246338
gen4_name_direct_cross_layer_pair_level_differences_v1,generated_fact_099,17_MINUS_11,17,11,POST4_SPEED,DELTA_NAME,-0.16248148679733276,0.011455297470092773,-0.17393678426742554
gen4_name_direct_cross_layer_pair_level_differences_v1,generated_fact_100,17_MINUS_11,17,11,POST4_SPEED,DELTA_NAME,-0.2869964838027954,-0.06968140602111816,-0.21731507778167725
gen4_name_direct_cross_layer_pair_level_differences_v1,generated_fact_101,17_MINUS_11,17,11,POST4_SPEED,DELTA_NAME,-0.06828147172927856,-0.1295640468597412,0.061282575130462646
gen4_name_direct_cross_layer_pair_level_differences_v1,generated_fact_102,17_MINUS_11,17,11,POST4_SPEED,DELTA_NAME,-0.2585163712501526,0.03390169143676758,-0.29241806268692017
gen4_name_direct_cross_layer_pair_level_differences_v1,generated_fact_103,17_MINUS_11,17,11,POST4_SPEED,DELTA_NAME,0.05610537528991699,0.019533991813659668,0.036571383476257324
gen4_name_direct_cross_layer_pair_level_differences_v1,generated_fact_104,17_MINUS_11,17,11,POST4_SPEED,DELTA_NAME,-0.01428377628326416,0.03929316997528076,-0.05357694625854492
gen4_name_direct_cross_layer_pair_level_differences_v1,generated_fact_105,17_MINUS_11,17,11,POST4_SPEED,DELTA_NAME,-0.16174888610839844,-0.015632033348083496,-0.14611685276031494
gen4_name_direct_cross_layer_pair_level_differences_v1,generated_fact_106,17_MINUS_11,17,11,POST4_SPEED,DELTA_NAME,0.09402859210968018,0.0005098581314086914,0.09351873397827148
gen4_name_direct_cross_layer_pair_level_differences_v1,generated_fact_107,17_MINUS_11,17,11,POST4_SPEED,DELTA_NAME,0.3343126177787781,0.004441976547241211,0.32987064123153687
gen4_name_direct_cross_layer_pair_level_differences_v1,generated_fact_108,17_MINUS_11,17,11,POST4_SPEED,DELTA_NAME,0.0012563467025756836,0.056373000144958496,-0.05511665344238281
gen4_name_direct_cross_layer_pair_level_differences_v1,generated_fact_109,17_MINUS_11,17,11,POST4_SPEED,DELTA_NAME,0.19220733642578125,-0.03955984115600586,0.2317671775817871
gen4_name_direct_cross_layer_pair_level_differences_v1,generated_fact_110,17_MINUS_11,17,11,POST4_SPEED,DELTA_NAME,0.049786925315856934,0.05964374542236328,-0.009856820106506348
gen4_name_direct_cross_layer_pair_level_differences_v1,generated_fact_111,17_MINUS_11,17,11,POST4_SPEED,DELTA_NAME,-0.1584535837173462,0.006827354431152344,-0.16528093814849854
gen4_name_direct_cross_layer_pair_level_differences_v1,generated_fact_112,17_MINUS_11,17,11,POST4_SPEED,DELTA_NAME,-0.29091131687164307,-0.06950092315673828,-0.22141039371490479
gen4_name_direct_cross_layer_pair_level_differences_v1,generated_fact_113,17_MINUS_11,17,11,POST4_SPEED,DELTA_NAME,-0.07050859928131104,-0.12708818912506104,0.05657958984375
gen4_name_direct_cross_layer_pair_level_differences_v1,generated_fact_114,17_MINUS_11,17,11,POST4_SPEED,DELTA_NAME,-0.255933940410614,0.03361845016479492,-0.28955239057540894
gen4_name_direct_cross_layer_pair_level_differences_v1,generated_fact_115,17_MINUS_11,17,11,POST4_SPEED,DELTA_NAME,0.054175615310668945,0.017254948616027832,0.03692066669464111
gen4_name_direct_cross_layer_pair_level_differences_v1,generated_fact_116,17_MINUS_11,17,11,POST4_SPEED,DELTA_NAME,-0.01747286319732666,0.04074966907501221,-0.05822253227233887
gen4_name_direct_cross_layer_pair_level_differences_v1,generated_fact_117,17_MINUS_11,17,11,POST4_SPEED,DELTA_NAME,-0.15827184915542603,-0.015443086624145508,-0.14282876253128052
gen4_name_direct_cross_layer_pair_level_differences_v1,generated_fact_118,17_MINUS_11,17,11,POST4_SPEED,DELTA_NAME,0.09539109468460083,0.0015407800674438477,0.09385031461715698
gen4_name_direct_cross_layer_pair_level_differences_v1,generated_fact_119,17_MINUS_11,17,11,POST4_SPEED,DELTA_NAME,0.3300142288208008,0.0025049448013305664,0.3275092840194702
gen4_name_direct_cross_layer_pair_level_differences_v1,generated_fact_120,17_MINUS_11,17,11,POST4_SPEED,DELTA_NAME,-0.0009328126907348633,0.05733776092529297,-0.05827057361602783
gen4_name_direct_cross_layer_pair_level_differences_v1,generated_fact_121,17_MINUS_11,17,11,POST4_SPEED,DELTA_NAME,0.18830448389053345,-0.0394364595413208,0.22774094343185425
gen4_name_direct_cross_layer_pair_level_differences_v1,generated_fact_122,17_MINUS_11,17,11,POST4_SPEED,DELTA_NAME,0.0458030104637146,0.05794680118560791,-0.01214379072189331
gen4_name_direct_cross_layer_pair_level_differences_v1,generated_fact_123,17_MINUS_11,17,11,POST4_SPEED,DELTA_NAME,-0.16097235679626465,0.011827230453491211,-0.17279958724975586
gen4_name_direct_cross_layer_pair_level_differences_v1,generated_fact_124,17_MINUS_11,17,11,POST4_SPEED,DELTA_NAME,-0.28792136907577515,-0.06839621067047119,-0.21952515840530396
gen4_name_direct_cross_layer_pair_level_differences_v1,generated_fact_125,17_MINUS_11,17,11,POST4_SPEED,DELTA_NAME,-0.06938737630844116,-0.12752044200897217,0.058133065700531006
gen4_name_direct_cross_layer_pair_level_differences_v1,generated_fact_126,17_MINUS_11,17,11,POST4_SPEED,DELTA_NAME,-0.25720638036727905,0.03381061553955078,-0.29101699590682983
gen4_name_direct_cross_layer_pair_level_differences_v1,generated_fact_127,17_MINUS_11,17,11,POST4_SPEED,DELTA_NAME,0.05593496561050415,0.019353270530700684,0.03658169507980347
gen4_name_direct_cross_layer_pair_level_differences_v1,generated_fact_128,17_MINUS_11,17,11,POST4_SPEED,DELTA_NAME,-0.014827609062194824,0.040283203125,-0.055110812187194824
gen4_name_direct_cross_layer_pair_level_differences_v1,generated_fact_129,17_MINUS_11,17,11,POST4_SPEED,DELTA_NAME,-0.15909773111343384,-0.0168532133102417,-0.14224451780319214
gen4_name_direct_cross_layer_pair_level_differences_v1,generated_fact_130,17_MINUS_11,17,11,POST4_SPEED,DELTA_NAME,0.09520632028579712,0.0001533031463623047,0.09505301713943481
gen4_name_direct_cross_layer_pair_level_differences_v1,generated_fact_131,17_MINUS_11,17,11,POST4_SPEED,DELTA_NAME,0.3355758786201477,0.0026398897171020508,0.33293598890304565
gen4_name_direct_cross_layer_pair_level_differences_v1,generated_fact_132,17_MINUS_11,17,11,POST4_SPEED,DELTA_NAME,0.0001971125602722168,0.056090712547302246,-0.05589359998703003
gen4_name_direct_cross_layer_pair_level_differences_v1,generated_fact_133,17_MINUS_11,17,11,POST4_SPEED,DELTA_NAME,0.19087445735931396,-0.03895711898803711,0.22983157634735107
gen4_name_direct_cross_layer_pair_level_differences_v1,generated_fact_134,17_MINUS_11,17,11,POST4_SPEED,DELTA_NAME,0.049721479415893555,0.05935966968536377,-0.009638190269470215
gen4_name_direct_cross_layer_pair_level_differences_v1,generated_fact_135,17_MINUS_11,17,11,POST4_SPEED,DELTA_NAME,-0.16018813848495483,0.010496020317077637,-0.17068415880203247
gen4_name_direct_cross_layer_pair_level_differences_v1,generated_fact_136,17_MINUS_11,17,11,POST4_SPEED,DELTA_NAME,-0.28922635316848755,-0.06657230854034424,-0.2226540446281433
gen4_name_direct_cross_layer_pair_level_differences_v1,generated_fact_137,17_MINUS_11,17,11,POST4_SPEED,DELTA_NAME,-0.07131856679916382,-0.1277371644973755,0.05641859769821167
gen4_name_direct_cross_layer_pair_level_differences_v1,generated_fact_138,17_MINUS_11,17,11,POST4_SPEED,DELTA_NAME,-0.2545918822288513,0.03544211387634277,-0.2900339961051941
gen4_name_direct_cross_layer_pair_level_differences_v1,generated_fact_139,17_MINUS_11,17,11,POST4_SPEED,DELTA_NAME,0.05785107612609863,0.019447922706604004,0.03840315341949463
gen4_name_direct_cross_layer_pair_level_differences_v1,generated_fact_140,17_MINUS_11,17,11,POST4_SPEED,DELTA_NAME,-0.01475292444229126,0.04103517532348633,-0.05578809976577759
gen4_name_direct_cross_layer_pair_level_differences_v1,generated_fact_141,17_MINUS_11,17,11,POST4_SPEED,DELTA_NAME,-0.1589066982269287,-0.015431642532348633,-0.14347505569458008
gen4_name_direct_cross_layer_pair_level_differences_v1,generated_fact_142,17_MINUS_11,17,11,POST4_SPEED,DELTA_NAME,0.09494799375534058,0.0032101869583129883,0.09173780679702759
gen4_name_direct_cross_layer_pair_level_differences_v1,generated_fact_143,17_MINUS_11,17,11,POST4_SPEED,DELTA_NAME,0.33025145530700684,0.0014922618865966797,0.32875919342041016
gen4_name_direct_cross_layer_pair_level_differences_v1,generated_fact_144,17_MINUS_11,17,11,POST4_SPEED,DELTA_NAME,-0.001004636287689209,0.05891013145446777,-0.05991476774215698
gen4_name_direct_cross_layer_pair_level_differences_v1,generated_fact_145,17_MINUS_11,17,11,POST4_SPEED,DELTA_NAME,0.1882597804069519,-0.04007863998413086,0.22833842039108276
gen4_name_direct_cross_layer_pair_level_differences_v1,generated_fact_146,17_MINUS_11,17,11,POST4_SPEED,DELTA_NAME,0.04533696174621582,0.05764007568359375,-0.01230311393737793
gen4_name_direct_cross_layer_pair_level_differences_v1,generated_fact_147,17_MINUS_11,17,11,POST4_SPEED,DELTA_NAME,-0.1649588942527771,0.010253071784973145,-0.17521196603775024
gen4_name_direct_cross_layer_pair_level_differences_v1,generated_fact_148,17_MINUS_11,17,11,POST4_SPEED,DELTA_NAME,-0.28950536251068115,-0.0683068037033081,-0.22119855880737305
gen4_name_direct_cross_layer_pair_level_differences_v1,generated_fact_149,17_MINUS_11,17,11,POST4_SPEED,DELTA_NAME,-0.0682532787322998,-0.12942612171173096,0.06117284297943115
gen4_name_direct_cross_layer_pair_level_differences_v1,generated_fact_150,17_MINUS_11,17,11,POST4_SPEED,DELTA_NAME,-0.2535936236381531,0.0328826904296875,-0.2864763140678406
gen4_name_direct_cross_layer_pair_level_differences_v1,generated_fact_151,17_MINUS_11,17,11,POST4_SPEED,DELTA_NAME,0.055468201637268066,0.01901531219482422,0.03645288944244385
gen4_name_direct_cross_layer_pair_level_differences_v1,generated_fact_152,17_MINUS_11,17,11,POST4_SPEED,DELTA_NAME,-0.012993931770324707,0.03998672962188721,-0.052980661392211914
gen4_name_direct_cross_layer_pair_level_differences_v1,generated_fact_153,17_MINUS_11,17,11,POST4_SPEED,DELTA_NAME,-0.1588776707649231,-0.016884803771972656,-0.14199286699295044
gen4_name_direct_cross_layer_pair_level_differences_v1,generated_fact_154,17_MINUS_11,17,11,POST4_SPEED,DELTA_NAME,0.09617048501968384,0.0004011392593383789,0.09576934576034546
gen4_name_direct_cross_layer_pair_level_differences_v1,generated_fact_155,17_MINUS_11,17,11,POST4_SPEED,DELTA_NAME,0.3337959051132202,0.0021314620971679688,0.33166444301605225
gen4_name_direct_cross_layer_pair_level_differences_v1,generated_fact_156,17_MINUS_11,17,11,POST4_SPEED,DELTA_NAME,-0.0036327242851257324,0.05723452568054199,-0.060867249965667725
gen4_name_direct_cross_layer_pair_level_differences_v1,generated_fact_157,17_MINUS_11,17,11,POST4_SPEED,DELTA_NAME,0.18794196844100952,-0.039298176765441895,0.22724014520645142
gen4_name_direct_cross_layer_pair_level_differences_v1,generated_fact_158,17_MINUS_11,17,11,POST4_SPEED,DELTA_NAME,0.04996907711029053,0.061150193214416504,-0.011181116104125977
gen4_name_direct_cross_layer_pair_level_differences_v1,generated_fact_159,17_MINUS_11,17,11,POST4_SPEED,DELTA_NAME,-0.15795880556106567,0.009175896644592285,-0.16713470220565796
gen4_name_direct_cross_layer_pair_level_differences_v1,generated_fact_160,17_MINUS_11,17,11,POST4_SPEED,DELTA_NAME,-0.29091113805770874,-0.06791889667510986,-0.22299224138259888
gen4_name_direct_cross_layer_pair_level_differences_v1,generated_fact_161,17_MINUS_11,17,11,POST4_SPEED,DELTA_NAME,-0.07416695356369019,-0.12855279445648193,0.05438584089279175
gen4_name_direct_cross_layer_pair_level_differences_v1,generated_fact_162,17_MINUS_11,17,11,POST4_SPEED,DELTA_NAME,-0.25402969121932983,0.03593277931213379,-0.2899624705314636
gen4_name_direct_cross_layer_pair_level_differences_v1,generated_fact_163,17_MINUS_11,17,11,POST4_SPEED,DELTA_NAME,0.056326985359191895,0.019121527671813965,0.03720545768737793
gen4_name_direct_cross_layer_pair_level_differences_v1,generated_fact_164,17_MINUS_11,17,11,POST4_SPEED,DELTA_NAME,-0.018032431602478027,0.04146218299865723,-0.059494614601135254
gen4_name_direct_cross_layer_pair_level_differences_v1,generated_fact_165,17_MINUS_11,17,11,POST4_SPEED,DELTA_NAME,-0.15868520736694336,-0.015133380889892578,-0.14355182647705078
gen4_name_direct_cross_layer_pair_level_differences_v1,generated_fact_166,17_MINUS_11,17,11,POST4_SPEED,DELTA_NAME,0.09435659646987915,-0.00024020671844482422,0.09459680318832397
gen4_name_direct_cross_layer_pair_level_differences_v1,generated_fact_167,17_MINUS_11,17,11,POST4_SPEED,DELTA_NAME,0.3305395841598511,0.004185080528259277,0.3263545036315918
gen4_name_direct_cross_layer_pair_level_differences_v1,generated_fact_168,17_MINUS_11,17,11,POST4_SPEED,DELTA_NAME,0.000830531120300293,0.05750775337219238,-0.05667722225189209
gen4_name_direct_cross_layer_pair_level_differences_v1,generated_fact_169,17_MINUS_11,17,11,POST4_SPEED,DELTA_NAME,0.18976813554763794,-0.03914797306060791,0.22891610860824585
gen4_name_direct_cross_layer_pair_level_differences_v1,generated_fact_170,17_MINUS_11,17,11,POST4_SPEED,DELTA_NAME,0.047679603099823,0.05666518211364746,-0.008985579013824463
gen4_name_direct_cross_layer_pair_level_differences_v1,generated_fact_171,17_MINUS_11,17,11,POST4_SPEED,DELTA_NAME,-0.16313308477401733,0.010011911392211914,-0.17314499616622925
gen4_name_direct_cross_layer_pair_level_differences_v1,generated_fact_172,17_MINUS_11,17,11,POST4_SPEED,DELTA_NAME,-0.29028183221817017,-0.07029616832733154,-0.21998566389083862
gen4_name_direct_cross_layer_pair_level_differences_v1,generated_fact_173,17_MINUS_11,17,11,POST4_SPEED,DELTA_NAME,-0.07061439752578735,-0.1256864070892334,0.055072009563446045
gen4_name_direct_cross_layer_pair_level_differences_v1,generated_fact_174,17_MINUS_11,17,11,POST4_SPEED,DELTA_NAME,-0.25622838735580444,0.0328676700592041,-0.28909605741500854
gen4_name_direct_cross_layer_pair_level_differences_v1,generated_fact_175,17_MINUS_11,17,11,POST4_SPEED,DELTA_NAME,0.05431908369064331,0.018746137619018555,0.035572946071624756
gen4_name_direct_cross_layer_pair_level_differences_v1,generated_fact_176,17_MINUS_11,17,11,POST4_SPEED,DELTA_NAME,-0.014902234077453613,0.0398859977722168,-0.05478823184967041
gen4_name_direct_cross_layer_pair_level_differences_v1,generated_fact_177,17_MINUS_11,17,11,POST4_SPEED,DELTA_NAME,-0.16054290533065796,-0.016060233116149902,-0.14448267221450806
gen4_name_direct_cross_layer_pair_level_differences_v1,generated_fact_178,17_MINUS_11,17,11,POST4_SPEED,DELTA_NAME,0.09695100784301758,0.001995563507080078,0.0949554443359375
gen4_name_direct_cross_layer_pair_level_differences_v1,generated_fact_179,17_MINUS_11,17,11,POST4_SPEED,DELTA_NAME,0.33518874645233154,0.003190755844116211,0.33199799060821533
gen4_name_direct_cross_layer_pair_level_differences_v1,generated_fact_180,17_MINUS_11,17,11,POST4_SPEED,DELTA_NAME,-0.0015611052513122559,0.05659973621368408,-0.05816084146499634
gen4_name_direct_cross_layer_pair_level_differences_v1,generated_fact_181,17_MINUS_11,17,11,POST4_SPEED,DELTA_NAME,0.18980324268341064,-0.03988504409790039,0.22968828678131104
gen4_name_direct_cross_layer_pair_level_differences_v1,generated_fact_182,17_MINUS_11,17,11,POST4_SPEED,DELTA_NAME,0.0496830940246582,0.05922818183898926,-0.009545087814331055
gen4_name_direct_cross_layer_pair_level_differences_v1,generated_fact_183,17_MINUS_11,17,11,POST4_SPEED,DELTA_NAME,-0.159490704536438,0.01012575626373291,-0.1696164608001709
gen4_name_direct_cross_layer_pair_level_differences_v1,generated_fact_184,17_MINUS_11,17,11,POST4_SPEED,DELTA_NAME,-0.2910875678062439,-0.06990683078765869,-0.2211807370185852
gen4_name_direct_cross_layer_pair_level_differences_v1,generated_fact_185,17_MINUS_11,17,11,POST4_SPEED,DELTA_NAME,-0.07029116153717041,-0.12847387790679932,0.058182716369628906
gen4_name_direct_cross_layer_pair_level_differences_v1,generated_fact_186,17_MINUS_11,17,11,POST4_SPEED,DELTA_NAME,-0.2556486129760742,0.03489506244659424,-0.29054367542266846
gen4_name_direct_cross_layer_pair_level_differences_v1,generated_fact_187,17_MINUS_11,17,11,POST4_SPEED,DELTA_NAME,0.0579228401184082,0.018007755279541016,0.03991508483886719
gen4_name_direct_cross_layer_pair_level_differences_v1,generated_fact_188,17_MINUS_11,17,11,POST4_SPEED,DELTA_NAME,-0.015582859516143799,0.04042673110961914,-0.05600959062576294
gen4_name_direct_cross_layer_pair_level_differences_v1,generated_fact_189,17_MINUS_11,17,11,POST4_SPEED,DELTA_NAME,-0.1562662124633789,-0.014463186264038086,-0.14180302619934082
gen4_name_direct_cross_layer_pair_level_differences_v1,generated_fact_190,17_MINUS_11,17,11,POST4_SPEED,DELTA_NAME,0.09515899419784546,0.0005594491958618164,0.09459954500198364
gen4_name_direct_cross_layer_pair_level_differences_v1,generated_fact_191,17_MINUS_11,17,11,POST4_SPEED,DELTA_NAME,0.3328123688697815,0.005867481231689453,0.32694488763809204
gen4_name_direct_cross_layer_pair_level_differences_v1,generated_fact_192,17_MINUS_11,17,11,POST4_SPEED,DELTA_NAME,0.0004177689552307129,0.056560635566711426,-0.05614286661148071
gen4_name_direct_cross_layer_pair_level_differences_v1,generated_fact_193,17_MINUS_11,17,11,POST4_SPEED,DELTA_NAME,0.19116169214248657,-0.03860950469970703,0.2297711968421936
gen4_name_direct_cross_layer_pair_level_differences_v1,generated_fact_194,17_MINUS_11,17,11,POST4_SPEED,DELTA_NAME,0.04628390073776245,0.05781257152557373,-0.01152867078781128
gen4_name_direct_cross_layer_pair_level_differences_v1,generated_fact_195,17_MINUS_11,17,11,POST4_SPEED,DELTA_NAME,-0.1622268557548523,0.00817561149597168,-0.17040246725082397
gen4_name_direct_cross_layer_pair_level_differences_v1,generated_fact_196,17_MINUS_11,17,11,POST4_SPEED,DELTA_NAME,-0.28878116607666016,-0.06950604915618896,-0.2192751169204712
gen4_name_direct_cross_layer_pair_level_differences_v1,generated_fact_197,17_MINUS_11,17,11,POST4_SPEED,DELTA_NAME,-0.06915652751922607,-0.12837517261505127,0.059218645095825195
gen4_name_direct_cross_layer_pair_level_differences_v1,generated_fact_198,17_MINUS_11,17,11,POST4_SPEED,DELTA_NAME,-0.2596019506454468,0.03273630142211914,-0.2923382520675659
gen4_name_direct_cross_layer_pair_level_differences_v1,generated_fact_199,17_MINUS_11,17,11,POST4_SPEED,DELTA_NAME,0.054865896701812744,0.01780414581298828,0.03706175088882446
gen4_name_direct_cross_layer_pair_level_differences_v1,generated_fact_200,17_MINUS_11,17,11,POST4_SPEED,DELTA_NAME,-0.016334235668182373,0.03964078426361084,-0.05597501993179321
gen4_name_direct_cross_layer_pair_level_differences_v1,generated_fact_201,17_MINUS_11,17,11,POST4_SPEED,DELTA_NAME,-0.16275465488433838,-0.015973806381225586,-0.1467808485031128
gen4_name_direct_cross_layer_pair_level_differences_v1,generated_fact_202,17_MINUS_11,17,11,POST4_SPEED,DELTA_NAME,0.09484654664993286,0.0016704797744750977,0.09317606687545776
gen4_name_direct_cross_layer_pair_level_differences_v1,generated_fact_203,17_MINUS_11,17,11,POST4_SPEED,DELTA_NAME,0.3304869532585144,0.0018651485443115234,0.3286218047142029
gen4_name_direct_cross_layer_pair_level_differences_v1,generated_fact_204,17_MINUS_11,17,11,POST4_SPEED,DELTA_NAME,-0.0006635785102844238,0.05827152729034424,-0.05893510580062866
gen4_name_direct_cross_layer_pair_level_differences_v1,generated_fact_205,17_MINUS_11,17,11,POST4_SPEED,DELTA_NAME,0.1889503002166748,-0.039518117904663086,0.2284684181213379
gen4_name_direct_cross_layer_pair_level_differences_v1,generated_fact_206,17_MINUS_11,17,11,POST4_SPEED,DELTA_NAME,0.04823756217956543,0.06001627445220947,-0.011778712272644043
gen4_name_direct_cross_layer_pair_level_differences_v1,generated_fact_207,17_MINUS_11,17,11,POST4_SPEED,DELTA_NAME,-0.1581326723098755,0.009927153587341309,-0.1680598258972168
gen4_name_direct_cross_layer_pair_level_differences_v1,generated_fact_208,17_MINUS_11,17,11,POST4_SPEED,DELTA_NAME,-0.28865325450897217,-0.06875741481781006,-0.2198958396911621
gen4_name_direct_cross_layer_pair_level_differences_v1,generated_fact_209,17_MINUS_11,17,11,POST4_SPEED,DELTA_NAME,-0.07157033681869507,-0.12730562686920166,0.05573529005050659
gen4_name_direct_cross_layer_pair_level_differences_v1,generated_fact_210,17_MINUS_11,17,11,POST4_SPEED,DELTA_NAME,-0.2513189911842346,0.0347590446472168,-0.2860780358314514
gen4_name_direct_cross_layer_pair_level_differences_v1,generated_fact_211,17_MINUS_11,17,11,POST4_SPEED,DELTA_NAME,0.05552142858505249,0.017901897430419922,0.03761953115463257
gen4_name_direct_cross_layer_pair_level_differences_v1,generated_fact_212,17_MINUS_11,17,11,POST4_SPEED,DELTA_NAME,-0.01592731475830078,0.04099476337432861,-0.056922078132629395
gen4_name_direct_cross_layer_pair_level_differences_v1,generated_fact_213,17_MINUS_11,17,11,POST4_SPEED,DELTA_NAME,-0.15438872575759888,-0.016448378562927246,-0.13794034719467163
gen4_name_direct_cross_layer_pair_level_differences_v1,generated_fact_214,17_MINUS_11,17,11,POST4_SPEED,DELTA_NAME,0.09470522403717041,0.001020669937133789,0.09368455410003662
gen4_name_direct_cross_layer_pair_level_differences_v1,generated_fact_215,17_MINUS_11,17,11,POST4_SPEED,DELTA_NAME,0.33373355865478516,0.0023648738861083984,0.33136868476867676
gen4_name_direct_cross_layer_pair_level_differences_v1,generated_fact_216,17_MINUS_11,17,11,POST4_SPEED,DELTA_NAME,0.0004431009292602539,0.05746567249298096,-0.0570225715637207
gen4_name_direct_cross_layer_pair_level_differences_v1,generated_fact_217,17_MINUS_11,17,11,POST4_SPEED,DELTA_NAME,0.1894770860671997,-0.038625240325927734,0.22810232639312744
gen4_name_direct_cross_layer_pair_level_differences_v1,generated_fact_218,17_MINUS_11,17,11,POST4_SPEED,DELTA_NAME,0.04751771688461304,0.057541489601135254,-0.010023772716522217
gen4_name_direct_cross_layer_pair_level_differences_v1,generated_fact_219,17_MINUS_11,17,11,POST4_SPEED,DELTA_NAME,-0.16192233562469482,0.011887192726135254,-0.17380952835083008
gen4_name_direct_cross_layer_pair_level_differences_v1,generated_fact_220,17_MINUS_11,17,11,POST4_SPEED,DELTA_NAME,-0.2848548889160156,-0.06670069694519043,-0.2181541919708252
gen4_name_direct_cross_layer_pair_level_differences_v1,generated_fact_221,17_MINUS_11,17,11,POST4_SPEED,DELTA_NAME,-0.06919968128204346,-0.12863552570343018,0.05943584442138672
gen4_name_direct_cross_layer_pair_level_differences_v1,generated_fact_222,17_MINUS_11,17,11,POST4_SPEED,DELTA_NAME,-0.2604075074195862,0.03346455097198486,-0.29387205839157104
gen4_name_direct_cross_layer_pair_level_differences_v1,generated_fact_223,17_MINUS_11,17,11,POST4_SPEED,DELTA_NAME,0.05730783939361572,0.01898324489593506,0.038324594497680664
gen4_name_direct_cross_layer_pair_level_differences_v1,generated_fact_224,17_MINUS_11,17,11,POST4_SPEED,DELTA_NAME,-0.01352471113204956,0.04070460796356201,-0.05422931909561157
gen4_name_direct_cross_layer_pair_level_differences_v1,generated_fact_225,17_MINUS_11,17,11,POST4_SPEED,DELTA_NAME,-0.16305899620056152,-0.016953468322753906,-0.14610552787780762
gen4_name_direct_cross_layer_pair_level_differences_v1,generated_fact_226,17_MINUS_11,17,11,POST4_SPEED,DELTA_NAME,0.09419238567352295,0.0030547380447387695,0.09113764762878418
gen4_name_direct_cross_layer_pair_level_differences_v1,generated_fact_227,17_MINUS_11,17,11,POST4_SPEED,DELTA_NAME,0.33272701501846313,0.0007469654083251953,0.33198004961013794
gen4_name_direct_cross_layer_pair_level_differences_v1,generated_fact_228,17_MINUS_11,17,11,POST4_SPEED,DELTA_NAME,-0.002019643783569336,0.059099435806274414,-0.06111907958984375
gen4_name_direct_cross_layer_pair_level_differences_v1,generated_fact_229,17_MINUS_11,17,11,POST4_SPEED,DELTA_NAME,0.19122612476348877,-0.04003763198852539,0.23126375675201416
gen4_name_direct_cross_layer_pair_level_differences_v1,generated_fact_230,17_MINUS_11,17,11,POST4_SPEED,DELTA_NAME,0.04889947175979614,0.05962777137756348,-0.010728299617767334
gen4_name_direct_cross_layer_pair_level_differences_v1,generated_fact_231,17_MINUS_11,17,11,POST4_SPEED,DELTA_NAME,-0.16267883777618408,0.008535385131835938,-0.17121422290802002
gen4_name_direct_cross_layer_pair_level_differences_v1,generated_fact_232,17_MINUS_11,17,11,POST4_SPEED,DELTA_NAME,-0.2911357879638672,-0.06881296634674072,-0.22232282161712646
gen4_name_direct_cross_layer_pair_level_differences_v1,generated_fact_233,17_MINUS_11,17,11,POST4_SPEED,DELTA_NAME,-0.07017111778259277,-0.12866687774658203,0.05849575996398926
gen4_name_direct_cross_layer_pair_level_differences_v1,generated_fact_234,17_MINUS_11,17,11,POST4_SPEED,DELTA_NAME,-0.2522324323654175,0.034605979919433594,-0.2868384122848511
gen4_name_direct_cross_layer_pair_level_differences_v1,generated_fact_235,17_MINUS_11,17,11,POST4_SPEED,DELTA_NAME,0.05672907829284668,0.018584370613098145,0.038144707679748535
gen4_name_direct_cross_layer_pair_level_differences_v1,generated_fact_236,17_MINUS_11,17,11,POST4_SPEED,DELTA_NAME,-0.013753652572631836,0.040505290031433105,-0.05425894260406494
gen4_name_direct_cross_layer_pair_level_differences_v1,generated_fact_237,17_MINUS_11,17,11,POST4_SPEED,DELTA_NAME,-0.15332573652267456,-0.015963435173034668,-0.1373623013496399
gen4_name_direct_cross_layer_pair_level_differences_v1,generated_fact_238,17_MINUS_11,17,11,POST4_SPEED,DELTA_NAME,0.09645587205886841,0.0006660223007202148,0.0957898497581482
gen4_name_direct_cross_layer_pair_level_differences_v1,generated_fact_239,17_MINUS_11,17,11,POST4_SPEED,DELTA_NAME,0.3346073627471924,0.0025452375411987305,0.33206212520599365
gen4_name_direct_cross_layer_pair_level_differences_v1,generated_fact_240,17_MINUS_11,17,11,POST4_SPEED,DELTA_NAME,-0.003036975860595703,0.057438015937805176,-0.06047499179840088
gen4_name_direct_cross_layer_pair_level_differences_v1,generated_fact_241,17_MINUS_11,17,11,POST4_SPEED,DELTA_NAME,0.18492573499679565,-0.03746163845062256,0.2223873734474182
gen4_name_direct_cross_layer_pair_level_differences_v1,generated_fact_242,17_MINUS_11,17,11,POST4_SPEED,DELTA_NAME,0.047414541244506836,0.05926156044006348,-0.01184701919555664
gen4_name_direct_cross_layer_pair_level_differences_v1,generated_fact_243,17_MINUS_11,17,11,POST4_SPEED,DELTA_NAME,-0.16166043281555176,0.011118769645690918,-0.17277920246124268
gen4_name_direct_cross_layer_pair_level_differences_v1,generated_fact_244,17_MINUS_11,17,11,POST4_SPEED,DELTA_NAME,-0.2897810935974121,-0.06827318668365479,-0.22150790691375732
gen4_name_direct_cross_layer_pair_level_differences_v1,generated_fact_245,17_MINUS_11,17,11,POST4_SPEED,DELTA_NAME,-0.0721898078918457,-0.12908387184143066,0.05689406394958496
gen4_name_direct_cross_layer_pair_level_differences_v1,generated_fact_246,17_MINUS_11,17,11,POST4_SPEED,DELTA_NAME,-0.25903528928756714,0.03473806381225586,-0.293773353099823
gen4_name_direct_cross_layer_pair_level_differences_v1,generated_fact_247,17_MINUS_11,17,11,POST4_SPEED,DELTA_NAME,0.05569303035736084,0.01950860023498535,0.03618443012237549
gen4_name_direct_cross_layer_pair_level_differences_v1,generated_fact_248,17_MINUS_11,17,11,POST4_SPEED,DELTA_NAME,-0.016109704971313477,0.04053354263305664,-0.05664324760437012
gen4_name_direct_cross_layer_pair_level_differences_v1,generated_fact_249,17_MINUS_11,17,11,POST4_SPEED,DELTA_NAME,-0.16246455907821655,-0.016576409339904785,-0.14588814973831177
gen4_name_direct_cross_layer_pair_level_differences_v1,generated_fact_250,17_MINUS_11,17,11,POST4_SPEED,DELTA_NAME,0.09471100568771362,-0.00017940998077392578,0.09489041566848755
gen4_name_direct_cross_layer_pair_level_differences_v1,generated_fact_251,17_MINUS_11,17,11,POST4_SPEED,DELTA_NAME,0.3301248550415039,0.003888845443725586,0.3262360095977783
gen4_name_direct_cross_layer_pair_level_differences_v1,generated_fact_252,17_MINUS_11,17,11,POST4_SPEED,DELTA_NAME,-0.0008854269981384277,0.058708906173706055,-0.05959433317184448
gen4_name_direct_cross_layer_pair_level_differences_v1,generated_fact_253,17_MINUS_11,17,11,POST4_SPEED,DELTA_NAME,0.19204998016357422,-0.04015660285949707,0.2322065830230713
gen4_name_direct_cross_layer_pair_level_differences_v1,generated_fact_254,17_MINUS_11,17,11,POST4_SPEED,DELTA_NAME,0.04975712299346924,0.05849754810333252,-0.008740425109863281
gen4_name_direct_cross_layer_pair_level_differences_v1,generated_fact_255,17_MINUS_11,17,11,POST4_SPEED,DELTA_NAME,-0.16061246395111084,0.008740782737731934,-0.16935324668884277
gen4_name_direct_cross_layer_pair_level_differences_v1,generated_fact_256,17_MINUS_11,17,11,POST4_SPEED,DELTA_NAME,-0.2917957901954651,-0.07011294364929199,-0.2216828465461731
gen4_name_direct_cross_layer_pair_level_differences_v1,generated_fact_257,17_MINUS_11,17,11,POST4_SPEED,DELTA_NAME,-0.07215964794158936,-0.1247260570526123,0.05256640911102295
gen4_name_direct_cross_layer_pair_level_differences_v1,generated_fact_258,17_MINUS_11,17,11,POST4_SPEED,DELTA_NAME,-0.2532889246940613,0.0346989631652832,-0.2879878878593445
gen4_name_direct_cross_layer_pair_level_differences_v1,generated_fact_259,17_MINUS_11,17,11,POST4_SPEED,DELTA_NAME,0.05600583553314209,0.018680930137634277,0.03732490539550781
gen4_name_direct_cross_layer_pair_level_differences_v1,generated_fact_260,17_MINUS_11,17,11,POST4_SPEED,DELTA_NAME,-0.015186846256256104,0.0397944450378418,-0.0549812912940979
gen4_name_direct_cross_layer_pair_level_differences_v1,generated_fact_261,17_MINUS_11,17,11,POST4_SPEED,DELTA_NAME,-0.15689367055892944,-0.01468205451965332,-0.14221161603927612
gen4_name_direct_cross_layer_pair_level_differences_v1,generated_fact_262,17_MINUS_11,17,11,POST4_SPEED,DELTA_NAME,0.09780746698379517,0.0011219978332519531,0.09668546915054321
gen4_name_direct_cross_layer_pair_level_differences_v1,generated_fact_263,17_MINUS_11,17,11,POST4_SPEED,DELTA_NAME,0.3354285955429077,0.0037859678268432617,0.33164262771606445
gen4_name_direct_cross_layer_pair_level_differences_v1,generated_fact_264,17_MINUS_11,17,11,POST4_SPEED,DELTA_NAME,-0.00042188167572021484,0.05803823471069336,-0.058460116386413574
gen4_name_direct_cross_layer_pair_level_differences_v1,generated_fact_265,17_MINUS_11,17,11,POST4_SPEED,DELTA_NAME,0.18930423259735107,-0.03847455978393555,0.22777879238128662
gen4_name_direct_cross_layer_pair_level_differences_v1,generated_fact_266,17_MINUS_11,17,11,POST4_SPEED,DELTA_NAME,0.0464024543762207,0.05731797218322754,-0.010915517807006836
gen4_name_direct_cross_layer_pair_level_differences_v1,generated_fact_267,17_MINUS_11,17,11,POST4_SPEED,DELTA_NAME,-0.16049140691757202,0.011872291564941406,-0.17236369848251343
gen4_name_direct_cross_layer_pair_level_differences_v1,generated_fact_268,17_MINUS_11,17,11,POST4_SPEED,DELTA_NAME,-0.28938376903533936,-0.0691220760345459,-0.22026169300079346
gen4_name_direct_cross_layer_pair_level_differences_v1,generated_fact_269,17_MINUS_11,17,11,POST4_SPEED,DELTA_NAME,-0.06786614656448364,-0.12938714027404785,0.06152099370956421
gen4_name_direct_cross_layer_pair_level_differences_v1,generated_fact_270,17_MINUS_11,17,11,POST4_SPEED,DELTA_NAME,-0.2581482529640198,0.03307032585144043,-0.2912185788154602
gen4_name_direct_cross_layer_pair_level_differences_v1,generated_fact_271,17_MINUS_11,17,11,POST4_SPEED,DELTA_NAME,0.05744987726211548,0.01981830596923828,0.0376315712928772
gen4_name_direct_cross_layer_pair_level_differences_v1,generated_fact_272,17_MINUS_11,17,11,POST4_SPEED,DELTA_NAME,-0.0142744779586792,0.039698123931884766,-0.053972601890563965
gen4_name_direct_cross_layer_pair_level_differences_v1,generated_fact_273,17_MINUS_11,17,11,POST4_SPEED,DELTA_NAME,-0.15983301401138306,-0.016287922859191895,-0.14354509115219116
gen4_name_direct_cross_layer_pair_level_differences_v1,generated_fact_274,17_MINUS_11,17,11,POST4_SPEED,DELTA_NAME,0.09374147653579712,0.0016634464263916016,0.09207803010940552
gen4_name_direct_cross_layer_pair_level_differences_v1,generated_fact_275,17_MINUS_11,17,11,POST4_SPEED,DELTA_NAME,0.3341180086135864,0.004190921783447266,0.32992708683013916
gen4_name_direct_cross_layer_pair_level_differences_v1,generated_fact_276,17_MINUS_11,17,11,POST4_SPEED,DELTA_NAME,0.0005156397819519043,0.05693960189819336,-0.056423962116241455
gen4_name_direct_cross_layer_pair_level_differences_v1,generated_fact_277,17_MINUS_11,17,11,POST4_SPEED,DELTA_NAME,0.19170081615447998,-0.03934502601623535,0.23104584217071533
gen4_name_direct_cross_layer_pair_level_differences_v1,generated_fact_278,17_MINUS_11,17,11,POST4_SPEED,DELTA_NAME,0.049331068992614746,0.059693217277526855,-0.01036214828491211
gen4_name_direct_cross_layer_pair_level_differences_v1,generated_fact_279,17_MINUS_11,17,11,POST4_SPEED,DELTA_NAME,-0.15825742483139038,0.007173061370849609,-0.16543048620224
gen4_name_direct_cross_layer_pair_level_differences_v1,generated_fact_280,17_MINUS_11,17,11,POST4_SPEED,DELTA_NAME,-0.2881048917770386,-0.06816458702087402,-0.21994030475616455
gen4_name_direct_cross_layer_pair_level_differences_v1,generated_fact_281,17_MINUS_11,17,11,POST4_SPEED,DELTA_NAME,-0.0709228515625,-0.12724733352661133,0.05632448196411133
gen4_name_direct_cross_layer_pair_level_differences_v1,generated_fact_282,17_MINUS_11,17,11,POST4_SPEED,DELTA_NAME,-0.2558072805404663,0.03410029411315918,-0.2899075746536255
gen4_name_direct_cross_layer_pair_level_differences_v1,generated_fact_283,17_MINUS_11,17,11,POST4_SPEED,DELTA_NAME,0.05529385805130005,0.017331838607788086,0.03796201944351196
gen4_name_direct_cross_layer_pair_level_differences_v1,generated_fact_284,17_MINUS_11,17,11,POST4_SPEED,DELTA_NAME,-0.017096340656280518,0.04044628143310547,-0.057542622089385986
gen4_name_direct_cross_layer_pair_level_differences_v1,generated_fact_285,17_MINUS_11,17,11,POST4_SPEED,DELTA_NAME,-0.15844577550888062,-0.01565694808959961,-0.142788827419281
gen4_name_direct_cross_layer_pair_level_differences_v1,generated_fact_286,17_MINUS_11,17,11,POST4_SPEED,DELTA_NAME,0.0952380895614624,0.001741170883178711,0.09349691867828369
gen4_name_direct_cross_layer_pair_level_differences_v1,generated_fact_287,17_MINUS_11,17,11,POST4_SPEED,DELTA_NAME,0.3290293216705322,0.0029587745666503906,0.32607054710388184
gen4_name_direct_cross_layer_pair_level_differences_v1,generated_fact_288,17_MINUS_11,17,11,POST4_SPEED,DELTA_NAME,-0.0005344152450561523,0.05799674987792969,-0.05853116512298584
gen4_name_direct_cross_layer_pair_level_differences_v1,generated_fact_289,17_MINUS_11,17,11,POST4_SPEED,DELTA_NAME,0.1872779130935669,-0.03848695755004883,0.22576487064361572
gen4_name_direct_cross_layer_pair_level_differences_v1,generated_fact_290,17_MINUS_11,17,11,POST4_SPEED,DELTA_NAME,0.04541933536529541,0.05756795406341553,-0.012148618698120117
gen4_name_direct_cross_layer_pair_level_differences_v1,generated_fact_291,17_MINUS_11,17,11,POST4_SPEED,DELTA_NAME,-0.1621241569519043,0.01055443286895752,-0.17267858982086182
gen4_name_direct_cross_layer_pair_level_differences_v1,generated_fact_292,17_MINUS_11,17,11,POST4_SPEED,DELTA_NAME,-0.28647780418395996,-0.06858980655670166,-0.2178879976272583
gen4_name_direct_cross_layer_pair_level_differences_v1,generated_fact_293,17_MINUS_11,17,11,POST4_SPEED,DELTA_NAME,-0.06870216131210327,-0.12823450565338135,0.059532344341278076
gen4_name_direct_cross_layer_pair_level_differences_v1,generated_fact_294,17_MINUS_11,17,11,POST4_SPEED,DELTA_NAME,-0.2557752728462219,0.03362691402435303,-0.28940218687057495
gen4_name_direct_cross_layer_pair_level_differences_v1,generated_fact_295,17_MINUS_11,17,11,POST4_SPEED,DELTA_NAME,0.05765897035598755,0.019397377967834473,0.038261592388153076
gen4_name_direct_cross_layer_pair_level_differences_v1,generated_fact_296,17_MINUS_11,17,11,POST4_SPEED,DELTA_NAME,-0.015270709991455078,0.04054522514343262,-0.055815935134887695
gen4_name_direct_cross_layer_pair_level_differences_v1,generated_fact_297,17_MINUS_11,17,11,POST4_SPEED,DELTA_NAME,-0.15797150135040283,-0.016833066940307617,-0.14113843441009521
gen4_name_direct_cross_layer_pair_level_differences_v1,generated_fact_298,17_MINUS_11,17,11,POST4_SPEED,DELTA_NAME,0.0937994122505188,0.0013076066970825195,0.09249180555343628
gen4_name_direct_cross_layer_pair_level_differences_v1,generated_fact_299,17_MINUS_11,17,11,POST4_SPEED,DELTA_NAME,0.33480221033096313,0.002084970474243164,0.33271723985671997
gen4_name_direct_cross_layer_pair_level_differences_v1,generated_fact_300,17_MINUS_11,17,11,POST4_SPEED,DELTA_NAME,-0.0008652210235595703,0.05574023723602295,-0.05660545825958252
gen4_name_direct_cross_layer_pair_level_differences_v1,glacier_study,17_MINUS_11,17,11,POST4_SPEED,DELTA_NAME,-0.038221538066864014,0.012928128242492676,-0.05114966630935669
gen4_name_direct_cross_layer_pair_level_differences_v1,harbor_upgrade,17_MINUS_11,17,11,POST4_SPEED,DELTA_NAME,0.06872725486755371,0.012607812881469727,0.056119441986083984
gen4_name_direct_cross_layer_pair_level_differences_v1,jazz_archive,17_MINUS_11,17,11,POST4_SPEED,DELTA_NAME,-0.1631191372871399,0.012190818786621094,-0.175309956073761
gen4_name_direct_cross_layer_pair_level_differences_v1,language_program,17_MINUS_11,17,11,POST4_SPEED,DELTA_NAME,-0.2262468934059143,-0.10001635551452637,-0.12623053789138794
gen4_name_direct_cross_layer_pair_level_differences_v1,library_digitization,17_MINUS_11,17,11,POST4_SPEED,DELTA_NAME,-0.3417285084724426,0.04654264450073242,-0.38827115297317505
gen4_name_direct_cross_layer_pair_level_differences_v1,market_renovation,17_MINUS_11,17,11,POST4_SPEED,DELTA_NAME,-0.07310432195663452,-0.05591118335723877,-0.017193138599395752
gen4_name_direct_cross_layer_pair_level_differences_v1,museum_purchase,17_MINUS_11,17,11,POST4_SPEED,DELTA_NAME,0.08576327562332153,0.11452412605285645,-0.028760850429534912
gen4_name_direct_cross_layer_pair_level_differences_v1,opera_premiere,17_MINUS_11,17,11,POST4_SPEED,DELTA_NAME,0.20397412776947021,0.016028523445129395,0.18794560432434082
gen4_name_direct_cross_layer_pair_level_differences_v1,orion_approval,17_MINUS_11,17,11,POST4_SPEED,DELTA_NAME,-0.12140834331512451,-0.0004723072052001953,-0.12093603610992432
gen4_name_direct_cross_layer_pair_level_differences_v1,poetry_prize,17_MINUS_11,17,11,POST4_SPEED,DELTA_NAME,-0.004402279853820801,0.10881567001342773,-0.11321794986724854
gen4_name_direct_cross_layer_pair_level_differences_v1,railway_restoration,17_MINUS_11,17,11,POST4_SPEED,DELTA_NAME,0.05972576141357422,0.0376439094543457,0.022081851959228516
gen4_name_direct_cross_layer_pair_level_differences_v1,reef_protection,17_MINUS_11,17,11,POST4_SPEED,DELTA_NAME,-0.09925270080566406,0.07177793979644775,-0.17103064060211182
gen4_name_direct_cross_layer_pair_level_differences_v1,robotics_championship,17_MINUS_11,17,11,POST4_SPEED,DELTA_NAME,0.15130650997161865,0.05595088005065918,0.09535562992095947
gen4_name_direct_cross_layer_pair_level_differences_v1,satellite_launch,17_MINUS_11,17,11,POST4_SPEED,DELTA_NAME,0.165918231010437,-0.027751445770263672,0.19366967678070068
gen4_name_direct_cross_layer_pair_level_differences_v1,school_opening,17_MINUS_11,17,11,POST4_SPEED,DELTA_NAME,-0.03110480308532715,-0.07425916194915771,0.043154358863830566
gen4_name_direct_cross_layer_pair_level_differences_v1,solar_farm_contract,17_MINUS_11,17,11,POST4_SPEED,DELTA_NAME,-0.10705631971359253,0.051277875900268555,-0.15833419561386108
gen4_name_direct_cross_layer_pair_level_differences_v1,theater_restoration,17_MINUS_11,17,11,POST4_SPEED,DELTA_NAME,-0.07754498720169067,0.01550137996673584,-0.09304636716842651
gen4_name_direct_cross_layer_pair_level_differences_v1,treaty_signature,17_MINUS_11,17,11,POST4_SPEED,DELTA_NAME,0.11079269647598267,-0.1453993320465088,0.25619202852249146
gen4_name_direct_cross_layer_pair_level_differences_v1,vaccine_delivery,17_MINUS_11,17,11,POST4_SPEED,DELTA_NAME,-0.024763107299804688,0.048593878746032715,-0.0733569860458374
gen4_name_direct_cross_layer_pair_level_differences_v1,volcano_observatory,17_MINUS_11,17,11,POST4_SPEED,DELTA_NAME,0.2078341245651245,-0.012168169021606445,0.22000229358673096
gen4_name_direct_cross_layer_pair_level_differences_v1,wetland_restoration,17_MINUS_11,17,11,POST4_SPEED,DELTA_NAME,-0.1658908724784851,-0.05442321300506592,-0.11146765947341919
gen4_name_direct_cross_layer_pair_level_differences_v1,archive_release,17_MINUS_11,17,11,POST4_TURNING,DELTA_NAME,-0.0034918785095214844,-0.0012280941009521484,-0.002263784408569336
gen4_name_direct_cross_layer_pair_level_differences_v1,bridge_opening,17_MINUS_11,17,11,POST4_TURNING,DELTA_NAME,0.06339430809020996,-0.014181256294250488,0.07757556438446045
gen4_name_direct_cross_layer_pair_level_differences_v1,canal_reopening,17_MINUS_11,17,11,POST4_TURNING,DELTA_NAME,0.016384482383728027,0.03710925579071045,-0.020724773406982422
gen4_name_direct_cross_layer_pair_level_differences_v1,clinic_expansion,17_MINUS_11,17,11,POST4_TURNING,DELTA_NAME,-0.01427149772644043,-0.029163002967834473,0.014891505241394043
gen4_name_direct_cross_layer_pair_level_differences_v1,dam_inspection,17_MINUS_11,17,11,POST4_TURNING,DELTA_NAME,0.019223570823669434,-0.007591724395751953,0.026815295219421387
gen4_name_direct_cross_layer_pair_level_differences_v1,ferry_launch,17_MINUS_11,17,11,POST4_TURNING,DELTA_NAME,-0.008194684982299805,-0.054152727127075195,0.04595804214477539
gen4_name_direct_cross_layer_pair_level_differences_v1,festival_selection,17_MINUS_11,17,11,POST4_TURNING,DELTA_NAME,0.07090258598327637,-0.01840066909790039,0.08930325508117676
gen4_name_direct_cross_layer_pair_level_differences_v1,forest_mapping,17_MINUS_11,17,11,POST4_TURNING,DELTA_NAME,0.08443057537078857,-0.001591801643371582,0.08602237701416016
gen4_name_direct_cross_layer_pair_level_differences_v1,garden_award,17_MINUS_11,17,11,POST4_TURNING,DELTA_NAME,-0.016924142837524414,-0.031435489654541016,0.014511346817016602
gen4_name_direct_cross_layer_pair_level_differences_v1,generated_fact_031,17_MINUS_11,17,11,POST4_TURNING,DELTA_NAME,0.058302879333496094,-0.021460890769958496,0.07976377010345459
gen4_name_direct_cross_layer_pair_level_differences_v1,generated_fact_032,17_MINUS_11,17,11,POST4_TURNING,DELTA_NAME,0.01836872100830078,-0.03824567794799805,0.05661439895629883
gen4_name_direct_cross_layer_pair_level_differences_v1,generated_fact_033,17_MINUS_11,17,11,POST4_TURNING,DELTA_NAME,0.036092519760131836,0.03585469722747803,0.0002378225326538086
gen4_name_direct_cross_layer_pair_level_differences_v1,generated_fact_034,17_MINUS_11,17,11,POST4_TURNING,DELTA_NAME,-0.1366952657699585,0.0013266801834106445,-0.13802194595336914
gen4_name_direct_cross_layer_pair_level_differences_v1,generated_fact_035,17_MINUS_11,17,11,POST4_TURNING,DELTA_NAME,0.032338500022888184,-0.0015026330947875977,0.03384113311767578
gen4_name_direct_cross_layer_pair_level_differences_v1,generated_fact_036,17_MINUS_11,17,11,POST4_TURNING,DELTA_NAME,0.0006964206695556641,0.01027524471282959,-0.009578824043273926
gen4_name_direct_cross_layer_pair_level_differences_v1,generated_fact_037,17_MINUS_11,17,11,POST4_TURNING,DELTA_NAME,0.024547696113586426,-0.00029587745666503906,0.024843573570251465
gen4_name_direct_cross_layer_pair_level_differences_v1,generated_fact_038,17_MINUS_11,17,11,POST4_TURNING,DELTA_NAME,-0.02442610263824463,-0.042461514472961426,0.018035411834716797
gen4_name_direct_cross_layer_pair_level_differences_v1,generated_fact_039,17_MINUS_11,17,11,POST4_TURNING,DELTA_NAME,-0.005183577537536621,0.028223156929016113,-0.033406734466552734
gen4_name_direct_cross_layer_pair_level_differences_v1,generated_fact_040,17_MINUS_11,17,11,POST4_TURNING,DELTA_NAME,-0.10641205310821533,0.04890763759613037,-0.1553196907043457
gen4_name_direct_cross_layer_pair_level_differences_v1,generated_fact_041,17_MINUS_11,17,11,POST4_TURNING,DELTA_NAME,0.06321918964385986,-0.025629281997680664,0.08884847164154053
gen4_name_direct_cross_layer_pair_level_differences_v1,generated_fact_042,17_MINUS_11,17,11,POST4_TURNING,DELTA_NAME,0.016887664794921875,-0.006076455116271973,0.022964119911193848
gen4_name_direct_cross_layer_pair_level_differences_v1,generated_fact_043,17_MINUS_11,17,11,POST4_TURNING,DELTA_NAME,0.059937238693237305,-0.02158045768737793,0.08151769638061523
gen4_name_direct_cross_layer_pair_level_differences_v1,generated_fact_044,17_MINUS_11,17,11,POST4_TURNING,DELTA_NAME,0.019526958465576172,-0.03813791275024414,0.05766487121582031
gen4_name_direct_cross_layer_pair_level_differences_v1,generated_fact_045,17_MINUS_11,17,11,POST4_TURNING,DELTA_NAME,0.03487038612365723,0.03576314449310303,-0.0008927583694458008
gen4_name_direct_cross_layer_pair_level_differences_v1,generated_fact_046,17_MINUS_11,17,11,POST4_TURNING,DELTA_NAME,-0.1383039951324463,0.001093745231628418,-0.1393977403640747
gen4_name_direct_cross_layer_pair_level_differences_v1,generated_fact_047,17_MINUS_11,17,11,POST4_TURNING,DELTA_NAME,0.032390594482421875,-0.0020911693572998047,0.03448176383972168
gen4_name_direct_cross_layer_pair_level_differences_v1,generated_fact_048,17_MINUS_11,17,11,POST4_TURNING,DELTA_NAME,0.002302408218383789,0.010309815406799316,-0.008007407188415527
gen4_name_direct_cross_layer_pair_level_differences_v1,generated_fact_049,17_MINUS_11,17,11,POST4_TURNING,DELTA_NAME,0.02614724636077881,7.3909759521484375e-06,0.02613985538482666
gen4_name_direct_cross_layer_pair_level_differences_v1,generated_fact_050,17_MINUS_11,17,11,POST4_TURNING,DELTA_NAME,-0.022988319396972656,-0.04243803024291992,0.019449710845947266
gen4_name_direct_cross_layer_pair_level_differences_v1,generated_fact_051,17_MINUS_11,17,11,POST4_TURNING,DELTA_NAME,-0.006059885025024414,0.02778327465057373,-0.033843159675598145
gen4_name_direct_cross_layer_pair_level_differences_v1,generated_fact_052,17_MINUS_11,17,11,POST4_TURNING,DELTA_NAME,-0.10586297512054443,0.049120306968688965,-0.1549832820892334
gen4_name_direct_cross_layer_pair_level_differences_v1,generated_fact_053,17_MINUS_11,17,11,POST4_TURNING,DELTA_NAME,0.062314391136169434,-0.025371074676513672,0.0876854658126831
gen4_name_direct_cross_layer_pair_level_differences_v1,generated_fact_054,17_MINUS_11,17,11,POST4_TURNING,DELTA_NAME,0.017109036445617676,-0.006120920181274414,0.02322995662689209
gen4_name_direct_cross_layer_pair_level_differences_v1,generated_fact_055,17_MINUS_11,17,11,POST4_TURNING,DELTA_NAME,0.05907583236694336,-0.021087169647216797,0.08016300201416016
gen4_name_direct_cross_layer_pair_level_differences_v1,generated_fact_056,17_MINUS_11,17,11,POST4_TURNING,DELTA_NAME,0.019039392471313477,-0.03812611103057861,0.05716550350189209
gen4_name_direct_cross_layer_pair_level_differences_v1,generated_fact_057,17_MINUS_11,17,11,POST4_TURNING,DELTA_NAME,0.036539435386657715,0.035239338874816895,0.0013000965118408203
gen4_name_direct_cross_layer_pair_level_differences_v1,generated_fact_058,17_MINUS_11,17,11,POST4_TURNING,DELTA_NAME,-0.1379234790802002,0.001543879508972168,-0.13946735858917236
gen4_name_direct_cross_layer_pair_level_differences_v1,generated_fact_059,17_MINUS_11,17,11,POST4_TURNING,DELTA_NAME,0.03157651424407959,-0.0017355680465698242,0.033312082290649414
gen4_name_direct_cross_layer_pair_level_differences_v1,generated_fact_060,17_MINUS_11,17,11,POST4_TURNING,DELTA_NAME,0.0006355047225952148,0.010674595832824707,-0.010039091110229492
gen4_name_direct_cross_layer_pair_level_differences_v1,generated_fact_061,17_MINUS_11,17,11,POST4_TURNING,DELTA_NAME,0.02605748176574707,0.0002899169921875,0.02576756477355957
gen4_name_direct_cross_layer_pair_level_differences_v1,generated_fact_062,17_MINUS_11,17,11,POST4_TURNING,DELTA_NAME,-0.024201035499572754,-0.04230809211730957,0.018107056617736816
gen4_name_direct_cross_layer_pair_level_differences_v1,generated_fact_063,17_MINUS_11,17,11,POST4_TURNING,DELTA_NAME,-0.004921317100524902,0.027852535247802734,-0.03277385234832764
gen4_name_direct_cross_layer_pair_level_differences_v1,generated_fact_064,17_MINUS_11,17,11,POST4_TURNING,DELTA_NAME,-0.10511624813079834,0.0492931604385376,-0.15440940856933594
gen4_name_direct_cross_layer_pair_level_differences_v1,generated_fact_065,17_MINUS_11,17,11,POST4_TURNING,DELTA_NAME,0.06342935562133789,-0.02563774585723877,0.08906710147857666
gen4_name_direct_cross_layer_pair_level_differences_v1,generated_fact_066,17_MINUS_11,17,11,POST4_TURNING,DELTA_NAME,0.020953655242919922,-0.006035923957824707,0.02698957920074463
gen4_name_direct_cross_layer_pair_level_differences_v1,generated_fact_067,17_MINUS_11,17,11,POST4_TURNING,DELTA_NAME,0.05986452102661133,-0.021572470664978027,0.08143699169158936
gen4_name_direct_cross_layer_pair_level_differences_v1,generated_fact_068,17_MINUS_11,17,11,POST4_TURNING,DELTA_NAME,0.01790761947631836,-0.03876543045043945,0.05667304992675781
gen4_name_direct_cross_layer_pair_level_differences_v1,generated_fact_069,17_MINUS_11,17,11,POST4_TURNING,DELTA_NAME,0.03504788875579834,0.03570377826690674,-0.0006558895111083984
gen4_name_direct_cross_layer_pair_level_differences_v1,generated_fact_070,17_MINUS_11,17,11,POST4_TURNING,DELTA_NAME,-0.14047420024871826,0.0007348060607910156,-0.14120900630950928
gen4_name_direct_cross_layer_pair_level_differences_v1,generated_fact_071,17_MINUS_11,17,11,POST4_TURNING,DELTA_NAME,0.03259468078613281,-0.0018061399459838867,0.0344008207321167
gen4_name_direct_cross_layer_pair_level_differences_v1,generated_fact_072,17_MINUS_11,17,11,POST4_TURNING,DELTA_NAME,0.0012627840042114258,0.010766386985778809,-0.009503602981567383
gen4_name_direct_cross_layer_pair_level_differences_v1,generated_fact_073,17_MINUS_11,17,11,POST4_TURNING,DELTA_NAME,0.023929953575134277,-0.0001195669174194336,0.02404952049255371
gen4_name_direct_cross_layer_pair_level_differences_v1,generated_fact_074,17_MINUS_11,17,11,POST4_TURNING,DELTA_NAME,-0.02288341522216797,-0.042265892028808594,0.019382476806640625
gen4_name_direct_cross_layer_pair_level_differences_v1,generated_fact_075,17_MINUS_11,17,11,POST4_TURNING,DELTA_NAME,-0.00554502010345459,0.02806270122528076,-0.03360772132873535
gen4_name_direct_cross_layer_pair_level_differences_v1,generated_fact_076,17_MINUS_11,17,11,POST4_TURNING,DELTA_NAME,-0.10405540466308594,0.04878890514373779,-0.15284430980682373
gen4_name_direct_cross_layer_pair_level_differences_v1,generated_fact_077,17_MINUS_11,17,11,POST4_TURNING,DELTA_NAME,0.06329452991485596,-0.024664759635925293,0.08795928955078125
gen4_name_direct_cross_layer_pair_level_differences_v1,generated_fact_078,17_MINUS_11,17,11,POST4_TURNING,DELTA_NAME,0.019821524620056152,-0.005997776985168457,0.02581930160522461
gen4_name_direct_cross_layer_pair_level_differences_v1,generated_fact_079,17_MINUS_11,17,11,POST4_TURNING,DELTA_NAME,0.05988192558288574,-0.021691083908081055,0.0815730094909668
gen4_name_direct_cross_layer_pair_level_differences_v1,generated_fact_080,17_MINUS_11,17,11,POST4_TURNING,DELTA_NAME,0.020524144172668457,-0.03813314437866211,0.058657288551330566
gen4_name_direct_cross_layer_pair_level_differences_v1,generated_fact_081,17_MINUS_11,17,11,POST4_TURNING,DELTA_NAME,0.036712050437927246,0.034864068031311035,0.001847982406616211
gen4_name_direct_cross_layer_pair_level_differences_v1,generated_fact_082,17_MINUS_11,17,11,POST4_TURNING,DELTA_NAME,-0.14034545421600342,0.0015860795974731445,-0.14193153381347656
gen4_name_direct_cross_layer_pair_level_differences_v1,generated_fact_083,17_MINUS_11,17,11,POST4_TURNING,DELTA_NAME,0.030931591987609863,-0.001221776008605957,0.03215336799621582
gen4_name_direct_cross_layer_pair_level_differences_v1,generated_fact_084,17_MINUS_11,17,11,POST4_TURNING,DELTA_NAME,0.0023463964462280273,0.010406255722045898,-0.008059859275817871
gen4_name_direct_cross_layer_pair_level_differences_v1,generated_fact_085,17_MINUS_11,17,11,POST4_TURNING,DELTA_NAME,0.02523934841156006,-1.2755393981933594e-05,0.025252103805541992
gen4_name_direct_cross_layer_pair_level_differences_v1,generated_fact_086,17_MINUS_11,17,11,POST4_TURNING,DELTA_NAME,-0.023792743682861328,-0.04244363307952881,0.01865088939666748
gen4_name_direct_cross_layer_pair_level_differences_v1,generated_fact_087,17_MINUS_11,17,11,POST4_TURNING,DELTA_NAME,-0.005770206451416016,0.028130650520324707,-0.03390085697174072
gen4_name_direct_cross_layer_pair_level_differences_v1,generated_fact_088,17_MINUS_11,17,11,POST4_TURNING,DELTA_NAME,-0.10571789741516113,0.049401283264160156,-0.1551191806793213
gen4_name_direct_cross_layer_pair_level_differences_v1,generated_fact_089,17_MINUS_11,17,11,POST4_TURNING,DELTA_NAME,0.0649116039276123,-0.02513730525970459,0.0900489091873169
gen4_name_direct_cross_layer_pair_level_differences_v1,generated_fact_090,17_MINUS_11,17,11,POST4_TURNING,DELTA_NAME,0.019797325134277344,-0.0061800479888916016,0.025977373123168945
gen4_name_direct_cross_layer_pair_level_differences_v1,generated_fact_091,17_MINUS_11,17,11,POST4_TURNING,DELTA_NAME,0.059327125549316406,-0.02177286148071289,0.0810999870300293
gen4_name_direct_cross_layer_pair_level_differences_v1,generated_fact_092,17_MINUS_11,17,11,POST4_TURNING,DELTA_NAME,0.020481228828430176,-0.03849458694458008,0.058975815773010254
gen4_name_direct_cross_layer_pair_level_differences_v1,generated_fact_093,17_MINUS_11,17,11,POST4_TURNING,DELTA_NAME,0.034990787506103516,0.035996437072753906,-0.0010056495666503906
gen4_name_direct_cross_layer_pair_level_differences_v1,generated_fact_094,17_MINUS_11,17,11,POST4_TURNING,DELTA_NAME,-0.13830888271331787,0.0009610652923583984,-0.13926994800567627
gen4_name_direct_cross_layer_pair_level_differences_v1,generated_fact_095,17_MINUS_11,17,11,POST4_TURNING,DELTA_NAME,0.0312800407409668,-0.001273036003112793,0.03255307674407959
gen4_name_direct_cross_layer_pair_level_differences_v1,generated_fact_096,17_MINUS_11,17,11,POST4_TURNING,DELTA_NAME,0.0012642145156860352,0.0102311372756958,-0.008966922760009766
gen4_name_direct_cross_layer_pair_level_differences_v1,generated_fact_097,17_MINUS_11,17,11,POST4_TURNING,DELTA_NAME,0.02514469623565674,-0.00022554397583007812,0.025370240211486816
gen4_name_direct_cross_layer_pair_level_differences_v1,generated_fact_098,17_MINUS_11,17,11,POST4_TURNING,DELTA_NAME,-0.02546548843383789,-0.041968345642089844,0.016502857208251953
gen4_name_direct_cross_layer_pair_level_differences_v1,generated_fact_099,17_MINUS_11,17,11,POST4_TURNING,DELTA_NAME,-0.006364345550537109,0.02732241153717041,-0.03368675708770752
gen4_name_direct_cross_layer_pair_level_differences_v1,generated_fact_100,17_MINUS_11,17,11,POST4_TURNING,DELTA_NAME,-0.10725760459899902,0.04932129383087158,-0.1565788984298706
gen4_name_direct_cross_layer_pair_level_differences_v1,generated_fact_101,17_MINUS_11,17,11,POST4_TURNING,DELTA_NAME,0.06164062023162842,-0.025343656539916992,0.08698427677154541
gen4_name_direct_cross_layer_pair_level_differences_v1,generated_fact_102,17_MINUS_11,17,11,POST4_TURNING,DELTA_NAME,0.01964867115020752,-0.006286025047302246,0.025934696197509766
gen4_name_direct_cross_layer_pair_level_differences_v1,generated_fact_103,17_MINUS_11,17,11,POST4_TURNING,DELTA_NAME,0.0604630708694458,-0.0211179256439209,0.0815809965133667
gen4_name_direct_cross_layer_pair_level_differences_v1,generated_fact_104,17_MINUS_11,17,11,POST4_TURNING,DELTA_NAME,0.02023625373840332,-0.03825998306274414,0.05849623680114746
gen4_name_direct_cross_layer_pair_level_differences_v1,generated_fact_105,17_MINUS_11,17,11,POST4_TURNING,DELTA_NAME,0.03670179843902588,0.03560793399810791,0.0010938644409179688
gen4_name_direct_cross_layer_pair_level_differences_v1,generated_fact_106,17_MINUS_11,17,11,POST4_TURNING,DELTA_NAME,-0.13782119750976562,0.0009878873825073242,-0.13880908489227295
gen4_name_direct_cross_layer_pair_level_differences_v1,generated_fact_107,17_MINUS_11,17,11,POST4_TURNING,DELTA_NAME,0.03232717514038086,-0.0017899274826049805,0.03411710262298584
gen4_name_direct_cross_layer_pair_level_differences_v1,generated_fact_108,17_MINUS_11,17,11,POST4_TURNING,DELTA_NAME,0.003645181655883789,0.010218143463134766,-0.0065729618072509766
gen4_name_direct_cross_layer_pair_level_differences_v1,generated_fact_109,17_MINUS_11,17,11,POST4_TURNING,DELTA_NAME,0.024465084075927734,-4.076957702636719e-05,0.0245058536529541
gen4_name_direct_cross_layer_pair_level_differences_v1,generated_fact_110,17_MINUS_11,17,11,POST4_TURNING,DELTA_NAME,-0.02371060848236084,-0.04266071319580078,0.01895010471343994
gen4_name_direct_cross_layer_pair_level_differences_v1,generated_fact_111,17_MINUS_11,17,11,POST4_TURNING,DELTA_NAME,-0.0058470964431762695,0.027422428131103516,-0.033269524574279785
gen4_name_direct_cross_layer_pair_level_differences_v1,generated_fact_112,17_MINUS_11,17,11,POST4_TURNING,DELTA_NAME,-0.10623276233673096,0.04905438423156738,-0.15528714656829834
gen4_name_direct_cross_layer_pair_level_differences_v1,generated_fact_113,17_MINUS_11,17,11,POST4_TURNING,DELTA_NAME,0.06429064273834229,-0.024878263473510742,0.08916890621185303
gen4_name_direct_cross_layer_pair_level_differences_v1,generated_fact_114,17_MINUS_11,17,11,POST4_TURNING,DELTA_NAME,0.0200960636138916,-0.0059735774993896484,0.02606964111328125
gen4_name_direct_cross_layer_pair_level_differences_v1,generated_fact_115,17_MINUS_11,17,11,POST4_TURNING,DELTA_NAME,0.05893814563751221,-0.021955370903015137,0.08089351654052734
gen4_name_direct_cross_layer_pair_level_differences_v1,generated_fact_116,17_MINUS_11,17,11,POST4_TURNING,DELTA_NAME,0.019063115119934082,-0.03855574131011963,0.05761885643005371
gen4_name_direct_cross_layer_pair_level_differences_v1,generated_fact_117,17_MINUS_11,17,11,POST4_TURNING,DELTA_NAME,0.03559458255767822,0.036305785179138184,-0.0007112026214599609
gen4_name_direct_cross_layer_pair_level_differences_v1,generated_fact_118,17_MINUS_11,17,11,POST4_TURNING,DELTA_NAME,-0.13684380054473877,0.0010684728622436523,-0.13791227340698242
gen4_name_direct_cross_layer_pair_level_differences_v1,generated_fact_119,17_MINUS_11,17,11,POST4_TURNING,DELTA_NAME,0.03282046318054199,-0.0012305974960327148,0.03405106067657471
gen4_name_direct_cross_layer_pair_level_differences_v1,generated_fact_120,17_MINUS_11,17,11,POST4_TURNING,DELTA_NAME,0.0015083551406860352,0.010250687599182129,-0.008742332458496094
gen4_name_direct_cross_layer_pair_level_differences_v1,generated_fact_121,17_MINUS_11,17,11,POST4_TURNING,DELTA_NAME,0.024650096893310547,-0.00017774105072021484,0.02482783794403076
gen4_name_direct_cross_layer_pair_level_differences_v1,generated_fact_122,17_MINUS_11,17,11,POST4_TURNING,DELTA_NAME,-0.025258183479309082,-0.04177439212799072,0.01651620864868164
gen4_name_direct_cross_layer_pair_level_differences_v1,generated_fact_123,17_MINUS_11,17,11,POST4_TURNING,DELTA_NAME,-0.004871726036071777,0.027759075164794922,-0.0326308012008667
gen4_name_direct_cross_layer_pair_level_differences_v1,generated_fact_124,17_MINUS_11,17,11,POST4_TURNING,DELTA_NAME,-0.10474848747253418,0.04820883274078369,-0.15295732021331787
gen4_name_direct_cross_layer_pair_level_differences_v1,generated_fact_125,17_MINUS_11,17,11,POST4_TURNING,DELTA_NAME,0.06106531620025635,-0.02550041675567627,0.08656573295593262
gen4_name_direct_cross_layer_pair_level_differences_v1,generated_fact_126,17_MINUS_11,17,11,POST4_TURNING,DELTA_NAME,0.016675114631652832,-0.006271719932556152,0.022946834564208984
gen4_name_direct_cross_layer_pair_level_differences_v1,generated_fact_127,17_MINUS_11,17,11,POST4_TURNING,DELTA_NAME,0.059006333351135254,-0.02109706401824951,0.08010339736938477
gen4_name_direct_cross_layer_pair_level_differences_v1,generated_fact_128,17_MINUS_11,17,11,POST4_TURNING,DELTA_NAME,0.01894199848175049,-0.03791952133178711,0.0568615198135376
gen4_name_direct_cross_layer_pair_level_differences_v1,generated_fact_129,17_MINUS_11,17,11,POST4_TURNING,DELTA_NAME,0.03643977642059326,0.03583264350891113,0.0006071329116821289
gen4_name_direct_cross_layer_pair_level_differences_v1,generated_fact_130,17_MINUS_11,17,11,POST4_TURNING,DELTA_NAME,-0.13814771175384521,0.0016279220581054688,-0.13977563381195068
gen4_name_direct_cross_layer_pair_level_differences_v1,generated_fact_131,17_MINUS_11,17,11,POST4_TURNING,DELTA_NAME,0.03246629238128662,-0.001809239387512207,0.03427553176879883
gen4_name_direct_cross_layer_pair_level_differences_v1,generated_fact_132,17_MINUS_11,17,11,POST4_TURNING,DELTA_NAME,0.0019261837005615234,0.010206222534179688,-0.008280038833618164
gen4_name_direct_cross_layer_pair_level_differences_v1,generated_fact_133,17_MINUS_11,17,11,POST4_TURNING,DELTA_NAME,0.026129603385925293,0.00016021728515625,0.025969386100769043
gen4_name_direct_cross_layer_pair_level_differences_v1,generated_fact_134,17_MINUS_11,17,11,POST4_TURNING,DELTA_NAME,-0.024112582206726074,-0.04289233684539795,0.018779754638671875
gen4_name_direct_cross_layer_pair_level_differences_v1,generated_fact_135,17_MINUS_11,17,11,POST4_TURNING,DELTA_NAME,-0.005412101745605469,0.02777421474456787,-0.03318631649017334
gen4_name_direct_cross_layer_pair_level_differences_v1,generated_fact_136,17_MINUS_11,17,11,POST4_TURNING,DELTA_NAME,-0.1052854061126709,0.04935121536254883,-0.15463662147521973
gen4_name_direct_cross_layer_pair_level_differences_v1,generated_fact_137,17_MINUS_11,17,11,POST4_TURNING,DELTA_NAME,0.06293368339538574,-0.02544224262237549,0.08837592601776123
gen4_name_direct_cross_layer_pair_level_differences_v1,generated_fact_138,17_MINUS_11,17,11,POST4_TURNING,DELTA_NAME,0.018752098083496094,-0.006102442741394043,0.024854540824890137
gen4_name_direct_cross_layer_pair_level_differences_v1,generated_fact_139,17_MINUS_11,17,11,POST4_TURNING,DELTA_NAME,0.060489654541015625,-0.02167809009552002,0.08216774463653564
gen4_name_direct_cross_layer_pair_level_differences_v1,generated_fact_140,17_MINUS_11,17,11,POST4_TURNING,DELTA_NAME,0.019616127014160156,-0.03830409049987793,0.057920217514038086
gen4_name_direct_cross_layer_pair_level_differences_v1,generated_fact_141,17_MINUS_11,17,11,POST4_TURNING,DELTA_NAME,0.03515732288360596,0.03595149517059326,-0.0007941722869873047
gen4_name_direct_cross_layer_pair_level_differences_v1,generated_fact_142,17_MINUS_11,17,11,POST4_TURNING,DELTA_NAME,-0.13795137405395508,0.001295328140258789,-0.13924670219421387
gen4_name_direct_cross_layer_pair_level_differences_v1,generated_fact_143,17_MINUS_11,17,11,POST4_TURNING,DELTA_NAME,0.031694650650024414,-0.001581430435180664,0.03327608108520508
gen4_name_direct_cross_layer_pair_level_differences_v1,generated_fact_144,17_MINUS_11,17,11,POST4_TURNING,DELTA_NAME,0.0022859573364257812,0.010465383529663086,-0.008179426193237305
gen4_name_direct_cross_layer_pair_level_differences_v1,generated_fact_145,17_MINUS_11,17,11,POST4_TURNING,DELTA_NAME,0.026592016220092773,0.00038874149322509766,0.026203274726867676
gen4_name_direct_cross_layer_pair_level_differences_v1,generated_fact_146,17_MINUS_11,17,11,POST4_TURNING,DELTA_NAME,-0.02390766143798828,-0.041884660720825195,0.017976999282836914
gen4_name_direct_cross_layer_pair_level_differences_v1,generated_fact_147,17_MINUS_11,17,11,POST4_TURNING,DELTA_NAME,-0.006426692008972168,0.027652978897094727,-0.034079670906066895
gen4_name_direct_cross_layer_pair_level_differences_v1,generated_fact_148,17_MINUS_11,17,11,POST4_TURNING,DELTA_NAME,-0.10567736625671387,0.048751235008239746,-0.1544286012649536
gen4_name_direct_cross_layer_pair_level_differences_v1,generated_fact_149,17_MINUS_11,17,11,POST4_TURNING,DELTA_NAME,0.06167900562286377,-0.02560102939605713,0.0872800350189209
gen4_name_direct_cross_layer_pair_level_differences_v1,generated_fact_150,17_MINUS_11,17,11,POST4_TURNING,DELTA_NAME,0.019424915313720703,-0.0059348344802856445,0.025359749794006348
gen4_name_direct_cross_layer_pair_level_differences_v1,generated_fact_151,17_MINUS_11,17,11,POST4_TURNING,DELTA_NAME,0.059540748596191406,-0.020933032035827637,0.08047378063201904
gen4_name_direct_cross_layer_pair_level_differences_v1,generated_fact_152,17_MINUS_11,17,11,POST4_TURNING,DELTA_NAME,0.018355250358581543,-0.0384671688079834,0.05682241916656494
gen4_name_direct_cross_layer_pair_level_differences_v1,generated_fact_153,17_MINUS_11,17,11,POST4_TURNING,DELTA_NAME,0.036708831787109375,0.03538930416107178,0.0013195276260375977
gen4_name_direct_cross_layer_pair_level_differences_v1,generated_fact_154,17_MINUS_11,17,11,POST4_TURNING,DELTA_NAME,-0.1386932134628296,0.0011432170867919922,-0.13983643054962158
gen4_name_direct_cross_layer_pair_level_differences_v1,generated_fact_155,17_MINUS_11,17,11,POST4_TURNING,DELTA_NAME,0.03133881092071533,-0.0018562078475952148,0.03319501876831055
gen4_name_direct_cross_layer_pair_level_differences_v1,generated_fact_156,17_MINUS_11,17,11,POST4_TURNING,DELTA_NAME,0.0002779960632324219,0.010677695274353027,-0.010399699211120605
gen4_name_direct_cross_layer_pair_level_differences_v1,generated_fact_157,17_MINUS_11,17,11,POST4_TURNING,DELTA_NAME,0.02468562126159668,-0.00025069713592529297,0.024936318397521973
gen4_name_direct_cross_layer_pair_level_differences_v1,generated_fact_158,17_MINUS_11,17,11,POST4_TURNING,DELTA_NAME,-0.023322582244873047,-0.04265952110290527,0.019336938858032227
gen4_name_direct_cross_layer_pair_level_differences_v1,generated_fact_159,17_MINUS_11,17,11,POST4_TURNING,DELTA_NAME,-0.004942774772644043,0.028014302253723145,-0.03295707702636719
gen4_name_direct_cross_layer_pair_level_differences_v1,generated_fact_160,17_MINUS_11,17,11,POST4_TURNING,DELTA_NAME,-0.10530269145965576,0.04948878288269043,-0.1547914743423462
gen4_name_direct_cross_layer_pair_level_differences_v1,generated_fact_161,17_MINUS_11,17,11,POST4_TURNING,DELTA_NAME,0.06399321556091309,-0.024884939193725586,0.08887815475463867
gen4_name_direct_cross_layer_pair_level_differences_v1,generated_fact_162,17_MINUS_11,17,11,POST4_TURNING,DELTA_NAME,0.020777463912963867,-0.005952358245849609,0.026729822158813477
gen4_name_direct_cross_layer_pair_level_differences_v1,generated_fact_163,17_MINUS_11,17,11,POST4_TURNING,DELTA_NAME,0.061369895935058594,-0.022245049476623535,0.08361494541168213
gen4_name_direct_cross_layer_pair_level_differences_v1,generated_fact_164,17_MINUS_11,17,11,POST4_TURNING,DELTA_NAME,0.021332740783691406,-0.03831684589385986,0.05964958667755127
gen4_name_direct_cross_layer_pair_level_differences_v1,generated_fact_165,17_MINUS_11,17,11,POST4_TURNING,DELTA_NAME,0.035373568534851074,0.03561699390411377,-0.0002434253692626953
gen4_name_direct_cross_layer_pair_level_differences_v1,generated_fact_166,17_MINUS_11,17,11,POST4_TURNING,DELTA_NAME,-0.14030122756958008,0.0012291669845581055,-0.14153039455413818
gen4_name_direct_cross_layer_pair_level_differences_v1,generated_fact_167,17_MINUS_11,17,11,POST4_TURNING,DELTA_NAME,0.03049767017364502,-0.0011965036392211914,0.03169417381286621
gen4_name_direct_cross_layer_pair_level_differences_v1,generated_fact_168,17_MINUS_11,17,11,POST4_TURNING,DELTA_NAME,0.0026780366897583008,0.01022636890411377,-0.007548332214355469
gen4_name_direct_cross_layer_pair_level_differences_v1,generated_fact_169,17_MINUS_11,17,11,POST4_TURNING,DELTA_NAME,0.025024056434631348,-3.1828880310058594e-05,0.025055885314941406
gen4_name_direct_cross_layer_pair_level_differences_v1,generated_fact_170,17_MINUS_11,17,11,POST4_TURNING,DELTA_NAME,-0.024054646492004395,-0.04181361198425293,0.017758965492248535
gen4_name_direct_cross_layer_pair_level_differences_v1,generated_fact_171,17_MINUS_11,17,11,POST4_TURNING,DELTA_NAME,-0.007081270217895508,0.028313398361206055,-0.03539466857910156
gen4_name_direct_cross_layer_pair_level_differences_v1,generated_fact_172,17_MINUS_11,17,11,POST4_TURNING,DELTA_NAME,-0.10572290420532227,0.04887723922729492,-0.1546001434326172
gen4_name_direct_cross_layer_pair_level_differences_v1,generated_fact_173,17_MINUS_11,17,11,POST4_TURNING,DELTA_NAME,0.06419181823730469,-0.025017619132995605,0.08920943737030029
gen4_name_direct_cross_layer_pair_level_differences_v1,generated_fact_174,17_MINUS_11,17,11,POST4_TURNING,DELTA_NAME,0.01980149745941162,-0.006296753883361816,0.026098251342773438
gen4_name_direct_cross_layer_pair_level_differences_v1,generated_fact_175,17_MINUS_11,17,11,POST4_TURNING,DELTA_NAME,0.0596773624420166,-0.021077275276184082,0.08075463771820068
gen4_name_direct_cross_layer_pair_level_differences_v1,generated_fact_176,17_MINUS_11,17,11,POST4_TURNING,DELTA_NAME,0.020404815673828125,-0.038227200508117676,0.0586320161819458
gen4_name_direct_cross_layer_pair_level_differences_v1,generated_fact_177,17_MINUS_11,17,11,POST4_TURNING,DELTA_NAME,0.0366215705871582,0.035663485527038574,0.0009580850601196289
gen4_name_direct_cross_layer_pair_level_differences_v1,generated_fact_178,17_MINUS_11,17,11,POST4_TURNING,DELTA_NAME,-0.13704681396484375,0.0015349388122558594,-0.1385817527770996
gen4_name_direct_cross_layer_pair_level_differences_v1,generated_fact_179,17_MINUS_11,17,11,POST4_TURNING,DELTA_NAME,0.03188323974609375,-0.0013804435729980469,0.0332636833190918
gen4_name_direct_cross_layer_pair_level_differences_v1,generated_fact_180,17_MINUS_11,17,11,POST4_TURNING,DELTA_NAME,0.00045168399810791016,0.010463595390319824,-0.010011911392211914
gen4_name_direct_cross_layer_pair_level_differences_v1,generated_fact_181,17_MINUS_11,17,11,POST4_TURNING,DELTA_NAME,0.025946855545043945,-9.608268737792969e-05,0.026042938232421875
gen4_name_direct_cross_layer_pair_level_differences_v1,generated_fact_182,17_MINUS_11,17,11,POST4_TURNING,DELTA_NAME,-0.025182723999023438,-0.04239320755004883,0.01721048355102539
gen4_name_direct_cross_layer_pair_level_differences_v1,generated_fact_183,17_MINUS_11,17,11,POST4_TURNING,DELTA_NAME,-0.005023002624511719,0.02762424945831299,-0.03264725208282471
gen4_name_direct_cross_layer_pair_level_differences_v1,generated_fact_184,17_MINUS_11,17,11,POST4_TURNING,DELTA_NAME,-0.10656070709228516,0.04935777187347412,-0.15591847896575928
gen4_name_direct_cross_layer_pair_level_differences_v1,generated_fact_185,17_MINUS_11,17,11,POST4_TURNING,DELTA_NAME,0.063027024269104,-0.025241851806640625,0.08826887607574463
gen4_name_direct_cross_layer_pair_level_differences_v1,generated_fact_186,17_MINUS_11,17,11,POST4_TURNING,DELTA_NAME,0.019722700119018555,-0.006387591361999512,0.026110291481018066
gen4_name_direct_cross_layer_pair_level_differences_v1,generated_fact_187,17_MINUS_11,17,11,POST4_TURNING,DELTA_NAME,0.0618818998336792,-0.021706461906433105,0.0835883617401123
gen4_name_direct_cross_layer_pair_level_differences_v1,generated_fact_188,17_MINUS_11,17,11,POST4_TURNING,DELTA_NAME,0.019896864891052246,-0.03834712505340576,0.05824398994445801
gen4_name_direct_cross_layer_pair_level_differences_v1,generated_fact_189,17_MINUS_11,17,11,POST4_TURNING,DELTA_NAME,0.0355299711227417,0.035767316818237305,-0.00023734569549560547
gen4_name_direct_cross_layer_pair_level_differences_v1,generated_fact_190,17_MINUS_11,17,11,POST4_TURNING,DELTA_NAME,-0.13925862312316895,0.0007585287094116211,-0.14001715183258057
gen4_name_direct_cross_layer_pair_level_differences_v1,generated_fact_191,17_MINUS_11,17,11,POST4_TURNING,DELTA_NAME,0.0330582857131958,-0.0017321109771728516,0.03479039669036865
gen4_name_direct_cross_layer_pair_level_differences_v1,generated_fact_192,17_MINUS_11,17,11,POST4_TURNING,DELTA_NAME,0.004136085510253906,0.010407209396362305,-0.0062711238861083984
gen4_name_direct_cross_layer_pair_level_differences_v1,generated_fact_193,17_MINUS_11,17,11,POST4_TURNING,DELTA_NAME,0.025762438774108887,-7.62939453125e-05,0.025838732719421387
gen4_name_direct_cross_layer_pair_level_differences_v1,generated_fact_194,17_MINUS_11,17,11,POST4_TURNING,DELTA_NAME,-0.02428412437438965,-0.042020559310913086,0.017736434936523438
gen4_name_direct_cross_layer_pair_level_differences_v1,generated_fact_195,17_MINUS_11,17,11,POST4_TURNING,DELTA_NAME,-0.006915926933288574,0.027675747871398926,-0.0345916748046875
gen4_name_direct_cross_layer_pair_level_differences_v1,generated_fact_196,17_MINUS_11,17,11,POST4_TURNING,DELTA_NAME,-0.10742628574371338,0.0486220121383667,-0.15604829788208008
gen4_name_direct_cross_layer_pair_level_differences_v1,generated_fact_197,17_MINUS_11,17,11,POST4_TURNING,DELTA_NAME,0.062232255935668945,-0.024859309196472168,0.08709156513214111
gen4_name_direct_cross_layer_pair_level_differences_v1,generated_fact_198,17_MINUS_11,17,11,POST4_TURNING,DELTA_NAME,0.019175291061401367,-0.006206393241882324,0.02538168430328369
gen4_name_direct_cross_layer_pair_level_differences_v1,generated_fact_199,17_MINUS_11,17,11,POST4_TURNING,DELTA_NAME,0.05845761299133301,-0.021325111389160156,0.07978272438049316
gen4_name_direct_cross_layer_pair_level_differences_v1,generated_fact_200,17_MINUS_11,17,11,POST4_TURNING,DELTA_NAME,0.01940023899078369,-0.03822147846221924,0.05762171745300293
gen4_name_direct_cross_layer_pair_level_differences_v1,generated_fact_201,17_MINUS_11,17,11,POST4_TURNING,DELTA_NAME,0.03634929656982422,0.03596222400665283,0.0003870725631713867
gen4_name_direct_cross_layer_pair_level_differences_v1,generated_fact_202,17_MINUS_11,17,11,POST4_TURNING,DELTA_NAME,-0.13663804531097412,0.001420736312866211,-0.13805878162384033
gen4_name_direct_cross_layer_pair_level_differences_v1,generated_fact_203,17_MINUS_11,17,11,POST4_TURNING,DELTA_NAME,0.03178238868713379,-0.001315474510192871,0.03309786319732666
gen4_name_direct_cross_layer_pair_level_differences_v1,generated_fact_204,17_MINUS_11,17,11,POST4_TURNING,DELTA_NAME,0.0011767148971557617,0.010375022888183594,-0.009198307991027832
gen4_name_direct_cross_layer_pair_level_differences_v1,generated_fact_205,17_MINUS_11,17,11,POST4_TURNING,DELTA_NAME,0.024978995323181152,-0.00019347667694091797,0.02517247200012207
gen4_name_direct_cross_layer_pair_level_differences_v1,generated_fact_206,17_MINUS_11,17,11,POST4_TURNING,DELTA_NAME,-0.024882078170776367,-0.04211127758026123,0.017229199409484863
gen4_name_direct_cross_layer_pair_level_differences_v1,generated_fact_207,17_MINUS_11,17,11,POST4_TURNING,DELTA_NAME,-0.0049256086349487305,0.027565956115722656,-0.03249156475067139
gen4_name_direct_cross_layer_pair_level_differences_v1,generated_fact_208,17_MINUS_11,17,11,POST4_TURNING,DELTA_NAME,-0.10540223121643066,0.04889380931854248,-0.15429604053497314
gen4_name_direct_cross_layer_pair_level_differences_v1,generated_fact_209,17_MINUS_11,17,11,POST4_TURNING,DELTA_NAME,0.06246459484100342,-0.025478124618530273,0.08794271945953369
gen4_name_direct_cross_layer_pair_level_differences_v1,generated_fact_210,17_MINUS_11,17,11,POST4_TURNING,DELTA_NAME,0.017188072204589844,-0.006114363670349121,0.023302435874938965
gen4_name_direct_cross_layer_pair_level_differences_v1,generated_fact_211,17_MINUS_11,17,11,POST4_TURNING,DELTA_NAME,0.06019747257232666,-0.02159857749938965,0.08179605007171631
gen4_name_direct_cross_layer_pair_level_differences_v1,generated_fact_212,17_MINUS_11,17,11,POST4_TURNING,DELTA_NAME,0.018767714500427246,-0.03795790672302246,0.05672562122344971
gen4_name_direct_cross_layer_pair_level_differences_v1,generated_fact_213,17_MINUS_11,17,11,POST4_TURNING,DELTA_NAME,0.035575151443481445,0.036041855812072754,-0.0004667043685913086
gen4_name_direct_cross_layer_pair_level_differences_v1,generated_fact_214,17_MINUS_11,17,11,POST4_TURNING,DELTA_NAME,-0.1376326084136963,0.0011811256408691406,-0.13881373405456543
gen4_name_direct_cross_layer_pair_level_differences_v1,generated_fact_215,17_MINUS_11,17,11,POST4_TURNING,DELTA_NAME,0.03242146968841553,-0.0020154714584350586,0.034436941146850586
gen4_name_direct_cross_layer_pair_level_differences_v1,generated_fact_216,17_MINUS_11,17,11,POST4_TURNING,DELTA_NAME,0.0020014047622680664,0.010332822799682617,-0.00833141803741455
gen4_name_direct_cross_layer_pair_level_differences_v1,generated_fact_217,17_MINUS_11,17,11,POST4_TURNING,DELTA_NAME,0.026450514793395996,4.1961669921875e-05,0.02640855312347412
gen4_name_direct_cross_layer_pair_level_differences_v1,generated_fact_218,17_MINUS_11,17,11,POST4_TURNING,DELTA_NAME,-0.024059295654296875,-0.04235959053039551,0.018300294876098633
gen4_name_direct_cross_layer_pair_level_differences_v1,generated_fact_219,17_MINUS_11,17,11,POST4_TURNING,DELTA_NAME,-0.006012558937072754,0.027802109718322754,-0.03381466865539551
gen4_name_direct_cross_layer_pair_level_differences_v1,generated_fact_220,17_MINUS_11,17,11,POST4_TURNING,DELTA_NAME,-0.10635578632354736,0.049019575119018555,-0.15537536144256592
gen4_name_direct_cross_layer_pair_level_differences_v1,generated_fact_221,17_MINUS_11,17,11,POST4_TURNING,DELTA_NAME,0.06165778636932373,-0.025339603424072266,0.086997389793396
gen4_name_direct_cross_layer_pair_level_differences_v1,generated_fact_222,17_MINUS_11,17,11,POST4_TURNING,DELTA_NAME,0.016939640045166016,-0.006157875061035156,0.023097515106201172
gen4_name_direct_cross_layer_pair_level_differences_v1,generated_fact_223,17_MINUS_11,17,11,POST4_TURNING,DELTA_NAME,0.05925166606903076,-0.020924806594848633,0.0801764726638794
gen4_name_direct_cross_layer_pair_level_differences_v1,generated_fact_224,17_MINUS_11,17,11,POST4_TURNING,DELTA_NAME,0.0194627046585083,-0.03804636001586914,0.05750906467437744
gen4_name_direct_cross_layer_pair_level_differences_v1,generated_fact_225,17_MINUS_11,17,11,POST4_TURNING,DELTA_NAME,0.03725779056549072,0.03556680679321289,0.001690983772277832
gen4_name_direct_cross_layer_pair_level_differences_v1,generated_fact_226,17_MINUS_11,17,11,POST4_TURNING,DELTA_NAME,-0.13752412796020508,0.0016745328903198242,-0.1391986608505249
gen4_name_direct_cross_layer_pair_level_differences_v1,generated_fact_227,17_MINUS_11,17,11,POST4_TURNING,DELTA_NAME,0.031085491180419922,-0.001652359962463379,0.0327378511428833
gen4_name_direct_cross_layer_pair_level_differences_v1,generated_fact_228,17_MINUS_11,17,11,POST4_TURNING,DELTA_NAME,0.0011708736419677734,0.011004447937011719,-0.009833574295043945
gen4_name_direct_cross_layer_pair_level_differences_v1,generated_fact_229,17_MINUS_11,17,11,POST4_TURNING,DELTA_NAME,0.026059627532958984,0.00028264522552490234,0.025776982307434082
gen4_name_direct_cross_layer_pair_level_differences_v1,generated_fact_230,17_MINUS_11,17,11,POST4_TURNING,DELTA_NAME,-0.024392127990722656,-0.042298316955566406,0.01790618896484375
gen4_name_direct_cross_layer_pair_level_differences_v1,generated_fact_231,17_MINUS_11,17,11,POST4_TURNING,DELTA_NAME,-0.0056449174880981445,0.027487874031066895,-0.03313279151916504
gen4_name_direct_cross_layer_pair_level_differences_v1,generated_fact_232,17_MINUS_11,17,11,POST4_TURNING,DELTA_NAME,-0.10501158237457275,0.049062490463256836,-0.1540740728378296
gen4_name_direct_cross_layer_pair_level_differences_v1,generated_fact_233,17_MINUS_11,17,11,POST4_TURNING,DELTA_NAME,0.06380033493041992,-0.025771617889404297,0.08957195281982422
gen4_name_direct_cross_layer_pair_level_differences_v1,generated_fact_234,17_MINUS_11,17,11,POST4_TURNING,DELTA_NAME,0.02004528045654297,-0.0060002803802490234,0.026045560836791992
gen4_name_direct_cross_layer_pair_level_differences_v1,generated_fact_235,17_MINUS_11,17,11,POST4_TURNING,DELTA_NAME,0.06024932861328125,-0.02174067497253418,0.08199000358581543
gen4_name_direct_cross_layer_pair_level_differences_v1,generated_fact_236,17_MINUS_11,17,11,POST4_TURNING,DELTA_NAME,0.017557621002197266,-0.0386354923248291,0.05619311332702637
gen4_name_direct_cross_layer_pair_level_differences_v1,generated_fact_237,17_MINUS_11,17,11,POST4_TURNING,DELTA_NAME,0.0354616641998291,0.0357893705368042,-0.00032770633697509766
gen4_name_direct_cross_layer_pair_level_differences_v1,generated_fact_238,17_MINUS_11,17,11,POST4_TURNING,DELTA_NAME,-0.13969850540161133,0.0007241964340209961,-0.14042270183563232
gen4_name_direct_cross_layer_pair_level_differences_v1,generated_fact_239,17_MINUS_11,17,11,POST4_TURNING,DELTA_NAME,0.03237485885620117,-0.0020112991333007812,0.03438615798950195
gen4_name_direct_cross_layer_pair_level_differences_v1,generated_fact_240,17_MINUS_11,17,11,POST4_TURNING,DELTA_NAME,0.0008933544158935547,0.010911345481872559,-0.010017991065979004
gen4_name_direct_cross_layer_pair_level_differences_v1,generated_fact_241,17_MINUS_11,17,11,POST4_TURNING,DELTA_NAME,0.024368882179260254,-0.00018274784088134766,0.0245516300201416
gen4_name_direct_cross_layer_pair_level_differences_v1,generated_fact_242,17_MINUS_11,17,11,POST4_TURNING,DELTA_NAME,-0.023420333862304688,-0.04214215278625488,0.018721818923950195
gen4_name_direct_cross_layer_pair_level_differences_v1,generated_fact_243,17_MINUS_11,17,11,POST4_TURNING,DELTA_NAME,-0.0059288740158081055,0.027986764907836914,-0.03391563892364502
gen4_name_direct_cross_layer_pair_level_differences_v1,generated_fact_244,17_MINUS_11,17,11,POST4_TURNING,DELTA_NAME,-0.1052255630493164,0.048920631408691406,-0.1541461944580078
gen4_name_direct_cross_layer_pair_level_differences_v1,generated_fact_245,17_MINUS_11,17,11,POST4_TURNING,DELTA_NAME,0.06392216682434082,-0.024882793426513672,0.08880496025085449
gen4_name_direct_cross_layer_pair_level_differences_v1,generated_fact_246,17_MINUS_11,17,11,POST4_TURNING,DELTA_NAME,0.018951058387756348,-0.006012558937072754,0.0249636173248291
gen4_name_direct_cross_layer_pair_level_differences_v1,generated_fact_247,17_MINUS_11,17,11,POST4_TURNING,DELTA_NAME,0.06003284454345703,-0.021786808967590332,0.08181965351104736
gen4_name_direct_cross_layer_pair_level_differences_v1,generated_fact_248,17_MINUS_11,17,11,POST4_TURNING,DELTA_NAME,0.021610379219055176,-0.037926554679870605,0.05953693389892578
gen4_name_direct_cross_layer_pair_level_differences_v1,generated_fact_249,17_MINUS_11,17,11,POST4_TURNING,DELTA_NAME,0.03711986541748047,0.034979820251464844,0.002140045166015625
gen4_name_direct_cross_layer_pair_level_differences_v1,generated_fact_250,17_MINUS_11,17,11,POST4_TURNING,DELTA_NAME,-0.1423419713973999,0.001610398292541504,-0.1439523696899414
gen4_name_direct_cross_layer_pair_level_differences_v1,generated_fact_251,17_MINUS_11,17,11,POST4_TURNING,DELTA_NAME,0.031133413314819336,-0.001203775405883789,0.032337188720703125
gen4_name_direct_cross_layer_pair_level_differences_v1,generated_fact_252,17_MINUS_11,17,11,POST4_TURNING,DELTA_NAME,0.0025293827056884766,0.01064610481262207,-0.008116722106933594
gen4_name_direct_cross_layer_pair_level_differences_v1,generated_fact_253,17_MINUS_11,17,11,POST4_TURNING,DELTA_NAME,0.025160908699035645,5.829334259033203e-05,0.025102615356445312
gen4_name_direct_cross_layer_pair_level_differences_v1,generated_fact_254,17_MINUS_11,17,11,POST4_TURNING,DELTA_NAME,-0.02363288402557373,-0.04234886169433594,0.018715977668762207
gen4_name_direct_cross_layer_pair_level_differences_v1,generated_fact_255,17_MINUS_11,17,11,POST4_TURNING,DELTA_NAME,-0.006221294403076172,0.02790665626525879,-0.03412795066833496
gen4_name_direct_cross_layer_pair_level_differences_v1,generated_fact_256,17_MINUS_11,17,11,POST4_TURNING,DELTA_NAME,-0.10567951202392578,0.04926729202270508,-0.15494680404663086
gen4_name_direct_cross_layer_pair_level_differences_v1,generated_fact_257,17_MINUS_11,17,11,POST4_TURNING,DELTA_NAME,0.06509530544281006,-0.025084257125854492,0.09017956256866455
gen4_name_direct_cross_layer_pair_level_differences_v1,generated_fact_258,17_MINUS_11,17,11,POST4_TURNING,DELTA_NAME,0.019867539405822754,-0.006284117698669434,0.026151657104492188
gen4_name_direct_cross_layer_pair_level_differences_v1,generated_fact_259,17_MINUS_11,17,11,POST4_TURNING,DELTA_NAME,0.06016981601715088,-0.021673917770385742,0.08184373378753662
gen4_name_direct_cross_layer_pair_level_differences_v1,generated_fact_260,17_MINUS_11,17,11,POST4_TURNING,DELTA_NAME,0.021140694618225098,-0.038662075996398926,0.05980277061462402
gen4_name_direct_cross_layer_pair_level_differences_v1,generated_fact_261,17_MINUS_11,17,11,POST4_TURNING,DELTA_NAME,0.035659074783325195,0.03611874580383301,-0.0004596710205078125
gen4_name_direct_cross_layer_pair_level_differences_v1,generated_fact_262,17_MINUS_11,17,11,POST4_TURNING,DELTA_NAME,-0.13735711574554443,0.001048445701599121,-0.13840556144714355
gen4_name_direct_cross_layer_pair_level_differences_v1,generated_fact_263,17_MINUS_11,17,11,POST4_TURNING,DELTA_NAME,0.03157472610473633,-0.0013494491577148438,0.03292417526245117
gen4_name_direct_cross_layer_pair_level_differences_v1,generated_fact_264,17_MINUS_11,17,11,POST4_TURNING,DELTA_NAME,0.0002447366714477539,0.010315775871276855,-0.010071039199829102
gen4_name_direct_cross_layer_pair_level_differences_v1,generated_fact_265,17_MINUS_11,17,11,POST4_TURNING,DELTA_NAME,0.025714397430419922,2.002716064453125e-05,0.02569437026977539
gen4_name_direct_cross_layer_pair_level_differences_v1,generated_fact_266,17_MINUS_11,17,11,POST4_TURNING,DELTA_NAME,-0.024914264678955078,-0.041977524757385254,0.017063260078430176
gen4_name_direct_cross_layer_pair_level_differences_v1,generated_fact_267,17_MINUS_11,17,11,POST4_TURNING,DELTA_NAME,-0.005452752113342285,0.02769601345062256,-0.033148765563964844
gen4_name_direct_cross_layer_pair_level_differences_v1,generated_fact_268,17_MINUS_11,17,11,POST4_TURNING,DELTA_NAME,-0.10595858097076416,0.04891514778137207,-0.15487372875213623
gen4_name_direct_cross_layer_pair_level_differences_v1,generated_fact_269,17_MINUS_11,17,11,POST4_TURNING,DELTA_NAME,0.06151175498962402,-0.025183439254760742,0.08669519424438477
gen4_name_direct_cross_layer_pair_level_differences_v1,generated_fact_270,17_MINUS_11,17,11,POST4_TURNING,DELTA_NAME,0.018931269645690918,-0.006376504898071289,0.025307774543762207
gen4_name_direct_cross_layer_pair_level_differences_v1,generated_fact_271,17_MINUS_11,17,11,POST4_TURNING,DELTA_NAME,0.06029796600341797,-0.021131038665771484,0.08142900466918945
gen4_name_direct_cross_layer_pair_level_differences_v1,generated_fact_272,17_MINUS_11,17,11,POST4_TURNING,DELTA_NAME,0.02019524574279785,-0.037897467613220215,0.058092713356018066
gen4_name_direct_cross_layer_pair_level_differences_v1,generated_fact_273,17_MINUS_11,17,11,POST4_TURNING,DELTA_NAME,0.03746819496154785,0.03547191619873047,0.001996278762817383
gen4_name_direct_cross_layer_pair_level_differences_v1,generated_fact_274,17_MINUS_11,17,11,POST4_TURNING,DELTA_NAME,-0.13813722133636475,0.001305699348449707,-0.13944292068481445
gen4_name_direct_cross_layer_pair_level_differences_v1,generated_fact_275,17_MINUS_11,17,11,POST4_TURNING,DELTA_NAME,0.03334856033325195,-0.0019680261611938477,0.0353165864944458
gen4_name_direct_cross_layer_pair_level_differences_v1,generated_fact_276,17_MINUS_11,17,11,POST4_TURNING,DELTA_NAME,0.003613710403442383,0.010463476181030273,-0.006849765777587891
gen4_name_direct_cross_layer_pair_level_differences_v1,generated_fact_277,17_MINUS_11,17,11,POST4_TURNING,DELTA_NAME,0.02532172203063965,-9.965896606445312e-05,0.0254213809967041
gen4_name_direct_cross_layer_pair_level_differences_v1,generated_fact_278,17_MINUS_11,17,11,POST4_TURNING,DELTA_NAME,-0.024075031280517578,-0.04265320301055908,0.018578171730041504
gen4_name_direct_cross_layer_pair_level_differences_v1,generated_fact_279,17_MINUS_11,17,11,POST4_TURNING,DELTA_NAME,-0.006077170372009277,0.027514338493347168,-0.033591508865356445
gen4_name_direct_cross_layer_pair_level_differences_v1,generated_fact_280,17_MINUS_11,17,11,POST4_TURNING,DELTA_NAME,-0.10734617710113525,0.04909861087799072,-0.15644478797912598
gen4_name_direct_cross_layer_pair_level_differences_v1,generated_fact_281,17_MINUS_11,17,11,POST4_TURNING,DELTA_NAME,0.06423735618591309,-0.02495098114013672,0.0891883373260498
gen4_name_direct_cross_layer_pair_level_differences_v1,generated_fact_282,17_MINUS_11,17,11,POST4_TURNING,DELTA_NAME,0.019296884536743164,-0.006006121635437012,0.025303006172180176
gen4_name_direct_cross_layer_pair_level_differences_v1,generated_fact_283,17_MINUS_11,17,11,POST4_TURNING,DELTA_NAME,0.05835115909576416,-0.02186596393585205,0.08021712303161621
gen4_name_direct_cross_layer_pair_level_differences_v1,generated_fact_284,17_MINUS_11,17,11,POST4_TURNING,DELTA_NAME,0.01977241039276123,-0.03831768035888672,0.05809009075164795
gen4_name_direct_cross_layer_pair_level_differences_v1,generated_fact_285,17_MINUS_11,17,11,POST4_TURNING,DELTA_NAME,0.03616988658905029,0.036482810974121094,-0.0003129243850708008
gen4_name_direct_cross_layer_pair_level_differences_v1,generated_fact_286,17_MINUS_11,17,11,POST4_TURNING,DELTA_NAME,-0.13792109489440918,0.0010181665420532227,-0.1389392614364624
gen4_name_direct_cross_layer_pair_level_differences_v1,generated_fact_287,17_MINUS_11,17,11,POST4_TURNING,DELTA_NAME,0.03324460983276367,-0.0013848543167114258,0.0346294641494751
gen4_name_direct_cross_layer_pair_level_differences_v1,generated_fact_288,17_MINUS_11,17,11,POST4_TURNING,DELTA_NAME,0.0009862184524536133,0.010341525077819824,-0.009355306625366211
gen4_name_direct_cross_layer_pair_level_differences_v1,generated_fact_289,17_MINUS_11,17,11,POST4_TURNING,DELTA_NAME,0.02499520778656006,-0.00027632713317871094,0.02527153491973877
gen4_name_direct_cross_layer_pair_level_differences_v1,generated_fact_290,17_MINUS_11,17,11,POST4_TURNING,DELTA_NAME,-0.024668216705322266,-0.0417100191116333,0.017041802406311035
gen4_name_direct_cross_layer_pair_level_differences_v1,generated_fact_291,17_MINUS_11,17,11,POST4_TURNING,DELTA_NAME,-0.0061310529708862305,0.027707338333129883,-0.03383839130401611
gen4_name_direct_cross_layer_pair_level_differences_v1,generated_fact_292,17_MINUS_11,17,11,POST4_TURNING,DELTA_NAME,-0.1059180498123169,0.048432230949401855,-0.15435028076171875
gen4_name_direct_cross_layer_pair_level_differences_v1,generated_fact_293,17_MINUS_11,17,11,POST4_TURNING,DELTA_NAME,0.062403082847595215,-0.02569258213043213,0.08809566497802734
gen4_name_direct_cross_layer_pair_level_differences_v1,generated_fact_294,17_MINUS_11,17,11,POST4_TURNING,DELTA_NAME,0.01608121395111084,-0.0061876773834228516,0.02226889133453369
gen4_name_direct_cross_layer_pair_level_differences_v1,generated_fact_295,17_MINUS_11,17,11,POST4_TURNING,DELTA_NAME,0.05949890613555908,-0.0211031436920166,0.08060204982757568
gen4_name_direct_cross_layer_pair_level_differences_v1,generated_fact_296,17_MINUS_11,17,11,POST4_TURNING,DELTA_NAME,0.019531726837158203,-0.03759121894836426,0.05712294578552246
gen4_name_direct_cross_layer_pair_level_differences_v1,generated_fact_297,17_MINUS_11,17,11,POST4_TURNING,DELTA_NAME,0.03660082817077637,0.03562116622924805,0.0009796619415283203
gen4_name_direct_cross_layer_pair_level_differences_v1,generated_fact_298,17_MINUS_11,17,11,POST4_TURNING,DELTA_NAME,-0.13838207721710205,0.0014753341674804688,-0.13985741138458252
gen4_name_direct_cross_layer_pair_level_differences_v1,generated_fact_299,17_MINUS_11,17,11,POST4_TURNING,DELTA_NAME,0.03273606300354004,-0.001730203628540039,0.03446626663208008
gen4_name_direct_cross_layer_pair_level_differences_v1,generated_fact_300,17_MINUS_11,17,11,POST4_TURNING,DELTA_NAME,0.0016140937805175781,0.010392427444458008,-0.00877833366394043
gen4_name_direct_cross_layer_pair_level_differences_v1,glacier_study,17_MINUS_11,17,11,POST4_TURNING,DELTA_NAME,-0.041680097579956055,-0.012408614158630371,-0.029271483421325684
gen4_name_direct_cross_layer_pair_level_differences_v1,harbor_upgrade,17_MINUS_11,17,11,POST4_TURNING,DELTA_NAME,0.011966943740844727,0.007565975189208984,0.004400968551635742
gen4_name_direct_cross_layer_pair_level_differences_v1,jazz_archive,17_MINUS_11,17,11,POST4_TURNING,DELTA_NAME,-0.04257237911224365,-0.05108523368835449,0.00851285457611084
gen4_name_direct_cross_layer_pair_level_differences_v1,language_program,17_MINUS_11,17,11,POST4_TURNING,DELTA_NAME,-0.024878621101379395,0.014249444007873535,-0.03912806510925293
gen4_name_direct_cross_layer_pair_level_differences_v1,library_digitization,17_MINUS_11,17,11,POST4_TURNING,DELTA_NAME,-0.028401970863342285,-0.011214613914489746,-0.01718735694885254
gen4_name_direct_cross_layer_pair_level_differences_v1,market_renovation,17_MINUS_11,17,11,POST4_TURNING,DELTA_NAME,0.03407883644104004,-0.050205111503601074,0.08428394794464111
gen4_name_direct_cross_layer_pair_level_differences_v1,museum_purchase,17_MINUS_11,17,11,POST4_TURNING,DELTA_NAME,-0.012427091598510742,0.05024063587188721,-0.06266772747039795
gen4_name_direct_cross_layer_pair_level_differences_v1,opera_premiere,17_MINUS_11,17,11,POST4_TURNING,DELTA_NAME,0.03655052185058594,0.00536501407623291,0.031185507774353027
gen4_name_direct_cross_layer_pair_level_differences_v1,orion_approval,17_MINUS_11,17,11,POST4_TURNING,DELTA_NAME,0.019950509071350098,-0.028007149696350098,0.047957658767700195
gen4_name_direct_cross_layer_pair_level_differences_v1,poetry_prize,17_MINUS_11,17,11,POST4_TURNING,DELTA_NAME,0.012053132057189941,-0.016829848289489746,0.028882980346679688
gen4_name_direct_cross_layer_pair_level_differences_v1,railway_restoration,17_MINUS_11,17,11,POST4_TURNING,DELTA_NAME,0.029158711433410645,-0.03685736656188965,0.06601607799530029
gen4_name_direct_cross_layer_pair_level_differences_v1,reef_protection,17_MINUS_11,17,11,POST4_TURNING,DELTA_NAME,-0.0176621675491333,0.009557962417602539,-0.02722012996673584
gen4_name_direct_cross_layer_pair_level_differences_v1,robotics_championship,17_MINUS_11,17,11,POST4_TURNING,DELTA_NAME,0.02790963649749756,0.06163311004638672,-0.03372347354888916
gen4_name_direct_cross_layer_pair_level_differences_v1,satellite_launch,17_MINUS_11,17,11,POST4_TURNING,DELTA_NAME,0.033135414123535156,-0.006665349006652832,0.03980076313018799
gen4_name_direct_cross_layer_pair_level_differences_v1,school_opening,17_MINUS_11,17,11,POST4_TURNING,DELTA_NAME,-0.015869736671447754,-0.0508880615234375,0.035018324851989746
gen4_name_direct_cross_layer_pair_level_differences_v1,solar_farm_contract,17_MINUS_11,17,11,POST4_TURNING,DELTA_NAME,-0.04410374164581299,-0.006745815277099609,-0.03735792636871338
gen4_name_direct_cross_layer_pair_level_differences_v1,theater_restoration,17_MINUS_11,17,11,POST4_TURNING,DELTA_NAME,-0.07934677600860596,0.016494274139404297,-0.09584105014801025
gen4_name_direct_cross_layer_pair_level_differences_v1,treaty_signature,17_MINUS_11,17,11,POST4_TURNING,DELTA_NAME,0.0007691383361816406,-0.020018935203552246,0.020788073539733887
gen4_name_direct_cross_layer_pair_level_differences_v1,vaccine_delivery,17_MINUS_11,17,11,POST4_TURNING,DELTA_NAME,-0.01766526699066162,0.027235865592956543,-0.044901132583618164
gen4_name_direct_cross_layer_pair_level_differences_v1,volcano_observatory,17_MINUS_11,17,11,POST4_TURNING,DELTA_NAME,0.007965922355651855,-0.024283528327941895,0.03224945068359375
gen4_name_direct_cross_layer_pair_level_differences_v1,wetland_restoration,17_MINUS_11,17,11,POST4_TURNING,DELTA_NAME,-0.0611342191696167,-0.03460133075714111,-0.026532888412475586
gen4_name_direct_cross_layer_pair_level_differences_v1,archive_release,17_MINUS_11,17,11,POST4_PATH_EFFICIENCY,DELTA_NAME,-0.13419833850889873,0.010925970194755441,-0.14512430870365417
gen4_name_direct_cross_layer_pair_level_differences_v1,bridge_opening,17_MINUS_11,17,11,POST4_PATH_EFFICIENCY,DELTA_NAME,-0.011380609217176207,0.007087475544760857,-0.018468084761937065
gen4_name_direct_cross_layer_pair_level_differences_v1,canal_reopening,17_MINUS_11,17,11,POST4_PATH_EFFICIENCY,DELTA_NAME,-0.013554234094229178,-0.009939130585943867,-0.003615103508285311
gen4_name_direct_cross_layer_pair_level_differences_v1,clinic_expansion,17_MINUS_11,17,11,POST4_PATH_EFFICIENCY,DELTA_NAME,-0.04099794258585876,-0.003856330678540132,-0.03714161190731863
gen4_name_direct_cross_layer_pair_level_differences_v1,dam_inspection,17_MINUS_11,17,11,POST4_PATH_EFFICIENCY,DELTA_NAME,-0.012569301859049142,0.0001331039330434991,-0.012702405792092641
gen4_name_direct_cross_layer_pair_level_differences_v1,ferry_launch,17_MINUS_11,17,11,POST4_PATH_EFFICIENCY,DELTA_NAME,-0.022111819464832427,-0.010691917092958692,-0.011419902371873736
gen4_name_direct_cross_layer_pair_level_differences_v1,festival_selection,17_MINUS_11,17,11,POST4_PATH_EFFICIENCY,DELTA_NAME,0.029585812733876393,0.004778701060350665,0.024807111673525728
gen4_name_direct_cross_layer_pair_level_differences_v1,forest_mapping,17_MINUS_11,17,11,POST4_PATH_EFFICIENCY,DELTA_NAME,0.07155991652762184,0.012312520908404678,0.05924739561921716
gen4_name_direct_cross_layer_pair_level_differences_v1,garden_award,17_MINUS_11,17,11,POST4_PATH_EFFICIENCY,DELTA_NAME,-0.020446747024726486,0.003217756767047053,-0.02366450379177354
gen4_name_direct_cross_layer_pair_level_differences_v1,generated_fact_031,17_MINUS_11,17,11,POST4_PATH_EFFICIENCY,DELTA_NAME,-0.037021054601332315,0.00708477551775144,-0.044105830119083755
gen4_name_direct_cross_layer_pair_level_differences_v1,generated_fact_032,17_MINUS_11,17,11,POST4_PATH_EFFICIENCY,DELTA_NAME,0.022529269123435502,-0.006823314136479464,0.029352583259914966
gen4_name_direct_cross_layer_pair_level_differences_v1,generated_fact_033,17_MINUS_11,17,11,POST4_PATH_EFFICIENCY,DELTA_NAME,-0.011524312550314164,0.011796917898779291,-0.023321230449093455
gen4_name_direct_cross_layer_pair_level_differences_v1,generated_fact_034,17_MINUS_11,17,11,POST4_PATH_EFFICIENCY,DELTA_NAME,0.031361494738909146,0.002292092142517743,0.029069402596391403
gen4_name_direct_cross_layer_pair_level_differences_v1,generated_fact_035,17_MINUS_11,17,11,POST4_PATH_EFFICIENCY,DELTA_NAME,0.03746158481588313,0.004424711096111866,0.033036873719771265
gen4_name_direct_cross_layer_pair_level_differences_v1,generated_fact_036,17_MINUS_11,17,11,POST4_PATH_EFFICIENCY,DELTA_NAME,0.009622503471152122,-0.016163640936859736,0.025786144408011857
gen4_name_direct_cross_layer_pair_level_differences_v1,generated_fact_037,17_MINUS_11,17,11,POST4_PATH_EFFICIENCY,DELTA_NAME,-0.015207646082321502,0.008333888524324207,-0.02354153460664571
gen4_name_direct_cross_layer_pair_level_differences_v1,generated_fact_038,17_MINUS_11,17,11,POST4_PATH_EFFICIENCY,DELTA_NAME,0.024007351276098987,-0.019517842656771145,0.04352519393287013
gen4_name_direct_cross_layer_pair_level_differences_v1,generated_fact_039,17_MINUS_11,17,11,POST4_PATH_EFFICIENCY,DELTA_NAME,-0.10175535112672202,0.005235936866815172,-0.10699128799353719
gen4_name_direct_cross_layer_pair_level_differences_v1,generated_fact_040,17_MINUS_11,17,11,POST4_PATH_EFFICIENCY,DELTA_NAME,-0.033424529830652916,-0.0018841263621324211,-0.031540403468520495
gen4_name_direct_cross_layer_pair_level_differences_v1,generated_fact_041,17_MINUS_11,17,11,POST4_PATH_EFFICIENCY,DELTA_NAME,-0.020620182079556737,0.03208850863229823,-0.052708690711854966
gen4_name_direct_cross_layer_pair_level_differences_v1,generated_fact_042,17_MINUS_11,17,11,POST4_PATH_EFFICIENCY,DELTA_NAME,-0.07628715085772686,-0.0046056438223950336,-0.07168150703533183
gen4_name_direct_cross_layer_pair_level_differences_v1,generated_fact_043,17_MINUS_11,17,11,POST4_PATH_EFFICIENCY,DELTA_NAME,-0.03884358154428236,0.006530444836816696,-0.04537402638109905
gen4_name_direct_cross_layer_pair_level_differences_v1,generated_fact_044,17_MINUS_11,17,11,POST4_PATH_EFFICIENCY,DELTA_NAME,0.020235281847128528,-0.007009733778135463,0.02724501562526399
gen4_name_direct_cross_layer_pair_level_differences_v1,generated_fact_045,17_MINUS_11,17,11,POST4_PATH_EFFICIENCY,DELTA_NAME,-0.01122677139072592,0.011933308208412097,-0.023160079599138017
gen4_name_direct_cross_layer_pair_level_differences_v1,generated_fact_046,17_MINUS_11,17,11,POST4_PATH_EFFICIENCY,DELTA_NAME,0.031140871318600438,0.002667699946785951,0.028473171371814487
gen4_name_direct_cross_layer_pair_level_differences_v1,generated_fact_047,17_MINUS_11,17,11,POST4_PATH_EFFICIENCY,DELTA_NAME,0.03851885281385736,0.0043480682316486274,0.034170784582208735
gen4_name_direct_cross_layer_pair_level_differences_v1,generated_fact_048,17_MINUS_11,17,11,POST4_PATH_EFFICIENCY,DELTA_NAME,0.00853863241776509,-0.016016363609519302,0.024554996027284393
gen4_name_direct_cross_layer_pair_level_differences_v1,generated_fact_049,17_MINUS_11,17,11,POST4_PATH_EFFICIENCY,DELTA_NAME,-0.017589302419476982,0.008245156687964883,-0.025834459107441865
gen4_name_direct_cross_layer_pair_level_differences_v1,generated_fact_050,17_MINUS_11,17,11,POST4_PATH_EFFICIENCY,DELTA_NAME,0.021717227642738313,-0.019575934284827068,0.04129316192756538
gen4_name_direct_cross_layer_pair_level_differences_v1,generated_fact_051,17_MINUS_11,17,11,POST4_PATH_EFFICIENCY,DELTA_NAME,-0.10231754346581817,0.004920847342592738,-0.10723839080841091
gen4_name_direct_cross_layer_pair_level_differences_v1,generated_fact_052,17_MINUS_11,17,11,POST4_PATH_EFFICIENCY,DELTA_NAME,-0.03436953494286332,-0.0023299916738610538,-0.03203954326900227
gen4_name_direct_cross_layer_pair_level_differences_v1,generated_fact_053,17_MINUS_11,17,11,POST4_PATH_EFFICIENCY,DELTA_NAME,-0.022638804071657193,0.032254649988489814,-0.05489345406014701
gen4_name_direct_cross_layer_pair_level_differences_v1,generated_fact_054,17_MINUS_11,17,11,POST4_PATH_EFFICIENCY,DELTA_NAME,-0.07924576120539645,-0.004379757761177716,-0.07486600344421873
gen4_name_direct_cross_layer_pair_level_differences_v1,generated_fact_055,17_MINUS_11,17,11,POST4_PATH_EFFICIENCY,DELTA_NAME,-0.037851753154027556,0.006673104734129631,-0.04452485788815719
gen4_name_direct_cross_layer_pair_level_differences_v1,generated_fact_056,17_MINUS_11,17,11,POST4_PATH_EFFICIENCY,DELTA_NAME,0.022136905032392906,-0.006852170623258824,0.02898907565565173
gen4_name_direct_cross_layer_pair_level_differences_v1,generated_fact_057,17_MINUS_11,17,11,POST4_PATH_EFFICIENCY,DELTA_NAME,-0.013292215226389459,0.011732850402445816,-0.025025065628835275
gen4_name_direct_cross_layer_pair_level_differences_v1,generated_fact_058,17_MINUS_11,17,11,POST4_PATH_EFFICIENCY,DELTA_NAME,0.03115254700808745,0.002182388001335911,0.02897015900675154
gen4_name_direct_cross_layer_pair_level_differences_v1,generated_fact_059,17_MINUS_11,17,11,POST4_PATH_EFFICIENCY,DELTA_NAME,0.039386793098430184,0.004599422544318887,0.034787370554111297
gen4_name_direct_cross_layer_pair_level_differences_v1,generated_fact_060,17_MINUS_11,17,11,POST4_PATH_EFFICIENCY,DELTA_NAME,0.010304006289716394,-0.016156313917935705,0.0264603202076521
gen4_name_direct_cross_layer_pair_level_differences_v1,generated_fact_061,17_MINUS_11,17,11,POST4_PATH_EFFICIENCY,DELTA_NAME,-0.01655165095073352,0.008531842592591932,-0.025083493543325452
gen4_name_direct_cross_layer_pair_level_differences_v1,generated_fact_062,17_MINUS_11,17,11,POST4_PATH_EFFICIENCY,DELTA_NAME,0.025320260788979754,-0.019270083796262383,0.044590344585242137
gen4_name_direct_cross_layer_pair_level_differences_v1,generated_fact_063,17_MINUS_11,17,11,POST4_PATH_EFFICIENCY,DELTA_NAME,-0.10146989286749819,0.005374382364893016,-0.1068442752323912
gen4_name_direct_cross_layer_pair_level_differences_v1,generated_fact_064,17_MINUS_11,17,11,POST4_PATH_EFFICIENCY,DELTA_NAME,-0.034710476416319636,-0.002207079916567156,-0.03250339649975248
gen4_name_direct_cross_layer_pair_level_differences_v1,generated_fact_065,17_MINUS_11,17,11,POST4_PATH_EFFICIENCY,DELTA_NAME,-0.021832739768618548,0.03223212629297634,-0.054064866061594885
gen4_name_direct_cross_layer_pair_level_differences_v1,generated_fact_066,17_MINUS_11,17,11,POST4_PATH_EFFICIENCY,DELTA_NAME,-0.08013108686732567,-0.00427620475309981,-0.07585488211422586
gen4_name_direct_cross_layer_pair_level_differences_v1,generated_fact_067,17_MINUS_11,17,11,POST4_PATH_EFFICIENCY,DELTA_NAME,-0.03931067996113391,0.006613979302767081,-0.04592465926390099
gen4_name_direct_cross_layer_pair_level_differences_v1,generated_fact_068,17_MINUS_11,17,11,POST4_PATH_EFFICIENCY,DELTA_NAME,0.021594811009632453,-0.007064881885748775,0.028659692895381228
gen4_name_direct_cross_layer_pair_level_differences_v1,generated_fact_069,17_MINUS_11,17,11,POST4_PATH_EFFICIENCY,DELTA_NAME,-0.011622568558530388,0.011724628710406193,-0.02334719726893658
gen4_name_direct_cross_layer_pair_level_differences_v1,generated_fact_070,17_MINUS_11,17,11,POST4_PATH_EFFICIENCY,DELTA_NAME,0.03174827960654969,0.0029987587363352053,0.028749520870214484
gen4_name_direct_cross_layer_pair_level_differences_v1,generated_fact_071,17_MINUS_11,17,11,POST4_PATH_EFFICIENCY,DELTA_NAME,0.040140181345698855,0.004207589356016284,0.03593259198968257
gen4_name_direct_cross_layer_pair_level_differences_v1,generated_fact_072,17_MINUS_11,17,11,POST4_PATH_EFFICIENCY,DELTA_NAME,0.009108603649438884,-0.016129344112976285,0.02523794776241517
gen4_name_direct_cross_layer_pair_level_differences_v1,generated_fact_073,17_MINUS_11,17,11,POST4_PATH_EFFICIENCY,DELTA_NAME,-0.01379375835866592,0.008162284240251283,-0.021956042598917203
gen4_name_direct_cross_layer_pair_level_differences_v1,generated_fact_074,17_MINUS_11,17,11,POST4_PATH_EFFICIENCY,DELTA_NAME,0.022232130382206616,-0.019653306947337024,0.04188543732954364
gen4_name_direct_cross_layer_pair_level_differences_v1,generated_fact_075,17_MINUS_11,17,11,POST4_PATH_EFFICIENCY,DELTA_NAME,-0.10123803793861541,0.005138056364731525,-0.10637609430334694
gen4_name_direct_cross_layer_pair_level_differences_v1,generated_fact_076,17_MINUS_11,17,11,POST4_PATH_EFFICIENCY,DELTA_NAME,-0.036728038532803375,-0.0020857678731761586,-0.03464227065962722
gen4_name_direct_cross_layer_pair_level_differences_v1,generated_fact_077,17_MINUS_11,17,11,POST4_PATH_EFFICIENCY,DELTA_NAME,-0.02169104895571028,0.03249842640331052,-0.0541894753590208
gen4_name_direct_cross_layer_pair_level_differences_v1,generated_fact_078,17_MINUS_11,17,11,POST4_PATH_EFFICIENCY,DELTA_NAME,-0.08117794780060372,-0.004508089094963197,-0.07666985870564053
gen4_name_direct_cross_layer_pair_level_differences_v1,generated_fact_079,17_MINUS_11,17,11,POST4_PATH_EFFICIENCY,DELTA_NAME,-0.03931233477598728,0.006582733077901248,-0.04589506785388853
gen4_name_direct_cross_layer_pair_level_differences_v1,generated_fact_080,17_MINUS_11,17,11,POST4_PATH_EFFICIENCY,DELTA_NAME,0.02221006531865899,-0.0067182250916946185,0.028928290410353608
gen4_name_direct_cross_layer_pair_level_differences_v1,generated_fact_081,17_MINUS_11,17,11,POST4_PATH_EFFICIENCY,DELTA_NAME,-0.01394293906623778,0.011709569707618606,-0.025652508773856386
gen4_name_direct_cross_layer_pair_level_differences_v1,generated_fact_082,17_MINUS_11,17,11,POST4_PATH_EFFICIENCY,DELTA_NAME,0.0307313337310422,0.002482322725192443,0.028249011005849756
gen4_name_direct_cross_layer_pair_level_differences_v1,generated_fact_083,17_MINUS_11,17,11,POST4_PATH_EFFICIENCY,DELTA_NAME,0.040067168089966354,0.004153257534304788,0.035913910555661566
gen4_name_direct_cross_layer_pair_level_differences_v1,generated_fact_084,17_MINUS_11,17,11,POST4_PATH_EFFICIENCY,DELTA_NAME,0.010285909612899213,-0.016291861674452013,0.026577771287351226
gen4_name_direct_cross_layer_pair_level_differences_v1,generated_fact_085,17_MINUS_11,17,11,POST4_PATH_EFFICIENCY,DELTA_NAME,-0.016371966229698276,0.0083186161138889,-0.024690582343587175
gen4_name_direct_cross_layer_pair_level_differences_v1,generated_fact_086,17_MINUS_11,17,11,POST4_PATH_EFFICIENCY,DELTA_NAME,0.024886677973709803,-0.01907818386690857,0.043964861840618374
gen4_name_direct_cross_layer_pair_level_differences_v1,generated_fact_087,17_MINUS_11,17,11,POST4_PATH_EFFICIENCY,DELTA_NAME,-0.10213306213837198,0.005548601790406227,-0.1076816639287782
gen4_name_direct_cross_layer_pair_level_differences_v1,generated_fact_088,17_MINUS_11,17,11,POST4_PATH_EFFICIENCY,DELTA_NAME,-0.035390980129665905,-0.0020594524044107443,-0.03333152772525516
gen4_name_direct_cross_layer_pair_level_differences_v1,generated_fact_089,17_MINUS_11,17,11,POST4_PATH_EFFICIENCY,DELTA_NAME,-0.02189066882648516,0.032261342225580636,-0.054152011052065796
gen4_name_direct_cross_layer_pair_level_differences_v1,generated_fact_090,17_MINUS_11,17,11,POST4_PATH_EFFICIENCY,DELTA_NAME,-0.07924328492201338,-0.004176284757930804,-0.07506700016408258
gen4_name_direct_cross_layer_pair_level_differences_v1,generated_fact_091,17_MINUS_11,17,11,POST4_PATH_EFFICIENCY,DELTA_NAME,-0.03873360006186444,0.006326979971064017,-0.045060580032928454
gen4_name_direct_cross_layer_pair_level_differences_v1,generated_fact_092,17_MINUS_11,17,11,POST4_PATH_EFFICIENCY,DELTA_NAME,0.020476534635599675,-0.0068328777191310475,0.027309412354730722
gen4_name_direct_cross_layer_pair_level_differences_v1,generated_fact_093,17_MINUS_11,17,11,POST4_PATH_EFFICIENCY,DELTA_NAME,-0.011222616756652037,0.011362064069431466,-0.022584680826083503
gen4_name_direct_cross_layer_pair_level_differences_v1,generated_fact_094,17_MINUS_11,17,11,POST4_PATH_EFFICIENCY,DELTA_NAME,0.0312908023115398,0.0028562883691009566,0.028434513942438844
gen4_name_direct_cross_layer_pair_level_differences_v1,generated_fact_095,17_MINUS_11,17,11,POST4_PATH_EFFICIENCY,DELTA_NAME,0.03958786866224229,0.0040972957351747,0.03549057292706759
gen4_name_direct_cross_layer_pair_level_differences_v1,generated_fact_096,17_MINUS_11,17,11,POST4_PATH_EFFICIENCY,DELTA_NAME,0.007783094181298189,-0.016122273197925807,0.023905367379223996
gen4_name_direct_cross_layer_pair_level_differences_v1,generated_fact_097,17_MINUS_11,17,11,POST4_PATH_EFFICIENCY,DELTA_NAME,-0.014547677506005718,0.008201229458935977,-0.022748906964941695
gen4_name_direct_cross_layer_pair_level_differences_v1,generated_fact_098,17_MINUS_11,17,11,POST4_PATH_EFFICIENCY,DELTA_NAME,0.023582023091946347,-0.019405413041584607,0.042987436133530954
gen4_name_direct_cross_layer_pair_level_differences_v1,generated_fact_099,17_MINUS_11,17,11,POST4_PATH_EFFICIENCY,DELTA_NAME,-0.10192671696264444,0.004918461275826069,-0.1068451782384705
gen4_name_direct_cross_layer_pair_level_differences_v1,generated_fact_100,17_MINUS_11,17,11,POST4_PATH_EFFICIENCY,DELTA_NAME,-0.0338196073705499,-0.0017969429706429785,-0.03202266439990692
gen4_name_direct_cross_layer_pair_level_differences_v1,generated_fact_101,17_MINUS_11,17,11,POST4_PATH_EFFICIENCY,DELTA_NAME,-0.021785777574750198,0.03272611368830636,-0.054511891263056556
gen4_name_direct_cross_layer_pair_level_differences_v1,generated_fact_102,17_MINUS_11,17,11,POST4_PATH_EFFICIENCY,DELTA_NAME,-0.08142637581924494,-0.004656396207614544,-0.0767699796116304
gen4_name_direct_cross_layer_pair_level_differences_v1,generated_fact_103,17_MINUS_11,17,11,POST4_PATH_EFFICIENCY,DELTA_NAME,-0.03913277442023555,0.0065858178746106,-0.04571859229484615
gen4_name_direct_cross_layer_pair_level_differences_v1,generated_fact_104,17_MINUS_11,17,11,POST4_PATH_EFFICIENCY,DELTA_NAME,0.02157865240624024,-0.006732058316938461,0.0283107107231787
gen4_name_direct_cross_layer_pair_level_differences_v1,generated_fact_105,17_MINUS_11,17,11,POST4_PATH_EFFICIENCY,DELTA_NAME,-0.013842253692244566,0.011850735426338854,-0.02569298911858342
gen4_name_direct_cross_layer_pair_level_differences_v1,generated_fact_106,17_MINUS_11,17,11,POST4_PATH_EFFICIENCY,DELTA_NAME,0.03147958627530856,0.00236335459710052,0.029116231678208038
gen4_name_direct_cross_layer_pair_level_differences_v1,generated_fact_107,17_MINUS_11,17,11,POST4_PATH_EFFICIENCY,DELTA_NAME,0.039403375185057876,0.004345386547023655,0.03505798863803422
gen4_name_direct_cross_layer_pair_level_differences_v1,generated_fact_108,17_MINUS_11,17,11,POST4_PATH_EFFICIENCY,DELTA_NAME,0.009144859580950904,-0.015965167626311727,0.02511002720726263
gen4_name_direct_cross_layer_pair_level_differences_v1,generated_fact_109,17_MINUS_11,17,11,POST4_PATH_EFFICIENCY,DELTA_NAME,-0.016911144295792768,0.008252948626880696,-0.025164092922673464
gen4_name_direct_cross_layer_pair_level_differences_v1,generated_fact_110,17_MINUS_11,17,11,POST4_PATH_EFFICIENCY,DELTA_NAME,0.023424448202052806,-0.01930614021891397,0.042730588420966775
gen4_name_direct_cross_layer_pair_level_differences_v1,generated_fact_111,17_MINUS_11,17,11,POST4_PATH_EFFICIENCY,DELTA_NAME,-0.10042047046693214,0.0056059729093085875,-0.10602644337624073
gen4_name_direct_cross_layer_pair_level_differences_v1,generated_fact_112,17_MINUS_11,17,11,POST4_PATH_EFFICIENCY,DELTA_NAME,-0.033497570202288385,-0.001964490042673961,-0.031533080159614424
gen4_name_direct_cross_layer_pair_level_differences_v1,generated_fact_113,17_MINUS_11,17,11,POST4_PATH_EFFICIENCY,DELTA_NAME,-0.022233636650305533,0.03218953349422943,-0.05442317014453496
gen4_name_direct_cross_layer_pair_level_differences_v1,generated_fact_114,17_MINUS_11,17,11,POST4_PATH_EFFICIENCY,DELTA_NAME,-0.07992330037893541,-0.00426208721314647,-0.07566121316578894
gen4_name_direct_cross_layer_pair_level_differences_v1,generated_fact_115,17_MINUS_11,17,11,POST4_PATH_EFFICIENCY,DELTA_NAME,-0.036908163573815767,0.006721021573891928,-0.043629185147707694
gen4_name_direct_cross_layer_pair_level_differences_v1,generated_fact_116,17_MINUS_11,17,11,POST4_PATH_EFFICIENCY,DELTA_NAME,0.020841254805439025,-0.00680422943414577,0.027645484239584794
gen4_name_direct_cross_layer_pair_level_differences_v1,generated_fact_117,17_MINUS_11,17,11,POST4_PATH_EFFICIENCY,DELTA_NAME,-0.009975055415860745,0.011593539944192321,-0.021568595360053067
gen4_name_direct_cross_layer_pair_level_differences_v1,generated_fact_118,17_MINUS_11,17,11,POST4_PATH_EFFICIENCY,DELTA_NAME,0.030894775382239725,0.002610839743457438,0.028283935638782287
gen4_name_direct_cross_layer_pair_level_differences_v1,generated_fact_119,17_MINUS_11,17,11,POST4_PATH_EFFICIENCY,DELTA_NAME,0.039130172308694644,0.004330584342259303,0.03479958796643534
gen4_name_direct_cross_layer_pair_level_differences_v1,generated_fact_120,17_MINUS_11,17,11,POST4_PATH_EFFICIENCY,DELTA_NAME,0.008208520738607672,-0.016170656999118238,0.02437917773772591
gen4_name_direct_cross_layer_pair_level_differences_v1,generated_fact_121,17_MINUS_11,17,11,POST4_PATH_EFFICIENCY,DELTA_NAME,-0.015663497062951337,0.008224657315407558,-0.023888154378358895
gen4_name_direct_cross_layer_pair_level_differences_v1,generated_fact_122,17_MINUS_11,17,11,POST4_PATH_EFFICIENCY,DELTA_NAME,0.02294887235721821,-0.019488112153671522,0.04243698451088973
gen4_name_direct_cross_layer_pair_level_differences_v1,generated_fact_123,17_MINUS_11,17,11,POST4_PATH_EFFICIENCY,DELTA_NAME,-0.10202280412005277,0.004850578726981969,-0.10687338284703474
gen4_name_direct_cross_layer_pair_level_differences_v1,generated_fact_124,17_MINUS_11,17,11,POST4_PATH_EFFICIENCY,DELTA_NAME,-0.035416896984654445,-0.0017839959683176865,-0.03363290101633676
gen4_name_direct_cross_layer_pair_level_differences_v1,generated_fact_125,17_MINUS_11,17,11,POST4_PATH_EFFICIENCY,DELTA_NAME,-0.020487192863180348,0.032250879662998444,-0.05273807252617879
gen4_name_direct_cross_layer_pair_level_differences_v1,generated_fact_126,17_MINUS_11,17,11,POST4_PATH_EFFICIENCY,DELTA_NAME,-0.07786801570285207,-0.004490307764591028,-0.07337770793826104
gen4_name_direct_cross_layer_pair_level_differences_v1,generated_fact_127,17_MINUS_11,17,11,POST4_PATH_EFFICIENCY,DELTA_NAME,-0.03809779035369365,0.006688474670946243,-0.04478626502463989
gen4_name_direct_cross_layer_pair_level_differences_v1,generated_fact_128,17_MINUS_11,17,11,POST4_PATH_EFFICIENCY,DELTA_NAME,0.021596182025998722,-0.006851793242796944,0.028447975268795667
gen4_name_direct_cross_layer_pair_level_differences_v1,generated_fact_129,17_MINUS_11,17,11,POST4_PATH_EFFICIENCY,DELTA_NAME,-0.01338849736935055,0.011921561133086012,-0.02531005850243656
gen4_name_direct_cross_layer_pair_level_differences_v1,generated_fact_130,17_MINUS_11,17,11,POST4_PATH_EFFICIENCY,DELTA_NAME,0.03149321756576673,0.0023651457780013985,0.02912807178776533
gen4_name_direct_cross_layer_pair_level_differences_v1,generated_fact_131,17_MINUS_11,17,11,POST4_PATH_EFFICIENCY,DELTA_NAME,0.037706441169398586,0.004436354688478583,0.03327008648092
gen4_name_direct_cross_layer_pair_level_differences_v1,generated_fact_132,17_MINUS_11,17,11,POST4_PATH_EFFICIENCY,DELTA_NAME,0.009516986448914744,-0.015844602438142064,0.025361588887056807
gen4_name_direct_cross_layer_pair_level_differences_v1,generated_fact_133,17_MINUS_11,17,11,POST4_PATH_EFFICIENCY,DELTA_NAME,-0.017959218185816583,0.008140212452402817,-0.0260994306382194
gen4_name_direct_cross_layer_pair_level_differences_v1,generated_fact_134,17_MINUS_11,17,11,POST4_PATH_EFFICIENCY,DELTA_NAME,0.024289927889835305,-0.019337098962157517,0.04362702685199282
gen4_name_direct_cross_layer_pair_level_differences_v1,generated_fact_135,17_MINUS_11,17,11,POST4_PATH_EFFICIENCY,DELTA_NAME,-0.10253168776346827,0.0052122116665751506,-0.10774389943004342
gen4_name_direct_cross_layer_pair_level_differences_v1,generated_fact_136,17_MINUS_11,17,11,POST4_PATH_EFFICIENCY,DELTA_NAME,-0.035911385929150885,-0.002396945988591914,-0.03351443994055897
gen4_name_direct_cross_layer_pair_level_differences_v1,generated_fact_137,17_MINUS_11,17,11,POST4_PATH_EFFICIENCY,DELTA_NAME,-0.022607817483304538,0.0320018964396282,-0.054609713922932734
gen4_name_direct_cross_layer_pair_level_differences_v1,generated_fact_138,17_MINUS_11,17,11,POST4_PATH_EFFICIENCY,DELTA_NAME,-0.07788504208401775,-0.0043720435249597345,-0.07351299855905802
gen4_name_direct_cross_layer_pair_level_differences_v1,generated_fact_139,17_MINUS_11,17,11,POST4_PATH_EFFICIENCY,DELTA_NAME,-0.03868518698360224,0.006291442164769068,-0.044976629148371305
gen4_name_direct_cross_layer_pair_level_differences_v1,generated_fact_140,17_MINUS_11,17,11,POST4_PATH_EFFICIENCY,DELTA_NAME,0.021135898159097055,-0.006932060335908874,0.02806795849500593
gen4_name_direct_cross_layer_pair_level_differences_v1,generated_fact_141,17_MINUS_11,17,11,POST4_PATH_EFFICIENCY,DELTA_NAME,-0.011678076674068505,0.011467175505903981,-0.023145252179972486
gen4_name_direct_cross_layer_pair_level_differences_v1,generated_fact_142,17_MINUS_11,17,11,POST4_PATH_EFFICIENCY,DELTA_NAME,0.030781462223444023,0.0024992576449514026,0.02828220457849262
gen4_name_direct_cross_layer_pair_level_differences_v1,generated_fact_143,17_MINUS_11,17,11,POST4_PATH_EFFICIENCY,DELTA_NAME,0.040302004843227546,0.004510627638327325,0.03579137720490022
gen4_name_direct_cross_layer_pair_level_differences_v1,generated_fact_144,17_MINUS_11,17,11,POST4_PATH_EFFICIENCY,DELTA_NAME,0.008276954593490982,-0.016216881410900608,0.02449383600439159
gen4_name_direct_cross_layer_pair_level_differences_v1,generated_fact_145,17_MINUS_11,17,11,POST4_PATH_EFFICIENCY,DELTA_NAME,-0.016546879188946262,0.008397064438901036,-0.024943943627847298
gen4_name_direct_cross_layer_pair_level_differences_v1,generated_fact_146,17_MINUS_11,17,11,POST4_PATH_EFFICIENCY,DELTA_NAME,0.023727015211048808,-0.019246580491611598,0.042973595702660405
gen4_name_direct_cross_layer_pair_level_differences_v1,generated_fact_147,17_MINUS_11,17,11,POST4_PATH_EFFICIENCY,DELTA_NAME,-0.10196382099023787,0.005113196598872771,-0.10707701758911065
gen4_name_direct_cross_layer_pair_level_differences_v1,generated_fact_148,17_MINUS_11,17,11,POST4_PATH_EFFICIENCY,DELTA_NAME,-0.033906638119932664,-0.002181739126880855,-0.03172489899305181
gen4_name_direct_cross_layer_pair_level_differences_v1,generated_fact_149,17_MINUS_11,17,11,POST4_PATH_EFFICIENCY,DELTA_NAME,-0.021936512982980383,0.03241399878380852,-0.0543505117667889
gen4_name_direct_cross_layer_pair_level_differences_v1,generated_fact_150,17_MINUS_11,17,11,POST4_PATH_EFFICIENCY,DELTA_NAME,-0.08063114454771786,-0.004155912548697682,-0.07647523199902018
gen4_name_direct_cross_layer_pair_level_differences_v1,generated_fact_151,17_MINUS_11,17,11,POST4_PATH_EFFICIENCY,DELTA_NAME,-0.03870168342422431,0.006811486889274243,-0.04551317031349855
gen4_name_direct_cross_layer_pair_level_differences_v1,generated_fact_152,17_MINUS_11,17,11,POST4_PATH_EFFICIENCY,DELTA_NAME,0.021947634496238655,-0.006957388688494992,0.028905023184733647
gen4_name_direct_cross_layer_pair_level_differences_v1,generated_fact_153,17_MINUS_11,17,11,POST4_PATH_EFFICIENCY,DELTA_NAME,-0.013790961862577333,0.012003439583715303,-0.025794401446292636
gen4_name_direct_cross_layer_pair_level_differences_v1,generated_fact_154,17_MINUS_11,17,11,POST4_PATH_EFFICIENCY,DELTA_NAME,0.031671295039279124,0.0024515639935913103,0.029219731045687813
gen4_name_direct_cross_layer_pair_level_differences_v1,generated_fact_155,17_MINUS_11,17,11,POST4_PATH_EFFICIENCY,DELTA_NAME,0.039313318820698884,0.004388343639052994,0.03492497518164589
gen4_name_direct_cross_layer_pair_level_differences_v1,generated_fact_156,17_MINUS_11,17,11,POST4_PATH_EFFICIENCY,DELTA_NAME,0.009564120619133032,-0.015912769196652132,0.025476889815785164
gen4_name_direct_cross_layer_pair_level_differences_v1,generated_fact_157,17_MINUS_11,17,11,POST4_PATH_EFFICIENCY,DELTA_NAME,-0.014074587352107204,0.008245737817093701,-0.022320325169200905
gen4_name_direct_cross_layer_pair_level_differences_v1,generated_fact_158,17_MINUS_11,17,11,POST4_PATH_EFFICIENCY,DELTA_NAME,0.023791554147869487,-0.01959503252271616,0.04338658667058565
gen4_name_direct_cross_layer_pair_level_differences_v1,generated_fact_159,17_MINUS_11,17,11,POST4_PATH_EFFICIENCY,DELTA_NAME,-0.10017211713914714,0.005455356240620712,-0.10562747337976786
gen4_name_direct_cross_layer_pair_level_differences_v1,generated_fact_160,17_MINUS_11,17,11,POST4_PATH_EFFICIENCY,DELTA_NAME,-0.035264792615879226,-0.0022211322265442424,-0.03304366038933498
gen4_name_direct_cross_layer_pair_level_differences_v1,generated_fact_161,17_MINUS_11,17,11,POST4_PATH_EFFICIENCY,DELTA_NAME,-0.021705327458330315,0.03237631472431379,-0.05408164218264411
gen4_name_direct_cross_layer_pair_level_differences_v1,generated_fact_162,17_MINUS_11,17,11,POST4_PATH_EFFICIENCY,DELTA_NAME,-0.08090244402767705,-0.004391985086929895,-0.07651045894074715
gen4_name_direct_cross_layer_pair_level_differences_v1,generated_fact_163,17_MINUS_11,17,11,POST4_PATH_EFFICIENCY,DELTA_NAME,-0.03886806036911328,0.006320072832365575,-0.04518813320147885
gen4_name_direct_cross_layer_pair_level_differences_v1,generated_fact_164,17_MINUS_11,17,11,POST4_PATH_EFFICIENCY,DELTA_NAME,0.02081792407138383,-0.006821755792140727,0.027639679863524558
gen4_name_direct_cross_layer_pair_level_differences_v1,generated_fact_165,17_MINUS_11,17,11,POST4_PATH_EFFICIENCY,DELTA_NAME,-0.012230666935743595,0.011566663597681881,-0.023797330533425476
gen4_name_direct_cross_layer_pair_level_differences_v1,generated_fact_166,17_MINUS_11,17,11,POST4_PATH_EFFICIENCY,DELTA_NAME,0.03089164984686077,0.0029130226573368945,0.027978627189523875
gen4_name_direct_cross_layer_pair_level_differences_v1,generated_fact_167,17_MINUS_11,17,11,POST4_PATH_EFFICIENCY,DELTA_NAME,0.041825895687103376,0.004093798300224827,0.03773209738687855
gen4_name_direct_cross_layer_pair_level_differences_v1,generated_fact_168,17_MINUS_11,17,11,POST4_PATH_EFFICIENCY,DELTA_NAME,0.008973239539424527,-0.01622036564136181,0.025193605180786338
gen4_name_direct_cross_layer_pair_level_differences_v1,generated_fact_169,17_MINUS_11,17,11,POST4_PATH_EFFICIENCY,DELTA_NAME,-0.016227324819244493,0.008225536998840599,-0.024452861818085092
gen4_name_direct_cross_layer_pair_level_differences_v1,generated_fact_170,17_MINUS_11,17,11,POST4_PATH_EFFICIENCY,DELTA_NAME,0.023525963052300813,-0.01928662436219536,0.04281258741449617
gen4_name_direct_cross_layer_pair_level_differences_v1,generated_fact_171,17_MINUS_11,17,11,POST4_PATH_EFFICIENCY,DELTA_NAME,-0.10302730973816748,0.005236153268744215,-0.1082634630069117
gen4_name_direct_cross_layer_pair_level_differences_v1,generated_fact_172,17_MINUS_11,17,11,POST4_PATH_EFFICIENCY,DELTA_NAME,-0.03488334192854514,-0.0019604065690632666,-0.032922935359481875
gen4_name_direct_cross_layer_pair_level_differences_v1,generated_fact_173,17_MINUS_11,17,11,POST4_PATH_EFFICIENCY,DELTA_NAME,-0.021484801565517797,0.032370842674612044,-0.05385564424012984
gen4_name_direct_cross_layer_pair_level_differences_v1,generated_fact_174,17_MINUS_11,17,11,POST4_PATH_EFFICIENCY,DELTA_NAME,-0.08137796232134331,-0.0042618497922344845,-0.07711611252910883
gen4_name_direct_cross_layer_pair_level_differences_v1,generated_fact_175,17_MINUS_11,17,11,POST4_PATH_EFFICIENCY,DELTA_NAME,-0.0394869740769227,0.006702032145901149,-0.04618900622282385
gen4_name_direct_cross_layer_pair_level_differences_v1,generated_fact_176,17_MINUS_11,17,11,POST4_PATH_EFFICIENCY,DELTA_NAME,0.021633911252491977,-0.006770293220322798,0.028404204472814776
gen4_name_direct_cross_layer_pair_level_differences_v1,generated_fact_177,17_MINUS_11,17,11,POST4_PATH_EFFICIENCY,DELTA_NAME,-0.013654711439031741,0.011502136845498445,-0.025156848284530187
gen4_name_direct_cross_layer_pair_level_differences_v1,generated_fact_178,17_MINUS_11,17,11,POST4_PATH_EFFICIENCY,DELTA_NAME,0.03139391872336106,0.002426968456722356,0.028966950266638702
gen4_name_direct_cross_layer_pair_level_differences_v1,generated_fact_179,17_MINUS_11,17,11,POST4_PATH_EFFICIENCY,DELTA_NAME,0.039009409190877475,0.00436455546791531,0.034644853722962166
gen4_name_direct_cross_layer_pair_level_differences_v1,generated_fact_180,17_MINUS_11,17,11,POST4_PATH_EFFICIENCY,DELTA_NAME,0.00950429970381883,-0.01614257540847991,0.02564687511229874
gen4_name_direct_cross_layer_pair_level_differences_v1,generated_fact_181,17_MINUS_11,17,11,POST4_PATH_EFFICIENCY,DELTA_NAME,-0.014953222842900793,0.008308478537219333,-0.023261701380120126
gen4_name_direct_cross_layer_pair_level_differences_v1,generated_fact_182,17_MINUS_11,17,11,POST4_PATH_EFFICIENCY,DELTA_NAME,0.02493147893867642,-0.019331344190048227,0.04426282312872465
gen4_name_direct_cross_layer_pair_level_differences_v1,generated_fact_183,17_MINUS_11,17,11,POST4_PATH_EFFICIENCY,DELTA_NAME,-0.10222001944693615,0.005289747982820003,-0.10750976742975615
gen4_name_direct_cross_layer_pair_level_differences_v1,generated_fact_184,17_MINUS_11,17,11,POST4_PATH_EFFICIENCY,DELTA_NAME,-0.03541363628083749,-0.001881717984092146,-0.033531918296745344
gen4_name_direct_cross_layer_pair_level_differences_v1,generated_fact_185,17_MINUS_11,17,11,POST4_PATH_EFFICIENCY,DELTA_NAME,-0.02172290687413403,0.03256177064721266,-0.05428467752134669
gen4_name_direct_cross_layer_pair_level_differences_v1,generated_fact_186,17_MINUS_11,17,11,POST4_PATH_EFFICIENCY,DELTA_NAME,-0.08040605158179664,-0.004553131814573619,-0.07585291976722303
gen4_name_direct_cross_layer_pair_level_differences_v1,generated_fact_187,17_MINUS_11,17,11,POST4_PATH_EFFICIENCY,DELTA_NAME,-0.03969878548849348,0.006459976434597281,-0.04615876192309076
gen4_name_direct_cross_layer_pair_level_differences_v1,generated_fact_188,17_MINUS_11,17,11,POST4_PATH_EFFICIENCY,DELTA_NAME,0.02051510086222208,-0.006860598073253121,0.0273756989354752
gen4_name_direct_cross_layer_pair_level_differences_v1,generated_fact_189,17_MINUS_11,17,11,POST4_PATH_EFFICIENCY,DELTA_NAME,-0.011481577924938757,0.011717118034730745,-0.023198695959669502
gen4_name_direct_cross_layer_pair_level_differences_v1,generated_fact_190,17_MINUS_11,17,11,POST4_PATH_EFFICIENCY,DELTA_NAME,0.031660969979210085,0.0027279170023479793,0.028933052976862106
gen4_name_direct_cross_layer_pair_level_differences_v1,generated_fact_191,17_MINUS_11,17,11,POST4_PATH_EFFICIENCY,DELTA_NAME,0.04001380889711581,0.0041990652896950476,0.03581474360742076
gen4_name_direct_cross_layer_pair_level_differences_v1,generated_fact_192,17_MINUS_11,17,11,POST4_PATH_EFFICIENCY,DELTA_NAME,0.007959644993710158,-0.016086251273406904,0.024045896267117062
gen4_name_direct_cross_layer_pair_level_differences_v1,generated_fact_193,17_MINUS_11,17,11,POST4_PATH_EFFICIENCY,DELTA_NAME,-0.016798692717243213,0.008212746943569604,-0.025011439660812818
gen4_name_direct_cross_layer_pair_level_differences_v1,generated_fact_194,17_MINUS_11,17,11,POST4_PATH_EFFICIENCY,DELTA_NAME,0.022480062948562085,-0.019379063804160324,0.04185912675272241
gen4_name_direct_cross_layer_pair_level_differences_v1,generated_fact_195,17_MINUS_11,17,11,POST4_PATH_EFFICIENCY,DELTA_NAME,-0.1021028576557314,0.005418046794712639,-0.10752090445044404
gen4_name_direct_cross_layer_pair_level_differences_v1,generated_fact_196,17_MINUS_11,17,11,POST4_PATH_EFFICIENCY,DELTA_NAME,-0.03316245124340511,-0.0019060088708959255,-0.031256442372509186
gen4_name_direct_cross_layer_pair_level_differences_v1,generated_fact_197,17_MINUS_11,17,11,POST4_PATH_EFFICIENCY,DELTA_NAME,-0.023145080805866636,0.03234631830029833,-0.05549139910616496
gen4_name_direct_cross_layer_pair_level_differences_v1,generated_fact_198,17_MINUS_11,17,11,POST4_PATH_EFFICIENCY,DELTA_NAME,-0.08077112664113623,-0.004337163480111428,-0.0764339631610248
gen4_name_direct_cross_layer_pair_level_differences_v1,generated_fact_199,17_MINUS_11,17,11,POST4_PATH_EFFICIENCY,DELTA_NAME,-0.03654320269551714,0.0069142562168083566,-0.0434574589123255
gen4_name_direct_cross_layer_pair_level_differences_v1,generated_fact_200,17_MINUS_11,17,11,POST4_PATH_EFFICIENCY,DELTA_NAME,0.021955168797653024,-0.006727475334637689,0.028682644132290713
gen4_name_direct_cross_layer_pair_level_differences_v1,generated_fact_201,17_MINUS_11,17,11,POST4_PATH_EFFICIENCY,DELTA_NAME,-0.012274263882313341,0.011715610983426217,-0.023989874865739558
gen4_name_direct_cross_layer_pair_level_differences_v1,generated_fact_202,17_MINUS_11,17,11,POST4_PATH_EFFICIENCY,DELTA_NAME,0.03014469839866074,0.002354216218637628,0.027790482180023113
gen4_name_direct_cross_layer_pair_level_differences_v1,generated_fact_203,17_MINUS_11,17,11,POST4_PATH_EFFICIENCY,DELTA_NAME,0.03805586158041341,0.004412067963352029,0.03364379361706138
gen4_name_direct_cross_layer_pair_level_differences_v1,generated_fact_204,17_MINUS_11,17,11,POST4_PATH_EFFICIENCY,DELTA_NAME,0.009414133014685855,-0.01620646273043913,0.025620595745124985
gen4_name_direct_cross_layer_pair_level_differences_v1,generated_fact_205,17_MINUS_11,17,11,POST4_PATH_EFFICIENCY,DELTA_NAME,-0.01516729134169792,0.008181259676108499,-0.023348551017806418
gen4_name_direct_cross_layer_pair_level_differences_v1,generated_fact_206,17_MINUS_11,17,11,POST4_PATH_EFFICIENCY,DELTA_NAME,0.024737802876220405,-0.01940956826780421,0.044147371144024616
gen4_name_direct_cross_layer_pair_level_differences_v1,generated_fact_207,17_MINUS_11,17,11,POST4_PATH_EFFICIENCY,DELTA_NAME,-0.1015463392433521,0.005191621896927123,-0.10673796114027922
gen4_name_direct_cross_layer_pair_level_differences_v1,generated_fact_208,17_MINUS_11,17,11,POST4_PATH_EFFICIENCY,DELTA_NAME,-0.03495733024964054,-0.0018665610154016132,-0.033090769234238926
gen4_name_direct_cross_layer_pair_level_differences_v1,generated_fact_209,17_MINUS_11,17,11,POST4_PATH_EFFICIENCY,DELTA_NAME,-0.02039952686225055,0.031994513469370434,-0.052394040331620984
gen4_name_direct_cross_layer_pair_level_differences_v1,generated_fact_210,17_MINUS_11,17,11,POST4_PATH_EFFICIENCY,DELTA_NAME,-0.07635728526826807,-0.004348036627163654,-0.07200924864110442
gen4_name_direct_cross_layer_pair_level_differences_v1,generated_fact_211,17_MINUS_11,17,11,POST4_PATH_EFFICIENCY,DELTA_NAME,-0.03881085649489868,0.0065853164873003744,-0.04539617298219906
gen4_name_direct_cross_layer_pair_level_differences_v1,generated_fact_212,17_MINUS_11,17,11,POST4_PATH_EFFICIENCY,DELTA_NAME,0.02066163123445558,-0.0069561933858824365,0.027617824620338016
gen4_name_direct_cross_layer_pair_level_differences_v1,generated_fact_213,17_MINUS_11,17,11,POST4_PATH_EFFICIENCY,DELTA_NAME,-0.011257095346370982,0.011813276268938855,-0.023070371615309837
gen4_name_direct_cross_layer_pair_level_differences_v1,generated_fact_214,17_MINUS_11,17,11,POST4_PATH_EFFICIENCY,DELTA_NAME,0.03063040765905256,0.002570014076389293,0.028060393582663268
gen4_name_direct_cross_layer_pair_level_differences_v1,generated_fact_215,17_MINUS_11,17,11,POST4_PATH_EFFICIENCY,DELTA_NAME,0.03841805029009837,0.004459532608579619,0.03395851768151875
gen4_name_direct_cross_layer_pair_level_differences_v1,generated_fact_216,17_MINUS_11,17,11,POST4_PATH_EFFICIENCY,DELTA_NAME,0.008302012289755134,-0.01604093185508315,0.024342944144838286
gen4_name_direct_cross_layer_pair_level_differences_v1,generated_fact_217,17_MINUS_11,17,11,POST4_PATH_EFFICIENCY,DELTA_NAME,-0.017300621948726724,0.008121403440590091,-0.025422025389316816
gen4_name_direct_cross_layer_pair_level_differences_v1,generated_fact_218,17_MINUS_11,17,11,POST4_PATH_EFFICIENCY,DELTA_NAME,0.02264122553808945,-0.019537606578680478,0.042178832116769926
gen4_name_direct_cross_layer_pair_level_differences_v1,generated_fact_219,17_MINUS_11,17,11,POST4_PATH_EFFICIENCY,DELTA_NAME,-0.1025419959229929,0.004945893600203033,-0.10748788952319593
gen4_name_direct_cross_layer_pair_level_differences_v1,generated_fact_220,17_MINUS_11,17,11,POST4_PATH_EFFICIENCY,DELTA_NAME,-0.03480765494586091,-0.002411600139787584,-0.03239605480607333
gen4_name_direct_cross_layer_pair_level_differences_v1,generated_fact_221,17_MINUS_11,17,11,POST4_PATH_EFFICIENCY,DELTA_NAME,-0.022670954015146183,0.032212484497290306,-0.05488343851243649
gen4_name_direct_cross_layer_pair_level_differences_v1,generated_fact_222,17_MINUS_11,17,11,POST4_PATH_EFFICIENCY,DELTA_NAME,-0.07931173332695168,-0.004324932479704335,-0.07498680084724735
gen4_name_direct_cross_layer_pair_level_differences_v1,generated_fact_223,17_MINUS_11,17,11,POST4_PATH_EFFICIENCY,DELTA_NAME,-0.03724218285055547,0.006673073421135711,-0.04391525627169118
gen4_name_direct_cross_layer_pair_level_differences_v1,generated_fact_224,17_MINUS_11,17,11,POST4_PATH_EFFICIENCY,DELTA_NAME,0.02202856122288649,-0.0068682150187514,0.02889677624163789
gen4_name_direct_cross_layer_pair_level_differences_v1,generated_fact_225,17_MINUS_11,17,11,POST4_PATH_EFFICIENCY,DELTA_NAME,-0.013581974841224809,0.01175513534163597,-0.025337110182860778
gen4_name_direct_cross_layer_pair_level_differences_v1,generated_fact_226,17_MINUS_11,17,11,POST4_PATH_EFFICIENCY,DELTA_NAME,0.03058212148672035,0.002173997188525567,0.02840812429819478
gen4_name_direct_cross_layer_pair_level_differences_v1,generated_fact_227,17_MINUS_11,17,11,POST4_PATH_EFFICIENCY,DELTA_NAME,0.03978744484850616,0.004713934604442083,0.03507351024406408
gen4_name_direct_cross_layer_pair_level_differences_v1,generated_fact_228,17_MINUS_11,17,11,POST4_PATH_EFFICIENCY,DELTA_NAME,0.009143863047990641,-0.016176169899747184,0.025320032947737825
gen4_name_direct_cross_layer_pair_level_differences_v1,generated_fact_229,17_MINUS_11,17,11,POST4_PATH_EFFICIENCY,DELTA_NAME,-0.0165216320824485,0.00846535002309362,-0.02498698210554212
gen4_name_direct_cross_layer_pair_level_differences_v1,generated_fact_230,17_MINUS_11,17,11,POST4_PATH_EFFICIENCY,DELTA_NAME,0.0254578002356598,-0.019168811615776438,0.04462661185143624
gen4_name_direct_cross_layer_pair_level_differences_v1,generated_fact_231,17_MINUS_11,17,11,POST4_PATH_EFFICIENCY,DELTA_NAME,-0.10138805325197042,0.005366463929684151,-0.10675451718165457
gen4_name_direct_cross_layer_pair_level_differences_v1,generated_fact_232,17_MINUS_11,17,11,POST4_PATH_EFFICIENCY,DELTA_NAME,-0.03489860351820684,-0.0021689267524162004,-0.03272967676579064
gen4_name_direct_cross_layer_pair_level_differences_v1,generated_fact_233,17_MINUS_11,17,11,POST4_PATH_EFFICIENCY,DELTA_NAME,-0.0208106338371562,0.03222916275661941,-0.05303979659377561
gen4_name_direct_cross_layer_pair_level_differences_v1,generated_fact_234,17_MINUS_11,17,11,POST4_PATH_EFFICIENCY,DELTA_NAME,-0.07974602178637658,-0.004205796150107632,-0.07554022563626894
gen4_name_direct_cross_layer_pair_level_differences_v1,generated_fact_235,17_MINUS_11,17,11,POST4_PATH_EFFICIENCY,DELTA_NAME,-0.039035691923867466,0.006543528383498809,-0.045579220307366275
gen4_name_direct_cross_layer_pair_level_differences_v1,generated_fact_236,17_MINUS_11,17,11,POST4_PATH_EFFICIENCY,DELTA_NAME,0.021085421881851862,-0.006900790165587478,0.02798621204743934
gen4_name_direct_cross_layer_pair_level_differences_v1,generated_fact_237,17_MINUS_11,17,11,POST4_PATH_EFFICIENCY,DELTA_NAME,-0.01131770189859227,0.011703466257356354,-0.023021168155948624
gen4_name_direct_cross_layer_pair_level_differences_v1,generated_fact_238,17_MINUS_11,17,11,POST4_PATH_EFFICIENCY,DELTA_NAME,0.0316725845352287,0.002750470130155558,0.02892211440507314
gen4_name_direct_cross_layer_pair_level_differences_v1,generated_fact_239,17_MINUS_11,17,11,POST4_PATH_EFFICIENCY,DELTA_NAME,0.04100630533702154,0.004392405231541496,0.036613900105480046
gen4_name_direct_cross_layer_pair_level_differences_v1,generated_fact_240,17_MINUS_11,17,11,POST4_PATH_EFFICIENCY,DELTA_NAME,0.00877316946114981,-0.01602019572194735,0.02479336518309716
gen4_name_direct_cross_layer_pair_level_differences_v1,generated_fact_241,17_MINUS_11,17,11,POST4_PATH_EFFICIENCY,DELTA_NAME,-0.013914038584238009,0.00799364850283496,-0.02190768708707297
gen4_name_direct_cross_layer_pair_level_differences_v1,generated_fact_242,17_MINUS_11,17,11,POST4_PATH_EFFICIENCY,DELTA_NAME,0.0230072489502271,-0.019591571611648595,0.042598820561875694
gen4_name_direct_cross_layer_pair_level_differences_v1,generated_fact_243,17_MINUS_11,17,11,POST4_PATH_EFFICIENCY,DELTA_NAME,-0.10129493313554777,0.005158557849299361,-0.10645349098484713
gen4_name_direct_cross_layer_pair_level_differences_v1,generated_fact_244,17_MINUS_11,17,11,POST4_PATH_EFFICIENCY,DELTA_NAME,-0.036430758481066916,-0.002129740480182607,-0.03430101800088431
gen4_name_direct_cross_layer_pair_level_differences_v1,generated_fact_245,17_MINUS_11,17,11,POST4_PATH_EFFICIENCY,DELTA_NAME,-0.021290389054983372,0.03253841906820476,-0.05382880812318813
gen4_name_direct_cross_layer_pair_level_differences_v1,generated_fact_246,17_MINUS_11,17,11,POST4_PATH_EFFICIENCY,DELTA_NAME,-0.081370349939696,-0.0044850958417869125,-0.07688525409790908
gen4_name_direct_cross_layer_pair_level_differences_v1,generated_fact_247,17_MINUS_11,17,11,POST4_PATH_EFFICIENCY,DELTA_NAME,-0.038284302286312966,0.0064956420801280945,-0.04477994436644106
gen4_name_direct_cross_layer_pair_level_differences_v1,generated_fact_248,17_MINUS_11,17,11,POST4_PATH_EFFICIENCY,DELTA_NAME,0.02180714831948738,-0.006724130002859208,0.028531278322346587
gen4_name_direct_cross_layer_pair_level_differences_v1,generated_fact_249,17_MINUS_11,17,11,POST4_PATH_EFFICIENCY,DELTA_NAME,-0.014179094563218753,0.011749340332579405,-0.025928434895798158
gen4_name_direct_cross_layer_pair_level_differences_v1,generated_fact_250,17_MINUS_11,17,11,POST4_PATH_EFFICIENCY,DELTA_NAME,0.030945234881360806,0.0025247911713246474,0.02842044371003616
gen4_name_direct_cross_layer_pair_level_differences_v1,generated_fact_251,17_MINUS_11,17,11,POST4_PATH_EFFICIENCY,DELTA_NAME,0.03937133199309706,0.004266769599071851,0.03510456239402521
gen4_name_direct_cross_layer_pair_level_differences_v1,generated_fact_252,17_MINUS_11,17,11,POST4_PATH_EFFICIENCY,DELTA_NAME,0.009582700856108017,-0.016313625774986185,0.025896326631094202
gen4_name_direct_cross_layer_pair_level_differences_v1,generated_fact_253,17_MINUS_11,17,11,POST4_PATH_EFFICIENCY,DELTA_NAME,-0.01641800338609567,0.008290141527633188,-0.024708144913728858
gen4_name_direct_cross_layer_pair_level_differences_v1,generated_fact_254,17_MINUS_11,17,11,POST4_PATH_EFFICIENCY,DELTA_NAME,0.02448220804946244,-0.01918930003782049,0.04367150808728293
gen4_name_direct_cross_layer_pair_level_differences_v1,generated_fact_255,17_MINUS_11,17,11,POST4_PATH_EFFICIENCY,DELTA_NAME,-0.10239707202390469,0.005517827921620588,-0.10791489994552528
gen4_name_direct_cross_layer_pair_level_differences_v1,generated_fact_256,17_MINUS_11,17,11,POST4_PATH_EFFICIENCY,DELTA_NAME,-0.03483352704737097,-0.001916259875808124,-0.03291726717156285
gen4_name_direct_cross_layer_pair_level_differences_v1,generated_fact_257,17_MINUS_11,17,11,POST4_PATH_EFFICIENCY,DELTA_NAME,-0.02128970871339375,0.03218386123399253,-0.05347356994738628
gen4_name_direct_cross_layer_pair_level_differences_v1,generated_fact_258,17_MINUS_11,17,11,POST4_PATH_EFFICIENCY,DELTA_NAME,-0.0799263670388145,-0.004278998440299997,-0.07564736859851451
gen4_name_direct_cross_layer_pair_level_differences_v1,generated_fact_259,17_MINUS_11,17,11,POST4_PATH_EFFICIENCY,DELTA_NAME,-0.03834495775303304,0.00623805755014234,-0.04458301530317538
gen4_name_direct_cross_layer_pair_level_differences_v1,generated_fact_260,17_MINUS_11,17,11,POST4_PATH_EFFICIENCY,DELTA_NAME,0.02090534067067462,-0.0068043527226980816,0.027709693393372703
gen4_name_direct_cross_layer_pair_level_differences_v1,generated_fact_261,17_MINUS_11,17,11,POST4_PATH_EFFICIENCY,DELTA_NAME,-0.011676503947663952,0.01134919595937206,-0.023025699907036012
gen4_name_direct_cross_layer_pair_level_differences_v1,generated_fact_262,17_MINUS_11,17,11,POST4_PATH_EFFICIENCY,DELTA_NAME,0.031068480084088024,0.002817857909271637,0.028250622174816387
gen4_name_direct_cross_layer_pair_level_differences_v1,generated_fact_263,17_MINUS_11,17,11,POST4_PATH_EFFICIENCY,DELTA_NAME,0.04037857265359668,0.004357020742591922,0.03602155191100476
gen4_name_direct_cross_layer_pair_level_differences_v1,generated_fact_264,17_MINUS_11,17,11,POST4_PATH_EFFICIENCY,DELTA_NAME,0.007872953030870877,-0.01627134555644233,0.024144298587313207
gen4_name_direct_cross_layer_pair_level_differences_v1,generated_fact_265,17_MINUS_11,17,11,POST4_PATH_EFFICIENCY,DELTA_NAME,-0.014725647358749483,0.008114271590269173,-0.022839918949018656
gen4_name_direct_cross_layer_pair_level_differences_v1,generated_fact_266,17_MINUS_11,17,11,POST4_PATH_EFFICIENCY,DELTA_NAME,0.02348640308901473,-0.01943743819014787,0.0429238412791626
gen4_name_direct_cross_layer_pair_level_differences_v1,generated_fact_267,17_MINUS_11,17,11,POST4_PATH_EFFICIENCY,DELTA_NAME,-0.10236117495248809,0.004891803659444971,-0.10725297861193306
gen4_name_direct_cross_layer_pair_level_differences_v1,generated_fact_268,17_MINUS_11,17,11,POST4_PATH_EFFICIENCY,DELTA_NAME,-0.03562631747792777,-0.0017992078763047203,-0.03382710960162305
gen4_name_direct_cross_layer_pair_level_differences_v1,generated_fact_269,17_MINUS_11,17,11,POST4_PATH_EFFICIENCY,DELTA_NAME,-0.021524142665369506,0.03273057469094515,-0.05425471735631465
gen4_name_direct_cross_layer_pair_level_differences_v1,generated_fact_270,17_MINUS_11,17,11,POST4_PATH_EFFICIENCY,DELTA_NAME,-0.08137285630364488,-0.004415542157368779,-0.0769573141462761
gen4_name_direct_cross_layer_pair_level_differences_v1,generated_fact_271,17_MINUS_11,17,11,POST4_PATH_EFFICIENCY,DELTA_NAME,-0.0389032938356193,0.006513684825675381,-0.04541697866129468
gen4_name_direct_cross_layer_pair_level_differences_v1,generated_fact_272,17_MINUS_11,17,11,POST4_PATH_EFFICIENCY,DELTA_NAME,0.02228746882358512,-0.006823527066321555,0.029110995889906677
gen4_name_direct_cross_layer_pair_level_differences_v1,generated_fact_273,17_MINUS_11,17,11,POST4_PATH_EFFICIENCY,DELTA_NAME,-0.013077153529394314,0.011937980404954474,-0.025015133934348788
gen4_name_direct_cross_layer_pair_level_differences_v1,generated_fact_274,17_MINUS_11,17,11,POST4_PATH_EFFICIENCY,DELTA_NAME,0.031614236423018305,0.0022339650195651872,0.029380271403453118
gen4_name_direct_cross_layer_pair_level_differences_v1,generated_fact_275,17_MINUS_11,17,11,POST4_PATH_EFFICIENCY,DELTA_NAME,0.038577886265888095,0.004499663949298127,0.03407822231658997
gen4_name_direct_cross_layer_pair_level_differences_v1,generated_fact_276,17_MINUS_11,17,11,POST4_PATH_EFFICIENCY,DELTA_NAME,0.008878547338283416,-0.01598071028134107,0.024859257619624486
gen4_name_direct_cross_layer_pair_level_differences_v1,generated_fact_277,17_MINUS_11,17,11,POST4_PATH_EFFICIENCY,DELTA_NAME,-0.01629263746340015,0.008213316164189965,-0.024505953627590116
gen4_name_direct_cross_layer_pair_level_differences_v1,generated_fact_278,17_MINUS_11,17,11,POST4_PATH_EFFICIENCY,DELTA_NAME,0.023876515030357592,-0.01932964512401336,0.043206160154370954
gen4_name_direct_cross_layer_pair_level_differences_v1,generated_fact_279,17_MINUS_11,17,11,POST4_PATH_EFFICIENCY,DELTA_NAME,-0.10150627936358775,0.005536818767575613,-0.10704309813116336
gen4_name_direct_cross_layer_pair_level_differences_v1,generated_fact_280,17_MINUS_11,17,11,POST4_PATH_EFFICIENCY,DELTA_NAME,-0.03262592897861061,-0.0020783027596325,-0.030547626218978108
gen4_name_direct_cross_layer_pair_level_differences_v1,generated_fact_281,17_MINUS_11,17,11,POST4_PATH_EFFICIENCY,DELTA_NAME,-0.02183596204674121,0.032169880717779875,-0.054005842764521084
gen4_name_direct_cross_layer_pair_level_differences_v1,generated_fact_282,17_MINUS_11,17,11,POST4_PATH_EFFICIENCY,DELTA_NAME,-0.07948491195409013,-0.00432853001662048,-0.07515638193746965
gen4_name_direct_cross_layer_pair_level_differences_v1,generated_fact_283,17_MINUS_11,17,11,POST4_PATH_EFFICIENCY,DELTA_NAME,-0.03604663915880746,0.006666347746843382,-0.04271298690565084
gen4_name_direct_cross_layer_pair_level_differences_v1,generated_fact_284,17_MINUS_11,17,11,POST4_PATH_EFFICIENCY,DELTA_NAME,0.02101852579473451,-0.006825969305819524,0.027844495100554034
gen4_name_direct_cross_layer_pair_level_differences_v1,generated_fact_285,17_MINUS_11,17,11,POST4_PATH_EFFICIENCY,DELTA_NAME,-0.010313734005441555,0.011562986250008678,-0.021876720255450233
gen4_name_direct_cross_layer_pair_level_differences_v1,generated_fact_286,17_MINUS_11,17,11,POST4_PATH_EFFICIENCY,DELTA_NAME,0.030487207772152303,0.0026910004856139924,0.02779620728653831
gen4_name_direct_cross_layer_pair_level_differences_v1,generated_fact_287,17_MINUS_11,17,11,POST4_PATH_EFFICIENCY,DELTA_NAME,0.038946916748969995,0.004291652914744926,0.03465526383422507
gen4_name_direct_cross_layer_pair_level_differences_v1,generated_fact_288,17_MINUS_11,17,11,POST4_PATH_EFFICIENCY,DELTA_NAME,0.008401286781985706,-0.016212543707710414,0.02461383048969612
gen4_name_direct_cross_layer_pair_level_differences_v1,generated_fact_289,17_MINUS_11,17,11,POST4_PATH_EFFICIENCY,DELTA_NAME,-0.015303535058178719,0.00816676129976257,-0.02347029635794129
gen4_name_direct_cross_layer_pair_level_differences_v1,generated_fact_290,17_MINUS_11,17,11,POST4_PATH_EFFICIENCY,DELTA_NAME,0.023002585946828247,-0.01949877173801634,0.04250135768484459
gen4_name_direct_cross_layer_pair_level_differences_v1,generated_fact_291,17_MINUS_11,17,11,POST4_PATH_EFFICIENCY,DELTA_NAME,-0.10262192476285342,0.0050928877549785145,-0.10771481251783194
gen4_name_direct_cross_layer_pair_level_differences_v1,generated_fact_292,17_MINUS_11,17,11,POST4_PATH_EFFICIENCY,DELTA_NAME,-0.034533233718846756,-0.001896545546516637,-0.03263668817233012
gen4_name_direct_cross_layer_pair_level_differences_v1,generated_fact_293,17_MINUS_11,17,11,POST4_PATH_EFFICIENCY,DELTA_NAME,-0.02016592722741406,0.032366476018055756,-0.052532403245469816
gen4_name_direct_cross_layer_pair_level_differences_v1,generated_fact_294,17_MINUS_11,17,11,POST4_PATH_EFFICIENCY,DELTA_NAME,-0.07722391470529155,-0.004444941575697081,-0.07277897312959447
gen4_name_direct_cross_layer_pair_level_differences_v1,generated_fact_295,17_MINUS_11,17,11,POST4_PATH_EFFICIENCY,DELTA_NAME,-0.03800481902688935,0.0067058129141894796,-0.04471063194107883
gen4_name_direct_cross_layer_pair_level_differences_v1,generated_fact_296,17_MINUS_11,17,11,POST4_PATH_EFFICIENCY,DELTA_NAME,0.02134943586509991,-0.006947977015774209,0.028297412880874118
gen4_name_direct_cross_layer_pair_level_differences_v1,generated_fact_297,17_MINUS_11,17,11,POST4_PATH_EFFICIENCY,DELTA_NAME,-0.013332539102189123,0.011982870703728776,-0.0253154098059179
gen4_name_direct_cross_layer_pair_level_differences_v1,generated_fact_298,17_MINUS_11,17,11,POST4_PATH_EFFICIENCY,DELTA_NAME,0.03125522529754399,0.0021152210670575267,0.02914000423048646
gen4_name_direct_cross_layer_pair_level_differences_v1,generated_fact_299,17_MINUS_11,17,11,POST4_PATH_EFFICIENCY,DELTA_NAME,0.037395313364765426,0.004472370604841791,0.032922942759923635
gen4_name_direct_cross_layer_pair_level_differences_v1,generated_fact_300,17_MINUS_11,17,11,POST4_PATH_EFFICIENCY,DELTA_NAME,0.009798446020922835,-0.015789780555179322,0.025588226576102158
gen4_name_direct_cross_layer_pair_level_differences_v1,glacier_study,17_MINUS_11,17,11,POST4_PATH_EFFICIENCY,DELTA_NAME,0.03810802041548256,0.007301113042076257,0.0308069073734063
gen4_name_direct_cross_layer_pair_level_differences_v1,harbor_upgrade,17_MINUS_11,17,11,POST4_PATH_EFFICIENCY,DELTA_NAME,-0.03529694267322969,-0.001988360117348653,-0.03330858255588104
gen4_name_direct_cross_layer_pair_level_differences_v1,jazz_archive,17_MINUS_11,17,11,POST4_PATH_EFFICIENCY,DELTA_NAME,-0.03943669052962773,-0.006470650228771413,-0.032966040300856314
gen4_name_direct_cross_layer_pair_level_differences_v1,language_program,17_MINUS_11,17,11,POST4_PATH_EFFICIENCY,DELTA_NAME,-0.0829369207002566,0.020938861798304342,-0.10387578249856094
gen4_name_direct_cross_layer_pair_level_differences_v1,library_digitization,17_MINUS_11,17,11,POST4_PATH_EFFICIENCY,DELTA_NAME,-0.11218295218186997,-0.012382887852319502,-0.09980006432955046
gen4_name_direct_cross_layer_pair_level_differences_v1,market_renovation,17_MINUS_11,17,11,POST4_PATH_EFFICIENCY,DELTA_NAME,0.0015023516032888207,0.01978105091161031,-0.01827869930832149
gen4_name_direct_cross_layer_pair_level_differences_v1,museum_purchase,17_MINUS_11,17,11,POST4_PATH_EFFICIENCY,DELTA_NAME,-0.0392597379548385,0.006356331450903807,-0.04561606940574231
gen4_name_direct_cross_layer_pair_level_differences_v1,opera_premiere,17_MINUS_11,17,11,POST4_PATH_EFFICIENCY,DELTA_NAME,0.048640286847529746,-0.0006563904435245571,0.0492966772910543
gen4_name_direct_cross_layer_pair_level_differences_v1,orion_approval,17_MINUS_11,17,11,POST4_PATH_EFFICIENCY,DELTA_NAME,-0.0009976256075360235,-0.0059794627555577184,0.004981837148021695
gen4_name_direct_cross_layer_pair_level_differences_v1,poetry_prize,17_MINUS_11,17,11,POST4_PATH_EFFICIENCY,DELTA_NAME,0.009071158392904288,-0.0054081629316051205,0.014479321324509409
gen4_name_direct_cross_layer_pair_level_differences_v1,railway_restoration,17_MINUS_11,17,11,POST4_PATH_EFFICIENCY,DELTA_NAME,0.01436341129906693,0.004152149526359117,0.010211261772707814
gen4_name_direct_cross_layer_pair_level_differences_v1,reef_protection,17_MINUS_11,17,11,POST4_PATH_EFFICIENCY,DELTA_NAME,-0.048631895811532044,-0.01648823353587814,-0.032143662275653906
gen4_name_direct_cross_layer_pair_level_differences_v1,robotics_championship,17_MINUS_11,17,11,POST4_PATH_EFFICIENCY,DELTA_NAME,0.08811996661408533,-0.0036785429600151853,0.09179850957410052
gen4_name_direct_cross_layer_pair_level_differences_v1,satellite_launch,17_MINUS_11,17,11,POST4_PATH_EFFICIENCY,DELTA_NAME,0.011311240568073644,-0.004304810869073861,0.015616051437147505
gen4_name_direct_cross_layer_pair_level_differences_v1,school_opening,17_MINUS_11,17,11,POST4_PATH_EFFICIENCY,DELTA_NAME,-0.07131638874971763,0.006991946967617069,-0.0783083357173347
gen4_name_direct_cross_layer_pair_level_differences_v1,solar_farm_contract,17_MINUS_11,17,11,POST4_PATH_EFFICIENCY,DELTA_NAME,-0.042846275516333465,-0.013792896805076116,-0.02905337871125735
gen4_name_direct_cross_layer_pair_level_differences_v1,theater_restoration,17_MINUS_11,17,11,POST4_PATH_EFFICIENCY,DELTA_NAME,0.047416486987297335,0.008871826783337644,0.03854466020395969
gen4_name_direct_cross_layer_pair_level_differences_v1,treaty_signature,17_MINUS_11,17,11,POST4_PATH_EFFICIENCY,DELTA_NAME,0.006371283007292727,0.019747487770904237,-0.01337620476361151
gen4_name_direct_cross_layer_pair_level_differences_v1,vaccine_delivery,17_MINUS_11,17,11,POST4_PATH_EFFICIENCY,DELTA_NAME,-0.02577129496591124,0.0029912524272376895,-0.02876254739314893
gen4_name_direct_cross_layer_pair_level_differences_v1,volcano_observatory,17_MINUS_11,17,11,POST4_PATH_EFFICIENCY,DELTA_NAME,0.11291975176725,0.00656176997415131,0.10635798179309869
gen4_name_direct_cross_layer_pair_level_differences_v1,wetland_restoration,17_MINUS_11,17,11,POST4_PATH_EFFICIENCY,DELTA_NAME,-0.017477355677990913,0.02123669071235268,-0.03871404639034359
