family,replicate,pearson,spearman,mad,rmse
xg2,0,0.8381700925353954,0.8181818181818182,0.05652453620288891,0.06662201050932622
xg2,1,0.9041247177940853,0.8545454545454545,0.043072170756140116,0.0644791918291975
xg2,2,0.9639130879847377,0.9515151515151515,0.02847598030163459,0.035503679988207616
xg2,3,0.8490974717566537,0.8424242424242424,0.06991307273546415,0.09043858205057183
xg2,4,0.7517591733807343,0.7575757575757576,0.07391139034507459,0.09768323033029604
xg2,5,0.8979819643336068,0.8545454545454545,0.05906037885585341,0.06731167870858953
xg2,6,0.8674724745023968,0.8787878787878788,0.07378889189487875,0.09153004205710391
xg2,7,0.8634883074754928,0.8303030303030303,0.04824797889530636,0.06926707885283802
xg2,8,0.8901399878583128,0.8545454545454545,0.04913903680275896,0.06297015363947393
xg2,9,0.796027352567953,0.7090909090909091,0.05758335287392099,0.0826700768137366
xg2,10,0.9608631605588898,0.9151515151515152,0.07942735199443193,0.08850382558005937
xg2,11,0.8424529902880195,0.8303030303030303,0.058151065590351825,0.07236395335329747
xg2,12,0.9351551454912317,0.9272727272727272,0.03627949652894565,0.0427334648574341
xg2,13,0.8642248548738654,0.8666666666666667,0.0610828332716102,0.08470612652520597
xg2,14,0.8404986132627886,0.8666666666666667,0.0770410804062314,0.08883907879058396
xg2,15,0.9300197569486832,0.9636363636363636,0.03412182192208668,0.040898583377289924
xg2,16,0.7221352743870354,0.7333333333333333,0.07563766298356438,0.09090098234202194
xg2,17,0.7433535320722433,0.7696969696969697,0.08617225245379032,0.10105854485012022
xg2,18,0.8480594875074097,0.7575757575757576,0.09781766580069032,0.11502051499529116
xg2,19,0.9030983742932219,0.8787878787878788,0.046828103770953936,0.055199671356607534
xg2,20,0.8890606671914323,0.8909090909090909,0.0520413612562865,0.060138266934906204
xg2,21,0.9610888496997472,0.9272727272727272,0.02567286518416855,0.031298314478624495
xg2,22,0.8086908049588932,0.7333333333333333,0.06917825053160383,0.08019705427670477
xg2,23,0.7616235440677916,0.806060606060606,0.07004861643278622,0.08953169113184006
xg2,24,0.8475223563513022,0.7454545454545455,0.051496834730955884,0.06787842057956688
xg2,25,0.9190118214957619,0.9030303030303031,0.04031491118627089,0.046048521321670345
xg2,26,0.9053208531637675,0.8909090909090909,0.036955209056783976,0.05799592048793249
xg2,27,0.8367604216511794,0.7575757575757576,0.06632412571959148,0.07784102446077514
xg2,28,0.8308869461327123,0.806060606060606,0.07959737009514083,0.09599988123881263
xg2,29,0.9516522437140037,0.9272727272727272,0.03171082886083554,0.03738290647658783
xg2,30,0.6287594774050455,0.503030303030303,0.10082490094541816,0.13539041929933898
xg2,31,0.6874809678796888,0.6121212121212121,0.0813426785876576,0.09490103867706912
xg2,32,0.7241525820345346,0.793939393939394,0.11899296815620919,0.13438083217132682
xg2,33,0.8872196287464481,0.9151515151515152,0.04713059535051265,0.05754239662324574
xg2,34,0.8742782062420694,0.8787878787878788,0.06670771728756507,0.07709540925078204
xg2,35,0.8963361120795097,0.9151515151515152,0.046151486768994686,0.06448006018912428
xg2,36,0.9265595069304196,0.8787878787878788,0.03762640546103467,0.045853909600713796
xg2,37,0.8081839920065581,0.8909090909090909,0.06372061713839797,0.07436545070564499
xg2,38,0.8415487655277124,0.7454545454545455,0.05054056842007053,0.06524052541120953
xg2,39,0.9777091975165183,0.9878787878787879,0.026980984758626946,0.034932921941891036
xg2,40,0.902612431943838,0.8666666666666667,0.05512645197356447,0.0626209254335053
xg2,41,0.8740883056670481,0.7696969696969697,0.05603949463382446,0.06315754916402903
xg2,42,0.8823220676738303,0.8666666666666667,0.047045174843358586,0.056327492851802066
xg2,43,0.9344167214019568,0.9272727272727272,0.0634839220433056,0.07635520460600329
xg2,44,0.8578196418503333,0.8545454545454545,0.05667450122622268,0.06372197054885152
xg2,45,0.8937071010263025,0.806060606060606,0.048500415535761746,0.05899292888308637
xg2,46,0.714802729709308,0.6848484848484848,0.08101106827096091,0.09811768142102675
xg2,47,0.8681883837684468,0.8303030303030303,0.054544509489393614,0.06409244073852337
xg2,48,0.9461795380317545,0.9151515151515152,0.0866273694928422,0.09557059963142771
xg2,49,0.8414132519977218,0.7696969696969697,0.059953413977406264,0.07150878846998382
xg2,50,0.8347816101132374,0.8545454545454545,0.07074971735915316,0.08256435145041599
xg2,51,0.8324158963746129,0.8545454545454545,0.05260436478494655,0.0682081945820053
xg2,52,0.8948143098871602,0.8787878787878788,0.06096263966486134,0.07973786629276204
xg2,53,0.7809028920485105,0.8424242424242424,0.07975206442819675,0.09611524319894924
xg2,54,0.7742427194024485,0.793939393939394,0.0702696067206692,0.08652111982321885
xg2,55,0.8210104988949617,0.8424242424242424,0.062393874336895826,0.07471417103176008
xg2,56,0.8860779628267349,0.8181818181818182,0.07335714101764806,0.09041317688190405
xg2,57,0.9022979934489633,0.9393939393939394,0.046195635310118915,0.05041122210076056
xg2,58,0.9167664350477581,0.8666666666666667,0.04023049347309625,0.04738009027929888
xg2,59,0.8981783355089955,0.9151515151515152,0.05361184571643807,0.06274853818413506
xg2,60,0.8187065291729582,0.7090909090909091,0.06696311185404455,0.07303907996367863
xg2,61,0.8381218115796405,0.806060606060606,0.06131522608625981,0.06825149045099194
xg2,62,0.7362127357062054,0.6727272727272727,0.08003337561465243,0.0903914358354317
xg2,63,0.7441284867770432,0.6848484848484848,0.084212518568567,0.0945343553193422
xg2,64,0.8940031559710794,0.9272727272727272,0.043849095156001404,0.05895833386886617
xg2,65,0.8914684708002273,0.8666666666666667,0.09045021063703887,0.09978887079343524
xg2,66,0.7855539210008123,0.7212121212121212,0.061857345318045355,0.0808956025049188
xg2,67,0.8360392180355931,0.8303030303030303,0.054401405928617044,0.06393493222425035
xg2,68,0.8528189269041527,0.9030303030303031,0.05851830421653396,0.07336312413726541
xg2,69,0.8531033574744459,0.8181818181818182,0.061787286280765276,0.07884140550027892
xg2,70,0.914831252096693,0.9393939393939394,0.07027670851161628,0.0812077764156517
xg2,71,0.8365299749346916,0.8909090909090909,0.053136554832614855,0.06737596037186436
xg2,72,0.9017355151247066,0.9272727272727272,0.040698439934229655,0.05114430191632298
xg2,73,0.9470391644439141,0.9636363636363636,0.07020245501318761,0.08182388071576732
xg2,74,0.9015804653854026,0.8787878787878788,0.06947307019272402,0.08378876117072485
xg2,75,0.8719459476266036,0.8666666666666667,0.05842400591349316,0.07260602755804069
xg2,76,0.8127980667946936,0.8545454545454545,0.06651361663428607,0.07734345866061396
xg2,77,0.8851470621473129,0.8545454545454545,0.04877105077855664,0.06528665804194166
xg2,78,0.9422240687545305,0.9515151515151515,0.038908238287261414,0.04560189610893306
xg2,79,0.8935072092257228,0.8909090909090909,0.047323550154638405,0.060013666469902666
xg2,80,0.9354106055516069,0.9151515151515152,0.02938726757651523,0.042720049295768336
xg2,81,0.8215701888312077,0.7818181818181819,0.06251851939545687,0.07754625269427873
xg2,82,0.7659637049727527,0.7575757575757576,0.08411942953703277,0.09740186395714613
xg2,83,0.8574906975353754,0.8545454545454545,0.05514185864892825,0.06580356290176177
xg2,84,0.8588374167768731,0.8909090909090909,0.05216397253794543,0.06353830535894238
xg2,85,0.9249850987004814,0.9393939393939394,0.03794602725209779,0.047159123303260074
xg2,86,0.5324819542761101,0.5393939393939394,0.10605750742123932,0.1229141250870207
xg2,87,0.9133508998705596,0.9515151515151515,0.0429199896047132,0.06470169482102138
xg2,88,0.8489700966670136,0.8666666666666667,0.051239869406787056,0.06872016423608447
xg2,89,0.7176096816562145,0.7696969696969697,0.07042025153980909,0.08961209502219923
xg2,90,0.8462175182969153,0.8181818181818182,0.07125513010130506,0.0851443571657089
xg2,91,0.8314358739283216,0.9151515151515152,0.05517756641230488,0.07045142049668321
xg2,92,0.8408959421843514,0.8787878787878788,0.06442253983587,0.07329027679889046
xg2,93,0.8756293435547726,0.9151515151515152,0.05885053442834755,0.06987713361557711
xg2,94,0.9275940983146093,0.8787878787878788,0.0547055973112854,0.06475439458652847
xg2,95,0.8450161600013207,0.7818181818181819,0.06240008332468942,0.08088461170341958
xg2,96,0.9495358079036479,0.8787878787878788,0.03266739576180542,0.03942250881335268
xg2,97,0.9187650929294615,0.9151515151515152,0.0381757439909643,0.04678208996292416
xg2,98,0.8606558619484004,0.7696969696969697,0.055956387124083705,0.06765484032224903
xg2,99,0.8864124259860937,0.8787878787878788,0.047672101188731206,0.06450463206896803
xg2,100,0.856283342592509,0.7454545454545455,0.06417388510568936,0.07507517770291343
xg2,101,0.8191282831557823,0.8303030303030303,0.07297603123419327,0.08469278834119073
xg2,102,0.9341603456436104,0.8909090909090909,0.03831947441644563,0.04286697452084561
xg2,103,0.885607337875303,0.8787878787878788,0.056394388483583226,0.06910957497801651
xg2,104,0.9017396487451067,0.8545454545454545,0.052147778225241984,0.05908343873521121
xg2,105,0.8507489892712323,0.8666666666666667,0.055684616904943904,0.07265410679315232
xg2,106,0.8168028569410893,0.7818181818181819,0.08686653493066392,0.0997287222942047
xg2,107,0.8513141196723648,0.8545454545454545,0.05719890928698921,0.06610463589628161
xg2,108,0.8570782600526738,0.806060606060606,0.07002413092471202,0.08059849184334184
xg2,109,0.7585074614728283,0.7333333333333333,0.08718651907981405,0.10927009682807076
xg2,110,0.9714904289693997,0.9636363636363636,0.08031008746720973,0.09086796358547225
xg2,111,0.7976787213275573,0.7575757575757576,0.06071011149890101,0.07135665393111439
xg2,112,0.9376687738787511,0.9515151515151515,0.07363683428187097,0.07881143015177831
xg2,113,0.8758856729896487,0.8909090909090909,0.05678266037302444,0.06802700871033174
xg2,114,0.802896851739082,0.7696969696969697,0.0641494171835823,0.07684728804549308
xg2,115,0.873399090022757,0.8909090909090909,0.06544751741044745,0.07135282216884076
xg2,116,0.8711548573049562,0.8909090909090909,0.049193118998989836,0.05764684936147919
xg2,117,0.7625214252148386,0.8181818181818182,0.08419188277506053,0.0946176836863873
xg2,118,0.805402020768561,0.8181818181818182,0.06477394955553847,0.07534805085860469
xg2,119,0.6687211496843141,0.6484848484848484,0.11354945874495351,0.1201817741544449
xg2,120,0.843303692899424,0.8181818181818182,0.05370160239944001,0.06704054356255884
xg2,121,0.9458397185492509,0.9515151515151515,0.067056368769354,0.07593159609376642
xg2,122,0.913631185682959,0.9393939393939394,0.047103783517914395,0.05862611560805244
xg2,123,0.8853649413236164,0.8909090909090909,0.04320151029371064,0.0613414753915377
xg2,124,0.9114024202574165,0.8787878787878788,0.05688503035027799,0.06380690171174719
xg2,125,0.8673600290845679,0.793939393939394,0.05021726781519322,0.05727841869952579
xg2,126,0.9280385851533381,0.9151515151515152,0.04446023812775711,0.05548783522460982
xg2,127,0.766804639955384,0.7575757575757576,0.08622539901393848,0.11872515807218942
xg2,128,0.8108609074363606,0.7818181818181819,0.09037080482287192,0.10279798032374464
xg2,129,0.953681392570424,0.9515151515151515,0.0725122993019133,0.07765927354575264
xg2,130,0.7492648998977915,0.7575757575757576,0.07931444743506359,0.09894552271489454
xg2,131,0.932311145191421,0.8909090909090909,0.03273396499805784,0.04441710245348815
xg2,132,0.8997102488207945,0.9151515151515152,0.03764320630188891,0.053182066380006485
xg2,133,0.9218582199024337,0.9393939393939394,0.047014191916588774,0.05120406642241588
xg2,134,0.8822613196236129,0.8666666666666667,0.05838303125163079,0.0710503611275268
xg2,135,0.8242960421818831,0.793939393939394,0.09731670003771774,0.11798777373706736
xg2,136,0.8032452882402261,0.806060606060606,0.06483569132356089,0.07915126243919857
xg2,137,0.8437886009411384,0.8181818181818182,0.053724204977668166,0.06798305886047641
xg2,138,0.8164997593765426,0.8545454545454545,0.06765450307470042,0.07350786702906732
xg2,139,0.8468217967967329,0.8787878787878788,0.0637124976233238,0.07557176432455509
xg2,140,0.9273834443679939,0.9393939393939394,0.040180959087449696,0.04817846693474485
xg2,141,0.6234024982550995,0.45454545454545453,0.10056966011444986,0.11899861973758487
xg2,142,0.9367565293442411,0.9272727272727272,0.03719402808252641,0.04072443823893203
xg2,143,0.8833792289034367,0.9151515151515152,0.05723801981361062,0.061199104478517535
xg2,144,0.7866310194483213,0.8424242424242424,0.06422795162226583,0.0815463893402753
xg2,145,0.9763553191211356,0.9272727272727272,0.04353790570599224,0.05222918502029114
xg2,146,0.7957755800850358,0.8424242424242424,0.061203156078806775,0.0743044396797506
xg2,147,0.7627814904185856,0.8181818181818182,0.07852053398812364,0.09897727064798603
xg2,148,0.8580163280234765,0.793939393939394,0.05440373613814797,0.0636659307174061
xg2,149,0.8710834178294159,0.8909090909090909,0.0920727751856247,0.10661135240983124
xg2,150,0.9679277926963998,0.9515151515151515,0.02411876816666981,0.034081196576128354
xg2,151,0.7894246021346241,0.7818181818181819,0.063842520624861,0.0811567294964421
xg2,152,0.670680689214875,0.7575757575757576,0.0864883052799007,0.11008495842215389
xg2,153,0.9006738959466516,0.9272727272727272,0.045879910415893656,0.0513716985725515
xg2,154,0.8947929051055206,0.9151515151515152,0.04943800905034992,0.062172966667881656
xg2,155,0.8057617507583933,0.7090909090909091,0.06688436862820313,0.07700479786025127
xg2,156,0.894199515139636,0.9151515151515152,0.05566346840148743,0.06699319345430375
xg2,157,0.8814579424789538,0.8909090909090909,0.06378358602892772,0.07169118271189953
xg2,158,0.9532510727753809,0.8787878787878788,0.02885803189583614,0.03514698671169173
xg2,159,0.9279213789047714,0.8666666666666667,0.03621981118414287,0.04352895553304887
xg2,160,0.8479278237660399,0.8545454545454545,0.060873127022812945,0.08479243225329454
xg2,161,0.9302752968416891,0.9151515151515152,0.043064408034223414,0.04946116510915496
xg2,162,0.8907720654565061,0.9272727272727272,0.06288202622715966,0.07708558727248965
xg2,163,0.7149139357854444,0.5515151515151515,0.07042133226529915,0.08785970135053252
xg2,164,0.7900415286457654,0.806060606060606,0.07201499757200158,0.09105372898053676
xg2,165,0.9123296756716983,0.9515151515151515,0.049070890486148155,0.0556298757530691
xg2,166,0.8713137282775313,0.8909090909090909,0.04986815247296359,0.0630480090709139
xg2,167,0.9031943468649218,0.806060606060606,0.11092705366344133,0.12187342942115867
xg2,168,0.9510342970602184,0.9515151515151515,0.04420872689543927,0.050246801272113166
xg2,169,0.8976255470117711,0.8666666666666667,0.050205230888136346,0.05489064843676553
xg2,170,0.855338082244612,0.806060606060606,0.07357713689329609,0.07820735438434769
xg2,171,0.9424474556866959,0.8666666666666667,0.030872415292309753,0.04341638350564871
xg2,172,0.7355546889446152,0.696969696969697,0.06809942955763329,0.08762472935503335
xg2,173,0.9179445508496876,0.9030303030303031,0.03834005703227631,0.04530698368061576
xg2,174,0.8922896557325867,0.9636363636363636,0.05507714873047019,0.06817750446026247
xg2,175,0.9330878128619515,0.8787878787878788,0.03868863336809524,0.048420940351462695
xg2,176,0.9059856802030655,0.9151515151515152,0.04800206949117865,0.05397593037238218
xg2,177,0.8404378310401279,0.7212121212121212,0.07080751786093782,0.08124809548057103
xg2,178,0.9248138822979043,0.9515151515151515,0.04703671852663274,0.05037280112719133
xg2,179,0.88382927192469,0.9515151515151515,0.07791086390793299,0.09435171671088878
xg2,180,0.950677491366013,0.9515151515151515,0.027144041842427823,0.033752893209199296
xg2,181,0.9353598203480861,0.9515151515151515,0.04295603939183258,0.049816607467479915
xg2,182,0.8789747259869801,0.9151515151515152,0.0674731600173383,0.08071005430096212
xg2,183,0.9340609263442072,0.9030303030303031,0.04952683781231834,0.054816274598012096
xg2,184,0.8728368595123345,0.8666666666666667,0.04989445949758611,0.059034637916470956
xg2,185,0.8645738034591051,0.8545454545454545,0.05256130124969897,0.06327298323354563
xg2,186,0.9496914896846159,0.9757575757575757,0.04107318621459656,0.05061383704595745
xg2,187,0.7362520422530889,0.7575757575757576,0.08098657243958177,0.09262438453054585
xg2,188,0.9506260448108055,0.9393939393939394,0.059542406777831715,0.06735764363015992
xg2,189,0.9206074957024647,0.8787878787878788,0.04994204188887409,0.063434776652526
xg2,190,0.9436270381948992,0.9515151515151515,0.03340308209920724,0.041185490745472536
xg2,191,0.955526511364301,0.9636363636363636,0.037179859265054446,0.0457817709215166
xg2,192,0.5189907415320923,0.3939393939393939,0.11224317747774548,0.1273389067298337
xg2,193,0.9434982814766785,0.9515151515151515,0.02776970681126332,0.042779068277459545
xg2,194,0.8707099962459199,0.9272727272727272,0.048830726897989236,0.060669813317663406
xg2,195,0.7792429886988886,0.7333333333333333,0.06651412498684839,0.08222486477592596
xg2,196,0.6987033847629924,0.7575757575757576,0.1094057585685971,0.1320967741289624
xg2,197,0.8308093572758012,0.806060606060606,0.057552562937092634,0.06953783026258124
xg2,198,0.9643454470297527,0.9393939393939394,0.06545856508315029,0.07382300406377523
xg2,199,0.9523205709878279,0.9272727272727272,0.0812713510432626,0.0983490759999779
xg2,200,0.888862717328599,0.8787878787878788,0.04523722392379149,0.05751830834758743
xg2,201,0.874348931645215,0.806060606060606,0.06029357599236691,0.08318220666465177
xg2,202,0.9078162022173945,0.9030303030303031,0.09231447277427532,0.09876029795568725
xg2,203,0.8213046572560047,0.8303030303030303,0.061398785510570555,0.06940117936622411
xg2,204,0.7830190196482502,0.6848484848484848,0.06266797035704941,0.0865057532614312
xg2,205,0.8548596097217975,0.9030303030303031,0.05355354234558736,0.06361934983101
xg2,206,0.9510685562654303,0.9393939393939394,0.03772516463367669,0.04365410255676612
xg2,207,0.8000179484858555,0.8181818181818182,0.07493765091246275,0.08383087915782017
xg2,208,0.8921331170841439,0.8787878787878788,0.05982371762263059,0.07052398042321006
xg2,209,0.6663904568369997,0.6848484848484848,0.08158491273931409,0.09768337316682338
xg2,210,0.9840134864902446,0.9515151515151515,0.046038112169259356,0.05066966865986601
xg2,211,0.8861596543634135,0.806060606060606,0.04704289049014153,0.055615548057011126
xg2,212,0.9574645778016247,0.9393939393939394,0.03529731983922503,0.03742141437294449
xg2,213,0.7486082977021296,0.7454545454545455,0.0689318148744059,0.08739913159787527
xg2,214,0.8043975305165834,0.793939393939394,0.057018089734239,0.0768712181720686
xg2,215,0.7398907590402397,0.7454545454545455,0.07241760226030888,0.08311363604671583
xg2,216,0.8231021178223203,0.8666666666666667,0.06441103252247553,0.07461420540020522
xg2,217,0.9515849000625098,0.9272727272727272,0.043627504778389205,0.052546765168679586
xg2,218,0.9010243248227063,0.9151515151515152,0.04845313085615485,0.05541704251797783
xg2,219,0.9149907013832665,0.9393939393939394,0.05127981455754569,0.05722013458680567
xg2,220,0.7154976129350836,0.6727272727272727,0.08943459070061953,0.09640860055674645
xg2,221,0.8602029994071143,0.8424242424242424,0.06168059232079076,0.07773336125240596
xg2,222,0.9151870953972909,0.9151515151515152,0.06226805824001377,0.06634072662547878
xg2,223,0.9674523477819358,0.9515151515151515,0.02773352128405998,0.03275859612531299
xg2,224,0.9202798384220919,0.8666666666666667,0.04879538769509133,0.05453809791666141
xg2,225,0.8104807909305602,0.8303030303030303,0.07736309435932018,0.08790302281878318
xg2,226,0.8382628762661752,0.8424242424242424,0.09109601841047661,0.10826720228740572
xg2,227,0.792757962127904,0.793939393939394,0.07112347911897281,0.08864047773993415
xg2,228,0.6924186386745425,0.7818181818181819,0.08365561197794556,0.09663755709087771
xg2,229,0.9064931645725942,0.9151515151515152,0.051478557487747746,0.055891049380399356
xg2,230,0.9266570686694209,0.8909090909090909,0.05128764434321294,0.05947145846163304
xg2,231,0.872886508411047,0.8424242424242424,0.07580003658563142,0.08549485510739345
xg2,232,0.7713214143879205,0.6363636363636364,0.07798674356093564,0.09677673566327122
xg2,233,0.8669461257677985,0.8424242424242424,0.04991725848718219,0.06498580713229614
xg2,234,0.8503271488091391,0.8545454545454545,0.05073274309471791,0.06382654933567496
xg2,235,0.8547360918099786,0.8181818181818182,0.10650266687170609,0.12763032261528584
xg2,236,0.9073717183557166,0.8787878787878788,0.06306011167114803,0.0720284327106121
xg2,237,0.7870041168037543,0.6242424242424243,0.07095198473114481,0.07863741222727365
xg2,238,0.9214120964122683,0.8545454545454545,0.05357329080918701,0.06464524863300243
xg2,239,0.9014843080427796,0.8666666666666667,0.04477726102634681,0.04991671541721574
xg2,240,0.95069016172674,0.9272727272727272,0.07184906438303616,0.08014839307745929
xg2,241,0.9495438936687759,0.9515151515151515,0.0677788055539374,0.07313108200147292
xg2,242,0.7189926286458178,0.7818181818181819,0.09196402243234232,0.10757906436890788
xg2,243,0.8730920435758395,0.8303030303030303,0.0804766237723609,0.09193347218440831
xg2,244,0.8879327472723185,0.8909090909090909,0.05101757941176329,0.06303674551993291
xg2,245,0.8898656183065663,0.9151515151515152,0.046487082348202334,0.05700528136765095
xg2,246,0.9332934383317212,0.9393939393939394,0.043498846627114,0.05034557012819533
xg2,247,0.8684157533664547,0.8181818181818182,0.05030080762695501,0.06911407839292832
xg2,248,0.8901929031609894,0.8424242424242424,0.06636697164955037,0.079363096957013
xg2,249,0.8686894400472672,0.8787878787878788,0.04977359097563843,0.06570746356372849
xg2,250,0.8940581382020665,0.8787878787878788,0.05010003662506646,0.05702228919793575
xg2,251,0.9530636720908462,0.9030303030303031,0.03329252605986725,0.041688867544995706
xg2,252,0.959477376639551,0.9272727272727272,0.026257528416406682,0.03136619839162701
xg2,253,0.8502629108132909,0.8909090909090909,0.06034980806654339,0.07262811748408021
xg2,254,0.9367007924684894,0.9272727272727272,0.045042532621172346,0.05213638956187815
xg2,255,0.9572825047037249,0.8909090909090909,0.030983067991835984,0.036019162921912005
xg2,256,0.9311515939108214,0.9515151515151515,0.03858060199042849,0.04508179417472257
xg2,257,0.8686903678122782,0.9272727272727272,0.05536529540062851,0.0668312430421423
xg2,258,0.9464000542746401,0.9030303030303031,0.042919076786696674,0.053998434437698986
xg2,259,0.7886026647632205,0.8303030303030303,0.06452557474426719,0.07921293513902827
xg2,260,0.9576900964959497,0.9757575757575757,0.028159674432987853,0.033800039489568515
xg2,261,0.7258846185636543,0.696969696969697,0.07376857505022506,0.08910315029668714
xg2,262,0.8585509489247571,0.8909090909090909,0.053906287025442534,0.06734623120231893
xg2,263,0.9444327890686807,0.9393939393939394,0.04017233519345918,0.04451093268843313
xg2,264,0.9131565903274089,0.8666666666666667,0.041994171368618646,0.04936460078635331
xg2,265,0.8381825621367859,0.806060606060606,0.05446837398881058,0.06558386273705574
xg2,266,0.7546416266263851,0.8181818181818182,0.0816046087667549,0.09129454625474856
xg2,267,0.8117192151936592,0.8181818181818182,0.09510934241732054,0.10603671111315509
xg2,268,0.9582370325313893,0.9636363636363636,0.029667600189865927,0.03426263895435937
xg2,269,0.8830713641810846,0.9393939393939394,0.05081677499851539,0.05707199599940955
xg2,270,0.7770117473684153,0.7090909090909091,0.06783987965592159,0.08865261960755606
xg2,271,0.8018617840370721,0.793939393939394,0.0579614112494917,0.07302706756650489
xg2,272,0.9229467798434178,0.9515151515151515,0.04716451179094011,0.05163260854266864
xg2,273,0.9289082045407824,0.9272727272727272,0.03756884063589336,0.04144051171303416
xg2,274,0.8447317476065797,0.8909090909090909,0.06127561577393572,0.07374258583422397
xg2,275,0.7396733178013779,0.7575757575757576,0.08423863572976505,0.09906278286013552
xg2,276,0.7990635176944347,0.7090909090909091,0.06672137716979784,0.09148438729434993
xg2,277,0.6766721790727589,0.7333333333333333,0.07416501733869493,0.09757075503508263
xg2,278,0.869876093775614,0.8424242424242424,0.05924885008293719,0.06909789570423981
xg2,279,0.9186754876069633,0.9030303030303031,0.0445066130798579,0.05828233192300512
xg2,280,0.8561694546341443,0.8787878787878788,0.06039873032894451,0.07008834893129674
xg2,281,0.8986970815762929,0.8909090909090909,0.04615402055189376,0.05064763765038745
xg2,282,0.9143010495454121,0.9515151515151515,0.04124686729483064,0.04782343202915437
xg2,283,0.9549950874919979,0.9272727272727272,0.03538633970537298,0.03954383965252852
xg2,284,0.7940428477814175,0.7333333333333333,0.06901802313793703,0.085281858067985
xg2,285,0.8118613432021596,0.806060606060606,0.05877368392247094,0.07454001670951431
xg2,286,0.9461113228685687,0.9515151515151515,0.03699314386716094,0.04305063268287985
xg2,287,0.9013984565816882,0.8666666666666667,0.08356447083410429,0.0949881339926658
xg2,288,0.9047667602005398,0.9151515151515152,0.04734399486170067,0.05223735568318758
xg2,289,0.9320201415939753,0.9030303030303031,0.04512325109880981,0.05466212715633577
xg2,290,0.8238486857748925,0.8181818181818182,0.06197103864326252,0.0730090157381976
xg2,291,0.9215505376037457,0.9030303030303031,0.06888170887485462,0.08224589476310845
xg2,292,0.8460348776106782,0.9030303030303031,0.05738230026249284,0.07047704424470592
xg2,293,0.8383546823243759,0.806060606060606,0.05689549662137493,0.06775252219700356
xg2,294,0.9772818288972126,0.9272727272727272,0.0362789292272353,0.04411064786780926
xg2,295,0.9703057702143221,0.9151515151515152,0.032380960289678296,0.03679155653873012
xg2,296,0.9016142893940373,0.9272727272727272,0.050616517983123076,0.06343221343650335
xg2,297,0.8459583132658347,0.8545454545454545,0.05994610098268893,0.07520478690973731
xg2,298,0.7930501827709935,0.7212121212121212,0.07588293169593044,0.09060861630224183
xg2,299,0.9756181045407885,0.9515151515151515,0.027106641024202398,0.03256107082226294
xg2,300,0.9392316998560937,0.9515151515151515,0.047256280621281496,0.05833819985895737
xg2,301,0.8066213291989894,0.7575757575757576,0.07234467222458048,0.0902796693942588
xg2,302,0.8619311058823907,0.8545454545454545,0.054499204016199856,0.06281485773539279
xg2,303,0.8937010164145606,0.8909090909090909,0.04859844590703441,0.06510603725272482
xg2,304,0.9736043427166181,0.9272727272727272,0.04110267651926751,0.04779551251472479
xg2,305,0.835067220444687,0.8181818181818182,0.06459763134979313,0.07651424603075058
xg2,306,0.790220407040551,0.7454545454545455,0.0694888371992051,0.09075392699117951
xg2,307,0.8640665607894721,0.793939393939394,0.056844745337021975,0.07141632496458321
xg2,308,0.9240746194032299,0.9151515151515152,0.04315020863349397,0.048767689723938024
xg2,309,0.9426995726547095,0.9272727272727272,0.07841050838458448,0.09006469391613593
xg2,310,0.8600496970462619,0.8303030303030303,0.049632544608901055,0.06404789434753842
xg2,311,0.887530110101667,0.9151515151515152,0.06710509946654167,0.07394459800920443
xg2,312,0.7642487063704163,0.7090909090909091,0.06521981494650239,0.08743672646825229
xg2,313,0.8583988204843875,0.8545454545454545,0.0664599021233674,0.08344050965321187
xg2,314,0.9183950877762409,0.8787878787878788,0.047990137592111765,0.06585946102725075
xg2,315,0.9429181937638832,0.8909090909090909,0.04276394431771122,0.0523928219006486
xg2,316,0.9021237654310523,0.8545454545454545,0.054936159276906336,0.07880533611418539
xg2,317,0.9417784586796227,0.9515151515151515,0.039577001755392055,0.044623203984134725
xg2,318,0.7616674086336975,0.806060606060606,0.0666761175319595,0.08115895871519452
xg2,319,0.9059103154795813,0.8787878787878788,0.0477882864778797,0.05847310242678124
xg2,320,0.6545677954398047,0.6727272727272727,0.09522158792208159,0.10275072366348588
xg2,321,0.9287348215112106,0.9393939393939394,0.04110157842741549,0.05277137240526336
xg2,322,0.8493890338625517,0.8545454545454545,0.07029636000218244,0.0816152624238811
xg2,323,0.8257494735877932,0.7575757575757576,0.05452795411434093,0.06703193437249043
xg2,324,0.804925531828095,0.8909090909090909,0.07046689952995595,0.08509672922100213
xg2,325,0.9323872798982102,0.9151515151515152,0.04627826332058966,0.050417435286073224
xg2,326,0.7906759778043391,0.7090909090909091,0.08270771820981974,0.0926286532963717
xg2,327,0.9631767904050441,0.9515151515151515,0.038625592500394254,0.045872048965850336
xg2,328,0.8872123403688539,0.8424242424242424,0.07486283385272356,0.08187955642358619
xg2,329,0.9321203320306524,0.9030303030303031,0.053535280732432175,0.06794122909768566
xg2,330,0.8119177581779223,0.8424242424242424,0.07186343985439356,0.07829602301657272
xg2,331,0.9284001798547898,0.8545454545454545,0.04027573460840506,0.04252005275343122
xg2,332,0.9130153548275914,0.9636363636363636,0.05026795343646491,0.06101499980022549
xg2,333,0.8696375085960806,0.8909090909090909,0.05114405071321467,0.057347440242122356
xg2,334,0.9184097491013052,0.9272727272727272,0.07108354564928951,0.08398233154802213
xg2,335,0.9571402958085925,0.9272727272727272,0.034703539659902485,0.04395761533587786
xg2,336,0.9739931879812048,0.9878787878787879,0.024258025725212167,0.03164369373412354
xg2,337,0.8623719860573852,0.9151515151515152,0.0555260040234557,0.07061872630035992
xg2,338,0.5852276473299617,0.4909090909090909,0.10975412202964314,0.13307942342726573
xg2,339,0.9111374053144022,0.9272727272727272,0.039895265285416814,0.05168895742813035
xg2,340,0.8669021472763394,0.9030303030303031,0.060701997616506465,0.0771237784639493
xg2,341,0.9580577417326478,0.9393939393939394,0.03206770662652125,0.04299255169425842
xg2,342,0.8130946960033675,0.7575757575757576,0.055000552893856344,0.07617902150147467
xg2,343,0.9768629345934913,0.9757575757575757,0.02703036565941595,0.036027136526793
xg2,344,0.720815778306915,0.6606060606060606,0.08935046179080557,0.10094311277646675
xg2,345,0.8873990124495832,0.9030303030303031,0.08714550206740385,0.09974210860293889
xg2,346,0.9425084240506753,0.9757575757575757,0.03854758622991826,0.04126140979798251
xg2,347,0.9495171002260302,0.8909090909090909,0.02888665229377054,0.036354623662787154
xg2,348,0.7585283546273364,0.7212121212121212,0.07418607987604262,0.08914558874806035
xg2,349,0.7820429854920495,0.7454545454545455,0.07615678291456118,0.09253923648110102
xg2,350,0.9617981639108418,0.9515151515151515,0.03965367489034736,0.046827662891636875
xg2,351,0.9397337107359652,0.9515151515151515,0.039592663253944275,0.047318340268714926
xg2,352,0.8383595311754277,0.8303030303030303,0.0776769216992258,0.09058829102832161
xg2,353,0.8403566580754365,0.806060606060606,0.05936475043626151,0.07056140820099521
xg2,354,0.7505576573158411,0.7090909090909091,0.06647172693307035,0.08415449720269437
xg2,355,0.9079643092254878,0.9393939393939394,0.050552630314237304,0.0635564070650832
xg2,356,0.9222202949554901,0.9151515151515152,0.0834234520991582,0.09952914617383694
xg2,357,0.9156511941160035,0.9515151515151515,0.048537458348840185,0.05420457573295673
xg2,358,0.8655055050963536,0.8787878787878788,0.0525943052042391,0.06555222677985917
xg2,359,0.783004351987769,0.7818181818181819,0.06623779279954833,0.07775406063458146
xg2,360,0.907966252100877,0.9393939393939394,0.04255354225267731,0.05440334487999996
xg2,361,0.7520815119892396,0.7696969696969697,0.07076947619870795,0.08345107031239064
xg2,362,0.7709878534990978,0.7818181818181819,0.062098646491081065,0.08145264789834789
xg2,363,0.9522744654896518,0.8909090909090909,0.034346246966552446,0.042902190959030514
xg2,364,0.8574502883784452,0.8303030303030303,0.06533678454460885,0.08068601069933441
xg2,365,0.8277466307656647,0.8424242424242424,0.058849539638342,0.07076900019157761
xg2,366,0.7892154854236716,0.8303030303030303,0.06887376837425316,0.07915868532420403
xg2,367,0.958729394683826,0.9393939393939394,0.023087384269211315,0.031919381224397594
xg2,368,0.8217282292207859,0.793939393939394,0.07715760670324097,0.08525177406849425
xg2,369,0.9477403817959986,0.9151515151515152,0.032085756712489685,0.04461793575362945
xg2,370,0.8229334006668604,0.8424242424242424,0.06496765306686458,0.07367351958717694
xg2,371,0.871478419715969,0.8909090909090909,0.04402613961210257,0.059110528111275554
xg2,372,0.7699096480204856,0.6484848484848484,0.06334140715034954,0.08539384155521605
xg2,373,0.8555272694864583,0.8666666666666667,0.06559908682288326,0.07486702038099374
xg2,374,0.9183451799719824,0.8666666666666667,0.05127254813917468,0.06071736785964014
xg2,375,0.7265415912734043,0.7575757575757576,0.08469081421045306,0.09931242840837794
xg2,376,0.8758875843841281,0.9272727272727272,0.04958779885827059,0.06758785362223514
xg2,377,0.841736112926672,0.8303030303030303,0.07582503674715793,0.10022792488177962
xg2,378,0.8570085338052454,0.8666666666666667,0.049147242267306865,0.06045230603845828
xg2,379,0.987109370743155,0.9878787878787879,0.015963636859605147,0.0180580288764701
xg2,380,0.9598044902005367,0.9515151515151515,0.03888349151203098,0.05082344197423797
xg2,381,0.9487370766409574,0.8666666666666667,0.03392020578649226,0.037766457358756805
xg2,382,0.8502904391076004,0.8787878787878788,0.0524065266658675,0.06620609328323246
xg2,383,0.8550533535318189,0.7818181818181819,0.04958003476882902,0.062573506112785
xg2,384,0.9012939683813873,0.9636363636363636,0.058037918176881885,0.0676474766825518
xg2,385,0.9107406199605876,0.9272727272727272,0.044008963600413564,0.0509420041606242
xg2,386,0.8753670100378272,0.8787878787878788,0.04566544138926269,0.06679113294583335
xg2,387,0.9305602332450305,0.8909090909090909,0.04005784915308945,0.04444829872968853
xg2,388,0.7943798883186594,0.7333333333333333,0.0631348702477832,0.07571840604650648
xg2,389,0.7401702288378209,0.5878787878787879,0.08150945318081518,0.09231403490004592
xg2,390,0.7570483733373795,0.6727272727272727,0.0746906685478344,0.0878658291254651
xg2,391,0.7255921398074088,0.7818181818181819,0.08731961748556502,0.09467522122087998
xg2,392,0.8721310713311171,0.8787878787878788,0.0526537342791056,0.062023737634974555
xg2,393,0.9677901477585216,0.9272727272727272,0.029520079433185287,0.03892574714432697
xg2,394,0.94160376273475,0.8666666666666667,0.07532182943636154,0.0869064460847953
xg2,395,0.9420240864579122,0.9757575757575757,0.036877606764527046,0.043452650986313034
xg2,396,0.7303867430258058,0.7090909090909091,0.09059215462990707,0.11515042664660517
xg2,397,0.9029524062387939,0.9151515151515152,0.05340192478370005,0.06573499409797472
xg2,398,0.8411578179277193,0.806060606060606,0.058775706974108145,0.07450798871778473
xg2,399,0.7981851104654416,0.7212121212121212,0.06932291206368157,0.08250450000981119
xg2,400,0.6783523210057198,0.6242424242424243,0.08737297847894746,0.09923924864263561
xg2,401,0.7959835493323459,0.793939393939394,0.06466255531932887,0.0745147205500126
xg2,402,0.6779181162308155,0.5272727272727272,0.0997493718205287,0.1065436651883597
xg2,403,0.8474370604793193,0.8787878787878788,0.052204488058840384,0.06814422590521443
xg2,404,0.9378242685246934,0.9030303030303031,0.039324404775593076,0.05163154216860091
xg2,405,0.8979849700041233,0.8545454545454545,0.049900456733687926,0.053010675496480024
xg2,406,0.8976749908570365,0.7818181818181819,0.04690336063274443,0.056841382873097944
xg2,407,0.7867722223224476,0.7696969696969697,0.07189950764816587,0.0779006115160637
xg2,408,0.955135367674676,0.9636363636363636,0.04487393168309813,0.04933117620923791
xg2,409,0.930852418870619,0.8909090909090909,0.07409047618738657,0.08713061597573862
xg2,410,0.9067521887004192,0.9393939393939394,0.041996294779339256,0.05641932666223163
xg2,411,0.9656613722756799,0.9515151515151515,0.051338979913067906,0.05623081565553748
xg2,412,0.9481367136207808,0.9393939393939394,0.052828914048669115,0.05952563465590441
xg2,413,0.9230091858215548,0.9393939393939394,0.038948574401044864,0.04491225260620438
xg2,414,0.657965203031413,0.7696969696969697,0.10783780886583601,0.12372541255023871
xg2,415,0.8695259773213849,0.9151515151515152,0.0545023894438043,0.06429612437412757
xg2,416,0.9188707364913529,0.9272727272727272,0.048728918327081865,0.05791559394598907
xg2,417,0.7409394840204157,0.8666666666666667,0.0681223943988212,0.08915630467629844
xg2,418,0.9251704084698017,0.9151515151515152,0.07382402320986733,0.08473741647750338
xg2,419,0.9654129206526665,0.9272727272727272,0.06527365181942232,0.07396017895193388
xg2,420,0.8571488311482639,0.8909090909090909,0.07442738920737849,0.08073577695105665
xg2,421,0.8874391300393766,0.9272727272727272,0.05275474329389551,0.060568025254194614
xg2,422,0.5836208182918822,0.4909090909090909,0.1000474513644114,0.11737570429784891
xg2,423,0.9456539888298963,0.9515151515151515,0.03747460729403514,0.04824956760601048
xg2,424,0.8281043838705281,0.806060606060606,0.0793404724732531,0.09176812632549476
xg2,425,0.7987881884327288,0.7575757575757576,0.07225735851580417,0.09904751468495603
xg2,426,0.9696733156994666,0.9151515151515152,0.025913969995601128,0.03096683091510402
xg2,427,0.9385868367375596,0.9878787878787879,0.060546615523158064,0.0646072860898889
xg2,428,0.9424018164445543,0.9515151515151515,0.07437732372159293,0.08262910041836895
xg2,429,0.802636315369493,0.7333333333333333,0.0748867493793416,0.09944509384392276
xg2,430,0.9815552707674269,0.9515151515151515,0.03005113036938916,0.03540052979974983
xg2,431,0.7586509040620263,0.7575757575757576,0.07590876114904013,0.09493993185875943
xg2,432,0.91030667383249,0.9393939393939394,0.05583803146536248,0.0682181959294009
xg2,433,0.9638082543350609,0.9636363636363636,0.04007339217088499,0.050752502127624374
xg2,434,0.8154770260528597,0.7212121212121212,0.07619361473025023,0.08445134954373705
xg2,435,0.7820431415881915,0.7333333333333333,0.06894179389580257,0.07775302757447139
xg2,436,0.8918872560902387,0.9272727272727272,0.0546563610449361,0.06471216003849825
xg2,437,0.8513546378587245,0.806060606060606,0.05767858899339336,0.07021658271686516
xg2,438,0.775141567272579,0.8545454545454545,0.05543504919571133,0.07464970130227962
xg2,439,0.9697287463744556,0.9515151515151515,0.06759949791061945,0.0866365153925903
xg2,440,0.6430067712279558,0.5393939393939394,0.09129882819411288,0.10455810520113103
xg2,441,0.8683847186659667,0.7818181818181819,0.05616457571542277,0.06487830354585455
xg2,442,0.8236131135202702,0.806060606060606,0.051789046025163946,0.07686425367051608
xg2,443,0.8291904153935873,0.8303030303030303,0.08167105277489327,0.09751580835827875
xg2,444,0.8136834044668757,0.8545454545454545,0.11008129231474287,0.11741503612060658
xg2,445,0.9559649191151539,0.8666666666666667,0.03017978281101676,0.03673676373118782
xg2,446,0.6915754127604454,0.6606060606060606,0.09068062338963019,0.10554696833064629
xg2,447,0.843798454686858,0.9030303030303031,0.05994565734037427,0.07474606173244222
xg2,448,0.9218616526768678,0.8787878787878788,0.044437861397235406,0.047756956852916
xg2,449,0.8448525578540129,0.806060606060606,0.05444867895277601,0.06403021890203836
xg2,450,0.5214036281430459,0.6484848484848484,0.1347017522410281,0.14834559850689075
xg2,451,0.9227284934864459,0.9151515151515152,0.03650900711820958,0.0449201618652588
xg2,452,0.8903431260259363,0.8303030303030303,0.04444496467666241,0.06175500046387265
xg2,453,0.933582369499306,0.8787878787878788,0.03770495482672513,0.043538119217774486
xg2,454,0.9323672709469039,0.8787878787878788,0.03985865796027034,0.04334675837463029
xg2,455,0.92312044717652,0.8545454545454545,0.04023632735569496,0.046869542904368997
xg2,456,0.8000144901329195,0.7818181818181819,0.06543486054851971,0.07648368632191442
xg2,457,0.9726185665774737,0.9636363636363636,0.043245380121873706,0.049552255433680865
xg2,458,0.7538094283618981,0.7454545454545455,0.07407322687329157,0.08560987504465231
xg2,459,0.6948233464691732,0.7090909090909091,0.08340172675465908,0.09762255322365111
xg2,460,0.9789821965623474,0.9515151515151515,0.019111445107782253,0.026024797257529483
xg2,461,0.9483402676731261,0.9151515151515152,0.03376577390973014,0.0380607205186971
xg2,462,0.8969345254920735,0.8545454545454545,0.04911303009137007,0.056126550999885394
xg2,463,0.9592252655824903,0.9636363636363636,0.028307510858413116,0.03549576306728835
xg2,464,0.9609299212554718,0.9272727272727272,0.030017534324009075,0.03674536705570844
xg2,465,0.9781066473393367,0.9515151515151515,0.022702248259853647,0.025645704374917585
xg2,466,0.9312077631951898,0.9272727272727272,0.04833423713652195,0.05936299994372774
xg2,467,0.7772264390559356,0.7696969696969697,0.07071274096536173,0.08282355730989636
xg2,468,0.9556657935945877,0.9030303030303031,0.032929645749259266,0.04326236843490253
xg2,469,0.7373673713304734,0.7212121212121212,0.06953450511552221,0.08906581133976312
xg2,470,0.89785434551635,0.9030303030303031,0.07496128287365837,0.08236913010222603
xg2,471,0.8393943505075893,0.8303030303030303,0.053395976185957685,0.07389106083261304
xg2,472,0.9680627168882611,0.9393939393939394,0.026109205916428756,0.032192154739257385
xg2,473,0.8272876817530265,0.8545454545454545,0.05858850575267406,0.06843055373733546
xg2,474,0.9049430876149643,0.9393939393939394,0.09720392846054511,0.10775408367226814
xg2,475,0.9338851786758157,0.9030303030303031,0.0858186456830519,0.09592570090096111
xg2,476,0.8101494847412865,0.7696969696969697,0.0643853130518341,0.0767762134121718
xg2,477,0.8801860409873955,0.8787878787878788,0.05274921443081961,0.0651133767861813
xg2,478,0.9343201031648213,0.9272727272727272,0.049082382047450406,0.05336669917629043
xg2,479,0.9758653976580357,0.9515151515151515,0.026370216669550216,0.03210698215668459
xg2,480,0.7927855389613931,0.7575757575757576,0.07809641208507188,0.08718839142511838
xg2,481,0.8588004525183631,0.8181818181818182,0.052808295290948715,0.06308677401373025
xg2,482,0.9614382200058519,0.9151515151515152,0.031839695455228446,0.03986673356267523
xg2,483,0.9406551836064831,0.9515151515151515,0.03334035639819121,0.03977331591589263
xg2,484,0.9610611675107239,0.8909090909090909,0.028451244182173475,0.038182127136500134
xg2,485,0.9103324934906663,0.8666666666666667,0.05732297490076058,0.0670644916779822
xg2,486,0.8683397328352241,0.8545454545454545,0.05324874560389008,0.06597739621312515
xg2,487,0.9221804361568879,0.8787878787878788,0.041913039192224846,0.052302048756354615
xg2,488,0.873884314418713,0.8666666666666667,0.04510206587456046,0.05357509617016676
xg2,489,0.8327300371576134,0.8666666666666667,0.06188363017680761,0.06421829283857093
xg2,490,0.8057840068047518,0.9030303030303031,0.05886448245240512,0.07404159812823236
xg2,491,0.945311996289057,0.9272727272727272,0.07015479562173528,0.07921309526182327
xg2,492,0.72827309287766,0.793939393939394,0.07259825656333886,0.09415688612203943
xg2,493,0.9464304147785306,0.9515151515151515,0.028347816105544498,0.04073227817895833
xg2,494,0.9611032122351827,0.9151515151515152,0.03226253140967061,0.041666220259675674
xg2,495,0.8568406749525622,0.8545454545454545,0.0687682891720316,0.08155566425137425
xg2,496,0.9100976651003772,0.8909090909090909,0.07424627687877608,0.09080867402595529
xg2,497,0.8312016710706857,0.7454545454545455,0.06840277692961783,0.07613022902609826
xg2,498,0.9127053180801705,0.8909090909090909,0.03887042362945091,0.04968971184701278
xg2,499,0.9314187668803395,0.9878787878787879,0.03542907969760976,0.04538592076625256
xg2,500,0.9099478993939629,0.8787878787878788,0.03601424856906949,0.04680273487620246
xg2,501,0.8896526904123879,0.8909090909090909,0.05709969527199356,0.06718827382887507
xg2,502,0.8633829633900698,0.8424242424242424,0.043801562991700724,0.061713504823345276
xg2,503,0.9260644884310898,0.8666666666666667,0.039716951304500134,0.045147746945762755
xg2,504,0.8066213061926196,0.8303030303030303,0.09466773628253819,0.10396798839403384
xg2,505,0.8348433395923767,0.8181818181818182,0.057680764843520936,0.06650291469275196
xg2,506,0.8485631529140926,0.806060606060606,0.07242026045656735,0.08685295937888639
xg2,507,0.6702141482787358,0.6727272727272727,0.10585052728351899,0.12478780830074994
xg2,508,0.8822915933300243,0.8545454545454545,0.04895723043553618,0.054984457804624694
xg2,509,0.8913256140270902,0.8666666666666667,0.0512197203790597,0.06358539368288503
xg2,510,0.9774835360297711,0.9515151515151515,0.054996068067144785,0.06545248837271762
xg2,511,0.887410527648148,0.8545454545454545,0.051808058041811,0.07101939651390134
xg2,512,0.8785614920330508,0.9151515151515152,0.05627840050043631,0.06760554123153982
xg2,513,0.873811471829536,0.8666666666666667,0.054193908549717104,0.0605814034678765
xg2,514,0.8363104932122464,0.8787878787878788,0.066122434640294,0.0886402055511586
xg2,515,0.9333457688022719,0.9515151515151515,0.03201061568339161,0.0423810324967969
xg2,516,0.8685079455327023,0.793939393939394,0.05950573520452335,0.08380796485309644
xg2,517,0.8542185549200634,0.8424242424242424,0.07921673024907185,0.10063119536427208
xg2,518,0.8023831013530343,0.793939393939394,0.0965247249688195,0.10865238503303618
xg2,519,0.9299166981133832,0.9151515151515152,0.032393881124620716,0.04520638144691492
xg2,520,0.863428074365343,0.8666666666666667,0.0490772741037293,0.06108029718205432
xg2,521,0.8751614968204465,0.8666666666666667,0.05594611573158777,0.05940663819054642
xg2,522,0.7331385073315784,0.6,0.07378049387326216,0.0873843441738409
xg2,523,0.8616825997846574,0.8787878787878788,0.06676998608361483,0.08264011926612379
xg2,524,0.9512117335565127,0.9030303030303031,0.03537690577519171,0.04239441182651159
xg2,525,0.9508503631231721,0.9393939393939394,0.031649385694375184,0.037836667308918666
xg2,526,0.9107739601988367,0.9393939393939394,0.054073236278717476,0.061921391962346216
xg2,527,0.7982369616486712,0.6848484848484848,0.08788682068389189,0.10420713796416317
xg2,528,0.7415265633499954,0.8787878787878788,0.08264449438809418,0.10323748288041694
xg2,529,0.9079009635340783,0.8787878787878788,0.045014599110201316,0.05774071638682475
xg2,530,0.7505650753596458,0.7696969696969697,0.08000336659810872,0.08894847732276716
xg2,531,0.8671885021248453,0.8909090909090909,0.06446399683418601,0.07435607833829527
xg2,532,0.9097335364362844,0.9030303030303031,0.0646675174354331,0.07269623217173159
xg2,533,0.9467926459434225,0.9151515151515152,0.027672091615097188,0.03720349733074098
xg2,534,0.6817290275493643,0.6727272727272727,0.0754960902914761,0.09996394097136488
xg2,535,0.7297310601366245,0.6606060606060606,0.07577757110111841,0.08957338677400224
xg2,536,0.9308864756799713,0.8909090909090909,0.046830631516732786,0.062267342615275646
xg2,537,0.947730490094873,0.9272727272727272,0.0581563530723069,0.07019408915016057
xg2,538,0.8713803305357749,0.8787878787878788,0.08021976932811677,0.10784398793801843
xg2,539,0.7983526395019382,0.793939393939394,0.06605295777669606,0.07762189630733039
xg2,540,0.8220406927618354,0.8424242424242424,0.061189132883759975,0.07575920404480853
xg2,541,0.853341697821166,0.806060606060606,0.06284166211311094,0.07581559319749342
xg2,542,0.863193921878494,0.8666666666666667,0.059208403921783836,0.06807447022334662
xg2,543,0.8796814508027172,0.8909090909090909,0.047630276102202586,0.055950311572376114
xg2,544,0.9556452956724546,0.9030303030303031,0.027349383064091033,0.03459095616626911
xg2,545,0.8027428359382043,0.7818181818181819,0.11466322058282037,0.1362129714708257
xg2,546,0.7378690919836041,0.7090909090909091,0.07721362177752747,0.09063445797420751
xg2,547,0.8591482720557987,0.8787878787878788,0.05724374614196691,0.0756259997894326
xg2,548,0.9903479912919966,0.9878787878787879,0.013044006886439257,0.01564479744654069
xg2,549,0.9298374584234023,0.9030303030303031,0.040986794460053835,0.050619605997652986
xg2,550,0.762611264975533,0.7090909090909091,0.08409449121762742,0.10048863509879194
xg2,551,0.8889065670497482,0.8787878787878788,0.05483496768809437,0.07439454479448658
xg2,552,0.9747230510851012,0.9272727272727272,0.04000917970191589,0.047096234483763884
xg2,553,0.8565323787114939,0.806060606060606,0.048043222057348414,0.06422422034514082
xg2,554,0.8606967243675571,0.806060606060606,0.04864696898259031,0.06311841870848084
xg2,555,0.8979567585983266,0.9030303030303031,0.11354144241900857,0.12422123048536599
xg2,556,0.8437290084507748,0.8303030303030303,0.0650967993963533,0.08705260644501071
xg2,557,0.8721695502433617,0.8787878787878788,0.06621780269314366,0.08483849211415777
xg2,558,0.7848519877372563,0.7333333333333333,0.06133018030870271,0.07981747088140152
xg2,559,0.8446284620592018,0.8424242424242424,0.06027429047268048,0.06924576126220168
xg2,560,0.810132395996661,0.7454545454545455,0.05833602945386322,0.07247302826490812
xg2,561,0.8919966533334951,0.8787878787878788,0.045318226701715,0.06832504306069505
xg2,562,0.9109457235291101,0.9272727272727272,0.04126426444243268,0.0554103144867319
xg2,563,0.9101341168181977,0.9393939393939394,0.05841418898885216,0.066897383319821
xg2,564,0.9222814534202779,0.9272727272727272,0.044475198794249465,0.053397475742330884
xg2,565,0.9761176365274957,0.9515151515151515,0.049620812053081206,0.059584717534304985
xg2,566,0.8739775757512298,0.8303030303030303,0.051736582217371915,0.0633293729041862
xg2,567,0.9292777167338513,0.8545454545454545,0.03831805877040255,0.04788239687829391
xg2,568,0.8809253559535798,0.8787878787878788,0.0961848565907368,0.1039633321874299
xg2,569,0.939860927666217,0.9151515151515152,0.03700586189144167,0.045522316485508876
xg2,570,0.8785464238455118,0.8424242424242424,0.050803328676241974,0.05851926908168161
xg2,571,0.6565713051485988,0.6848484848484848,0.08414527169263963,0.10162119862826792
xg2,572,0.842797568380842,0.8909090909090909,0.06734819170755282,0.081353845974058
xg2,573,0.9414802185883872,0.9151515151515152,0.031384593096585436,0.039291922222690304
xg2,574,0.8831263447241154,0.8666666666666667,0.05455724262718642,0.06094742957583566
xg2,575,0.7392188095547007,0.6484848484848484,0.08193878445407805,0.10212244394383586
xg2,576,0.9255789083156287,0.9151515151515152,0.06920740067076261,0.07382618010788836
xg2,577,0.9601160360145082,0.9515151515151515,0.02963090851034053,0.034192504182061004
xg2,578,0.9299270821814197,0.8787878787878788,0.0450930248752316,0.06063839654358729
xg2,579,0.9118395927970817,0.8666666666666667,0.043083640336886976,0.05309627078063745
xg2,580,0.8187800247039798,0.793939393939394,0.08420150463294196,0.10836946985967637
xg2,581,0.8264845716338255,0.7454545454545455,0.07258500552454973,0.0774602962690173
xg2,582,0.8490889487872765,0.8424242424242424,0.05857563174764123,0.06350294107236056
xg2,583,0.9106583229729488,0.9151515151515152,0.042718308751576124,0.04747741472528351
xg2,584,0.779131669656215,0.8181818181818182,0.06822959621609245,0.07992003130587612
xg2,585,0.8187882223350189,0.806060606060606,0.06522773510136251,0.07287083108743463
xg2,586,0.6614006705548758,0.6484848484848484,0.0890187977011628,0.11846231051626431
xg2,587,0.7208246251498805,0.7696969696969697,0.07647458315412582,0.09052979710423673
xg2,588,0.7907011559880511,0.7818181818181819,0.0738494961178345,0.08215592517340721
xg2,589,0.977975831844442,0.9757575757575757,0.03446875467206327,0.039506128496169086
xg2,590,0.9453018882577752,0.9272727272727272,0.029986501581944085,0.03798836285157139
xg2,591,0.7794613339462609,0.7818181818181819,0.07383821526414418,0.07969580048816222
xg2,592,0.9182112980765181,0.9151515151515152,0.03901687685873016,0.045118068541936285
xg2,593,0.8935302129122371,0.7696969696969697,0.055327723942665254,0.06677232830518035
xg2,594,0.8758948523298742,0.8787878787878788,0.0934888978885038,0.10669268728127995
xg2,595,0.8914593901773467,0.8303030303030303,0.052061584535809516,0.06811044597043409
xg2,596,0.9436486884000311,0.9272727272727272,0.061299052299773206,0.07710551392830171
xg2,597,0.8342103533535554,0.8303030303030303,0.056522048962141413,0.06913969713552824
xg2,598,0.6592603869571769,0.6363636363636364,0.08167382622613624,0.09808917021832132
xg2,599,0.9176849226817753,0.8787878787878788,0.04335999309664004,0.04914467451629679
xg2,600,0.9389545962583452,0.9272727272727272,0.03127562137030725,0.03910747610880558
xg2,601,0.7855989480715319,0.7818181818181819,0.07790850659953932,0.08581157041956988
xg2,602,0.9099493501254422,0.8303030303030303,0.04102866455501002,0.04887361181644333
xg2,603,0.9102065965615772,0.9151515151515152,0.036523970461530116,0.05012949386316409
xg2,604,0.8899605778889343,0.8787878787878788,0.045707967757991505,0.06277796430693344
xg2,605,0.7435146643109777,0.6727272727272727,0.07964793740022473,0.09151298439091933
xg2,606,0.9439417610273784,0.9393939393939394,0.062258603688785996,0.07184021921323112
xg2,607,0.9770420668829625,0.9515151515151515,0.02850257209792913,0.03295004400326727
xg2,608,0.8866485806005346,0.8909090909090909,0.04561171563159989,0.05318644634934949
xg2,609,0.8489996254649198,0.9030303030303031,0.055344533204004134,0.0723053044649207
xg2,610,0.7380929075437158,0.8303030303030303,0.07390100345251342,0.09380999126828524
xg2,611,0.8095031388896077,0.806060606060606,0.06881344720950076,0.0887891020499687
xg2,612,0.8658683811913097,0.8424242424242424,0.0707794538267483,0.0987998255366972
xg2,613,0.8570322475200858,0.8545454545454545,0.05241746718423431,0.06847002231360794
xg2,614,0.8054922209164603,0.7454545454545455,0.08742368006866146,0.10176014934763991
xg2,615,0.7750760749035271,0.7575757575757576,0.061148513833163234,0.07885845266081627
xg2,616,0.9500825000512366,0.9878787878787879,0.035783363028001135,0.039686897461143344
xg2,617,0.7888336266866517,0.7333333333333333,0.07746509016148234,0.09200261440510611
xg2,618,0.8087072802743177,0.7090909090909091,0.08907865554124599,0.09657544396182266
xg2,619,0.8309255601581461,0.806060606060606,0.0579120585261879,0.06707567686611543
xg2,620,0.982103652883699,0.9515151515151515,0.024229934753565587,0.028478208105944317
xg2,621,0.9154038446538867,0.9393939393939394,0.0349574113347679,0.04909481021201346
xg2,622,0.5383919138615788,0.503030303030303,0.11910626527235776,0.130163925832452
xg2,623,0.9130432407518355,0.8666666666666667,0.06149198009855855,0.07619597934849186
xg2,624,0.7979899066510635,0.7090909090909091,0.08666397063107664,0.11381479567490714
xg2,625,0.7945112266485314,0.7333333333333333,0.0644544811769382,0.0789132798274237
xg2,626,0.9179278699306446,0.8909090909090909,0.041186132362107754,0.048718002586449975
xg2,627,0.8294296171129876,0.793939393939394,0.063574502822012,0.07270643514885651
xg2,628,0.91464426312287,0.9878787878787879,0.05571385508862198,0.0639122476152707
xg2,629,0.8563853125309483,0.806060606060606,0.04805327791917799,0.06202589795000907
xg2,630,0.8812371285432297,0.8545454545454545,0.048140666350249925,0.05654407655894989
xg2,631,0.9171972343586339,0.8787878787878788,0.04965360841984658,0.056386109215486264
xg2,632,0.8565456823550733,0.8666666666666667,0.049774663059777895,0.06545961835328816
xg2,633,0.9559699001951292,0.9515151515151515,0.03554617647403453,0.04212704338804091
xg2,634,0.8666739351159092,0.6727272727272727,0.06818750055492251,0.08383659230446765
xg2,635,0.9344571496874582,0.9272727272727272,0.06341399328290152,0.07232889147278558
xg2,636,0.9352416435730183,0.8787878787878788,0.03272074066704123,0.047773384248966363
xg2,637,0.870381251796248,0.8787878787878788,0.11109227704025448,0.12607310522569548
xg2,638,0.7756888919954569,0.8181818181818182,0.07561998905727306,0.0918663567169907
xg2,639,0.9825732276748441,0.9757575757575757,0.02390607941747396,0.028875320457624618
xg2,640,0.849265506126735,0.8787878787878788,0.07783991361657619,0.09342059591600978
xg2,641,0.8395935771926353,0.9272727272727272,0.06143729665224944,0.0671150520013583
xg2,642,0.980416581786705,0.9757575757575757,0.04638603284191033,0.05134568042550763
xg2,643,0.6398731973765893,0.6848484848484848,0.09964473984366004,0.1141840631273313
xg2,644,0.6707095988607925,0.6121212121212121,0.08904370846133966,0.10617542388489298
xg2,645,0.8562606225631989,0.9030303030303031,0.0950273311469282,0.11258221742133567
xg2,646,0.8303214552383681,0.806060606060606,0.05283311784587641,0.07214505496066619
xg2,647,0.9339533398531111,0.8909090909090909,0.034654253154857706,0.04055990437901637
xg2,648,0.8861748161696754,0.8303030303030303,0.0512457347311537,0.06147391105257942
xg2,649,0.9175585177868446,0.9272727272727272,0.05066781699131131,0.06764200360021223
xg2,650,0.9483940647193783,0.9272727272727272,0.04715979824942399,0.052693003852566665
xg2,651,0.7675778688296545,0.7575757575757576,0.06557974583293202,0.08305601927462676
xg2,652,0.762321932762305,0.806060606060606,0.08775614974523348,0.10338351368525009
xg2,653,0.9117338351189301,0.9272727272727272,0.04129586904240513,0.04843313850478661
xg2,654,0.9140394785706919,0.9393939393939394,0.03167047540179632,0.04992921757513823
xg2,655,0.8939949729514409,0.9151515151515152,0.04390184537049715,0.05874323666649801
xg2,656,0.8335736829523017,0.8181818181818182,0.0804210455166486,0.10399761693066085
xg2,657,0.764640178457454,0.8545454545454545,0.07252663301378058,0.08511411578280985
xg2,658,0.7253893239894676,0.6727272727272727,0.07511733776093926,0.09844325058371725
xg2,659,0.8462686788571462,0.9030303030303031,0.054297018769287685,0.06632978542257051
xg2,660,0.925352332710696,0.9151515151515152,0.039349894817800865,0.05190474723212363
xg2,661,0.7846525782250094,0.8424242424242424,0.07603618249327615,0.09340247549617528
xg2,662,0.8414009032543011,0.8909090909090909,0.05776490458332774,0.06284933691620367
xg2,663,0.8638474732921153,0.793939393939394,0.05584084876712041,0.06455672598824067
xg2,664,0.964325964058533,0.9636363636363636,0.026173671881238807,0.030134543360779177
xg2,665,0.9364256424925592,0.9515151515151515,0.02906750264348238,0.04010917615832576
xg2,666,0.9536622418614136,0.9393939393939394,0.03025116784936524,0.03693595622247006
xg2,667,0.8556913384496432,0.8545454545454545,0.06202660966932365,0.07057037291886756
xg2,668,0.8500294402940488,0.8545454545454545,0.051441775337842374,0.0647435719154973
xg2,669,0.6325445819455191,0.7090909090909091,0.0875670036623532,0.10498194343200032
xg2,670,0.783469698164693,0.7575757575757576,0.06921440040278579,0.07926420616580887
xg2,671,0.9299958154234765,0.8787878787878788,0.05989526741877854,0.06803418135963729
xg2,672,0.9706919189214828,0.9272727272727272,0.02251759752806736,0.028210340825050487
xg2,673,0.9547067561455012,0.9272727272727272,0.06771316547846895,0.07282818709253924
xg2,674,0.7938678362015333,0.7818181818181819,0.06242994812936194,0.07777706669564156
xg2,675,0.8832422559017705,0.9151515151515152,0.07394998418171354,0.08593398628844316
xg2,676,0.7770278629051521,0.8424242424242424,0.07127492962470115,0.07610414298973045
xg2,677,0.9295632321403804,0.9030303030303031,0.039938441076826196,0.04343407112143801
xg2,678,0.8349625373218156,0.7696969696969697,0.08088744451884682,0.09319809211785417
xg2,679,0.9594556951592031,0.9636363636363636,0.03296629226514515,0.040495240171833355
xg2,680,0.895442682720518,0.9272727272727272,0.044041984003062765,0.05781712782566225
xg2,681,0.737765176443186,0.7212121212121212,0.07447339799044592,0.08508669109180785
xg2,682,0.7410673848825134,0.7090909090909091,0.08269069984174189,0.0917547423746664
xg2,683,0.7444133144536059,0.7090909090909091,0.0675481742546272,0.09639952934370216
xg2,684,0.9134474089650296,0.9030303030303031,0.04177246597083674,0.04706058085408035
xg2,685,0.9308457303997841,0.9151515151515152,0.05449935750222353,0.06783455588475397
xg2,686,0.6324091563264528,0.7333333333333333,0.09975071901440068,0.11172622832650472
xg2,687,0.8402747327227026,0.8666666666666667,0.06321887304698005,0.08462793237788019
xg2,688,0.8830357505113589,0.9030303030303031,0.06897790236360507,0.08248024810967297
xg2,689,0.8764551130666847,0.8666666666666667,0.06081683035838202,0.07229310215914216
xg2,690,0.9536768153714467,0.8787878787878788,0.034314496077825656,0.040201194553056735
xg2,691,0.9081071427877526,0.9393939393939394,0.04446765382601369,0.05341088939649516
xg2,692,0.8995495698967904,0.9636363636363636,0.05315779570415328,0.06896805341042431
xg2,693,0.9195165431867733,0.8787878787878788,0.04624225022929413,0.05336906628933173
xg2,694,0.9367346298817172,0.8666666666666667,0.044380670585255855,0.05422123025166595
xg2,695,0.9073962746216606,0.9151515151515152,0.034953787050013355,0.053802812832696785
xg2,696,0.8313105847717399,0.7696969696969697,0.05399357346861207,0.0678814699805923
xg2,697,0.7009269303421265,0.6484848484848484,0.09155771709890045,0.11010496867632695
xg2,698,0.7632010851691364,0.793939393939394,0.07535529892543916,0.08410790549833189
xg2,699,0.8724878212720778,0.8787878787878788,0.07403333971705439,0.08177357925303501
xg2,700,0.8585896469315804,0.8787878787878788,0.04695867176888123,0.06385094010140313
xg2,701,0.8470817850913194,0.7696969696969697,0.0683964029480715,0.07877311253733309
xg2,702,0.890643563498361,0.8303030303030303,0.04995467203112157,0.06151916215281058
xg2,703,0.7320882360648436,0.7090909090909091,0.07973144939370468,0.09107749695895237
xg2,704,0.8327623399696816,0.8181818181818182,0.06397451719607766,0.09141567065301706
xg2,705,0.8551361832856464,0.8424242424242424,0.056928224465272716,0.06609089957746553
xg2,706,0.7719490456976439,0.7090909090909091,0.07294895600521133,0.08169772230897307
xg2,707,0.7866133284284704,0.7454545454545455,0.06687665714963653,0.07650891093418442
xg2,708,0.868426522572518,0.8424242424242424,0.05626188786435389,0.06474545120880183
xg2,709,0.8363780915519272,0.8424242424242424,0.0576591979800092,0.06752749002731344
xg2,710,0.7079915998720929,0.6727272727272727,0.0779287533401102,0.09103338804708534
xg2,711,0.7986472304223416,0.7696969696969697,0.07442341488845636,0.08585699673286519
xg2,712,0.9077330790614153,0.8909090909090909,0.048979251793597765,0.052818246345634305
xg2,713,0.873166069739867,0.8666666666666667,0.048384397391734266,0.057621063844127324
xg2,714,0.7541732904054802,0.6848484848484848,0.0739440966883827,0.08683728509910141
xg2,715,0.8443816501300724,0.8181818181818182,0.06414661447633163,0.07359186884626578
xg2,716,0.9437935032053406,0.9393939393939394,0.04306293622940356,0.050527416616202095
xg2,717,0.7516230178845127,0.7333333333333333,0.08014352274829292,0.08710388712541493
xg2,718,0.7815792185458232,0.8303030303030303,0.06649791081250131,0.07834665556864183
xg2,719,0.912739827947471,0.9030303030303031,0.05720137012797642,0.06736691240378838
xg2,720,0.8696884057508254,0.9393939393939394,0.053890764444012126,0.06020532712368659
xg2,721,0.957671216558997,0.9515151515151515,0.03417360333394333,0.038389015873136235
xg2,722,0.9598615888376364,0.9272727272727272,0.03096717741285584,0.03643512119609974
xg2,723,0.840790358910441,0.793939393939394,0.05090447772997638,0.06614290296215085
xg2,724,0.7841680920796857,0.7090909090909091,0.0719441454766652,0.08292130324039038
xg2,725,0.7582809795329346,0.8181818181818182,0.07946008149186627,0.1081832394863148
xg2,726,0.9545328271936117,0.9272727272727272,0.028742112176348356,0.039072513568445086
xg2,727,0.8137556108363012,0.7696969696969697,0.05997552773570601,0.07979805708518933
xg2,728,0.747639240976192,0.7575757575757576,0.09210089779887548,0.12134862642123376
xg2,729,0.841193932970105,0.8787878787878788,0.08384331632974673,0.09646003627452146
xg2,730,0.9634997164563258,0.9030303030303031,0.046582397770686484,0.05445843031616715
xg2,731,0.9406687945150268,0.9151515151515152,0.03750145634484738,0.04895536907944741
xg2,732,0.8686496838905441,0.9151515151515152,0.06092954467378544,0.07105675141550087
xg2,733,0.9363115432454385,0.9151515151515152,0.031262038867780825,0.041722435601546114
xg2,734,0.9404300431658266,0.9515151515151515,0.04636123253172052,0.05131126893807081
xg2,735,0.9415591760206798,0.8787878787878788,0.031853774600112544,0.037780914282111625
xg2,736,0.8031797783779787,0.8181818181818182,0.0643715228963512,0.07428525492832781
xg2,737,0.8521718888912471,0.8787878787878788,0.05664300187001584,0.06813058618420047
xg2,738,0.9559242382657146,0.9272727272727272,0.03011552089968416,0.038744339465280164
xg2,739,0.9886394134665503,0.9757575757575757,0.028639942506207557,0.03511939145826009
xg2,740,0.919994935923706,0.8545454545454545,0.04997516194362435,0.05672992063538291
xg2,741,0.8122777750222524,0.806060606060606,0.07067248514729532,0.08649547301255024
xg2,742,0.7809104405480427,0.8666666666666667,0.07791954781552371,0.09037884823816622
xg2,743,0.8101789624342822,0.793939393939394,0.06766953417120093,0.08018497636339349
xg2,744,0.8672272064706921,0.8303030303030303,0.053863129049320356,0.0620061448907236
xg2,745,0.9569702339201348,0.9272727272727272,0.04390287970710867,0.05429094791774366
xg2,746,0.7622041412539061,0.7333333333333333,0.07527168287307952,0.08512040779779492
xg2,747,0.8740653393522871,0.8666666666666667,0.05426972978973928,0.06309334909546391
xg2,748,0.8260291542709843,0.7575757575757576,0.06091110012005738,0.0706048979701845
xg2,749,0.9530503688139594,0.9757575757575757,0.0631557743204477,0.07903959939142435
xg2,750,0.8019985551499208,0.7696969696969697,0.07560750924793601,0.08475723860047665
xg2,751,0.8462452886826886,0.8909090909090909,0.07563893377180106,0.08159701627235885
xg2,752,0.8358100548958654,0.806060606060606,0.07633516365094863,0.09324714384497765
xg2,753,0.7125182328017432,0.6363636363636364,0.08005769152987567,0.09129992443795619
xg2,754,0.9567686542323185,0.9515151515151515,0.025721832644968773,0.037127944221447357
xg2,755,0.8818716154791459,0.9151515151515152,0.05463313130830995,0.0682947841520957
xg2,756,0.895106304645985,0.9272727272727272,0.04111744098930598,0.05002042450063276
xg2,757,0.8896384248387794,0.9393939393939394,0.06337839360769203,0.06860735485960581
xg2,758,0.8354061394844788,0.8303030303030303,0.09593300582195655,0.10525001319081861
xg2,759,0.7564527522514297,0.7212121212121212,0.07555874445273861,0.08787134985397198
xg2,760,0.9228734943759492,0.9030303030303031,0.035683196649754105,0.04433586077194057
xg2,761,0.8433171872607466,0.8787878787878788,0.07757784698429038,0.09026420746399506
xg2,762,0.9071131225114,0.9272727272727272,0.08980898575569858,0.10507754065724303
xg2,763,0.7925178773974375,0.7454545454545455,0.05860825326091714,0.07865863112906267
xg2,764,0.9353205877437726,0.9272727272727272,0.04786816592213718,0.055149922186544464
xg2,765,0.943128053565574,0.9151515151515152,0.027825249837047324,0.042608740016288
xg2,766,0.8515876255037158,0.8909090909090909,0.0581884835514543,0.06148729973043906
xg2,767,0.8390180405849902,0.8303030303030303,0.06305753229332375,0.06811451410231403
xg2,768,0.6458249719559802,0.6727272727272727,0.11354307637536772,0.13088523388615494
xg2,769,0.9345959578633327,0.9515151515151515,0.04693741395224015,0.05854198107876652
xg2,770,0.9365888563857796,0.9393939393939394,0.03752294332511012,0.04306864516000816
xg2,771,0.9921374425322022,0.9878787878787879,0.019245394511469994,0.021290555728328938
xg2,772,0.9560162075811791,0.9515151515151515,0.036431085449090246,0.04425234829417527
xg2,773,0.8165599455825001,0.7696969696969697,0.0763826328218499,0.08714919839370902
xg2,774,0.7094741474392194,0.7212121212121212,0.08408493901482442,0.09693325841242557
xg2,775,0.9044259351482068,0.8787878787878788,0.049265938587397175,0.05614044271592675
xg2,776,0.9634327335397319,0.9515151515151515,0.04222853570603962,0.051449311001159424
xg2,777,0.8811515059552069,0.8909090909090909,0.04813195792834478,0.05932924413235218
xg2,778,0.9493854580799962,0.9515151515151515,0.047767803819272384,0.0549871798730164
xg2,779,0.695864939497647,0.6363636363636364,0.0827869757088473,0.10220777218051065
xg2,780,0.8967145178006625,0.9272727272727272,0.05897087886447379,0.06861391142526188
xg2,781,0.9207392923546136,0.9272727272727272,0.07065739230939824,0.0836319361210591
xg2,782,0.9083228313350875,0.9636363636363636,0.05457792815425046,0.06796252344777348
xg2,783,0.9062781233107553,0.8787878787878788,0.04367089835414166,0.05040464405510974
xg2,784,0.9084882174240743,0.8787878787878788,0.05749360573379323,0.06487453425064611
xg2,785,0.5789257643742013,0.5151515151515151,0.08217608620487957,0.1122711956208651
xg2,786,0.8990053739550515,0.8424242424242424,0.04172450823122821,0.05099442273444888
xg2,787,0.8813792384515642,0.8787878787878788,0.05138338473766509,0.056974645452243226
xg2,788,0.9311153157811182,0.9272727272727272,0.05423811558596523,0.06543288874885576
xg2,789,0.699438309915152,0.6606060606060606,0.08366162291064512,0.09578247834876713
xg2,790,0.9276691245448263,0.9272727272727272,0.0812910385840602,0.09281295085235627
xg2,791,0.8313930477033875,0.8424242424242424,0.07157224836282569,0.08110127561570632
xg2,792,0.8144353337220644,0.8303030303030303,0.06279131695040321,0.06872001999782261
xg2,793,0.8616052157510176,0.8787878787878788,0.06890031697172332,0.07713477164639179
xg2,794,0.8375358540133675,0.8181818181818182,0.08671093146540834,0.10441812872595524
xg2,795,0.9317691309439239,0.9393939393939394,0.033604731190774194,0.045674757524035325
xg2,796,0.8734019719599447,0.9151515151515152,0.05481509263842503,0.0718496885771955
xg2,797,0.8434234006083554,0.806060606060606,0.0668049877023249,0.08833251276091882
xg2,798,0.869996228172424,0.9030303030303031,0.06301023308675999,0.08034902718638427
xg2,799,0.8554170191579424,0.9030303030303031,0.06452723779558596,0.07721908484584297
xg2,800,0.8919826605366952,0.9030303030303031,0.05346758563191105,0.06064516730446345
xg2,801,0.8854283337134504,0.9151515151515152,0.04844695570463976,0.05824864872531521
xg2,802,0.9162272610583668,0.8787878787878788,0.05043171779994889,0.06754773764161778
xg2,803,0.8577364978579313,0.8909090909090909,0.08098377928998238,0.10089603154806491
xg2,804,0.9265221680419821,0.8787878787878788,0.04269807771533776,0.04656292780528976
xg2,805,0.8449053177181487,0.8303030303030303,0.06814358869175843,0.0842272029382448
xg2,806,0.8346532563187562,0.8424242424242424,0.07024706142641032,0.07811356775066196
xg2,807,0.8710265031750358,0.8303030303030303,0.058799930108117904,0.06866629678639036
xg2,808,0.9159173628523329,0.8666666666666667,0.041235757919904206,0.047766422283375416
xg2,809,0.8772495252833831,0.8787878787878788,0.052469646822507696,0.05882735229609147
xg2,810,0.9467214948664928,0.9151515151515152,0.06244826558832648,0.0724119834578866
xg2,811,0.7951737327449205,0.7212121212121212,0.060889430924693885,0.07321450856560928
xg2,812,0.9303139963005483,0.9515151515151515,0.06299680693947268,0.06960738775720413
xg2,813,0.8118922933159463,0.806060606060606,0.06871372995697708,0.0856737716310253
xg2,814,0.8019679779714538,0.7575757575757576,0.09045179691579706,0.11690197298896238
xg2,815,0.8953542466484866,0.9515151515151515,0.06268045012289945,0.07726147089511472
xg2,816,0.9698149957425203,0.9636363636363636,0.021392463684773495,0.032302806019902056
xg2,817,0.9736983366775324,0.9878787878787879,0.027626129559854367,0.03373358038706429
xg2,818,0.9646401279165007,0.9393939393939394,0.044664468036299,0.052514063953102444
xg2,819,0.7602255926269815,0.7575757575757576,0.08399579938721184,0.10369743643522085
xg2,820,0.8808491133382944,0.8666666666666667,0.05234654397188774,0.06318045518695509
xg2,821,0.9231455413748804,0.9393939393939394,0.04233414811301197,0.05051554691965929
xg2,822,0.8169356938863801,0.8787878787878788,0.0671396124842277,0.07691463978120042
xg2,823,0.8594411115616707,0.8303030303030303,0.05605489118598089,0.07808320239059996
xg2,824,0.9168365716913909,0.9272727272727272,0.08052150123050399,0.09300941428409995
xg2,825,0.9465998380139381,0.9151515151515152,0.046019660319308625,0.054267191395969167
xg2,826,0.7883116399834724,0.7454545454545455,0.07395296268726533,0.08536694975440874
xg2,827,0.9717047727863481,0.9030303030303031,0.05427160671088917,0.05974996969299754
xg2,828,0.9683454530692249,0.9393939393939394,0.036547172348523844,0.04415424346784949
xg2,829,0.9476769569263876,0.9515151515151515,0.033916075792809516,0.04105408196727717
xg2,830,0.79019298354237,0.7454545454545455,0.06383489735739425,0.0780261500819887
xg2,831,0.8937158554809139,0.8787878787878788,0.07921727651892939,0.09598951286982661
xg2,832,0.8580373794044587,0.8909090909090909,0.05356077958799064,0.06172252421797449
xg2,833,0.8797481516569572,0.8787878787878788,0.04852629812836811,0.058984544061540675
xg2,834,0.94188587991366,0.9393939393939394,0.05988152194650531,0.07120449822147831
xg2,835,0.8867732590470613,0.8545454545454545,0.05754828330619569,0.06471488392940629
xg2,836,0.8080659425649453,0.7696969696969697,0.10330191847240873,0.11961703376262608
xg2,837,0.8400484043575399,0.8545454545454545,0.05806656934706542,0.07715785701342816
xg2,838,0.8806258937915538,0.9272727272727272,0.06791516774448728,0.074743434750575
xg2,839,0.8196735512631511,0.7575757575757576,0.06281127043549276,0.0735872332031903
xg2,840,0.9220894590309657,0.8909090909090909,0.03669894009288157,0.05553114450473459
xg2,841,0.8427313976946973,0.8181818181818182,0.059870034725180744,0.06278215109298421
xg2,842,0.8460165462106436,0.793939393939394,0.06276150736323154,0.06925363525096706
xg2,843,0.9048693249581403,0.8666666666666667,0.04755797988180514,0.05542553926401752
xg2,844,0.9052378729157328,0.8545454545454545,0.04861107091587028,0.05560450923387647
xg2,845,0.8306487232385916,0.7454545454545455,0.06422976836486417,0.08573403808901145
xg2,846,0.8864813413881791,0.9515151515151515,0.03996295552000291,0.05668242860490606
xg2,847,0.6888707340887221,0.6484848484848484,0.08094102150279962,0.10015773581730157
xg2,848,0.8991619657778339,0.9151515151515152,0.05983906499186246,0.07054481172653215
xg2,849,0.9502488468848034,0.9636363636363636,0.031023584433961155,0.03952134842434825
xg2,850,0.8936086034958352,0.9030303030303031,0.0459373201939429,0.05324941714832517
xg2,851,0.603020008923263,0.5757575757575758,0.0947770673954897,0.11327387229238914
xg2,852,0.9610568879074621,0.9393939393939394,0.038151346110023035,0.04794636272584261
xg2,853,0.9211356569175084,0.9151515151515152,0.037635158914112704,0.05004820149752123
xg2,854,0.8631651783980641,0.806060606060606,0.05468940026115228,0.06152147073374125
xg2,855,0.8155258244279643,0.8181818181818182,0.0654347287309838,0.07903745870379819
xg2,856,0.8409197738918287,0.8424242424242424,0.05453752297612222,0.06719259817233683
xg2,857,0.830705503881397,0.8181818181818182,0.0559204956066772,0.06686972434707987
xg2,858,0.7913829516332832,0.7696969696969697,0.06401459797594049,0.07538512641508792
xg2,859,0.8271133521316026,0.7454545454545455,0.05970499846523978,0.07246534586510013
xg2,860,0.8297421766262805,0.8909090909090909,0.06873431972952332,0.08806713558295556
xg2,861,0.8887312176753084,0.9030303030303031,0.05475268585413443,0.06376980295999592
xg2,862,0.8244151220332595,0.8424242424242424,0.0940661139079769,0.11783164101086266
xg2,863,0.9338924001286475,0.9515151515151515,0.0488469620417467,0.06095226021191487
xg2,864,0.8001256614031528,0.7454545454545455,0.07801293555830688,0.08988267553477111
xg2,865,0.8910877197149878,0.9272727272727272,0.04186191686446529,0.05282755159003716
xg2,866,0.8860331948396302,0.9272727272727272,0.05095695267196605,0.05995309792298284
xg2,867,0.8329927293291558,0.8666666666666667,0.08191810567639905,0.09533776908097935
xg2,868,0.7674859288973558,0.8424242424242424,0.09132931956859873,0.1034181371342269
xg2,869,0.8541126387789783,0.8666666666666667,0.05682527769176067,0.0667043159040374
xg2,870,0.9937679663863348,0.9515151515151515,0.011410337245969893,0.016419015992774483
xg2,871,0.9269660602622979,0.8424242424242424,0.05745508389832332,0.06943241081283948
xg2,872,0.9056540227453659,0.8303030303030303,0.04651550464867682,0.05819362593501016
xg2,873,0.7239992747446335,0.5757575757575758,0.07179917633346213,0.10484384907369605
xg2,874,0.885136492651475,0.9151515151515152,0.04839366861422083,0.05589153950440354
xg2,875,0.7481331330928465,0.696969696969697,0.07490335723507453,0.08555370785833026
xg2,876,0.9348987107411999,0.9515151515151515,0.06969547758017501,0.0807177936341174
xg2,877,0.7408383188002811,0.9030303030303031,0.05864333910947532,0.08918361369831794
xg2,878,0.8575144750031851,0.9151515151515152,0.06416612083247344,0.07287744455332741
xg2,879,0.942094690398382,0.9272727272727272,0.05405932951384786,0.0627015582102805
xg2,880,0.8929821902756158,0.8787878787878788,0.0490438083835819,0.05941436972021754
xg2,881,0.7909902572205867,0.7575757575757576,0.06534665791047929,0.07893958026076676
xg2,882,0.7946388078523616,0.7696969696969697,0.07083416534992393,0.07925323384424092
xg2,883,0.9388625323136846,0.9515151515151515,0.034110510263913235,0.042104244152031345
xg2,884,0.8519374314505896,0.8545454545454545,0.0625058762358899,0.07035918490320259
xg2,885,0.943704894116841,0.8909090909090909,0.04194770928512369,0.05234881145818792
xg2,886,0.8463104576599917,0.9151515151515152,0.05782998459233105,0.07194951299565827
xg2,887,0.9123500277837907,0.9030303030303031,0.04168805340425266,0.05213513543070335
xg2,888,0.866144773424194,0.8545454545454545,0.04760528611989477,0.06529055868950862
xg2,889,0.8865511882515958,0.8424242424242424,0.060782802153170015,0.07256493003277398
xg2,890,0.9205580160151117,0.9151515151515152,0.04673676825931827,0.05764158350863053
xg2,891,0.8995661774995426,0.9151515151515152,0.04992020413801817,0.06575318246289011
xg2,892,0.9115907687436486,0.9272727272727272,0.06316917349800426,0.07102960924836604
xg2,893,0.956923164583061,0.8787878787878788,0.027274243502721042,0.03350117815882424
xg2,894,0.8249125311013759,0.8666666666666667,0.05910774914716906,0.07805021625818018
xg2,895,0.9538381876436969,0.9030303030303031,0.030356506821438162,0.03647253591281635
xg2,896,0.8781330468956093,0.806060606060606,0.04582661207376591,0.06520675011077486
xg2,897,0.8709262891584029,0.8909090909090909,0.061774157061011095,0.07972615968951449
xg2,898,0.9712249917465069,0.9272727272727272,0.024072451769481373,0.030512442491843633
xg2,899,0.9647749035624755,0.9151515151515152,0.036966269941793445,0.04345773884433951
xg2,900,0.9087867993141024,0.9515151515151515,0.04894531578301957,0.0673488052439526
xg2,901,0.7586063228663449,0.7696969696969697,0.0800355132386152,0.08871169918949719
xg2,902,0.9616853758752284,0.9636363636363636,0.026316324901750548,0.030600723186484317
xg2,903,0.8460959496096047,0.8545454545454545,0.05489075473229884,0.06715340419406861
xg2,904,0.9616477605874408,0.9393939393939394,0.039078501669196866,0.043577587287986615
xg2,905,0.8750474002909446,0.793939393939394,0.04507766201986059,0.06017684915484192
xg2,906,0.726590719527168,0.7090909090909091,0.06923271015452293,0.08468701193098192
xg2,907,0.8314274738861219,0.793939393939394,0.06313930944680199,0.07240549847557651
xg2,908,0.8172590326517162,0.793939393939394,0.052864695963780364,0.07055523300967904
xg2,909,0.7875245862127715,0.8424242424242424,0.06633793414079207,0.08474930555971588
xg2,910,0.9311548301892506,0.9636363636363636,0.03433810646072193,0.049973904825982456
xg2,911,0.9382987452870628,0.8787878787878788,0.07146818344421886,0.08081406333589587
xg2,912,0.8960639591638438,0.9151515151515152,0.04255981436952903,0.053168170071913545
xg2,913,0.8083151388214261,0.793939393939394,0.10818542547472054,0.12302791613473488
xg2,914,0.9460677860377386,0.8666666666666667,0.0421371026770985,0.052072029848738266
xg2,915,0.9297515301289436,0.9272727272727272,0.05578409644660839,0.0652546362672557
xg2,916,0.8838204962036988,0.8545454545454545,0.061328580183326875,0.06755435681508384
xg2,917,0.7151407003176399,0.8787878787878788,0.11148023260911141,0.12530124755064573
xg2,918,0.8430521424689503,0.8545454545454545,0.05087465801293332,0.0706668787842646
xg2,919,0.811991172345259,0.8545454545454545,0.07330673385861752,0.09566599274603158
xg2,920,0.9467330216639246,0.9030303030303031,0.03595305677188252,0.0430978058487987
xg2,921,0.8814584570313516,0.8666666666666667,0.05037209140501118,0.055810933665773575
xg2,922,0.9450787568507175,0.9151515151515152,0.03213845157675192,0.04339463335710244
xg2,923,0.7128635396180804,0.806060606060606,0.07719919704552204,0.11099726155829492
xg2,924,0.6291402546142452,0.5272727272727272,0.09171768523155613,0.10824874078898548
xg2,925,0.8931117437271489,0.8787878787878788,0.0657031878363492,0.07352728397263773
xg2,926,0.7973653540584743,0.7090909090909091,0.061036555751296406,0.07313941777270859
xg2,927,0.931032133100653,0.9030303030303031,0.04831271174663847,0.05526281355560454
xg2,928,0.9347522437238188,0.9151515151515152,0.04472427750828375,0.05450298778403261
xg2,929,0.7681731406537664,0.7090909090909091,0.06398850893556904,0.07851010150624448
xg2,930,0.8732079295770571,0.8787878787878788,0.05826112624905923,0.07063958207150267
xg2,931,0.9527015648312723,0.9515151515151515,0.04429662233109045,0.046687052712428165
xg2,932,0.8843532345733439,0.8303030303030303,0.07054961801488208,0.08007557923254582
xg2,933,0.9546482686031964,0.9393939393939394,0.043247130971776036,0.05471965339349217
xg2,934,0.9465671070140121,0.9636363636363636,0.03543895354492458,0.047355665605907205
xg2,935,0.7283639220074274,0.7212121212121212,0.07991638883505829,0.08880521992879936
xg2,936,0.8560922554529139,0.8545454545454545,0.0626669910569537,0.07145339550804913
xg2,937,0.8329019681147962,0.7090909090909091,0.06812151057356572,0.0812699584898019
xg2,938,0.9206187258643518,0.9515151515151515,0.03424398918619718,0.04582034123525885
xg2,939,0.7855354871632784,0.8545454545454545,0.07176539843729665,0.08748228635714038
xg2,940,0.8327382942415644,0.8545454545454545,0.061911916785415945,0.07581101819452044
xg2,941,0.865159668094924,0.8303030303030303,0.05983010141098327,0.06587127857667527
xg2,942,0.7180218533083399,0.7575757575757576,0.07785099861480174,0.09794038598613669
xg2,943,0.915323686071438,0.9151515151515152,0.06007982994001175,0.07027554060187327
xg2,944,0.8917975258094003,0.8787878787878788,0.061513699195139035,0.06489087413714195
xg2,945,0.9757286259486161,0.9272727272727272,0.06101738946582332,0.07356405798343923
xg2,946,0.8612528629938003,0.8545454545454545,0.06694553536753584,0.08100605831310828
xg2,947,0.8918306793914805,0.9151515151515152,0.048175053771523056,0.05614672208175401
xg2,948,0.8830780128777991,0.793939393939394,0.05776589837591173,0.06878593904673981
xg2,949,0.8320699552809654,0.8424242424242424,0.04801900907847567,0.06511579402382327
xg2,950,0.7913739533684969,0.7333333333333333,0.059664043577129976,0.08114675686052028
xg2,951,0.8116209577513607,0.8424242424242424,0.05893228786579492,0.07363894924313433
xg2,952,0.8755246210470741,0.9151515151515152,0.05017082987442826,0.06753570378173403
xg2,953,0.9511985301730861,0.9393939393939394,0.03258005203410952,0.03832958118083008
xg2,954,0.776518789045433,0.7333333333333333,0.07966079280380862,0.09896562599775102
xg2,955,0.5747387913278383,0.6,0.10030889380597537,0.11414787076838918
xg2,956,0.7145982908324442,0.5636363636363636,0.07697572684531147,0.09663486023205485
xg2,957,0.9664047058033446,0.9636363636363636,0.031475941693836156,0.040378733779952235
xg2,958,0.7394208976399997,0.6727272727272727,0.07569064747758844,0.10251457819570392
xg2,959,0.714352504638497,0.5151515151515151,0.07644941810236577,0.09910346803714196
xg2,960,0.8958596738868712,0.8787878787878788,0.04560200425003781,0.05061532825992131
xg2,961,0.908738523953102,0.9030303030303031,0.06248815408453283,0.07849734095776488
xg2,962,0.8207887666938612,0.8303030303030303,0.07073969882677253,0.08441829048478978
xg2,963,0.85123852460004,0.8545454545454545,0.07142265081420476,0.08361551716359053
xg2,964,0.9403371493211418,0.9151515151515152,0.037204251318353206,0.04810707066179299
xg2,965,0.8837461550033288,0.9272727272727272,0.050878932608145376,0.056563244803647585
xg2,966,0.8844893281724351,0.9030303030303031,0.056514826124834605,0.06870087108447105
xg2,967,0.8736682859736274,0.8303030303030303,0.0642572628648874,0.08065654675521115
xg2,968,0.9647997179045021,0.9272727272727272,0.027874981953409917,0.03163898602923691
xg2,969,0.792103845939893,0.806060606060606,0.06821390552605552,0.0823907232612308
xg2,970,0.8933087148252956,0.793939393939394,0.05341355689315286,0.07179025905863347
xg2,971,0.9219413366539421,0.9151515151515152,0.06085749717382709,0.07637439564524538
xg2,972,0.9702906600927133,0.9393939393939394,0.02313994741713582,0.027852646896413306
xg2,973,0.8923174464087023,0.8787878787878788,0.0501880130650052,0.060341626330267614
xg2,974,0.890205023255187,0.9151515151515152,0.048319168453512945,0.056737873182709175
xg2,975,0.9118650987796254,0.9272727272727272,0.04045580992050908,0.050541606174227566
xg2,976,0.951112735107838,0.9393939393939394,0.02894611137670311,0.0353845009009276
xg2,977,0.883425370261682,0.8303030303030303,0.05733824275466186,0.06957124412116711
xg2,978,0.7875240483899355,0.7090909090909091,0.07584095804791562,0.08452203242500146
xg2,979,0.8231611141213107,0.8545454545454545,0.07257922938633926,0.08431365062583819
xg2,980,0.894206885141507,0.9030303030303031,0.07106901219577946,0.08776510782440144
xg2,981,0.9276800964161922,0.8666666666666667,0.04442323345931525,0.05246506638329805
xg2,982,0.925554023923509,0.9272727272727272,0.037662871313761906,0.04858449145661653
xg2,983,0.9390980021319353,0.9515151515151515,0.03800472700820414,0.04624923222211136
xg2,984,0.8981686882246493,0.9272727272727272,0.0454678564181984,0.05157131923978333
xg2,985,0.9008941268161056,0.8787878787878788,0.04139976250618659,0.05093910143517439
xg2,986,0.7733747028119161,0.6848484848484848,0.086042972493846,0.10947137488466047
xg2,987,0.8788093345814877,0.9272727272727272,0.0512692625644698,0.057786065597419986
xg2,988,0.8772743854456806,0.8909090909090909,0.05768541046239177,0.0723214331918158
xg2,989,0.7386580514681164,0.7818181818181819,0.07882887865689452,0.09239515433659122
xg2,990,0.8078654731584594,0.793939393939394,0.06707820889268996,0.08259876344974341
xg2,991,0.9728516208196736,0.9393939393939394,0.05115116652102976,0.0557550552637813
xg2,992,0.7716729564220933,0.793939393939394,0.06632113935433351,0.08815994561227453
xg2,993,0.9433660929516788,0.9151515151515152,0.050610007722549234,0.0600094400843413
xg2,994,0.774347818145264,0.6727272727272727,0.07073364691926645,0.07892128320186641
xg2,995,0.8943522895338479,0.8909090909090909,0.049836683823721056,0.05638068942609198
xg2,996,0.7776437801318682,0.8787878787878788,0.07680994054221986,0.09523935562316417
xg2,997,0.9029682123207199,0.8787878787878788,0.043887155017987886,0.055948574020536414
xg2,998,0.825889373862613,0.7818181818181819,0.07023737103181489,0.08210660535314614
xg2,999,0.8640790317515871,0.8181818181818182,0.06405363479781381,0.07182092215312107
xg4,0,0.7843854740131273,0.8181818181818182,0.08949880999172015,0.09850642820159322
xg4,1,0.5729818131667107,0.696969696969697,0.058174514280025034,0.06577383895439343
xg4,2,0.4563382831696487,0.47878787878787876,0.07369544755516144,0.0893923214639626
xg4,3,0.7057581630837505,0.7575757575757576,0.04551449657112074,0.05173660393451602
xg4,4,0.5302051127591584,0.41818181818181815,0.06335354161832958,0.07614614219118454
xg4,5,0.5770555500301807,0.7333333333333333,0.05820040441126488,0.0663798398999788
xg4,6,0.5275040097071712,0.4909090909090909,0.07351804828972872,0.08505367604953233
xg4,7,0.7756211726202765,0.6727272727272727,0.03534240470197679,0.04360576459372765
xg4,8,0.6176312919058472,0.6,0.056514928759830954,0.06627976283493299
xg4,9,0.5032528220316316,0.45454545454545453,0.06290861742042855,0.07393448807044121
xg4,10,0.6767575586957473,0.696969696969697,0.05709148169890434,0.07370093462646561
xg4,11,0.7217541563362494,0.7575757575757576,0.05025482000881498,0.059392808475326964
xg4,12,0.6887783653528802,0.8181818181818182,0.04304119797658058,0.04802152185063329
xg4,13,0.8193259879312557,0.7696969696969697,0.04758125082106535,0.06164065881261046
xg4,14,0.24127625825534257,0.2,0.08767728918801533,0.09954316473186392
xg4,15,0.6285118469642598,0.6242424242424243,0.05330123218714019,0.06053444418054203
xg4,16,0.733956511033757,0.7212121212121212,0.051648269727334585,0.06004450438468352
xg4,17,0.572661275882899,0.6,0.058084829479650525,0.062108107744711746
xg4,18,0.6832213133189072,0.7333333333333333,0.07146580111021164,0.08660910239038765
xg4,19,0.5083883283659165,0.503030303030303,0.056659806467171746,0.06528153983015443
xg4,20,0.8570898158455073,0.793939393939394,0.02591346221548817,0.03571709779540485
xg4,21,0.8909171008471234,0.8181818181818182,0.031804757687550145,0.03668788765360688
xg4,22,0.4878784101275222,0.6606060606060606,0.05943415736986133,0.0727573504909992
xg4,23,0.710926915477443,0.7212121212121212,0.045992208496429696,0.05916139838376706
xg4,24,0.657285522584069,0.7090909090909091,0.042205458965633026,0.055764050292087475
xg4,25,0.7166721479112863,0.7212121212121212,0.058239253551469125,0.06875834677358525
xg4,26,0.5622082776067145,0.6,0.05536128919587087,0.06771090357836627
xg4,27,0.8498484646370786,0.7575757575757576,0.030121138567539386,0.0365873941603444
xg4,28,0.7555812823499622,0.8303030303030303,0.04783771618275632,0.06025127883368034
xg4,29,0.7597369663997183,0.8303030303030303,0.04086988491443091,0.05089201459526032
xg4,30,0.08904040918243931,0.006060606060606061,0.11264070198429885,0.14253091485166183
xg4,31,0.6645958666086608,0.7212121212121212,0.057998316190159695,0.06356659748313583
xg4,32,0.30220923603498095,0.28484848484848485,0.07822092375792783,0.0953849882740027
xg4,33,0.40233742906806236,0.47878787878787876,0.07865291310623611,0.08898045728455185
xg4,34,0.6535022979868351,0.5393939393939394,0.04406289888164839,0.057161506866291685
xg4,35,0.7928164025436404,0.7212121212121212,0.05321439843187796,0.06769958973977888
xg4,36,0.6043942757842781,0.6121212121212121,0.04941946960551024,0.06071529900135162
xg4,37,0.6774741977465732,0.7212121212121212,0.049151977491781955,0.05619767780997857
xg4,38,0.6563887396437699,0.806060606060606,0.06366502709665536,0.0836878934520502
xg4,39,0.7052507303992935,0.7333333333333333,0.048731774433947564,0.058678068069940685
xg4,40,0.7038798354683943,0.793939393939394,0.044580798438706194,0.05211168739569553
xg4,41,0.29827442476637844,0.3090909090909091,0.07414675620605085,0.0955094997417024
xg4,42,0.7965472680449068,0.6848484848484848,0.04210406149427382,0.05447749592733849
xg4,43,0.748609376736603,0.6606060606060606,0.07027746684673551,0.08438878417537535
xg4,44,0.5707747421144641,0.6606060606060606,0.05598811617066477,0.0665093187718411
xg4,45,0.42151381005883337,0.23636363636363636,0.08132530335372949,0.09512269963779064
xg4,46,0.8010709411250403,0.8303030303030303,0.036584772482010225,0.039844743482832776
xg4,47,0.7237133525331518,0.7090909090909091,0.04153637827435702,0.04817631909225779
xg4,48,0.3750030600728405,0.2606060606060606,0.07122619928774696,0.08514757082849549
xg4,49,0.6404791979027685,0.7454545454545455,0.06264795174249661,0.07802315122682281
xg4,50,0.6350949462543065,0.6727272727272727,0.06305764611683509,0.07674956460582448
xg4,51,0.5860570187706357,0.7090909090909091,0.08129613889733461,0.0884374169464392
xg4,52,0.8678440188133135,0.8545454545454545,0.03973153804897441,0.046452861481835264
xg4,53,0.5161833182481029,0.47878787878787876,0.057050115919992005,0.06591420559749032
xg4,54,0.5767210331395999,0.6242424242424243,0.06098677100004226,0.06797056900414294
xg4,55,0.624144847490416,0.7090909090909091,0.052395598837940184,0.059541594399647894
xg4,56,0.4016409374168534,0.3212121212121212,0.07208379499270481,0.08443077371069878
xg4,57,0.24643634916468948,0.28484848484848485,0.07759752785160709,0.10742108193347369
xg4,58,0.9082179790753454,0.9030303030303031,0.04765004022893542,0.051331996680822944
xg4,59,0.4257842082425878,0.5272727272727272,0.08623217525977118,0.1133896536256367
xg4,60,0.6297864011822154,0.4909090909090909,0.047090937827706035,0.054826976233597
xg4,61,0.33025325099838193,0.3575757575757576,0.0764104048390399,0.08948272932206545
xg4,62,0.8659426220059867,0.806060606060606,0.046827417223324536,0.05398869018542722
xg4,63,0.7688057604216287,0.6606060606060606,0.034348428727649344,0.04991775062461503
xg4,64,0.8716901078484705,0.8303030303030303,0.0390785817308769,0.04859857765111506
xg4,65,0.6433147954935893,0.7090909090909091,0.05920833469657401,0.0659279157518788
xg4,66,0.5986625004689751,0.5272727272727272,0.0638663167105671,0.06959865168232245
xg4,67,0.8485016851873651,0.8909090909090909,0.039975608334306446,0.048716978539340455
xg4,68,0.9469410554096982,0.8545454545454545,0.022396495229370768,0.03010680641306153
xg4,69,0.44342346935159543,0.6,0.0678462086218374,0.09446289018926819
xg4,70,0.7652414106897376,0.7454545454545455,0.06912224294068688,0.07860402939271846
xg4,71,0.7169853692973354,0.7575757575757576,0.06487547447509365,0.07926139044178723
xg4,72,0.847714818360998,0.8181818181818182,0.037076122695264564,0.04668759406944489
xg4,73,0.3543750592401963,0.3333333333333333,0.08714150246943246,0.11155762727997508
xg4,74,0.3823335058860378,0.2727272727272727,0.07884123841213252,0.09195299020897955
xg4,75,0.5907895800287194,0.6727272727272727,0.05660981579299375,0.07493828827701698
xg4,76,0.684044694698504,0.6121212121212121,0.042589653153903645,0.05795702360976969
xg4,77,0.7295926348157172,0.7454545454545455,0.042091510461435555,0.04910917755872079
xg4,78,0.8784251253318406,0.8181818181818182,0.02614812292841645,0.03283042670280803
xg4,79,0.9453400365664714,0.8666666666666667,0.03818856382704567,0.04395621110462104
xg4,80,0.63002348254995,0.6727272727272727,0.049568175013820985,0.05614110861373157
xg4,81,0.8441329912856372,0.7575757575757576,0.036217949669792984,0.04212825766590111
xg4,82,0.26361853530255636,-0.006060606060606061,0.08902045679719173,0.09728598873861014
xg4,83,0.3718054329967886,0.10303030303030303,0.07449514420197953,0.09124874210601444
xg4,84,0.6289664714531686,0.696969696969697,0.06553139002982489,0.07532104417620054
xg4,85,0.3909483070029387,0.23636363636363636,0.07937362054996222,0.08983185552199884
xg4,86,0.5318401099129956,0.6121212121212121,0.059689461558632154,0.08480433644971933
xg4,87,0.3633595380252962,0.47878787878787876,0.07638994547900387,0.08639272907292896
xg4,88,0.19420695716376077,-0.030303030303030304,0.09518133680005732,0.10592407857919131
xg4,89,0.6120160377773989,0.5636363636363636,0.048332215989950925,0.05922855591134927
xg4,90,0.6980077987980109,0.7212121212121212,0.050373242185592304,0.06300192358208954
xg4,91,0.5148865388003382,0.4909090909090909,0.08557502851034218,0.10105063854269203
xg4,92,0.8003940087555,0.7090909090909091,0.06549215618359268,0.07475845292139877
xg4,93,0.8503362016918187,0.8666666666666667,0.05055086398970084,0.05813290095144407
xg4,94,0.7543091362191278,0.7090909090909091,0.04226430354412399,0.04746553202476709
xg4,95,0.7514257997060584,0.793939393939394,0.046257955974118144,0.05871808725327899
xg4,96,0.5880921845848218,0.5878787878787879,0.06415626281456215,0.07881352449329974
xg4,97,0.18650098708987564,0.17575757575757575,0.09239732326063597,0.12293166501007728
xg4,98,0.9231461297010288,0.8181818181818182,0.03149400967099318,0.035594851413474446
xg4,99,0.8891202525580663,0.8424242424242424,0.02527263952473714,0.030304937785133792
xg4,100,0.7560649133122459,0.6848484848484848,0.03943714614223019,0.04580247054640829
xg4,101,0.7386850354597871,0.7090909090909091,0.04242139342087523,0.04995982488588107
xg4,102,0.47656426278199,0.38181818181818183,0.0691585096618538,0.07420486774110344
xg4,103,0.4092364851670293,0.5515151515151515,0.08378730223659507,0.10603167671819037
xg4,104,0.32299256276210064,0.2727272727272727,0.07311102257095337,0.09354399397434873
xg4,105,0.5896500028127336,0.503030303030303,0.05928879067876016,0.07386382535226428
xg4,106,0.7391317180873356,0.7696969696969697,0.042253388588852865,0.052711383146592614
xg4,107,0.6237413434563644,0.6121212121212121,0.04986608514890999,0.058055144661973576
xg4,108,0.29875524594716396,0.44242424242424244,0.07589498538387567,0.11126825327515087
xg4,109,0.47651930712337254,0.5151515151515151,0.06074282441598624,0.07216490073690149
xg4,110,0.7338627097023708,0.6363636363636364,0.04568176970729958,0.05927882289178431
xg4,111,0.5192186159352703,0.5878787878787879,0.06558670136540581,0.0712529248894871
xg4,112,0.8776156901563712,0.7818181818181819,0.030268071512423157,0.03350082138958993
xg4,113,0.2043983359158876,0.2,0.09102517402657104,0.10213631302209723
xg4,114,0.8120639048200146,0.8303030303030303,0.03368887968656068,0.04560099948428854
xg4,115,0.6311943408763092,0.6727272727272727,0.04271452133757729,0.06032379273329375
xg4,116,0.9052988576555475,0.8424242424242424,0.021517403344625458,0.028128278309698208
xg4,117,0.4360381190707727,0.5878787878787879,0.06682915516017758,0.07810573857502885
xg4,118,0.5903143873956281,0.6606060606060606,0.06027387097697852,0.0727109920005495
xg4,119,0.8221404261297007,0.8303030303030303,0.03945303272869312,0.0540816226950364
xg4,120,0.7623831738476669,0.806060606060606,0.03557204343513882,0.045728300789345706
xg4,121,0.6269244453851442,0.6242424242424243,0.052662237490862684,0.0601400839724955
xg4,122,0.608370839157145,0.6,0.05200355337084883,0.06014159808952676
xg4,123,0.6908230319372818,0.793939393939394,0.055099835043663135,0.07253920305798395
xg4,124,0.74619203581683,0.7575757575757576,0.06161873814222827,0.07339739569926725
xg4,125,0.5492822542070082,0.41818181818181815,0.05130309286670829,0.06765341198409988
xg4,126,0.8127584203960722,0.696969696969697,0.029592135473110265,0.039002860221179464
xg4,127,0.7128669127332204,0.7454545454545455,0.044561457198816365,0.05853656755860692
xg4,128,0.3836430221033719,0.3939393939393939,0.07975537734775498,0.09553595790084107
xg4,129,0.2604626745018202,0.3333333333333333,0.08318098071950424,0.1033597774199377
xg4,130,0.5162984286907987,0.47878787878787876,0.07206933063906627,0.08688759399627373
xg4,131,0.6533012399301874,0.45454545454545453,0.05709259089497094,0.07410241599689871
xg4,132,0.5903436396490326,0.6727272727272727,0.067718100507801,0.08594960961139618
xg4,133,0.5537954477791398,0.6,0.0629414266063032,0.0839419292969158
xg4,134,0.9425723389755309,0.9272727272727272,0.02444157084831445,0.028658567320271874
xg4,135,0.6526170720818447,0.7454545454545455,0.05886077970285044,0.07141680529036225
xg4,136,0.6722900097521817,0.6242424242424243,0.06657173880242855,0.07490058120286887
xg4,137,0.8305664403009768,0.8181818181818182,0.030482437108715434,0.040127655383650505
xg4,138,0.4902197907534655,0.3696969696969697,0.05326607703869468,0.06988216639669852
xg4,139,0.5778036538042953,0.6848484848484848,0.06432434825500045,0.07738733253323135
xg4,140,0.5570111221780778,0.503030303030303,0.049425781711743645,0.06410836303366668
xg4,141,0.5318441936612064,0.503030303030303,0.06170069135763293,0.07176484096473408
xg4,142,0.6531279752965453,0.6606060606060606,0.047022311205895215,0.056325034571535156
xg4,143,0.41185083642740117,0.6,0.08075741545335477,0.09511021483605932
xg4,144,0.7434222979074561,0.7696969696969697,0.08551250798930052,0.09731776130392795
xg4,145,0.6513950944901948,0.696969696969697,0.08308052529943252,0.09749705814626086
xg4,146,0.5341755983643871,0.4909090909090909,0.06478251582873383,0.07915215196451524
xg4,147,0.7856671950917569,0.7575757575757576,0.05706949029947002,0.06916344071430676
xg4,148,0.6368984586657679,0.6,0.05278394087101048,0.06295332730598435
xg4,149,0.3406916772240395,0.45454545454545453,0.07976844975059642,0.09394602694941538
xg4,150,0.6303833200484616,0.6,0.053743887593196094,0.06185373006568339
xg4,151,0.662004178401267,0.6727272727272727,0.050863175261024664,0.057699225238362295
xg4,152,0.5668769509711626,0.5636363636363636,0.12764999669258906,0.14445405685033383
xg4,153,0.6688896770098286,0.5757575757575758,0.08419962222040409,0.09861597013259492
xg4,154,0.7785879096352833,0.7818181818181819,0.0652496889477961,0.07441879494867425
xg4,155,0.5440087264975417,0.5757575757575758,0.0677867890667747,0.08214006714588347
xg4,156,0.842050466911485,0.806060606060606,0.032653339333712963,0.03710251794274362
xg4,157,0.5931634589950667,0.34545454545454546,0.05036159818290723,0.06492074473287206
xg4,158,0.6968245785107063,0.806060606060606,0.04528829411162425,0.0527178451141364
xg4,159,0.7319123054422868,0.696969696969697,0.04827870565973832,0.056769151457022146
xg4,160,0.8198439744915379,0.7696969696969697,0.03964598885487215,0.044028638912123816
xg4,161,0.7271697816551294,0.7090909090909091,0.058223337481286296,0.07217957769578574
xg4,162,0.7709278770603389,0.806060606060606,0.0556939495057458,0.05916952079157121
xg4,163,0.7450642782573362,0.6606060606060606,0.0632544515403605,0.07809295437427738
xg4,164,0.4575685338092872,0.6242424242424243,0.06243621573749407,0.0727844956974261
xg4,165,0.6136051290172586,0.5878787878787879,0.056726001774819027,0.06001452375476468
xg4,166,0.8194613565491461,0.793939393939394,0.03489953429150712,0.038712613739236165
xg4,167,0.5677802614439232,0.45454545454545453,0.04756466855893389,0.06726128087405618
xg4,168,0.8539109298365885,0.7818181818181819,0.07040983837870193,0.07819490851660134
xg4,169,0.6335292367758389,0.7575757575757576,0.053808957897593525,0.06290247361955255
xg4,170,0.7451853128433289,0.8181818181818182,0.04794434440917922,0.05754177563530171
xg4,171,0.7070377051778045,0.7454545454545455,0.04257791826851237,0.05682647557912394
xg4,172,0.6567678739241536,0.6363636363636364,0.06433729100904981,0.08218583301492843
xg4,173,0.6827287210042767,0.6606060606060606,0.041717137419440706,0.05241766844216696
xg4,174,0.6894600714529836,0.6727272727272727,0.10270585785826888,0.1149307568164563
xg4,175,0.5589587651302089,0.5151515151515151,0.05674982640714057,0.06487841973694966
xg4,176,0.7358313460732541,0.6727272727272727,0.08386334764670829,0.09320654322836286
xg4,177,0.6543370364573663,0.6848484848484848,0.04306224325225655,0.057121404490091295
xg4,178,0.4818547718845683,0.6363636363636364,0.06296106284167785,0.08215995388398464
xg4,179,0.7763158646852009,0.806060606060606,0.041810655773306296,0.05161801385150745
xg4,180,0.44067221975554816,0.5757575757575758,0.07776782212914989,0.0827346378931927
xg4,181,0.45257422334293584,0.38181818181818183,0.07339453027295148,0.0846982342467996
xg4,182,0.8189644744410747,0.7818181818181819,0.029501142713002755,0.03753491544250748
xg4,183,0.8224915236153046,0.8303030303030303,0.03464410537049208,0.03910536679089869
xg4,184,0.6759696302838412,0.5757575757575758,0.043540774994496184,0.05768174592423673
xg4,185,0.7888844828951873,0.7454545454545455,0.040590355796340225,0.04644498388090472
xg4,186,0.8676442856332532,0.8424242424242424,0.048777553580675904,0.05504200684363889
xg4,187,0.7139834738295376,0.7818181818181819,0.04042017058693117,0.0496160187954211
xg4,188,0.9388692870567699,0.8787878787878788,0.01584632752167576,0.021587577960081778
xg4,189,0.6816425174253176,0.7333333333333333,0.06665746665781219,0.07699201270416094
xg4,190,-0.04375593830424993,0.07878787878787878,0.10333732386054514,0.12458800810623176
xg4,191,0.4337953321890452,0.5151515151515151,0.04972222224637407,0.07209642885013232
xg4,192,0.563854841441241,0.503030303030303,0.06336707506170111,0.06849595958154084
xg4,193,0.5710587002373073,0.6121212121212121,0.0774964564953164,0.09482945223842183
xg4,194,0.5695782515804658,0.503030303030303,0.053097429724233126,0.07013095949176898
xg4,195,0.5633478140835378,0.5636363636363636,0.05509287070029985,0.07141791393329226
xg4,196,0.6597351252794909,0.6242424242424243,0.0707164065043906,0.08082821279640152
xg4,197,0.5359318429473258,0.6606060606060606,0.06631283101886716,0.08389796253435701
xg4,198,0.4783049592975898,0.5393939393939394,0.09808003117332013,0.1187724241741279
xg4,199,0.7573706222425991,0.7454545454545455,0.04246845158652461,0.04996965968810311
xg4,200,0.4472052553190797,0.18787878787878787,0.07875969743039399,0.11077911663287407
xg4,201,0.43042817233897146,0.47878787878787876,0.08007169161702951,0.09195330449703913
xg4,202,0.39493913801337616,0.44242424242424244,0.07128893947667476,0.08434672569667863
xg4,203,0.5440709627819857,0.47878787878787876,0.07086331525160464,0.08249899716346287
xg4,204,0.7229790120449828,0.7575757575757576,0.045492639853384795,0.052725157785196666
xg4,205,0.6484583201535611,0.6727272727272727,0.08611122902646726,0.09858038663767622
xg4,206,0.40428092435606594,0.23636363636363636,0.06650307905606663,0.08496775149155286
xg4,207,0.5716523191998086,0.6727272727272727,0.05008036882369564,0.0626067641141121
xg4,208,0.5677534436558639,0.6,0.048350881270755604,0.06194732125573949
xg4,209,0.6581199010672355,0.5515151515151515,0.044387004028421315,0.0573350493485101
xg4,210,0.6527275040988373,0.6484848484848484,0.06590847051215795,0.0780989275655063
xg4,211,0.9398020310801244,0.8787878787878788,0.023160794165549746,0.02879020771600089
xg4,212,0.7357913548207449,0.6848484848484848,0.04279774243854392,0.048046187917209285
xg4,213,0.5796947503125287,0.4303030303030303,0.0623235164019129,0.08383520205515847
xg4,214,0.6345348307732754,0.5151515151515151,0.06022080537717746,0.06652348401030089
xg4,215,0.8137980303507517,0.7575757575757576,0.07472183669687138,0.08430414700190565
xg4,216,0.6733576028266036,0.7575757575757576,0.05556312524445872,0.0687143672247198
xg4,217,0.6163122690198873,0.5151515151515151,0.05230007849107458,0.0633383154932572
xg4,218,0.4588947763069228,0.40606060606060607,0.05493560029514526,0.07189606859161653
xg4,219,0.24288068481727793,0.11515151515151516,0.08089133633126959,0.09482314565425178
xg4,220,0.7144235127015781,0.7575757575757576,0.04552366640109863,0.06849639660308342
xg4,221,0.5884198373556546,0.5272727272727272,0.0535484060483312,0.06452608445779455
xg4,222,0.5924862495019783,0.6242424242424243,0.0666162332282362,0.08097387841543775
xg4,223,0.7916036418804152,0.7575757575757576,0.04770487517660839,0.0589804028374712
xg4,224,0.3562965753140363,0.3212121212121212,0.0661015743994354,0.0834407357355246
xg4,225,0.7216236699909142,0.7212121212121212,0.053730769537026414,0.06399211114102256
xg4,226,0.7419383474845352,0.7818181818181819,0.03771568564667861,0.048029374243567784
xg4,227,0.7461752379441038,0.6848484848484848,0.04491201266997303,0.05845074363040063
xg4,228,0.566496035638479,0.45454545454545453,0.050663445735360135,0.06618401777763229
xg4,229,0.9181846192413596,0.8424242424242424,0.036375011333558346,0.04430094067049276
xg4,230,0.7957583091336689,0.7454545454545455,0.0685464645308066,0.07786223122822554
xg4,231,0.8570054942550485,0.8424242424242424,0.03284744906558989,0.03580963766413036
xg4,232,0.8169225477706233,0.8303030303030303,0.0350108522129974,0.0392248357778503
xg4,233,0.8076656695872759,0.806060606060606,0.03202627318774919,0.038945119467553135
xg4,234,0.6389607248631032,0.5515151515151515,0.05984729155783325,0.078408955924624
xg4,235,0.25725324380882814,0.16363636363636364,0.11784664445071828,0.13755856939255376
xg4,236,0.7104309344131245,0.7090909090909091,0.06725878722920711,0.08401263272158242
xg4,237,0.7430768954722833,0.6727272727272727,0.0372378351772695,0.04430416841674903
xg4,238,0.3842217725429312,0.4666666666666667,0.08719585831004537,0.11056290006404726
xg4,239,0.7705735463804904,0.7575757575757576,0.035970756252486843,0.04468240615874868
xg4,240,0.8591050069336088,0.8787878787878788,0.025960975796233902,0.03168792026838448
xg4,241,0.8542309263530985,0.7575757575757576,0.050140405794195375,0.0542182965953377
xg4,242,0.8875500604620434,0.8181818181818182,0.05835922982531002,0.06500156974016372
xg4,243,0.7953004429387049,0.8303030303030303,0.038207076975744804,0.04698740811847969
xg4,244,0.6511832268315181,0.7575757575757576,0.051558974575136196,0.057441849593295374
xg4,245,0.3474638172546227,0.24848484848484848,0.07427229708437433,0.08193295230519684
xg4,246,0.2333588055482697,0.07878787878787878,0.09024755422376911,0.10122676833335521
xg4,247,0.6484001694803032,0.7696969696969697,0.061963174015618384,0.06939988380906029
xg4,248,0.8267374983731546,0.8787878787878788,0.0301189385864283,0.04053235130148443
xg4,249,0.6029121418484773,0.7212121212121212,0.05119084410990293,0.0630808417540994
xg4,250,0.5923437025590947,0.5636363636363636,0.05372101288022095,0.06563739549117892
xg4,251,0.7966682864661391,0.7575757575757576,0.1015219598234733,0.11169182988988086
xg4,252,0.7495488979738105,0.7333333333333333,0.04922178836183614,0.05928479992272864
xg4,253,0.7302769428398783,0.8787878787878788,0.08121150242611841,0.08874377511309313
xg4,254,0.6756022635697947,0.6484848484848484,0.04379955677189376,0.055216472459767296
xg4,255,0.6694591654016887,0.696969696969697,0.04741818129183285,0.05532341371079829
xg4,256,0.6994465826243718,0.7212121212121212,0.05740936362737366,0.06261070582523877
xg4,257,0.43447201004622094,0.5151515151515151,0.08008315177959754,0.08717725595025329
xg4,258,0.8799973586643248,0.793939393939394,0.04336586139529171,0.050008743651851234
xg4,259,0.6265366736682954,0.4303030303030303,0.04450950376142182,0.061603963975270584
xg4,260,0.9258821550277826,0.9030303030303031,0.045185999765410816,0.051333526173748
xg4,261,0.5184481505639744,0.3333333333333333,0.06603153698637315,0.07597612388307308
xg4,262,0.45753399517903454,0.503030303030303,0.0817628410009364,0.08766322946442154
xg4,263,0.7125016438076128,0.7575757575757576,0.05976183879726597,0.07290402754359189
xg4,264,0.6644351571442872,0.696969696969697,0.0542051595467408,0.06192870720702204
xg4,265,0.512977551462488,0.7090909090909091,0.07032158370466011,0.08408984606411266
xg4,266,0.8461989778736022,0.8545454545454545,0.034227810030011505,0.037944520734470216
xg4,267,0.4592212077740308,0.47878787878787876,0.05656176344529371,0.07394486092116848
xg4,268,0.7870050842534536,0.7212121212121212,0.07591356645653022,0.08484125595876324
xg4,269,0.7322153287494293,0.7575757575757576,0.049103143839878544,0.05941870829805104
xg4,270,0.8336239540123364,0.806060606060606,0.0498805236948477,0.05429768319049649
xg4,271,0.6033688558145939,0.6121212121212121,0.09789327852582923,0.11276345576838231
xg4,272,0.17885593497107508,0.40606060606060607,0.09003640760611159,0.09872219714377868
xg4,273,0.745179729065473,0.6363636363636364,0.03722280897572609,0.04603376263399033
xg4,274,0.8269274277473903,0.8181818181818182,0.04736561546547303,0.055114082390912776
xg4,275,0.8403840844688725,0.8666666666666667,0.038159800100561754,0.04582477645553663
xg4,276,0.5963033270230773,0.47878787878787876,0.04651198382097333,0.059046744148928666
xg4,277,0.7090543186722563,0.7454545454545455,0.041336778888092354,0.05295515862416046
xg4,278,0.5112392892586861,0.3575757575757576,0.05578111725100743,0.07374637080911194
xg4,279,0.6840696456790395,0.6484848484848484,0.05231512535002948,0.06498073990594368
xg4,280,0.7687762121575291,0.7696969696969697,0.03571901505826769,0.043796732200970974
xg4,281,0.6876124213821172,0.7575757575757576,0.05419212209069023,0.0652760894340933
xg4,282,0.5432692914187285,0.4909090909090909,0.054969608427389696,0.06956464530614916
xg4,283,0.8824453669453408,0.7454545454545455,0.024684026921269614,0.03008336995920538
xg4,284,0.5638847351660511,0.41818181818181815,0.07088333582797068,0.08321567411181349
xg4,285,0.5565341398029872,0.503030303030303,0.05729141224068705,0.07399109946980809
xg4,286,0.6158256411235256,0.7090909090909091,0.05722299574291086,0.07102979578308306
xg4,287,0.010478376126094046,-0.006060606060606061,0.10595650822574228,0.1253488467710393
xg4,288,0.7242763580984115,0.7575757575757576,0.08178686047392725,0.09614796454450347
xg4,289,0.5843757250835715,0.5151515151515151,0.07067700863235098,0.08258394287520916
xg4,290,0.32926850493828097,0.44242424242424244,0.0689117491554502,0.09098252527239528
xg4,291,0.7561562800493542,0.8424242424242424,0.0549048201370141,0.06312996481878286
xg4,292,0.6241663902323323,0.6484848484848484,0.07718315718458016,0.09512135840279025
xg4,293,0.7184237275279045,0.7454545454545455,0.05714103172550509,0.069233195967413
xg4,294,0.7832880305870197,0.7818181818181819,0.03660322586962872,0.04197947604649846
xg4,295,0.7244108720103473,0.6242424242424243,0.05140227545832014,0.06586517323550556
xg4,296,0.6271071544350028,0.6606060606060606,0.059109141729599315,0.07479513415881571
xg4,297,0.7495238804176652,0.7212121212121212,0.05180133414570318,0.060743368018643135
xg4,298,0.6227900522093436,0.6606060606060606,0.0572916742389763,0.0640485507740883
xg4,299,0.7154957822378669,0.696969696969697,0.044448838432967284,0.058165897003122205
xg4,300,0.7754455072481129,0.793939393939394,0.05216863670019267,0.06331244813012918
xg4,301,0.6917727196680931,0.6363636363636364,0.05645184761608588,0.06987637984754766
xg4,302,0.722336305578334,0.806060606060606,0.038844365733404156,0.05139719536870462
xg4,303,0.6440354227653665,0.6,0.04045068141734573,0.061585483543784084
xg4,304,0.6373313430469758,0.6121212121212121,0.051077993546021674,0.0618565588732157
xg4,305,0.3677950887759976,0.44242424242424244,0.07746732658754302,0.0868394433943455
xg4,306,0.7131536328303422,0.6363636363636364,0.05978827519700651,0.06627055576618898
xg4,307,0.7750053699484318,0.7333333333333333,0.04081286316970892,0.054847528890112435
xg4,308,0.4752134078719373,0.40606060606060607,0.0626054470306513,0.07415620564394469
xg4,309,0.4525485371609372,0.503030303030303,0.05566074484336423,0.07407408092781984
xg4,310,0.671440651409422,0.5515151515151515,0.05814273406514807,0.06767166366287354
xg4,311,0.572761476207086,0.5636363636363636,0.045167812787430164,0.06824520518545549
xg4,312,0.427155188364463,0.28484848484848485,0.08453565568290655,0.09646412315154757
xg4,313,0.6293390274975177,0.6363636363636364,0.06242403114950755,0.06793413926074154
xg4,314,0.5817558778069454,0.5878787878787879,0.053378101074952555,0.06622051552930422
xg4,315,0.687917885271072,0.5636363636363636,0.07801759944557027,0.09075670485916443
xg4,316,0.2696490916047704,0.23636363636363636,0.09847330017779872,0.1342185972752575
xg4,317,0.7870900187799754,0.7454545454545455,0.03759547473213473,0.047454714964156444
xg4,318,0.39989390859603,0.6242424242424243,0.09496291631868312,0.11780168594986315
xg4,319,0.10251035322185383,-0.12727272727272726,0.09477870464095942,0.11382523616376491
xg4,320,0.5511995152377459,0.6121212121212121,0.05769093701254594,0.07550580852900039
xg4,321,0.2631597104863458,0.12727272727272726,0.08196367307779798,0.09965873090562281
xg4,322,0.37001305431153086,0.11515151515151516,0.07167344616441115,0.08314719859661888
xg4,323,0.8816285177237349,0.8181818181818182,0.02818657601890769,0.03688858361116235
xg4,324,0.6331109895300121,0.6242424242424243,0.05656594175495995,0.0671739082935204
xg4,325,0.8945825632416452,0.8424242424242424,0.024749256134416864,0.032166753476248935
xg4,326,0.6342255306800997,0.6242424242424243,0.07397084915542376,0.09441031926478312
xg4,327,0.847504036647442,0.8303030303030303,0.03330206301996235,0.037790945707403635
xg4,328,0.614896966944438,0.5515151515151515,0.06168236599835937,0.07926542537657594
xg4,329,0.7206825378383859,0.7575757575757576,0.06243269249944393,0.07229879119195966
xg4,330,0.29992984921063787,0.3333333333333333,0.09222330460936026,0.09664699363185819
xg4,331,0.8004220983888898,0.793939393939394,0.04095455862579807,0.05435151036487543
xg4,332,0.8947880406538978,0.8787878787878788,0.04745188448459158,0.05110206534585424
xg4,333,0.773921526731543,0.6242424242424243,0.03772467603698028,0.044519473423633084
xg4,334,0.529266820591188,0.6484848484848484,0.060393053572878164,0.07564027492591402
xg4,335,0.5761525924095907,0.6848484848484848,0.06750837047621205,0.0770792438564465
xg4,336,0.7030657550209594,0.7818181818181819,0.04138011980253238,0.048467239644492274
xg4,337,0.6749866568725701,0.6242424242424243,0.04581794211907321,0.05675511341227752
xg4,338,0.6165297748104166,0.6,0.05985984268930085,0.07202118190422103
xg4,339,0.7635306464650027,0.7696969696969697,0.060577097535928104,0.06902125640854113
xg4,340,0.6996485244434446,0.7696969696969697,0.04322346976909306,0.0551414406034372
xg4,341,0.658771876839965,0.6484848484848484,0.04092507250729969,0.051974831239898864
xg4,342,0.7436477517194543,0.806060606060606,0.03987937349723708,0.04630912681473096
xg4,343,0.3821323824906002,0.6242424242424243,0.07978584909137396,0.10109093085602416
xg4,344,0.7337608690487369,0.7575757575757576,0.0659767098400745,0.07844938504990545
xg4,345,0.8121850538772977,0.7575757575757576,0.03804887538806178,0.048992027483172176
xg4,346,0.39279884275501664,0.5272727272727272,0.0767902747243393,0.08609384807612262
xg4,347,0.6374261041865353,0.7090909090909091,0.04542702177646882,0.06020407558961041
xg4,348,0.666884674713717,0.696969696969697,0.04715082401743044,0.05494341056779949
xg4,349,0.675433812740452,0.6848484848484848,0.055275356253961,0.06575077854309058
xg4,350,0.6255967588403636,0.7212121212121212,0.055325470250291484,0.07760487342820821
xg4,351,0.7143464069344678,0.8181818181818182,0.04769684962885758,0.05896957749525901
xg4,352,0.22483890424252517,0.24848484848484848,0.08482123452945936,0.09960858447320048
xg4,353,0.5788732302716542,0.6363636363636364,0.05544958734513563,0.06048827231839622
xg4,354,0.22590471218940958,0.06666666666666667,0.09815735120477989,0.120958808137831
xg4,355,0.7211039330615814,0.6242424242424243,0.04330988237420165,0.05632492531591431
xg4,356,0.21466686674610147,0.1393939393939394,0.09411415650171559,0.09909596885909133
xg4,357,0.7210583388159992,0.7454545454545455,0.0517634732406986,0.05757891095289204
xg4,358,0.7072916075650606,0.6363636363636364,0.03610418805675829,0.05844647705516827
xg4,359,0.4477656245218385,0.5151515151515151,0.06569385246592938,0.07773233503476079
xg4,360,0.4416074541848906,0.3939393939393939,0.06708408815057351,0.07832563181377986
xg4,361,0.46682115942802593,0.41818181818181815,0.06653009872673747,0.07382235570934984
xg4,362,0.877395644519475,0.9272727272727272,0.03421292226783669,0.043986750415161965
xg4,363,0.8188432844320924,0.7454545454545455,0.03878562332942168,0.04655557822673231
xg4,364,0.7184428872809673,0.696969696969697,0.07792232565780119,0.0921668422041883
xg4,365,0.7014618885683381,0.7212121212121212,0.040681157401063775,0.053376588806771944
xg4,366,0.7888920116381248,0.806060606060606,0.05444007038779367,0.06113703713629155
xg4,367,0.72447912975311,0.7696969696969697,0.04958748604375974,0.052141834552205314
xg4,368,0.5551585295503997,0.45454545454545453,0.05371195588123283,0.06642595063149725
xg4,369,0.47657474918590276,0.6727272727272727,0.06423506535940045,0.07424052704111017
xg4,370,0.7397903159660053,0.8303030303030303,0.04019894188954823,0.05029461385640945
xg4,371,0.8548423297867911,0.8787878787878788,0.03854200327647668,0.04519714916253094
xg4,372,0.619053242246845,0.6242424242424243,0.0509585991814737,0.06681033268051355
xg4,373,0.6821016453011048,0.6727272727272727,0.04420643654302859,0.054603216940571984
xg4,374,0.7169862562396387,0.6,0.04364489775432227,0.0509347409280228
xg4,375,0.7114950396282492,0.6727272727272727,0.048772868453220285,0.063333223923433
xg4,376,0.432734268802137,0.45454545454545453,0.0678673113709547,0.07577464387816557
xg4,377,0.7616427428195204,0.7333333333333333,0.034285122434675984,0.0427967381341678
xg4,378,0.4040970081068324,0.40606060606060607,0.07051519572869751,0.08323390834602507
xg4,379,0.4734348324717966,0.5878787878787879,0.06766478899198154,0.07895979977069523
xg4,380,0.7613042389962784,0.7818181818181819,0.049429116057687995,0.058630850166807545
xg4,381,0.6265749249150365,0.6121212121212121,0.077348202408559,0.09181689557916524
xg4,382,0.8392360968317397,0.8545454545454545,0.030494309140141417,0.03716908514721288
xg4,383,0.8203675120921063,0.7575757575757576,0.045802523506780386,0.05500319644760922
xg4,384,0.7572788645302754,0.6242424242424243,0.05456209713635078,0.06664788305104706
xg4,385,0.6682597141401201,0.6484848484848484,0.054687880440990745,0.06096667463350791
xg4,386,0.4353289392075018,0.40606060606060607,0.07312954986949327,0.0893001364615276
xg4,387,0.8253793108130911,0.7333333333333333,0.057093990080636335,0.0620913079841296
xg4,388,0.6721989118959139,0.6848484848484848,0.046061061197829066,0.05274163663454759
xg4,389,0.8409520755592327,0.9030303030303031,0.03953227605977297,0.043347216356452105
xg4,390,0.8129707815478856,0.806060606060606,0.05623391939741338,0.06480705275756447
xg4,391,0.26202318298546007,0.16363636363636364,0.07390117771192124,0.08858106864594725
xg4,392,0.7308570535201357,0.7575757575757576,0.05008823649003402,0.0532126328292718
xg4,393,0.6853689997859801,0.7333333333333333,0.04725040836332783,0.056401564935039956
xg4,394,0.6041467385312935,0.696969696969697,0.06272704108813845,0.07232467322928841
xg4,395,0.6123181829566782,0.5151515151515151,0.06946856250639294,0.08607209173203019
xg4,396,0.7801863685424529,0.7454545454545455,0.03491274722886635,0.04219702800372963
xg4,397,0.7081440081168641,0.45454545454545453,0.03911830408504127,0.055137522381158745
xg4,398,0.038938594019792196,0.10303030303030303,0.11421350592562643,0.12467560115087833
xg4,399,0.4232265636838669,0.503030303030303,0.05918346628873557,0.07653588500724093
xg4,400,0.5331184440229642,0.503030303030303,0.06994315436860474,0.08239247599194885
xg4,401,0.793534061214409,0.7333333333333333,0.04363517272256766,0.04759804697096318
xg4,402,0.6875190239032564,0.7575757575757576,0.04531503567557596,0.05417397517409446
xg4,403,0.5500600973946683,0.5515151515151515,0.07968917576362876,0.09248285638065125
xg4,404,0.8094766248349937,0.8666666666666667,0.030792339065244013,0.04184912425612324
xg4,405,0.5298352839329419,0.44242424242424244,0.072449596601552,0.09073463548726803
xg4,406,0.5031326265282223,0.6848484848484848,0.0710786838490706,0.0888051396718752
xg4,407,0.7964986078501015,0.7333333333333333,0.04568681605535864,0.05057362309765988
xg4,408,0.24193074367269876,0.28484848484848485,0.08471441967749153,0.10290258017161621
xg4,409,0.7078743857970718,0.7090909090909091,0.05130387952767742,0.06489779659061609
xg4,410,0.5145372527100743,0.6,0.05890010477951953,0.07165022023695532
xg4,411,0.7643431300326603,0.806060606060606,0.05213286148297889,0.06393390555246604
xg4,412,0.8835424758003065,0.8424242424242424,0.034947537287798786,0.040160542788497254
xg4,413,0.7494711680757963,0.793939393939394,0.05321587773493304,0.06871520532694926
xg4,414,0.8752483173962992,0.8303030303030303,0.08396853424332158,0.08949451349861008
xg4,415,0.5010554334416312,0.47878787878787876,0.06604412190993494,0.08832076629457994
xg4,416,0.5742230741048343,0.44242424242424244,0.0461006844559876,0.06148757407037645
xg4,417,0.389139474019396,0.5757575757575758,0.07881073325913593,0.09093807573769051
xg4,418,0.2951997744285884,0.296969696969697,0.07503487682351537,0.09126268158979818
xg4,419,0.6764347733781988,0.6363636363636364,0.0697582118056295,0.08200633599582696
xg4,420,0.42545799159162884,0.45454545454545453,0.06531614185100623,0.07973175698904303
xg4,421,0.18459411233591935,0.2606060606060606,0.09413874622712781,0.1062817318241297
xg4,422,0.6302349660778487,0.7454545454545455,0.08088275855269048,0.0901421473980537
xg4,423,0.28588034192413864,0.3575757575757576,0.08367213199388863,0.09626230648069387
xg4,424,0.7409785949066904,0.696969696969697,0.10234267703683338,0.11325548225840014
xg4,425,0.5827570285259642,0.6484848484848484,0.055524706563384575,0.06143654654957609
xg4,426,0.8323691151379856,0.806060606060606,0.03986584506935238,0.04642464057434999
xg4,427,0.5344057919014913,0.5393939393939394,0.05979107161575188,0.07243510429075907
xg4,428,0.4120884841718835,0.3090909090909091,0.08548778782117838,0.10916276856378822
xg4,429,0.6981889243087814,0.6484848484848484,0.04703583695885568,0.054244961063994776
xg4,430,0.5300028558845513,0.4303030303030303,0.0651920326553192,0.07488940105088888
xg4,431,0.5136273154048508,0.45454545454545453,0.07428283441162685,0.08947776085147875
xg4,432,0.7322830818692373,0.6242424242424243,0.04718799300023429,0.05756167429246661
xg4,433,0.7381402767723303,0.7696969696969697,0.044714421414465036,0.055727035088110465
xg4,434,0.7959834958709155,0.8181818181818182,0.038509337650936434,0.048409693460448114
xg4,435,0.23044954459479902,0.12727272727272726,0.0828523237772278,0.09857522037331296
xg4,436,0.4844538286988483,0.7333333333333333,0.07042781993060701,0.08359119428171384
xg4,437,0.7356309001665438,0.6848484848484848,0.050953472011965296,0.06078385725348305
xg4,438,0.9792107673201688,0.9030303030303031,0.042024904024409206,0.04386478084269362
xg4,439,0.8362880227101872,0.8909090909090909,0.05118927600455514,0.057641563236670725
xg4,440,0.4652690847246636,0.38181818181818183,0.08541932228362152,0.09738683135293537
xg4,441,0.6438931663041382,0.7212121212121212,0.061862548720151976,0.07131285415044084
xg4,442,0.4421328175205336,0.4303030303030303,0.0628402285472793,0.07959046768303786
xg4,443,0.4369190830380825,0.40606060606060607,0.06821256612808575,0.0758415557391015
xg4,444,0.8668353003078771,0.8181818181818182,0.05912090674167823,0.06720718936061823
xg4,445,0.7442484131167973,0.6363636363636364,0.05603055608426131,0.06399672869037472
xg4,446,0.5974914568377625,0.503030303030303,0.04914628846298695,0.06376646810370794
xg4,447,0.3329201882351613,0.17575757575757575,0.07415179178075952,0.08987085095333514
xg4,448,0.536872641502132,0.4303030303030303,0.0522451390921407,0.06756824971630407
xg4,449,0.5043564455686258,0.44242424242424244,0.06079967499385815,0.07243311314195379
xg4,450,-0.04524090228621586,-0.09090909090909091,0.11197309539278646,0.1248258952589359
xg4,451,0.7325323028312666,0.8181818181818182,0.045426614118291395,0.0543543669789099
xg4,452,0.7645067144389817,0.7696969696969697,0.05007604404819248,0.06713035185416534
xg4,453,0.3743010051457066,0.22424242424242424,0.06950599169984695,0.0859195844589179
xg4,454,0.1580226546844014,0.22424242424242424,0.09814609110739295,0.11378592789667437
xg4,455,0.452778131118029,0.503030303030303,0.06046490892484928,0.06970917085117277
xg4,456,0.8953293718809577,0.8181818181818182,0.03073928614483588,0.03764131801144438
xg4,457,0.592597359427872,0.6363636363636364,0.056993040295531205,0.061535657708086555
xg4,458,0.3181735242578007,0.22424242424242424,0.08659218945162328,0.09555028660807455
xg4,459,0.5860722420878509,0.7090909090909091,0.07045883746208548,0.08454449199954588
xg4,460,0.5973081866778298,0.6606060606060606,0.04968010715721151,0.06634014230481594
xg4,461,0.7267289413208181,0.7090909090909091,0.05569152449256841,0.059719293268609364
xg4,462,0.4530318287914292,0.40606060606060607,0.051655302649743495,0.07916542042374536
xg4,463,0.7436947307311508,0.793939393939394,0.04344735058721179,0.05021912378361704
xg4,464,0.2891208435443503,0.18787878787878787,0.06497967770286464,0.09087525299447714
xg4,465,0.7202752051666202,0.7090909090909091,0.050551914955085285,0.0597993876954558
xg4,466,0.6658215458252648,0.7575757575757576,0.04856661459003495,0.054901118262082584
xg4,467,0.6669879397693362,0.6606060606060606,0.052132423031381894,0.06240709838405993
xg4,468,0.5869446886950885,0.696969696969697,0.04999933918760678,0.0611220653615338
xg4,469,0.6483592642309247,0.7090909090909091,0.05441313832029095,0.06260018639004171
xg4,470,0.8791571007496586,0.7575757575757576,0.08623939448800358,0.09198946623407317
xg4,471,0.7364849819958411,0.7090909090909091,0.055448650420135956,0.06652451047492809
xg4,472,0.9460724648790956,0.8666666666666667,0.042591241351848025,0.04770636743377772
xg4,473,0.8687516984500557,0.8666666666666667,0.05260940086184183,0.06324047292273838
xg4,474,0.7742358639433086,0.6606060606060606,0.040180017094450605,0.05057883463441224
xg4,475,0.4819371621882449,0.5515151515151515,0.12011574347759923,0.13548208773309678
xg4,476,0.7834226545719389,0.7090909090909091,0.0353384564941038,0.04181030244634777
xg4,477,0.6837743598215819,0.6727272727272727,0.04368459618288777,0.051880386073384285
xg4,478,0.45203334258602956,0.47878787878787876,0.06382241567476567,0.07526653276161197
xg4,479,0.24108446030658404,0.28484848484848485,0.07163026232046318,0.10214431943064872
xg4,480,0.7028767487914699,0.6363636363636364,0.05053802818221189,0.06295276151847455
xg4,481,0.6070402261825052,0.6727272727272727,0.05708368241355009,0.06685998883245023
xg4,482,0.6075480074234405,0.5515151515151515,0.057227528451806085,0.0661437013511576
xg4,483,0.6270196439536618,0.6363636363636364,0.050008798721091575,0.05945285654424333
xg4,484,0.4378410983320536,0.2606060606060606,0.07286357423359459,0.09017118888853726
xg4,485,0.42316852792046084,0.5272727272727272,0.08457460418673485,0.08837016431703469
xg4,486,0.6516908247834297,0.6606060606060606,0.06611105790863515,0.08493861988404645
xg4,487,0.8533191957387574,0.806060606060606,0.03034474752340293,0.03952725837833251
xg4,488,0.6965876451390771,0.7090909090909091,0.05222719736045649,0.0609682639235015
xg4,489,0.26137005559627574,-0.006060606060606061,0.09479505253468304,0.10998007530472628
xg4,490,0.8957486532919009,0.8424242424242424,0.021975399550121233,0.0301039718455999
xg4,491,0.35244729076221254,0.3939393939393939,0.08155894325796413,0.09165620980447257
xg4,492,0.5573963193362901,0.5393939393939394,0.057735489233592306,0.06932608099853835
xg4,493,0.7643704014620247,0.8181818181818182,0.0383395970920966,0.04806300841264817
xg4,494,0.7754142850462238,0.6848484848484848,0.040525707438084244,0.047160754411866464
xg4,495,0.47668538170537056,0.6606060606060606,0.08370213090112953,0.09606692072724658
xg4,496,0.625793729188017,0.4909090909090909,0.048799747472164284,0.06716909908797496
xg4,497,0.3362262489481538,0.4303030303030303,0.06916205907884194,0.09672335101276049
xg4,498,0.6000385441719911,0.7090909090909091,0.06294494727319956,0.07479121466194372
xg4,499,0.17940745004801273,0.05454545454545454,0.10144309051395277,0.13239395857716946
xg4,500,0.5047906633128721,0.41818181818181815,0.051171559287493895,0.0714608511795062
xg4,501,0.6926666897606943,0.7333333333333333,0.04553530232809665,0.053467018857558855
xg4,502,0.6861830245696455,0.7090909090909091,0.039113233011351764,0.05359213382021609
xg4,503,0.6603067474912273,0.6484848484848484,0.05349543261993718,0.06796670478614272
xg4,504,0.8276048759723444,0.806060606060606,0.059521110511560324,0.07055314542618524
xg4,505,0.4469198198309042,0.3090909090909091,0.06858180767158889,0.07551237783215863
xg4,506,0.4386198156902947,0.40606060606060607,0.08528852372048859,0.10579918411533598
xg4,507,0.5307369034690038,0.7090909090909091,0.05639732703366727,0.06816599926575198
xg4,508,0.8014458158103596,0.8303030303030303,0.05924303484045631,0.07119829291170177
xg4,509,0.5944063990373933,0.6848484848484848,0.05109762929666182,0.06131544058582941
xg4,510,0.8311084859608541,0.7454545454545455,0.04080605738991391,0.05091746769409808
xg4,511,0.33214228833054366,0.2606060606060606,0.06435062986586397,0.0907161647477827
xg4,512,0.5789171896527513,0.4909090909090909,0.06663699467681085,0.08492517082569312
xg4,513,0.22123117601423387,0.030303030303030304,0.08930273100512102,0.10394783202050412
xg4,514,0.61740203775826,0.5636363636363636,0.0496661225691599,0.05783220738129653
xg4,515,0.5601811457501251,0.7090909090909091,0.05964044598982064,0.06636398343506716
xg4,516,0.4906911821883616,0.3333333333333333,0.05718587587114118,0.07144093356312692
xg4,517,0.8844614548125868,0.8909090909090909,0.033217366748963,0.0388477685784532
xg4,518,0.6101685377614112,0.5151515151515151,0.07053753155116357,0.0814396363525176
xg4,519,0.5856981003551346,0.6727272727272727,0.07077345665984616,0.08581760514433148
xg4,520,0.5315096527556215,0.5272727272727272,0.058667340175766726,0.08613675596422728
xg4,521,0.6935168100492349,0.6606060606060606,0.056036604114342636,0.06655234991746452
xg4,522,0.4965771478979272,0.34545454545454546,0.057044768204742954,0.0736643565441666
xg4,523,0.7861946430336468,0.7333333333333333,0.08180396628646025,0.09216542943500447
xg4,524,0.5285596378555034,0.503030303030303,0.06884788461247406,0.08342287254855475
xg4,525,0.32029167692884686,0.16363636363636364,0.06706038047763177,0.0931842639943031
xg4,526,0.870388297842003,0.9515151515151515,0.029926897140106667,0.03177156395443326
xg4,527,0.80468265945443,0.7333333333333333,0.09609131447587578,0.10466916562884009
xg4,528,0.5244918190342653,0.4909090909090909,0.061245681127634066,0.06958312499835276
xg4,529,0.252132927592116,0.2,0.09412127713087229,0.1130536524459243
xg4,530,0.6385145573191734,0.5757575757575758,0.046333128282877195,0.056104823880402124
xg4,531,0.6751244789821591,0.6606060606060606,0.049969541777918854,0.05540941051587228
xg4,532,0.7273949002373469,0.6363636363636364,0.04442952959027666,0.06139860176611897
xg4,533,0.7513509934396345,0.7575757575757576,0.048105675088298806,0.053846492951327284
xg4,534,0.761697026683154,0.7696969696969697,0.05318163069719396,0.06317761578707373
xg4,535,0.9822460933874049,0.9636363636363636,0.03276468598110316,0.03489178530376247
xg4,536,0.7294459832786988,0.8909090909090909,0.04589655729247658,0.054046755601034946
xg4,537,0.733677099703653,0.696969696969697,0.06414205317120489,0.07562653800927269
xg4,538,0.7990985652244911,0.7818181818181819,0.03161112187141688,0.04291415766973173
xg4,539,0.5043289777041511,0.6727272727272727,0.06231102520642375,0.07872236446043172
xg4,540,0.6662970501328522,0.6242424242424243,0.0920905827930999,0.09883572836903552
xg4,541,0.7113577346997456,0.6727272727272727,0.05229653588519094,0.05699272704142277
xg4,542,0.6353340109358352,0.806060606060606,0.06154168006978165,0.07494294924008463
xg4,543,0.4375111691033528,0.3212121212121212,0.07961361465366919,0.09287172051299905
xg4,544,0.7662639953367049,0.8181818181818182,0.044666274050395624,0.0528859557512184
xg4,545,0.516565441095865,0.6606060606060606,0.057597193558225235,0.0691905808281256
xg4,546,0.46024204234746835,0.2727272727272727,0.06882885397961953,0.07889646169683719
xg4,547,0.7543375756044288,0.8181818181818182,0.03888080016959432,0.0498848901892685
xg4,548,0.8700134573519296,0.8303030303030303,0.042105545437871816,0.04804739574213401
xg4,549,0.7873246229441471,0.8303030303030303,0.05485079029353483,0.06343167960239689
xg4,550,0.7862764861026287,0.7575757575757576,0.033340413699554525,0.04167710153652256
xg4,551,0.4794978394959045,0.5878787878787879,0.06923120397962207,0.07552042708125395
xg4,552,0.844919274195415,0.7818181818181819,0.029402161762385536,0.03796817313004811
xg4,553,0.6975108179069273,0.7212121212121212,0.05000342667927604,0.057754084827077674
xg4,554,0.7301340147613818,0.7454545454545455,0.04567450472679857,0.05478900675968848
xg4,555,0.4394195586522739,0.3575757575757576,0.0768171561243588,0.0980997610268894
xg4,556,0.23438322760160796,0.296969696969697,0.09376042201222448,0.10784221771659397
xg4,557,0.7098329893658845,0.6484848484848484,0.04827451885589172,0.05696089211241992
xg4,558,0.8076114353133078,0.7090909090909091,0.0587105852788955,0.06435931818113302
xg4,559,0.438751139422868,0.6363636363636364,0.06277989894312071,0.07859111090038186
xg4,560,0.7626986887146179,0.7575757575757576,0.04469357844611425,0.051345760231469154
xg4,561,0.791091037865638,0.793939393939394,0.034974623706666805,0.04403506203000519
xg4,562,0.5385218595207267,0.5878787878787879,0.07593645322654596,0.08904462024742593
xg4,563,0.4030733015194926,0.22424242424242424,0.06777187480774496,0.07976020029846745
xg4,564,0.6400313736318619,0.696969696969697,0.06893405965379765,0.07876141387280891
xg4,565,0.44972738574326837,0.4303030303030303,0.09044645682818697,0.10774141574429696
xg4,566,0.6066601685659192,0.6848484848484848,0.07008843510747609,0.07865490406213108
xg4,567,0.41500853744849203,0.34545454545454546,0.06572669187693451,0.08048385825579582
xg4,568,0.4666798344232836,0.45454545454545453,0.06928954497847946,0.07376659377150453
xg4,569,0.7784458933001632,0.7575757575757576,0.04298232742708845,0.05196736957176835
xg4,570,0.36294164372662674,0.5151515151515151,0.06705962929647238,0.07690512290682405
xg4,571,0.8248736414202312,0.806060606060606,0.030174688288236155,0.039439995848577186
xg4,572,0.7509867091318917,0.6848484848484848,0.04025730272608728,0.05171904278941228
xg4,573,0.9007538567738367,0.8545454545454545,0.03154581004972804,0.04147012893693059
xg4,574,0.8038027324196382,0.806060606060606,0.034148149575733706,0.039201318018776535
xg4,575,0.734319145818139,0.7696969696969697,0.04333536546891682,0.050432255513688205
xg4,576,0.700883367631869,0.7696969696969697,0.08900357169355463,0.10247496631803463
xg4,577,0.8271688957702252,0.7696969696969697,0.03824231066740806,0.04363385935503879
xg4,578,0.8687486655367008,0.806060606060606,0.039676026375474835,0.048708054937185524
xg4,579,0.3559560897589677,0.2606060606060606,0.05759776012827964,0.08107477956911179
xg4,580,0.778683517388941,0.7818181818181819,0.05857059085914211,0.07307187396808125
xg4,581,0.5439460191161736,0.4909090909090909,0.07265687946074369,0.08730648459028731
xg4,582,0.6047894776432972,0.3939393939393939,0.04937412619540803,0.05992893749291067
xg4,583,0.89132283844259,0.8424242424242424,0.04103847098019211,0.04795227206185497
xg4,584,0.44922410472357366,0.503030303030303,0.057169393115238186,0.07173055785403523
xg4,585,0.6827418454990326,0.7333333333333333,0.05127787292867059,0.06450645995013343
xg4,586,0.5251341341745531,0.5636363636363636,0.05458517790014768,0.06876499701766922
xg4,587,0.6102545783981317,0.6363636363636364,0.06207173609395504,0.07734699143283359
xg4,588,0.5315641436964482,0.6484848484848484,0.06125222726603348,0.06866342314052039
xg4,589,0.8411801194432847,0.8303030303030303,0.025595431501882437,0.03475754050600319
xg4,590,0.6813321203031867,0.7333333333333333,0.04926535219753525,0.053744446503551216
xg4,591,0.7650225386035632,0.6606060606060606,0.057862806762369504,0.06521761901357342
xg4,592,0.45019131073664465,0.3090909090909091,0.07633287136964943,0.09601657391197567
xg4,593,0.8634032959221676,0.8545454545454545,0.02717743149894214,0.03509513293004009
xg4,594,0.8917196945321263,0.9272727272727272,0.035572348960618644,0.03948935411075621
xg4,595,0.5383521056884104,0.4666666666666667,0.049078856947680535,0.06500080362965427
xg4,596,0.7832769395290359,0.7212121212121212,0.03557829284038244,0.04271752617420577
xg4,597,0.4872320503820384,0.6606060606060606,0.07921503254360661,0.09575548568978214
xg4,598,0.8859992991514979,0.8666666666666667,0.028273372091703202,0.03151722840522645
xg4,599,0.561819097271421,0.5515151515151515,0.05597792044072678,0.07403325385447422
xg4,600,0.8084320874894764,0.8545454545454545,0.053405673898015406,0.059389717321251055
xg4,601,0.7313354045308608,0.6727272727272727,0.03671572535978722,0.04758479514665112
xg4,602,0.7354872714242191,0.7575757575757576,0.05055513056606031,0.058114296141205564
xg4,603,0.6172439315042572,0.5878787878787879,0.053079062203583424,0.0697758274223523
xg4,604,0.7075331047784127,0.6727272727272727,0.042693086704114695,0.05728272288025018
xg4,605,0.6129179517805113,0.6121212121212121,0.10011977075475967,0.11744974044929768
xg4,606,0.6813551240107121,0.7090909090909091,0.08345320465962233,0.0905957902800664
xg4,607,0.7353412910790544,0.8303030303030303,0.04331231380470574,0.0595213815411813
xg4,608,0.4269814544712565,0.47878787878787876,0.06882915433316394,0.07494523890729853
xg4,609,0.45120929607880444,0.45454545454545453,0.06474776873441376,0.087161856205572
xg4,610,0.7438833570141541,0.7090909090909091,0.06020126871415036,0.06946245176705787
xg4,611,0.7191021850250935,0.8181818181818182,0.044182350117073034,0.04769640143860163
xg4,612,0.7248785968757196,0.7212121212121212,0.06700767074432637,0.07795148576553781
xg4,613,0.5510012400458005,0.47878787878787876,0.05998105093370498,0.0655912177913836
xg4,614,0.3406094353640243,0.2727272727272727,0.06238477255312328,0.08306559151299316
xg4,615,0.7061138900377231,0.6848484848484848,0.05087526532774757,0.05874039366636028
xg4,616,0.5598754327221417,0.5151515151515151,0.055714558575674554,0.07173297829229489
xg4,617,0.5074966441117282,0.5515151515151515,0.06654400086813694,0.07890157575027162
xg4,618,0.6675540100664945,0.7696969696969697,0.07449213916288817,0.0822909828018136
xg4,619,0.7298561853676001,0.7696969696969697,0.0373301664170186,0.04720087248680978
xg4,620,0.6752814748504238,0.8303030303030303,0.0611388910955201,0.06644251448389196
xg4,621,0.8191513636701068,0.6727272727272727,0.06847389173333204,0.07866509902875135
xg4,622,0.7978372718602169,0.806060606060606,0.03268480270296237,0.03962913518871347
xg4,623,0.6891466099221532,0.5878787878787879,0.04415379669942451,0.06082501359285661
xg4,624,0.909244424024377,0.8424242424242424,0.028668181620567168,0.037277817230959964
xg4,625,0.5776222799636718,0.5878787878787879,0.06143507374039956,0.06424404247869404
xg4,626,0.612481016570746,0.6727272727272727,0.04821969039057543,0.05799306697733551
xg4,627,0.7977423273731313,0.793939393939394,0.041670099454816416,0.05040318717245078
xg4,628,0.5160393074016001,0.5636363636363636,0.06206370271748059,0.07146593892403165
xg4,629,0.7889807944735102,0.793939393939394,0.03415202678030034,0.04118882924705007
xg4,630,0.6325951017665666,0.6727272727272727,0.04633071774549696,0.05495051187412361
xg4,631,0.8306619185808458,0.7454545454545455,0.06022565156258417,0.06420497125609123
xg4,632,0.5558395806506462,0.6,0.06271838307766969,0.0802849009325013
xg4,633,0.8538574793029319,0.8424242424242424,0.0308790334215757,0.03946077494495368
xg4,634,0.5042131193054464,0.34545454545454546,0.06610294824865862,0.07786648371947588
xg4,635,0.2661924629773754,0.22424242424242424,0.08225035043509797,0.09668112927693867
xg4,636,0.44726348016617773,0.44242424242424244,0.06843023304675035,0.07687262770072022
xg4,637,0.5301653395884236,0.5878787878787879,0.07297979293784498,0.07585624889555308
xg4,638,0.45333337385065225,0.4666666666666667,0.06827351573093943,0.07784032477060732
xg4,639,0.4361797066768266,0.40606060606060607,0.06373913183856576,0.0749735815861671
xg4,640,0.7801955173776204,0.696969696969697,0.049428574554846345,0.05682938309469755
xg4,641,0.5169670730922303,0.5272727272727272,0.09127325119001603,0.11153255948517538
xg4,642,0.32058372833339155,0.38181818181818183,0.08694985677016931,0.10085267638982692
xg4,643,0.6264194431382046,0.6242424242424243,0.07089022611057061,0.0861574400491064
xg4,644,0.7653909692121169,0.6606060606060606,0.03990707885824561,0.04814975316237292
xg4,645,0.6286279992838907,0.4909090909090909,0.04868820835330219,0.06141481849240273
xg4,646,0.6905354323047811,0.7212121212121212,0.06909863072490763,0.08524104580614315
xg4,647,0.5928342886290379,0.4666666666666667,0.053179549620568076,0.06705602350051915
xg4,648,0.9543371213657524,0.8424242424242424,0.02975555989648418,0.033865963355198946
xg4,649,0.6034848278571552,0.40606060606060607,0.07749535449113834,0.09520577085086253
xg4,650,0.0654533373745562,0.05454545454545454,0.09348182775333505,0.10813959596515293
xg4,651,0.3940398065872982,0.4666666666666667,0.06813008852225635,0.08076604354277095
xg4,652,0.5869688870945143,0.6606060606060606,0.057507127828324546,0.06816597341872473
xg4,653,0.7009950577395914,0.6606060606060606,0.05030267560255171,0.06163747837092301
xg4,654,0.7994232564107439,0.8181818181818182,0.05650432202907697,0.0699640298458928
xg4,655,0.2144036290308521,0.23636363636363636,0.07918784369514804,0.10456200642359256
xg4,656,0.4783887992318204,0.5757575757575758,0.08259174444254831,0.09048264550471444
xg4,657,0.7635601772908801,0.7454545454545455,0.04618537976200259,0.05528061178858354
xg4,658,0.6236615895312299,0.6848484848484848,0.06213425385148397,0.07760716177852496
xg4,659,0.764139902618169,0.6848484848484848,0.040657123126039536,0.04528001268340744
xg4,660,0.617338679508345,0.7333333333333333,0.05442710965026776,0.06277716068795455
xg4,661,0.7625382784134692,0.7454545454545455,0.054435999259641286,0.06575934767890905
xg4,662,0.37552702233032137,0.4666666666666667,0.07586175804994624,0.08560064506399553
xg4,663,0.5542303129525604,0.4303030303030303,0.06699830048100235,0.07892285693388108
xg4,664,0.6063981199763967,0.5393939393939394,0.06457152661226699,0.0745268421459774
xg4,665,0.4492703923321378,0.5272727272727272,0.0616588695414146,0.07261443353084814
xg4,666,0.7651630078600697,0.6848484848484848,0.05760160824309921,0.06947968652452552
xg4,667,0.7225671653349823,0.7575757575757576,0.039768683118868414,0.04714289028272127
xg4,668,0.5492175695983462,0.47878787878787876,0.05275811451709236,0.06797679703062856
xg4,669,0.6693533479840119,0.7090909090909091,0.05246095237307229,0.06170170473291228
xg4,670,0.6148296400389358,0.6242424242424243,0.05139086431413405,0.061528687970592084
xg4,671,0.7301638631052733,0.696969696969697,0.03878715689992193,0.04987893296425209
xg4,672,0.7365089620358222,0.7454545454545455,0.03700731960945223,0.047971585252389704
xg4,673,0.42703862625704075,0.5515151515151515,0.07511037075289768,0.09089748681655316
xg4,674,0.4530515785318283,0.38181818181818183,0.06298184405168836,0.07347977845318235
xg4,675,0.7350499951966386,0.7696969696969697,0.059004522312616624,0.06812891917693747
xg4,676,0.7879883111960753,0.8181818181818182,0.034221410301494413,0.04206899769505409
xg4,677,0.4832200558843129,0.3575757575757576,0.059965907576482055,0.07482026739109739
xg4,678,0.5174094383728629,0.5151515151515151,0.07835703212995412,0.09509481945050414
xg4,679,0.7832343236196089,0.7212121212121212,0.034205999060334225,0.04575199203515051
xg4,680,0.49365673049162584,0.3696969696969697,0.06108962193538413,0.07223164860548088
xg4,681,0.8688226518926796,0.8787878787878788,0.05954509536426113,0.06697572950876239
xg4,682,0.32981009793725025,0.06666666666666667,0.07481810197532038,0.08439123930613128
xg4,683,0.6885176359526972,0.7575757575757576,0.04248497343482738,0.05330483629640149
xg4,684,0.6031393138055228,0.6606060606060606,0.06353078557740677,0.08112028174345311
xg4,685,0.5458175347562273,0.5393939393939394,0.05513766928976941,0.06648211677131217
xg4,686,0.7946351876956885,0.8545454545454545,0.05404653784172386,0.06527180838235425
xg4,687,0.4854582054001006,0.5393939393939394,0.0661691247248289,0.07248213625749379
xg4,688,0.8287428003452626,0.8666666666666667,0.048313685956943284,0.054216917480820914
xg4,689,0.7450339427097583,0.696969696969697,0.04442937715619548,0.0557571055864711
xg4,690,0.3387882972986146,0.2727272727272727,0.09819969347250057,0.12383128301869717
xg4,691,0.8757158666655421,0.8545454545454545,0.06305336479847515,0.07030532498137244
xg4,692,0.49620419118986325,0.4909090909090909,0.06389198790768043,0.07342121031683267
xg4,693,0.4748947357760051,0.7090909090909091,0.07241095178615416,0.07719559327466448
xg4,694,0.8325492199466459,0.793939393939394,0.03718435059859827,0.04559228149568651
xg4,695,0.6934030301062478,0.6606060606060606,0.054002874462962105,0.060326471675568524
xg4,696,0.7703221898740898,0.7575757575757576,0.03956713767209486,0.04809340481038734
xg4,697,0.7433631915291802,0.7575757575757576,0.03631582001270276,0.04628647329953561
xg4,698,0.6074146727431889,0.696969696969697,0.06440044669892,0.08067811971084396
xg4,699,0.7726296980325542,0.7090909090909091,0.051138708479951375,0.06170794751404732
xg4,700,0.23539759952646439,-0.006060606060606061,0.09105739739395143,0.09911317496267455
xg4,701,0.7226025178838593,0.6,0.04266489155817201,0.052390620082064916
xg4,702,0.897151408755489,0.8424242424242424,0.030703894452567687,0.03359993989446773
xg4,703,0.6156334719276423,0.7090909090909091,0.09122799714306853,0.10588243015637999
xg4,704,0.754483932799072,0.8545454545454545,0.07187128984386035,0.08371223458993542
xg4,705,0.726797427601422,0.7333333333333333,0.04671279729127464,0.05499272759642513
xg4,706,0.5755151139713977,0.7212121212121212,0.06848260710124568,0.0774863397146295
xg4,707,0.863768016531002,0.8787878787878788,0.02873281912886555,0.03993399434347038
xg4,708,0.8573636337967226,0.7696969696969697,0.0347589288771019,0.04176458979108359
xg4,709,0.5772946890582604,0.5393939393939394,0.07033582168090133,0.09474303440975783
xg4,710,0.6390633684251893,0.6606060606060606,0.061188503695616014,0.06838835253571433
xg4,711,0.6103702643060969,0.6848484848484848,0.07028593388645496,0.08126025471868356
xg4,712,0.4851686643204425,0.3090909090909091,0.06095412838334256,0.07620648161116526
xg4,713,0.359601114221336,0.01818181818181818,0.0740178652968278,0.08355311991595452
xg4,714,0.763859952059267,0.7575757575757576,0.0635325520910104,0.07626379985669353
xg4,715,0.7521193887748928,0.8545454545454545,0.04144234915062998,0.05032819222016788
xg4,716,0.6608007441534839,0.6848484848484848,0.05303011431399651,0.06734287622047383
xg4,717,0.6659781290436929,0.40606060606060607,0.06162246657148,0.08298980845242467
xg4,718,0.3239399865600383,0.3212121212121212,0.09120134225827556,0.10384465914475112
xg4,719,0.8074511893808662,0.806060606060606,0.037624484192814646,0.047830520098062844
xg4,720,0.6867455682535192,0.7333333333333333,0.04418683219102313,0.05510488394477965
xg4,721,0.876520701523378,0.806060606060606,0.05783344892733139,0.06540258167182428
xg4,722,0.6538438017010086,0.8303030303030303,0.050644763704695415,0.05887701084532958
xg4,723,0.2658034712980111,0.28484848484848485,0.08218480593988887,0.09666539619357564
xg4,724,0.49308827596774285,0.3333333333333333,0.06389514775100483,0.08301894299107547
xg4,725,0.7456231170085232,0.6727272727272727,0.055215778957172945,0.06387495461316908
xg4,726,0.6734650462783033,0.6727272727272727,0.08494342479552612,0.09528298308784706
xg4,727,0.8194427648426028,0.793939393939394,0.08196818667820627,0.08988044443343945
xg4,728,0.6396023571697559,0.6606060606060606,0.048839485078245384,0.059995880489397344
xg4,729,0.666979643996332,0.7090909090909091,0.0647185898537099,0.07930324827106949
xg4,730,0.6835515439771103,0.7333333333333333,0.07322482626391943,0.0899343681151501
xg4,731,0.3969764894292745,0.2606060606060606,0.061614166916990086,0.07862012560546898
xg4,732,0.7391766782039246,0.7212121212121212,0.04787088586085064,0.06158787508562247
xg4,733,0.5333617695578451,0.3696969696969697,0.05912585506120317,0.07251534495828106
xg4,734,0.6249045948895297,0.6121212121212121,0.05562626712955747,0.06654377624435891
xg4,735,0.8984207108198646,0.9272727272727272,0.028638342864552746,0.03703353033304269
xg4,736,0.6711846528655961,0.7333333333333333,0.044260967402680186,0.05443329086090786
xg4,737,0.8660040851180779,0.8787878787878788,0.035221560732016516,0.03889531314131112
xg4,738,0.21682906373872604,0.21212121212121213,0.08473302939258058,0.1129333407046472
xg4,739,0.6040078260789986,0.5272727272727272,0.057516627029940946,0.06944920838303219
xg4,740,0.4317478112667514,0.40606060606060607,0.07612634056715264,0.08459437656923936
xg4,741,0.32825831222537516,0.38181818181818183,0.08488727490455131,0.09428778617642901
xg4,742,0.7483862180906793,0.7212121212121212,0.038535441457274985,0.04636991693658695
xg4,743,0.7362648152354511,0.7333333333333333,0.0730831730724127,0.0854867217622033
xg4,744,0.741982782065213,0.7575757575757576,0.06531199193341394,0.07639717486667158
xg4,745,0.4720975414198134,0.503030303030303,0.07363603433464491,0.09215335533474409
xg4,746,0.38014636390088835,0.21212121212121213,0.06463193945050401,0.08616329269180367
xg4,747,0.322386137329099,0.23636363636363636,0.06940362902966256,0.09189108592083742
xg4,748,0.31328739650345705,0.23636363636363636,0.10091082212439395,0.12711865070267403
xg4,749,0.5009343284125671,0.6606060606060606,0.06819229739352053,0.08118494044101976
xg4,750,0.6607679034802937,0.7090909090909091,0.0776932090638143,0.08921815653638125
xg4,751,0.4665028248198472,0.6363636363636364,0.07145022463799171,0.09126836510646968
xg4,752,0.40077958080997117,0.4303030303030303,0.06567372535308522,0.07852531441770604
xg4,753,0.6541741263076611,0.5515151515151515,0.06539019044276238,0.07426361281007876
xg4,754,0.5614290097692745,0.4303030303030303,0.05837765911353963,0.06787745252201424
xg4,755,0.6524170039328662,0.7212121212121212,0.06671991335557263,0.07796880383529273
xg4,756,0.8480815833638025,0.806060606060606,0.03046234076312046,0.041470328144910695
xg4,757,0.766275629072852,0.7696969696969697,0.03569375925872233,0.04269422873371855
xg4,758,0.7259652761454707,0.8666666666666667,0.03826327293067559,0.05187347518167343
xg4,759,0.7169366153521778,0.6242424242424243,0.04301825426984389,0.054805726136598835
xg4,760,0.7915499223478921,0.7454545454545455,0.04296639836357301,0.04802024979693431
xg4,761,0.7455484644488272,0.7333333333333333,0.06718474150498267,0.0815442794004462
xg4,762,0.5908505939949196,0.5636363636363636,0.05510506400228823,0.06486227907627798
xg4,763,0.01487411755864442,0.07878787878787878,0.10841539848784265,0.13479047910949435
xg4,764,0.7850854332743306,0.793939393939394,0.03855339645829376,0.049350637881121255
xg4,765,0.4421651295423221,0.2727272727272727,0.07014483284136272,0.0968090820944403
xg4,766,0.6686264608078866,0.7212121212121212,0.044127713676189215,0.057905108771034226
xg4,767,0.6780540885801994,0.5272727272727272,0.040767348589996255,0.057342781228261606
xg4,768,0.37490709512685877,0.5151515151515151,0.07672963134484474,0.08780876867705034
xg4,769,0.30669363248190984,0.11515151515151516,0.07385957537672252,0.09082953406012473
xg4,770,0.7230327833806255,0.7212121212121212,0.04200058020398218,0.05090581331373016
xg4,771,0.5722398872444207,0.5393939393939394,0.059929743385234865,0.07099029506046019
xg4,772,0.7293449498480427,0.6727272727272727,0.054015518709874887,0.06299121114235617
xg4,773,0.636457712309835,0.696969696969697,0.05522834680636544,0.05913148599558901
xg4,774,0.5178028415911977,0.5878787878787879,0.08733669943258804,0.1040847253940967
xg4,775,0.39377595045813074,0.6484848484848484,0.06762684909156028,0.08169539230870972
xg4,776,0.5337055302074803,0.503030303030303,0.06773336654091353,0.07933985032725098
xg4,777,0.6993397452995372,0.696969696969697,0.05514973652402892,0.06242784545400145
xg4,778,0.5935979392527072,0.6121212121212121,0.05544796948394688,0.06878119998179755
xg4,779,0.7617634789499671,0.7333333333333333,0.04159285296247216,0.06000918846512924
xg4,780,0.770071623487637,0.8424242424242424,0.09130694637288203,0.1021820400489069
xg4,781,0.6873691509021388,0.6848484848484848,0.05045631862412211,0.06403940931786462
xg4,782,0.27790413780433765,0.2606060606060606,0.09338799697340035,0.1105198984909638
xg4,783,0.39459259008149444,0.3212121212121212,0.07199706546807652,0.08915755905740252
xg4,784,0.6913701650076091,0.6727272727272727,0.06525074602437855,0.0758843780486729
xg4,785,0.5583666161660226,0.6606060606060606,0.08738040684494727,0.10385572459711372
xg4,786,0.8690701924818733,0.8303030303030303,0.055129454278924114,0.06193373999869893
xg4,787,0.27815137956245733,0.11515151515151516,0.07931160142510922,0.09144999695213589
xg4,788,0.5312587701879736,0.5272727272727272,0.08158462915278186,0.09324518253075452
xg4,789,0.566382406543901,0.6606060606060606,0.051519288318078484,0.06539735793056024
xg4,790,0.7722650087287654,0.7818181818181819,0.04752624873528895,0.05547154153311918
xg4,791,0.7321942117295778,0.6606060606060606,0.07722495336162476,0.08500518651954897
xg4,792,0.6601135489178014,0.7696969696969697,0.05352872349442757,0.06948976476660822
xg4,793,0.6713244712013138,0.696969696969697,0.052212989043316095,0.06224852318316325
xg4,794,0.6570382281399711,0.5272727272727272,0.05300331051278857,0.05998977154793684
xg4,795,0.43066111092051895,0.6848484848484848,0.060811524256893644,0.081690125291545
xg4,796,0.7740329090931264,0.8303030303030303,0.03671654060451512,0.048288842900815886
xg4,797,0.604640783886295,0.5878787878787879,0.061363729080867645,0.0807444288116133
xg4,798,0.8912098594126063,0.8545454545454545,0.027409903427547393,0.02963975176781544
xg4,799,0.3871471802263211,0.3575757575757576,0.07363318940569127,0.09185881855921882
xg4,800,0.8813654515486823,0.7454545454545455,0.024543688436882306,0.03131228075884346
xg4,801,0.5281367724793858,0.5272727272727272,0.07203743613842861,0.08331807646047064
xg4,802,0.7039515201235298,0.696969696969697,0.053056517473349794,0.07148720288626849
xg4,803,0.542756785710179,0.6242424242424243,0.06894014657079331,0.08145992643676744
xg4,804,0.9140960772226817,0.8787878787878788,0.045994450237119185,0.05227572686633129
xg4,805,0.5990014139740487,0.5515151515151515,0.061368688181380936,0.07079507719891391
xg4,806,0.3233036764447829,0.15151515151515152,0.11003634821855304,0.13420232833479848
xg4,807,0.5545385875567075,0.5393939393939394,0.060390584609834506,0.071285313357676
xg4,808,0.3988876183240265,0.3333333333333333,0.07736539258792051,0.08275793428678167
xg4,809,0.4858695821474554,0.806060606060606,0.0733971215954289,0.08771013641888308
xg4,810,0.7624734884203994,0.696969696969697,0.032442502437616365,0.04697568803978622
xg4,811,0.6754886867955815,0.7818181818181819,0.057336605643615465,0.06366438455094703
xg4,812,0.7562988344556,0.8303030303030303,0.05751280828597083,0.06836630560326733
xg4,813,0.7157580076973052,0.793939393939394,0.03396656807839156,0.05053229659789835
xg4,814,0.8787384802788346,0.8303030303030303,0.043024952885291366,0.05120994831475477
xg4,815,0.7309028711337877,0.793939393939394,0.03794533967923648,0.047502801195294424
xg4,816,0.6415936843549577,0.7333333333333333,0.09533080254358747,0.11133143225692586
xg4,817,0.5778927449741614,0.6484848484848484,0.052326202949460554,0.07093387138168555
xg4,818,0.29280374781245494,0.296969696969697,0.09711481566895735,0.11998094548006867
xg4,819,0.3591105178993322,0.5515151515151515,0.07849134299620893,0.1010505353672
xg4,820,0.7825120495332611,0.7333333333333333,0.0468573488376451,0.0556159602197792
xg4,821,0.7994134984967441,0.806060606060606,0.0370875300982105,0.0457113094822115
xg4,822,0.8049229140433324,0.806060606060606,0.05455835042461381,0.06389115449415038
xg4,823,0.5062592850584434,0.5636363636363636,0.058594616054784665,0.07643077959056382
xg4,824,0.8376007268757198,0.8787878787878788,0.03896912079844709,0.04715822001934285
xg4,825,0.6663577678810925,0.6848484848484848,0.05377472019644205,0.06464010762249027
xg4,826,0.49156986365149563,0.5757575757575758,0.08233670281823129,0.09751936068416422
xg4,827,0.5873436808886939,0.47878787878787876,0.05382482632904051,0.06634336826686832
xg4,828,0.7940599192539516,0.806060606060606,0.03289050775687076,0.04271782619688106
xg4,829,0.8331402818885865,0.8303030303030303,0.04322102243496091,0.05596410330179716
xg4,830,0.7921191230554099,0.8181818181818182,0.06573295808884783,0.07763302748840728
xg4,831,0.3877104355470572,0.3212121212121212,0.07354372506232187,0.08540352637402465
xg4,832,0.36148558850932994,0.23636363636363636,0.07926773163289594,0.08739466940023612
xg4,833,0.37131875709145673,0.4666666666666667,0.06747152018789868,0.08489658665329261
xg4,834,0.689101708893073,0.7212121212121212,0.050784028664319504,0.05904199150805845
xg4,835,0.8351793500737446,0.8545454545454545,0.03155090960401294,0.03572314786361539
xg4,836,0.4110003376005995,0.3212121212121212,0.08822045725667847,0.109967699777613
xg4,837,0.5367445767570184,0.503030303030303,0.08082674118836168,0.09751831642414815
xg4,838,0.8040297810728515,0.696969696969697,0.03425233980249132,0.04323487066340054
xg4,839,0.7249673010968865,0.7575757575757576,0.05595290200993752,0.06427146676689817
xg4,840,0.7497031122416146,0.6484848484848484,0.04989410403153756,0.06033919193467399
xg4,841,0.39079295789147195,0.296969696969697,0.0699467722096983,0.089435187077733
xg4,842,0.25845888916702253,0.5636363636363636,0.09441615942328811,0.10420078365166911
xg4,843,0.6207019093889715,0.5515151515151515,0.05233091533110783,0.06393509716628065
xg4,844,0.5602161038873739,0.5757575757575758,0.05779258915634337,0.07504625870582342
xg4,845,0.0443995708342293,-0.01818181818181818,0.10159197835602218,0.12052001590944611
xg4,846,0.6696131530755404,0.6484848484848484,0.06516584823731936,0.0840326453451697
xg4,847,0.591841991821863,0.6,0.07488489917513547,0.08519859172666606
xg4,848,0.7442887242876831,0.696969696969697,0.05691735176273406,0.07361663306526577
xg4,849,0.8261487506305788,0.7818181818181819,0.050025211703291175,0.05622513977413822
xg4,850,0.6477827222383574,0.7333333333333333,0.06489982895248605,0.07533752748053466
xg4,851,0.6816118355310499,0.45454545454545453,0.06763247088728115,0.08364423521399576
xg4,852,0.5391466102644432,0.5393939393939394,0.04803301958796567,0.06498987323364876
xg4,853,0.44648902119770756,0.5515151515151515,0.05923513648717445,0.0755360097194739
xg4,854,0.7795670737578616,0.7090909090909091,0.04813477097461315,0.05626740868407284
xg4,855,0.7760358098379838,0.8424242424242424,0.03703212025307239,0.049169514566901995
xg4,856,0.8830402404308061,0.8424242424242424,0.029753384717642873,0.036303779989033814
xg4,857,0.6554608502971515,0.7090909090909091,0.06442641288338757,0.08225162965156649
xg4,858,0.7144084974180214,0.7090909090909091,0.0584834585583686,0.06931800155159966
xg4,859,0.35071650265341053,0.5151515151515151,0.07436018779922118,0.08689757076360467
xg4,860,0.4459068035469363,0.3696969696969697,0.0716922695840495,0.08883454029401673
xg4,861,0.9773855782734083,0.9151515151515152,0.016555051797196556,0.018308607275546084
xg4,862,0.6559801322946555,0.806060606060606,0.04806650015279605,0.0724047871385748
xg4,863,0.921489055276002,0.8424242424242424,0.026820084134626665,0.031138428078929185
xg4,864,0.2922330567265996,0.3939393939393939,0.06308408406396789,0.08586428567221606
xg4,865,0.5570994476865122,0.6484848484848484,0.052749386672614085,0.06456228419920021
xg4,866,0.7832800286851243,0.7454545454545455,0.06604332059426801,0.07810798078032662
xg4,867,0.44350916722620065,0.5151515151515151,0.07212996980232517,0.08581798391723892
xg4,868,0.8703945904267782,0.8303030303030303,0.026895274425200132,0.035014738516872486
xg4,869,0.4628947366369699,0.3696969696969697,0.0664020969245449,0.07982685698002026
xg4,870,0.7789391651987738,0.793939393939394,0.04415258594129583,0.05265139218003737
xg4,871,0.2924222983722544,0.40606060606060607,0.06715527438887214,0.08741064066588862
xg4,872,0.3514088098485466,0.24848484848484848,0.0608528440111014,0.0842660617117349
xg4,873,0.8796849432240946,0.8545454545454545,0.05411731840470655,0.06362103162057527
xg4,874,0.5656545411798483,0.5757575757575758,0.06246298368030245,0.07442938928620742
xg4,875,0.40224257926305484,0.38181818181818183,0.07138339361793626,0.0841219336102105
xg4,876,0.5295881882717379,0.5272727272727272,0.05555649504303828,0.07122115604507794
xg4,877,0.5395134660684385,0.806060606060606,0.07033880039742146,0.09037655534146047
xg4,878,0.5500774078525196,0.47878787878787876,0.07988138942634242,0.09424988826214144
xg4,879,0.7579195695315794,0.7575757575757576,0.03716057718351252,0.04708767890338262
xg4,880,0.5604595008752145,0.6242424242424243,0.056091278194941585,0.06774286550157847
xg4,881,0.431588859358451,0.6242424242424243,0.07047843759134069,0.0840094803482062
xg4,882,0.6485839242219938,0.6,0.04672010932153898,0.060898184386765836
xg4,883,0.8027154770497557,0.7333333333333333,0.032498628653585514,0.04543848413364833
xg4,884,0.5670315443171993,0.6484848484848484,0.048401108262463015,0.06037152772459758
xg4,885,0.4365299480189611,0.5636363636363636,0.06471147350194609,0.07253177739322347
xg4,886,0.5992997727619376,0.4666666666666667,0.052092692978825975,0.06666873408033762
xg4,887,0.7741790401854544,0.7454545454545455,0.05809444890706962,0.07094817136420777
xg4,888,0.3122426232288573,0.3939393939393939,0.12082281868739982,0.13950834055953604
xg4,889,0.6408180241213384,0.6363636363636364,0.05990945520367654,0.06892726393606602
xg4,890,0.6859641358763807,0.7696969696969697,0.05294381455664314,0.05619908661181134
xg4,891,0.5819578682508371,0.6606060606060606,0.07040243704255712,0.09052491006080352
xg4,892,0.5436566979910035,0.6121212121212121,0.09225469684962002,0.10897204199940166
xg4,893,0.8977377205416506,0.8787878787878788,0.05309834389916893,0.06036843781872489
xg4,894,0.6283891977658629,0.5393939393939394,0.041398463064861335,0.05719980872434439
xg4,895,0.5752424766059101,0.6484848484848484,0.06215262106130674,0.07951334098613083
xg4,896,0.7923724229153163,0.8181818181818182,0.03654639074714621,0.04344434660051183
xg4,897,0.7422598815764097,0.7090909090909091,0.07976702678404574,0.09184618899559717
xg4,898,0.6844035459399307,0.7696969696969697,0.0811886643063474,0.08522762123336479
xg4,899,0.47996541281207916,0.3939393939393939,0.06323452521867774,0.07309505207461417
xg4,900,0.6384157525482526,0.4666666666666667,0.05003722472269186,0.0666987204081358
xg4,901,0.7033959635825391,0.7090909090909091,0.10122741708739066,0.113175482817106
xg4,902,0.7030759133153659,0.793939393939394,0.05559353336793445,0.06746193625221672
xg4,903,0.6935941761418791,0.7333333333333333,0.047357276125108025,0.052488205388521114
xg4,904,0.7855250328366943,0.7575757575757576,0.03852003626412563,0.04473218090303668
xg4,905,0.7310621280695544,0.8666666666666667,0.08697824047326608,0.09494526046016229
xg4,906,0.8471248670420867,0.8424242424242424,0.033633365658679054,0.03800891959330781
xg4,907,0.557767276756706,0.41818181818181815,0.050316978854893855,0.06284085066607847
xg4,908,0.5806204114324001,0.6606060606060606,0.04176449476884175,0.06485928463041114
xg4,909,0.15832788510362078,-0.01818181818181818,0.09112091000616032,0.11072096917811113
xg4,910,0.6563623927337447,0.696969696969697,0.04734746223239354,0.057796274079741056
xg4,911,0.7518828902085247,0.7696969696969697,0.050660896905178096,0.06495616879910163
xg4,912,0.6398056441783558,0.7454545454545455,0.04461682460584658,0.05575406167087522
xg4,913,0.6717344178724584,0.5878787878787879,0.04625878889839465,0.06370460927779337
xg4,914,0.8822181974441377,0.8303030303030303,0.02648388355871813,0.03173965254866041
xg4,915,0.5463980689031479,0.6,0.08592454837638201,0.09981652224319204
xg4,916,0.7903747599934872,0.8424242424242424,0.04448418124524721,0.05683261581162881
xg4,917,0.626197021932939,0.5515151515151515,0.05874008286680806,0.07157637763769949
xg4,918,0.5620154085327765,0.41818181818181815,0.07110656641809146,0.08287093481042435
xg4,919,0.6451942043660138,0.7454545454545455,0.0897676573090719,0.10273311017506902
xg4,920,0.7262709039044675,0.6848484848484848,0.046190183787073895,0.05795210220214315
xg4,921,0.3170099328801907,0.3939393939393939,0.0798740976169679,0.08828953724820916
xg4,922,0.5544999672006172,0.6606060606060606,0.06284716627985913,0.07896949876903774
xg4,923,0.44578582856778914,0.47878787878787876,0.07857394504622253,0.09233855058113996
xg4,924,0.8271224557388401,0.8181818181818182,0.03195963363872363,0.03937869643234478
xg4,925,0.6904739122519093,0.7333333333333333,0.080538382015611,0.09063777646828564
xg4,926,0.7088834180625241,0.7575757575757576,0.05359466922188142,0.0630184296882651
xg4,927,0.4311250433713197,0.41818181818181815,0.09929760715170662,0.11528956410976077
xg4,928,0.28840166138154255,0.34545454545454546,0.07125580066241806,0.08620846135900265
xg4,929,0.7639514567953541,0.8424242424242424,0.04774002850596748,0.05911743026222758
xg4,930,0.8611926302549623,0.793939393939394,0.03796396120921459,0.04612379898499254
xg4,931,0.8580970585035267,0.7696969696969697,0.026993946424864922,0.033500102146303494
xg4,932,0.6046410220642862,0.6484848484848484,0.05885603506386836,0.06910303383690364
xg4,933,0.7204355834227298,0.806060606060606,0.03795322420936701,0.05411713532507872
xg4,934,0.6354245283536348,0.6121212121212121,0.06144324012215481,0.07629847041700286
xg4,935,0.7488549480896715,0.6727272727272727,0.05052562055043401,0.05310968027483004
xg4,936,0.8105226907648485,0.8181818181818182,0.03905748109253872,0.04824925739509634
xg4,937,0.7543082866150714,0.7575757575757576,0.04487575096994147,0.057520946738613216
xg4,938,0.6991788142355774,0.696969696969697,0.05358148159657221,0.06037915756188902
xg4,939,0.7287479463869228,0.7575757575757576,0.04085226808014019,0.05240303932183445
xg4,940,0.6241778178868936,0.7333333333333333,0.1129180052486585,0.12561519123172507
xg4,941,0.9016963363388887,0.7333333333333333,0.030399234930451415,0.032921205284940566
xg4,942,0.6708814019960427,0.7454545454545455,0.05129455296025069,0.057752000833649335
xg4,943,0.6878405661963586,0.696969696969697,0.06801044814194901,0.07871462970703817
xg4,944,0.7470173610009081,0.7454545454545455,0.056073770810206945,0.06044446883516579
xg4,945,0.39522334062232967,0.6242424242424243,0.07340598668360801,0.0914391407378927
xg4,946,0.48258894459912904,0.5393939393939394,0.06528064994491665,0.0797975031410734
xg4,947,0.4264184197600398,0.38181818181818183,0.07229834499725887,0.07805473197136291
xg4,948,0.737013181043676,0.7454545454545455,0.047867374761575966,0.06112371894618654
xg4,949,0.7084271753608693,0.7696969696969697,0.04648411286516259,0.05559478447777437
xg4,950,0.44945936766865385,0.3333333333333333,0.06286878829189577,0.07712261217382228
xg4,951,0.3480261605425857,0.6,0.07535998930475413,0.08779861888624535
xg4,952,0.495497013361087,0.6121212121212121,0.07693512137578426,0.09140364482263898
xg4,953,0.7291525944854771,0.7212121212121212,0.041382284279812956,0.04786534879546321
xg4,954,0.44517242260645346,0.6121212121212121,0.06323664044935692,0.08180906824083321
xg4,955,0.30611078572881345,0.28484848484848485,0.10824350714323791,0.1212425400627204
xg4,956,0.5168008379433942,0.4666666666666667,0.0594966719567918,0.08085799438492451
xg4,957,0.8080880467457714,0.7696969696969697,0.033430570706472915,0.04075152795738068
xg4,958,0.7729112782601095,0.7575757575757576,0.042220414048280655,0.053848464273846285
xg4,959,0.5076319646589128,0.6242424242424243,0.0632139252085865,0.07179816732749254
xg4,960,0.30266124311412723,0.24848484848484848,0.07060916382821855,0.08660945081795052
xg4,961,0.4094757998580592,0.4909090909090909,0.07136880323962516,0.07896033175616533
xg4,962,0.6025478294519536,0.6363636363636364,0.05535243919874274,0.06220627184103152
xg4,963,0.2892322586400923,0.503030303030303,0.06644869248748105,0.08870597098594207
xg4,964,0.7485863443971504,0.7212121212121212,0.057316414390781126,0.06379332397201438
xg4,965,0.3868803990717101,0.04242424242424243,0.05648632036854977,0.0777361610388087
xg4,966,0.5733531025059849,0.6727272727272727,0.06506058598663496,0.08819774236562893
xg4,967,0.5718996868664927,0.6,0.07793338299159022,0.09544757088897221
xg4,968,0.6446646414482045,0.6,0.05558112092084022,0.06774245282740544
xg4,969,0.6944926510435068,0.7575757575757576,0.050867951357353856,0.058745527981385035
xg4,970,0.43669113575622337,0.4303030303030303,0.06714283731478841,0.08322274695899666
xg4,971,0.5955626873276852,0.5636363636363636,0.08935468260698819,0.10860775630116101
xg4,972,0.6719580409150866,0.6363636363636364,0.04647101250820666,0.05538372840426833
xg4,973,0.5799972199168687,0.5636363636363636,0.05795167504812493,0.07233400886671339
xg4,974,0.4440953436598989,0.5393939393939394,0.06895844064989994,0.07331019537563002
xg4,975,0.9044089753742754,0.8909090909090909,0.0323138911570123,0.03933493628525821
xg4,976,0.21553558456763064,0.17575757575757575,0.09637504361336749,0.13301807280831968
xg4,977,0.711056050205978,0.7333333333333333,0.03683740598233282,0.04718133549177973
xg4,978,0.30353271980727276,0.28484848484848485,0.07531540218068306,0.08771835979207872
xg4,979,0.775385034900035,0.7575757575757576,0.0700709331026279,0.08130030784889425
xg4,980,0.6137280009326223,0.5515151515151515,0.06201962364302329,0.07469184745480167
xg4,981,0.713673608219751,0.7575757575757576,0.043316232382323065,0.04944046972422972
xg4,982,0.6219854557141818,0.6606060606060606,0.058891050281280964,0.0744725640316964
xg4,983,0.6735422496927238,0.7454545454545455,0.05198040728757045,0.06468587756840494
xg4,984,0.734450841291255,0.696969696969697,0.10341500215462074,0.1128340455876547
xg4,985,0.4197597787021587,0.24848484848484848,0.06803597138330508,0.08235724384167206
xg4,986,0.7779127131183778,0.6606060606060606,0.03388493064606309,0.043121205703889366
xg4,987,0.7545376329111253,0.7818181818181819,0.0781073888715247,0.088352065800455
xg4,988,0.7431959949623379,0.806060606060606,0.03782315370635626,0.047700966053108626
xg4,989,0.46016118153351315,0.40606060606060607,0.06960996014311763,0.0883821405990845
xg4,990,0.7396000693277655,0.7818181818181819,0.09522773099928399,0.10723647663008837
xg4,991,0.5563783572405051,0.5757575757575758,0.06393310257586038,0.07911213864714875
xg4,992,0.8109991617323136,0.8181818181818182,0.03407928319265283,0.042365844886139016
xg4,993,0.8771779110236959,0.8303030303030303,0.055196496041729645,0.0638470448116142
xg4,994,0.23158590471406218,0.3333333333333333,0.08337636687610986,0.104155344033385
xg4,995,0.5822789889645282,0.7575757575757576,0.051189113574895286,0.06206021365796644
xg4,996,0.7123116171646894,0.696969696969697,0.04701481215080094,0.05507221080587914
xg4,997,0.7585794787172296,0.696969696969697,0.032841463324106486,0.046949120453721765
xg4,998,0.9082247003707952,0.806060606060606,0.0448654048032062,0.04945727452260212
xg4,999,0.8207875836640942,0.793939393939394,0.040838550189936415,0.048961569047742924
