schema_version,source_pair_id,endpoint,estimand,contrast_value
gen4_native_mamba_phase_f_pair_level_contrasts_v1,archive_release,POST4_SPEED,DELTA_TITLE,-0.5701314210891724
gen4_native_mamba_phase_f_pair_level_contrasts_v1,bridge_opening,POST4_SPEED,DELTA_TITLE,-0.2711489200592041
gen4_native_mamba_phase_f_pair_level_contrasts_v1,canal_reopening,POST4_SPEED,DELTA_TITLE,0.12302422523498535
gen4_native_mamba_phase_f_pair_level_contrasts_v1,clinic_expansion,POST4_SPEED,DELTA_TITLE,-0.23794353008270264
gen4_native_mamba_phase_f_pair_level_contrasts_v1,dam_inspection,POST4_SPEED,DELTA_TITLE,0.05709826946258545
gen4_native_mamba_phase_f_pair_level_contrasts_v1,ferry_launch,POST4_SPEED,DELTA_TITLE,-0.180908203125
gen4_native_mamba_phase_f_pair_level_contrasts_v1,festival_selection,POST4_SPEED,DELTA_TITLE,-0.3586007356643677
gen4_native_mamba_phase_f_pair_level_contrasts_v1,forest_mapping,POST4_SPEED,DELTA_TITLE,0.12765705585479736
gen4_native_mamba_phase_f_pair_level_contrasts_v1,garden_award,POST4_SPEED,DELTA_TITLE,0.07906174659729004
gen4_native_mamba_phase_f_pair_level_contrasts_v1,generated_fact_031,POST4_SPEED,DELTA_TITLE,-0.30199646949768066
gen4_native_mamba_phase_f_pair_level_contrasts_v1,generated_fact_032,POST4_SPEED,DELTA_TITLE,0.1113734245300293
gen4_native_mamba_phase_f_pair_level_contrasts_v1,generated_fact_033,POST4_SPEED,DELTA_TITLE,-0.22053515911102295
gen4_native_mamba_phase_f_pair_level_contrasts_v1,generated_fact_034,POST4_SPEED,DELTA_TITLE,-0.2380354404449463
gen4_native_mamba_phase_f_pair_level_contrasts_v1,generated_fact_035,POST4_SPEED,DELTA_TITLE,0.630699872970581
gen4_native_mamba_phase_f_pair_level_contrasts_v1,generated_fact_036,POST4_SPEED,DELTA_TITLE,0.18312358856201172
gen4_native_mamba_phase_f_pair_level_contrasts_v1,generated_fact_037,POST4_SPEED,DELTA_TITLE,-0.4351494312286377
gen4_native_mamba_phase_f_pair_level_contrasts_v1,generated_fact_038,POST4_SPEED,DELTA_TITLE,0.03793060779571533
gen4_native_mamba_phase_f_pair_level_contrasts_v1,generated_fact_039,POST4_SPEED,DELTA_TITLE,0.16683411598205566
gen4_native_mamba_phase_f_pair_level_contrasts_v1,generated_fact_040,POST4_SPEED,DELTA_TITLE,-0.36203861236572266
gen4_native_mamba_phase_f_pair_level_contrasts_v1,generated_fact_041,POST4_SPEED,DELTA_TITLE,0.509848952293396
gen4_native_mamba_phase_f_pair_level_contrasts_v1,generated_fact_042,POST4_SPEED,DELTA_TITLE,0.1856151819229126
gen4_native_mamba_phase_f_pair_level_contrasts_v1,generated_fact_043,POST4_SPEED,DELTA_TITLE,-0.30406463146209717
gen4_native_mamba_phase_f_pair_level_contrasts_v1,generated_fact_044,POST4_SPEED,DELTA_TITLE,0.09039926528930664
gen4_native_mamba_phase_f_pair_level_contrasts_v1,generated_fact_045,POST4_SPEED,DELTA_TITLE,-0.22085607051849365
gen4_native_mamba_phase_f_pair_level_contrasts_v1,generated_fact_046,POST4_SPEED,DELTA_TITLE,-0.2392796277999878
gen4_native_mamba_phase_f_pair_level_contrasts_v1,generated_fact_047,POST4_SPEED,DELTA_TITLE,0.6153148412704468
gen4_native_mamba_phase_f_pair_level_contrasts_v1,generated_fact_048,POST4_SPEED,DELTA_TITLE,0.17773211002349854
gen4_native_mamba_phase_f_pair_level_contrasts_v1,generated_fact_049,POST4_SPEED,DELTA_TITLE,-0.4410994052886963
gen4_native_mamba_phase_f_pair_level_contrasts_v1,generated_fact_050,POST4_SPEED,DELTA_TITLE,0.062476277351379395
gen4_native_mamba_phase_f_pair_level_contrasts_v1,generated_fact_051,POST4_SPEED,DELTA_TITLE,0.14411020278930664
gen4_native_mamba_phase_f_pair_level_contrasts_v1,generated_fact_052,POST4_SPEED,DELTA_TITLE,-0.36277222633361816
gen4_native_mamba_phase_f_pair_level_contrasts_v1,generated_fact_053,POST4_SPEED,DELTA_TITLE,0.5143818855285645
gen4_native_mamba_phase_f_pair_level_contrasts_v1,generated_fact_054,POST4_SPEED,DELTA_TITLE,0.202720046043396
gen4_native_mamba_phase_f_pair_level_contrasts_v1,generated_fact_055,POST4_SPEED,DELTA_TITLE,-0.30501997470855713
gen4_native_mamba_phase_f_pair_level_contrasts_v1,generated_fact_056,POST4_SPEED,DELTA_TITLE,0.10954201221466064
gen4_native_mamba_phase_f_pair_level_contrasts_v1,generated_fact_057,POST4_SPEED,DELTA_TITLE,-0.21536493301391602
gen4_native_mamba_phase_f_pair_level_contrasts_v1,generated_fact_058,POST4_SPEED,DELTA_TITLE,-0.24257433414459229
gen4_native_mamba_phase_f_pair_level_contrasts_v1,generated_fact_059,POST4_SPEED,DELTA_TITLE,0.6307896375656128
gen4_native_mamba_phase_f_pair_level_contrasts_v1,generated_fact_060,POST4_SPEED,DELTA_TITLE,0.18220973014831543
gen4_native_mamba_phase_f_pair_level_contrasts_v1,generated_fact_061,POST4_SPEED,DELTA_TITLE,-0.4417686462402344
gen4_native_mamba_phase_f_pair_level_contrasts_v1,generated_fact_062,POST4_SPEED,DELTA_TITLE,0.05932509899139404
gen4_native_mamba_phase_f_pair_level_contrasts_v1,generated_fact_063,POST4_SPEED,DELTA_TITLE,0.16207218170166016
gen4_native_mamba_phase_f_pair_level_contrasts_v1,generated_fact_064,POST4_SPEED,DELTA_TITLE,-0.3672856092453003
gen4_native_mamba_phase_f_pair_level_contrasts_v1,generated_fact_065,POST4_SPEED,DELTA_TITLE,0.5215455293655396
gen4_native_mamba_phase_f_pair_level_contrasts_v1,generated_fact_066,POST4_SPEED,DELTA_TITLE,0.19581568241119385
gen4_native_mamba_phase_f_pair_level_contrasts_v1,generated_fact_067,POST4_SPEED,DELTA_TITLE,-0.3201930522918701
gen4_native_mamba_phase_f_pair_level_contrasts_v1,generated_fact_068,POST4_SPEED,DELTA_TITLE,0.09003591537475586
gen4_native_mamba_phase_f_pair_level_contrasts_v1,generated_fact_069,POST4_SPEED,DELTA_TITLE,-0.20338857173919678
gen4_native_mamba_phase_f_pair_level_contrasts_v1,generated_fact_070,POST4_SPEED,DELTA_TITLE,-0.23680686950683594
gen4_native_mamba_phase_f_pair_level_contrasts_v1,generated_fact_071,POST4_SPEED,DELTA_TITLE,0.6111555099487305
gen4_native_mamba_phase_f_pair_level_contrasts_v1,generated_fact_072,POST4_SPEED,DELTA_TITLE,0.19398295879364014
gen4_native_mamba_phase_f_pair_level_contrasts_v1,generated_fact_073,POST4_SPEED,DELTA_TITLE,-0.4300076961517334
gen4_native_mamba_phase_f_pair_level_contrasts_v1,generated_fact_074,POST4_SPEED,DELTA_TITLE,0.06764781475067139
gen4_native_mamba_phase_f_pair_level_contrasts_v1,generated_fact_075,POST4_SPEED,DELTA_TITLE,0.1550370454788208
gen4_native_mamba_phase_f_pair_level_contrasts_v1,generated_fact_076,POST4_SPEED,DELTA_TITLE,-0.361236572265625
gen4_native_mamba_phase_f_pair_level_contrasts_v1,generated_fact_077,POST4_SPEED,DELTA_TITLE,0.5186934471130371
gen4_native_mamba_phase_f_pair_level_contrasts_v1,generated_fact_078,POST4_SPEED,DELTA_TITLE,0.17678558826446533
gen4_native_mamba_phase_f_pair_level_contrasts_v1,generated_fact_079,POST4_SPEED,DELTA_TITLE,-0.30637431144714355
gen4_native_mamba_phase_f_pair_level_contrasts_v1,generated_fact_080,POST4_SPEED,DELTA_TITLE,0.09209620952606201
gen4_native_mamba_phase_f_pair_level_contrasts_v1,generated_fact_081,POST4_SPEED,DELTA_TITLE,-0.21079397201538086
gen4_native_mamba_phase_f_pair_level_contrasts_v1,generated_fact_082,POST4_SPEED,DELTA_TITLE,-0.24371421337127686
gen4_native_mamba_phase_f_pair_level_contrasts_v1,generated_fact_083,POST4_SPEED,DELTA_TITLE,0.6140947341918945
gen4_native_mamba_phase_f_pair_level_contrasts_v1,generated_fact_084,POST4_SPEED,DELTA_TITLE,0.189070463180542
gen4_native_mamba_phase_f_pair_level_contrasts_v1,generated_fact_085,POST4_SPEED,DELTA_TITLE,-0.4384477138519287
gen4_native_mamba_phase_f_pair_level_contrasts_v1,generated_fact_086,POST4_SPEED,DELTA_TITLE,0.04723763465881348
gen4_native_mamba_phase_f_pair_level_contrasts_v1,generated_fact_087,POST4_SPEED,DELTA_TITLE,0.15507793426513672
gen4_native_mamba_phase_f_pair_level_contrasts_v1,generated_fact_088,POST4_SPEED,DELTA_TITLE,-0.3646211624145508
gen4_native_mamba_phase_f_pair_level_contrasts_v1,generated_fact_089,POST4_SPEED,DELTA_TITLE,0.5186359882354736
gen4_native_mamba_phase_f_pair_level_contrasts_v1,generated_fact_090,POST4_SPEED,DELTA_TITLE,0.17699623107910156
gen4_native_mamba_phase_f_pair_level_contrasts_v1,generated_fact_091,POST4_SPEED,DELTA_TITLE,-0.31263434886932373
gen4_native_mamba_phase_f_pair_level_contrasts_v1,generated_fact_092,POST4_SPEED,DELTA_TITLE,0.11139214038848877
gen4_native_mamba_phase_f_pair_level_contrasts_v1,generated_fact_093,POST4_SPEED,DELTA_TITLE,-0.22002792358398438
gen4_native_mamba_phase_f_pair_level_contrasts_v1,generated_fact_094,POST4_SPEED,DELTA_TITLE,-0.237341046333313
gen4_native_mamba_phase_f_pair_level_contrasts_v1,generated_fact_095,POST4_SPEED,DELTA_TITLE,0.6252859830856323
gen4_native_mamba_phase_f_pair_level_contrasts_v1,generated_fact_096,POST4_SPEED,DELTA_TITLE,0.20638597011566162
gen4_native_mamba_phase_f_pair_level_contrasts_v1,generated_fact_097,POST4_SPEED,DELTA_TITLE,-0.44064831733703613
gen4_native_mamba_phase_f_pair_level_contrasts_v1,generated_fact_098,POST4_SPEED,DELTA_TITLE,0.0646820068359375
gen4_native_mamba_phase_f_pair_level_contrasts_v1,generated_fact_099,POST4_SPEED,DELTA_TITLE,0.1614391803741455
gen4_native_mamba_phase_f_pair_level_contrasts_v1,generated_fact_100,POST4_SPEED,DELTA_TITLE,-0.36330533027648926
gen4_native_mamba_phase_f_pair_level_contrasts_v1,generated_fact_101,POST4_SPEED,DELTA_TITLE,0.5232715606689453
gen4_native_mamba_phase_f_pair_level_contrasts_v1,generated_fact_102,POST4_SPEED,DELTA_TITLE,0.17275118827819824
gen4_native_mamba_phase_f_pair_level_contrasts_v1,generated_fact_103,POST4_SPEED,DELTA_TITLE,-0.30930089950561523
gen4_native_mamba_phase_f_pair_level_contrasts_v1,generated_fact_104,POST4_SPEED,DELTA_TITLE,0.10874319076538086
gen4_native_mamba_phase_f_pair_level_contrasts_v1,generated_fact_105,POST4_SPEED,DELTA_TITLE,-0.22041869163513184
gen4_native_mamba_phase_f_pair_level_contrasts_v1,generated_fact_106,POST4_SPEED,DELTA_TITLE,-0.24562287330627441
gen4_native_mamba_phase_f_pair_level_contrasts_v1,generated_fact_107,POST4_SPEED,DELTA_TITLE,0.6322757005691528
gen4_native_mamba_phase_f_pair_level_contrasts_v1,generated_fact_108,POST4_SPEED,DELTA_TITLE,0.19717073440551758
gen4_native_mamba_phase_f_pair_level_contrasts_v1,generated_fact_109,POST4_SPEED,DELTA_TITLE,-0.44923877716064453
gen4_native_mamba_phase_f_pair_level_contrasts_v1,generated_fact_110,POST4_SPEED,DELTA_TITLE,0.03927147388458252
gen4_native_mamba_phase_f_pair_level_contrasts_v1,generated_fact_111,POST4_SPEED,DELTA_TITLE,0.1618354320526123
gen4_native_mamba_phase_f_pair_level_contrasts_v1,generated_fact_112,POST4_SPEED,DELTA_TITLE,-0.36497366428375244
gen4_native_mamba_phase_f_pair_level_contrasts_v1,generated_fact_113,POST4_SPEED,DELTA_TITLE,0.5133002996444702
gen4_native_mamba_phase_f_pair_level_contrasts_v1,generated_fact_114,POST4_SPEED,DELTA_TITLE,0.1930396556854248
gen4_native_mamba_phase_f_pair_level_contrasts_v1,generated_fact_115,POST4_SPEED,DELTA_TITLE,-0.30680251121520996
gen4_native_mamba_phase_f_pair_level_contrasts_v1,generated_fact_116,POST4_SPEED,DELTA_TITLE,0.10726022720336914
gen4_native_mamba_phase_f_pair_level_contrasts_v1,generated_fact_117,POST4_SPEED,DELTA_TITLE,-0.213506817817688
gen4_native_mamba_phase_f_pair_level_contrasts_v1,generated_fact_118,POST4_SPEED,DELTA_TITLE,-0.2360471487045288
gen4_native_mamba_phase_f_pair_level_contrasts_v1,generated_fact_119,POST4_SPEED,DELTA_TITLE,0.6224167346954346
gen4_native_mamba_phase_f_pair_level_contrasts_v1,generated_fact_120,POST4_SPEED,DELTA_TITLE,0.18306446075439453
gen4_native_mamba_phase_f_pair_level_contrasts_v1,generated_fact_121,POST4_SPEED,DELTA_TITLE,-0.43244290351867676
gen4_native_mamba_phase_f_pair_level_contrasts_v1,generated_fact_122,POST4_SPEED,DELTA_TITLE,0.0410611629486084
gen4_native_mamba_phase_f_pair_level_contrasts_v1,generated_fact_123,POST4_SPEED,DELTA_TITLE,0.15861785411834717
gen4_native_mamba_phase_f_pair_level_contrasts_v1,generated_fact_124,POST4_SPEED,DELTA_TITLE,-0.3638620376586914
gen4_native_mamba_phase_f_pair_level_contrasts_v1,generated_fact_125,POST4_SPEED,DELTA_TITLE,0.5089342594146729
gen4_native_mamba_phase_f_pair_level_contrasts_v1,generated_fact_126,POST4_SPEED,DELTA_TITLE,0.18341147899627686
gen4_native_mamba_phase_f_pair_level_contrasts_v1,generated_fact_127,POST4_SPEED,DELTA_TITLE,-0.30670642852783203
gen4_native_mamba_phase_f_pair_level_contrasts_v1,generated_fact_128,POST4_SPEED,DELTA_TITLE,0.09883475303649902
gen4_native_mamba_phase_f_pair_level_contrasts_v1,generated_fact_129,POST4_SPEED,DELTA_TITLE,-0.2370375394821167
gen4_native_mamba_phase_f_pair_level_contrasts_v1,generated_fact_130,POST4_SPEED,DELTA_TITLE,-0.24197018146514893
gen4_native_mamba_phase_f_pair_level_contrasts_v1,generated_fact_131,POST4_SPEED,DELTA_TITLE,0.6233439445495605
gen4_native_mamba_phase_f_pair_level_contrasts_v1,generated_fact_132,POST4_SPEED,DELTA_TITLE,0.18051981925964355
gen4_native_mamba_phase_f_pair_level_contrasts_v1,generated_fact_133,POST4_SPEED,DELTA_TITLE,-0.4411144256591797
gen4_native_mamba_phase_f_pair_level_contrasts_v1,generated_fact_134,POST4_SPEED,DELTA_TITLE,0.0675816535949707
gen4_native_mamba_phase_f_pair_level_contrasts_v1,generated_fact_135,POST4_SPEED,DELTA_TITLE,0.14948642253875732
gen4_native_mamba_phase_f_pair_level_contrasts_v1,generated_fact_136,POST4_SPEED,DELTA_TITLE,-0.36391782760620117
gen4_native_mamba_phase_f_pair_level_contrasts_v1,generated_fact_137,POST4_SPEED,DELTA_TITLE,0.5259490013122559
gen4_native_mamba_phase_f_pair_level_contrasts_v1,generated_fact_138,POST4_SPEED,DELTA_TITLE,0.2028350830078125
gen4_native_mamba_phase_f_pair_level_contrasts_v1,generated_fact_139,POST4_SPEED,DELTA_TITLE,-0.30755090713500977
gen4_native_mamba_phase_f_pair_level_contrasts_v1,generated_fact_140,POST4_SPEED,DELTA_TITLE,0.10597169399261475
gen4_native_mamba_phase_f_pair_level_contrasts_v1,generated_fact_141,POST4_SPEED,DELTA_TITLE,-0.2085103988647461
gen4_native_mamba_phase_f_pair_level_contrasts_v1,generated_fact_142,POST4_SPEED,DELTA_TITLE,-0.24095094203948975
gen4_native_mamba_phase_f_pair_level_contrasts_v1,generated_fact_143,POST4_SPEED,DELTA_TITLE,0.6175953149795532
gen4_native_mamba_phase_f_pair_level_contrasts_v1,generated_fact_144,POST4_SPEED,DELTA_TITLE,0.17876958847045898
gen4_native_mamba_phase_f_pair_level_contrasts_v1,generated_fact_145,POST4_SPEED,DELTA_TITLE,-0.4377286434173584
gen4_native_mamba_phase_f_pair_level_contrasts_v1,generated_fact_146,POST4_SPEED,DELTA_TITLE,0.06262838840484619
gen4_native_mamba_phase_f_pair_level_contrasts_v1,generated_fact_147,POST4_SPEED,DELTA_TITLE,0.1525571346282959
gen4_native_mamba_phase_f_pair_level_contrasts_v1,generated_fact_148,POST4_SPEED,DELTA_TITLE,-0.3660457134246826
gen4_native_mamba_phase_f_pair_level_contrasts_v1,generated_fact_149,POST4_SPEED,DELTA_TITLE,0.5191237926483154
gen4_native_mamba_phase_f_pair_level_contrasts_v1,generated_fact_150,POST4_SPEED,DELTA_TITLE,0.19491398334503174
gen4_native_mamba_phase_f_pair_level_contrasts_v1,generated_fact_151,POST4_SPEED,DELTA_TITLE,-0.3184448480606079
gen4_native_mamba_phase_f_pair_level_contrasts_v1,generated_fact_152,POST4_SPEED,DELTA_TITLE,0.09223735332489014
gen4_native_mamba_phase_f_pair_level_contrasts_v1,generated_fact_153,POST4_SPEED,DELTA_TITLE,-0.21747183799743652
gen4_native_mamba_phase_f_pair_level_contrasts_v1,generated_fact_154,POST4_SPEED,DELTA_TITLE,-0.2427806854248047
gen4_native_mamba_phase_f_pair_level_contrasts_v1,generated_fact_155,POST4_SPEED,DELTA_TITLE,0.6234652996063232
gen4_native_mamba_phase_f_pair_level_contrasts_v1,generated_fact_156,POST4_SPEED,DELTA_TITLE,0.1912444829940796
gen4_native_mamba_phase_f_pair_level_contrasts_v1,generated_fact_157,POST4_SPEED,DELTA_TITLE,-0.431976318359375
gen4_native_mamba_phase_f_pair_level_contrasts_v1,generated_fact_158,POST4_SPEED,DELTA_TITLE,0.06341671943664551
gen4_native_mamba_phase_f_pair_level_contrasts_v1,generated_fact_159,POST4_SPEED,DELTA_TITLE,0.15889322757720947
gen4_native_mamba_phase_f_pair_level_contrasts_v1,generated_fact_160,POST4_SPEED,DELTA_TITLE,-0.3590196371078491
gen4_native_mamba_phase_f_pair_level_contrasts_v1,generated_fact_161,POST4_SPEED,DELTA_TITLE,0.5239294767379761
gen4_native_mamba_phase_f_pair_level_contrasts_v1,generated_fact_162,POST4_SPEED,DELTA_TITLE,0.17907452583312988
gen4_native_mamba_phase_f_pair_level_contrasts_v1,generated_fact_163,POST4_SPEED,DELTA_TITLE,-0.30866825580596924
gen4_native_mamba_phase_f_pair_level_contrasts_v1,generated_fact_164,POST4_SPEED,DELTA_TITLE,0.08929431438446045
gen4_native_mamba_phase_f_pair_level_contrasts_v1,generated_fact_165,POST4_SPEED,DELTA_TITLE,-0.20642220973968506
gen4_native_mamba_phase_f_pair_level_contrasts_v1,generated_fact_166,POST4_SPEED,DELTA_TITLE,-0.23888933658599854
gen4_native_mamba_phase_f_pair_level_contrasts_v1,generated_fact_167,POST4_SPEED,DELTA_TITLE,0.6084245443344116
gen4_native_mamba_phase_f_pair_level_contrasts_v1,generated_fact_168,POST4_SPEED,DELTA_TITLE,0.18854761123657227
gen4_native_mamba_phase_f_pair_level_contrasts_v1,generated_fact_169,POST4_SPEED,DELTA_TITLE,-0.43293046951293945
gen4_native_mamba_phase_f_pair_level_contrasts_v1,generated_fact_170,POST4_SPEED,DELTA_TITLE,0.05214691162109375
gen4_native_mamba_phase_f_pair_level_contrasts_v1,generated_fact_171,POST4_SPEED,DELTA_TITLE,0.14704954624176025
gen4_native_mamba_phase_f_pair_level_contrasts_v1,generated_fact_172,POST4_SPEED,DELTA_TITLE,-0.3645118474960327
gen4_native_mamba_phase_f_pair_level_contrasts_v1,generated_fact_173,POST4_SPEED,DELTA_TITLE,0.5132824182510376
gen4_native_mamba_phase_f_pair_level_contrasts_v1,generated_fact_174,POST4_SPEED,DELTA_TITLE,0.17441225051879883
gen4_native_mamba_phase_f_pair_level_contrasts_v1,generated_fact_175,POST4_SPEED,DELTA_TITLE,-0.30510056018829346
gen4_native_mamba_phase_f_pair_level_contrasts_v1,generated_fact_176,POST4_SPEED,DELTA_TITLE,0.11585831642150879
gen4_native_mamba_phase_f_pair_level_contrasts_v1,generated_fact_177,POST4_SPEED,DELTA_TITLE,-0.23302781581878662
gen4_native_mamba_phase_f_pair_level_contrasts_v1,generated_fact_178,POST4_SPEED,DELTA_TITLE,-0.24095845222473145
gen4_native_mamba_phase_f_pair_level_contrasts_v1,generated_fact_179,POST4_SPEED,DELTA_TITLE,0.6327790021896362
gen4_native_mamba_phase_f_pair_level_contrasts_v1,generated_fact_180,POST4_SPEED,DELTA_TITLE,0.2002544403076172
gen4_native_mamba_phase_f_pair_level_contrasts_v1,generated_fact_181,POST4_SPEED,DELTA_TITLE,-0.43320322036743164
gen4_native_mamba_phase_f_pair_level_contrasts_v1,generated_fact_182,POST4_SPEED,DELTA_TITLE,0.0643233060836792
gen4_native_mamba_phase_f_pair_level_contrasts_v1,generated_fact_183,POST4_SPEED,DELTA_TITLE,0.16172146797180176
gen4_native_mamba_phase_f_pair_level_contrasts_v1,generated_fact_184,POST4_SPEED,DELTA_TITLE,-0.3655726909637451
gen4_native_mamba_phase_f_pair_level_contrasts_v1,generated_fact_185,POST4_SPEED,DELTA_TITLE,0.5242782831192017
gen4_native_mamba_phase_f_pair_level_contrasts_v1,generated_fact_186,POST4_SPEED,DELTA_TITLE,0.17292308807373047
gen4_native_mamba_phase_f_pair_level_contrasts_v1,generated_fact_187,POST4_SPEED,DELTA_TITLE,-0.30797648429870605
gen4_native_mamba_phase_f_pair_level_contrasts_v1,generated_fact_188,POST4_SPEED,DELTA_TITLE,0.10491025447845459
gen4_native_mamba_phase_f_pair_level_contrasts_v1,generated_fact_189,POST4_SPEED,DELTA_TITLE,-0.2105177640914917
gen4_native_mamba_phase_f_pair_level_contrasts_v1,generated_fact_190,POST4_SPEED,DELTA_TITLE,-0.2401977777481079
gen4_native_mamba_phase_f_pair_level_contrasts_v1,generated_fact_191,POST4_SPEED,DELTA_TITLE,0.6221146583557129
gen4_native_mamba_phase_f_pair_level_contrasts_v1,generated_fact_192,POST4_SPEED,DELTA_TITLE,0.1978600025177002
gen4_native_mamba_phase_f_pair_level_contrasts_v1,generated_fact_193,POST4_SPEED,DELTA_TITLE,-0.44682908058166504
gen4_native_mamba_phase_f_pair_level_contrasts_v1,generated_fact_194,POST4_SPEED,DELTA_TITLE,0.044260382652282715
gen4_native_mamba_phase_f_pair_level_contrasts_v1,generated_fact_195,POST4_SPEED,DELTA_TITLE,0.15839648246765137
gen4_native_mamba_phase_f_pair_level_contrasts_v1,generated_fact_196,POST4_SPEED,DELTA_TITLE,-0.36447787284851074
gen4_native_mamba_phase_f_pair_level_contrasts_v1,generated_fact_197,POST4_SPEED,DELTA_TITLE,0.5090681314468384
gen4_native_mamba_phase_f_pair_level_contrasts_v1,generated_fact_198,POST4_SPEED,DELTA_TITLE,0.18844389915466309
gen4_native_mamba_phase_f_pair_level_contrasts_v1,generated_fact_199,POST4_SPEED,DELTA_TITLE,-0.30521273612976074
gen4_native_mamba_phase_f_pair_level_contrasts_v1,generated_fact_200,POST4_SPEED,DELTA_TITLE,0.11308348178863525
gen4_native_mamba_phase_f_pair_level_contrasts_v1,generated_fact_201,POST4_SPEED,DELTA_TITLE,-0.22192442417144775
gen4_native_mamba_phase_f_pair_level_contrasts_v1,generated_fact_202,POST4_SPEED,DELTA_TITLE,-0.2402263879776001
gen4_native_mamba_phase_f_pair_level_contrasts_v1,generated_fact_203,POST4_SPEED,DELTA_TITLE,0.631148099899292
gen4_native_mamba_phase_f_pair_level_contrasts_v1,generated_fact_204,POST4_SPEED,DELTA_TITLE,0.17901575565338135
gen4_native_mamba_phase_f_pair_level_contrasts_v1,generated_fact_205,POST4_SPEED,DELTA_TITLE,-0.43398070335388184
gen4_native_mamba_phase_f_pair_level_contrasts_v1,generated_fact_206,POST4_SPEED,DELTA_TITLE,0.037531137466430664
gen4_native_mamba_phase_f_pair_level_contrasts_v1,generated_fact_207,POST4_SPEED,DELTA_TITLE,0.16539490222930908
gen4_native_mamba_phase_f_pair_level_contrasts_v1,generated_fact_208,POST4_SPEED,DELTA_TITLE,-0.36488139629364014
gen4_native_mamba_phase_f_pair_level_contrasts_v1,generated_fact_209,POST4_SPEED,DELTA_TITLE,0.5150177478790283
gen4_native_mamba_phase_f_pair_level_contrasts_v1,generated_fact_210,POST4_SPEED,DELTA_TITLE,0.1856452226638794
gen4_native_mamba_phase_f_pair_level_contrasts_v1,generated_fact_211,POST4_SPEED,DELTA_TITLE,-0.30687177181243896
gen4_native_mamba_phase_f_pair_level_contrasts_v1,generated_fact_212,POST4_SPEED,DELTA_TITLE,0.09452176094055176
gen4_native_mamba_phase_f_pair_level_contrasts_v1,generated_fact_213,POST4_SPEED,DELTA_TITLE,-0.2251683473587036
gen4_native_mamba_phase_f_pair_level_contrasts_v1,generated_fact_214,POST4_SPEED,DELTA_TITLE,-0.23966383934020996
gen4_native_mamba_phase_f_pair_level_contrasts_v1,generated_fact_215,POST4_SPEED,DELTA_TITLE,0.6167973279953003
gen4_native_mamba_phase_f_pair_level_contrasts_v1,generated_fact_216,POST4_SPEED,DELTA_TITLE,0.17968487739562988
gen4_native_mamba_phase_f_pair_level_contrasts_v1,generated_fact_217,POST4_SPEED,DELTA_TITLE,-0.438845157623291
gen4_native_mamba_phase_f_pair_level_contrasts_v1,generated_fact_218,POST4_SPEED,DELTA_TITLE,0.06791830062866211
gen4_native_mamba_phase_f_pair_level_contrasts_v1,generated_fact_219,POST4_SPEED,DELTA_TITLE,0.1393831968307495
gen4_native_mamba_phase_f_pair_level_contrasts_v1,generated_fact_220,POST4_SPEED,DELTA_TITLE,-0.3624989986419678
gen4_native_mamba_phase_f_pair_level_contrasts_v1,generated_fact_221,POST4_SPEED,DELTA_TITLE,0.5179443359375
gen4_native_mamba_phase_f_pair_level_contrasts_v1,generated_fact_222,POST4_SPEED,DELTA_TITLE,0.20265793800354004
gen4_native_mamba_phase_f_pair_level_contrasts_v1,generated_fact_223,POST4_SPEED,DELTA_TITLE,-0.30375587940216064
gen4_native_mamba_phase_f_pair_level_contrasts_v1,generated_fact_224,POST4_SPEED,DELTA_TITLE,0.10926532745361328
gen4_native_mamba_phase_f_pair_level_contrasts_v1,generated_fact_225,POST4_SPEED,DELTA_TITLE,-0.21922194957733154
gen4_native_mamba_phase_f_pair_level_contrasts_v1,generated_fact_226,POST4_SPEED,DELTA_TITLE,-0.24392449855804443
gen4_native_mamba_phase_f_pair_level_contrasts_v1,generated_fact_227,POST4_SPEED,DELTA_TITLE,0.6326432228088379
gen4_native_mamba_phase_f_pair_level_contrasts_v1,generated_fact_228,POST4_SPEED,DELTA_TITLE,0.17861497402191162
gen4_native_mamba_phase_f_pair_level_contrasts_v1,generated_fact_229,POST4_SPEED,DELTA_TITLE,-0.43789100646972656
gen4_native_mamba_phase_f_pair_level_contrasts_v1,generated_fact_230,POST4_SPEED,DELTA_TITLE,0.0585780143737793
gen4_native_mamba_phase_f_pair_level_contrasts_v1,generated_fact_231,POST4_SPEED,DELTA_TITLE,0.15921568870544434
gen4_native_mamba_phase_f_pair_level_contrasts_v1,generated_fact_232,POST4_SPEED,DELTA_TITLE,-0.3660656213760376
gen4_native_mamba_phase_f_pair_level_contrasts_v1,generated_fact_233,POST4_SPEED,DELTA_TITLE,0.5265580415725708
gen4_native_mamba_phase_f_pair_level_contrasts_v1,generated_fact_234,POST4_SPEED,DELTA_TITLE,0.19950973987579346
gen4_native_mamba_phase_f_pair_level_contrasts_v1,generated_fact_235,POST4_SPEED,DELTA_TITLE,-0.3209651708602905
gen4_native_mamba_phase_f_pair_level_contrasts_v1,generated_fact_236,POST4_SPEED,DELTA_TITLE,0.09100759029388428
gen4_native_mamba_phase_f_pair_level_contrasts_v1,generated_fact_237,POST4_SPEED,DELTA_TITLE,-0.20631861686706543
gen4_native_mamba_phase_f_pair_level_contrasts_v1,generated_fact_238,POST4_SPEED,DELTA_TITLE,-0.24026978015899658
gen4_native_mamba_phase_f_pair_level_contrasts_v1,generated_fact_239,POST4_SPEED,DELTA_TITLE,0.6128159761428833
gen4_native_mamba_phase_f_pair_level_contrasts_v1,generated_fact_240,POST4_SPEED,DELTA_TITLE,0.19339895248413086
gen4_native_mamba_phase_f_pair_level_contrasts_v1,generated_fact_241,POST4_SPEED,DELTA_TITLE,-0.428922176361084
gen4_native_mamba_phase_f_pair_level_contrasts_v1,generated_fact_242,POST4_SPEED,DELTA_TITLE,0.06783008575439453
gen4_native_mamba_phase_f_pair_level_contrasts_v1,generated_fact_243,POST4_SPEED,DELTA_TITLE,0.1529560089111328
gen4_native_mamba_phase_f_pair_level_contrasts_v1,generated_fact_244,POST4_SPEED,DELTA_TITLE,-0.3589301109313965
gen4_native_mamba_phase_f_pair_level_contrasts_v1,generated_fact_245,POST4_SPEED,DELTA_TITLE,0.5222127437591553
gen4_native_mamba_phase_f_pair_level_contrasts_v1,generated_fact_246,POST4_SPEED,DELTA_TITLE,0.17510545253753662
gen4_native_mamba_phase_f_pair_level_contrasts_v1,generated_fact_247,POST4_SPEED,DELTA_TITLE,-0.3066595792770386
gen4_native_mamba_phase_f_pair_level_contrasts_v1,generated_fact_248,POST4_SPEED,DELTA_TITLE,0.09315133094787598
gen4_native_mamba_phase_f_pair_level_contrasts_v1,generated_fact_249,POST4_SPEED,DELTA_TITLE,-0.21690845489501953
gen4_native_mamba_phase_f_pair_level_contrasts_v1,generated_fact_250,POST4_SPEED,DELTA_TITLE,-0.2433103322982788
gen4_native_mamba_phase_f_pair_level_contrasts_v1,generated_fact_251,POST4_SPEED,DELTA_TITLE,0.6180295944213867
gen4_native_mamba_phase_f_pair_level_contrasts_v1,generated_fact_252,POST4_SPEED,DELTA_TITLE,0.1897519826889038
gen4_native_mamba_phase_f_pair_level_contrasts_v1,generated_fact_253,POST4_SPEED,DELTA_TITLE,-0.43779635429382324
gen4_native_mamba_phase_f_pair_level_contrasts_v1,generated_fact_254,POST4_SPEED,DELTA_TITLE,0.04838895797729492
gen4_native_mamba_phase_f_pair_level_contrasts_v1,generated_fact_255,POST4_SPEED,DELTA_TITLE,0.154069185256958
gen4_native_mamba_phase_f_pair_level_contrasts_v1,generated_fact_256,POST4_SPEED,DELTA_TITLE,-0.3659449815750122
gen4_native_mamba_phase_f_pair_level_contrasts_v1,generated_fact_257,POST4_SPEED,DELTA_TITLE,0.5178500413894653
gen4_native_mamba_phase_f_pair_level_contrasts_v1,generated_fact_258,POST4_SPEED,DELTA_TITLE,0.17911887168884277
gen4_native_mamba_phase_f_pair_level_contrasts_v1,generated_fact_259,POST4_SPEED,DELTA_TITLE,-0.31388211250305176
gen4_native_mamba_phase_f_pair_level_contrasts_v1,generated_fact_260,POST4_SPEED,DELTA_TITLE,0.11252713203430176
gen4_native_mamba_phase_f_pair_level_contrasts_v1,generated_fact_261,POST4_SPEED,DELTA_TITLE,-0.2193390130996704
gen4_native_mamba_phase_f_pair_level_contrasts_v1,generated_fact_262,POST4_SPEED,DELTA_TITLE,-0.2396613359451294
gen4_native_mamba_phase_f_pair_level_contrasts_v1,generated_fact_263,POST4_SPEED,DELTA_TITLE,0.6275050640106201
gen4_native_mamba_phase_f_pair_level_contrasts_v1,generated_fact_264,POST4_SPEED,DELTA_TITLE,0.20162999629974365
gen4_native_mamba_phase_f_pair_level_contrasts_v1,generated_fact_265,POST4_SPEED,DELTA_TITLE,-0.4344217777252197
gen4_native_mamba_phase_f_pair_level_contrasts_v1,generated_fact_266,POST4_SPEED,DELTA_TITLE,0.06736898422241211
gen4_native_mamba_phase_f_pair_level_contrasts_v1,generated_fact_267,POST4_SPEED,DELTA_TITLE,0.1508263349533081
gen4_native_mamba_phase_f_pair_level_contrasts_v1,generated_fact_268,POST4_SPEED,DELTA_TITLE,-0.3646519184112549
gen4_native_mamba_phase_f_pair_level_contrasts_v1,generated_fact_269,POST4_SPEED,DELTA_TITLE,0.523323655128479
gen4_native_mamba_phase_f_pair_level_contrasts_v1,generated_fact_270,POST4_SPEED,DELTA_TITLE,0.1732625961303711
gen4_native_mamba_phase_f_pair_level_contrasts_v1,generated_fact_271,POST4_SPEED,DELTA_TITLE,-0.3052319288253784
gen4_native_mamba_phase_f_pair_level_contrasts_v1,generated_fact_272,POST4_SPEED,DELTA_TITLE,0.10901427268981934
gen4_native_mamba_phase_f_pair_level_contrasts_v1,generated_fact_273,POST4_SPEED,DELTA_TITLE,-0.22315871715545654
gen4_native_mamba_phase_f_pair_level_contrasts_v1,generated_fact_274,POST4_SPEED,DELTA_TITLE,-0.24385619163513184
gen4_native_mamba_phase_f_pair_level_contrasts_v1,generated_fact_275,POST4_SPEED,DELTA_TITLE,0.6318377256393433
gen4_native_mamba_phase_f_pair_level_contrasts_v1,generated_fact_276,POST4_SPEED,DELTA_TITLE,0.19919979572296143
gen4_native_mamba_phase_f_pair_level_contrasts_v1,generated_fact_277,POST4_SPEED,DELTA_TITLE,-0.4468679428100586
gen4_native_mamba_phase_f_pair_level_contrasts_v1,generated_fact_278,POST4_SPEED,DELTA_TITLE,0.039922118186950684
gen4_native_mamba_phase_f_pair_level_contrasts_v1,generated_fact_279,POST4_SPEED,DELTA_TITLE,0.16302573680877686
gen4_native_mamba_phase_f_pair_level_contrasts_v1,generated_fact_280,POST4_SPEED,DELTA_TITLE,-0.36415529251098633
gen4_native_mamba_phase_f_pair_level_contrasts_v1,generated_fact_281,POST4_SPEED,DELTA_TITLE,0.5142979621887207
gen4_native_mamba_phase_f_pair_level_contrasts_v1,generated_fact_282,POST4_SPEED,DELTA_TITLE,0.1918473243713379
gen4_native_mamba_phase_f_pair_level_contrasts_v1,generated_fact_283,POST4_SPEED,DELTA_TITLE,-0.30618393421173096
gen4_native_mamba_phase_f_pair_level_contrasts_v1,generated_fact_284,POST4_SPEED,DELTA_TITLE,0.10780620574951172
gen4_native_mamba_phase_f_pair_level_contrasts_v1,generated_fact_285,POST4_SPEED,DELTA_TITLE,-0.21336376667022705
gen4_native_mamba_phase_f_pair_level_contrasts_v1,generated_fact_286,POST4_SPEED,DELTA_TITLE,-0.2360835075378418
gen4_native_mamba_phase_f_pair_level_contrasts_v1,generated_fact_287,POST4_SPEED,DELTA_TITLE,0.6213557720184326
gen4_native_mamba_phase_f_pair_level_contrasts_v1,generated_fact_288,POST4_SPEED,DELTA_TITLE,0.18029820919036865
gen4_native_mamba_phase_f_pair_level_contrasts_v1,generated_fact_289,POST4_SPEED,DELTA_TITLE,-0.4351949691772461
gen4_native_mamba_phase_f_pair_level_contrasts_v1,generated_fact_290,POST4_SPEED,DELTA_TITLE,0.039784789085388184
gen4_native_mamba_phase_f_pair_level_contrasts_v1,generated_fact_291,POST4_SPEED,DELTA_TITLE,0.15855658054351807
gen4_native_mamba_phase_f_pair_level_contrasts_v1,generated_fact_292,POST4_SPEED,DELTA_TITLE,-0.36414408683776855
gen4_native_mamba_phase_f_pair_level_contrasts_v1,generated_fact_293,POST4_SPEED,DELTA_TITLE,0.5064340829849243
gen4_native_mamba_phase_f_pair_level_contrasts_v1,generated_fact_294,POST4_SPEED,DELTA_TITLE,0.18632221221923828
gen4_native_mamba_phase_f_pair_level_contrasts_v1,generated_fact_295,POST4_SPEED,DELTA_TITLE,-0.30207395553588867
gen4_native_mamba_phase_f_pair_level_contrasts_v1,generated_fact_296,POST4_SPEED,DELTA_TITLE,0.09411859512329102
gen4_native_mamba_phase_f_pair_level_contrasts_v1,generated_fact_297,POST4_SPEED,DELTA_TITLE,-0.2347346544265747
gen4_native_mamba_phase_f_pair_level_contrasts_v1,generated_fact_298,POST4_SPEED,DELTA_TITLE,-0.24472343921661377
gen4_native_mamba_phase_f_pair_level_contrasts_v1,generated_fact_299,POST4_SPEED,DELTA_TITLE,0.6216974258422852
gen4_native_mamba_phase_f_pair_level_contrasts_v1,generated_fact_300,POST4_SPEED,DELTA_TITLE,0.17738938331604004
gen4_native_mamba_phase_f_pair_level_contrasts_v1,glacier_study,POST4_SPEED,DELTA_TITLE,0.03518950939178467
gen4_native_mamba_phase_f_pair_level_contrasts_v1,harbor_upgrade,POST4_SPEED,DELTA_TITLE,-0.2821502685546875
gen4_native_mamba_phase_f_pair_level_contrasts_v1,jazz_archive,POST4_SPEED,DELTA_TITLE,-0.1222236156463623
gen4_native_mamba_phase_f_pair_level_contrasts_v1,language_program,POST4_SPEED,DELTA_TITLE,-0.24532461166381836
gen4_native_mamba_phase_f_pair_level_contrasts_v1,library_digitization,POST4_SPEED,DELTA_TITLE,-0.5729753971099854
gen4_native_mamba_phase_f_pair_level_contrasts_v1,market_renovation,POST4_SPEED,DELTA_TITLE,-0.1754453182220459
gen4_native_mamba_phase_f_pair_level_contrasts_v1,museum_purchase,POST4_SPEED,DELTA_TITLE,-0.13556599617004395
gen4_native_mamba_phase_f_pair_level_contrasts_v1,opera_premiere,POST4_SPEED,DELTA_TITLE,0.1497659683227539
gen4_native_mamba_phase_f_pair_level_contrasts_v1,orion_approval,POST4_SPEED,DELTA_TITLE,0.08875453472137451
gen4_native_mamba_phase_f_pair_level_contrasts_v1,poetry_prize,POST4_SPEED,DELTA_TITLE,-0.06446051597595215
gen4_native_mamba_phase_f_pair_level_contrasts_v1,railway_restoration,POST4_SPEED,DELTA_TITLE,0.13245010375976562
gen4_native_mamba_phase_f_pair_level_contrasts_v1,reef_protection,POST4_SPEED,DELTA_TITLE,0.055006980895996094
gen4_native_mamba_phase_f_pair_level_contrasts_v1,robotics_championship,POST4_SPEED,DELTA_TITLE,0.4108247756958008
gen4_native_mamba_phase_f_pair_level_contrasts_v1,satellite_launch,POST4_SPEED,DELTA_TITLE,0.1656491756439209
gen4_native_mamba_phase_f_pair_level_contrasts_v1,school_opening,POST4_SPEED,DELTA_TITLE,-0.22741365432739258
gen4_native_mamba_phase_f_pair_level_contrasts_v1,solar_farm_contract,POST4_SPEED,DELTA_TITLE,0.5741695165634155
gen4_native_mamba_phase_f_pair_level_contrasts_v1,theater_restoration,POST4_SPEED,DELTA_TITLE,-0.0534898042678833
gen4_native_mamba_phase_f_pair_level_contrasts_v1,treaty_signature,POST4_SPEED,DELTA_TITLE,-0.13588201999664307
gen4_native_mamba_phase_f_pair_level_contrasts_v1,vaccine_delivery,POST4_SPEED,DELTA_TITLE,-0.29206037521362305
gen4_native_mamba_phase_f_pair_level_contrasts_v1,volcano_observatory,POST4_SPEED,DELTA_TITLE,0.012831807136535645
gen4_native_mamba_phase_f_pair_level_contrasts_v1,wetland_restoration,POST4_SPEED,DELTA_TITLE,-0.03874993324279785
gen4_native_mamba_phase_f_pair_level_contrasts_v1,archive_release,POST4_SPEED,DELTA_NAME,-0.06329774856567383
gen4_native_mamba_phase_f_pair_level_contrasts_v1,bridge_opening,POST4_SPEED,DELTA_NAME,-0.0768423080444336
gen4_native_mamba_phase_f_pair_level_contrasts_v1,canal_reopening,POST4_SPEED,DELTA_NAME,0.02563345432281494
gen4_native_mamba_phase_f_pair_level_contrasts_v1,clinic_expansion,POST4_SPEED,DELTA_NAME,0.0624619722366333
gen4_native_mamba_phase_f_pair_level_contrasts_v1,dam_inspection,POST4_SPEED,DELTA_NAME,0.05364525318145752
gen4_native_mamba_phase_f_pair_level_contrasts_v1,ferry_launch,POST4_SPEED,DELTA_NAME,0.03474783897399902
gen4_native_mamba_phase_f_pair_level_contrasts_v1,festival_selection,POST4_SPEED,DELTA_NAME,-0.06924962997436523
gen4_native_mamba_phase_f_pair_level_contrasts_v1,forest_mapping,POST4_SPEED,DELTA_NAME,-0.06224179267883301
gen4_native_mamba_phase_f_pair_level_contrasts_v1,garden_award,POST4_SPEED,DELTA_NAME,-0.039092302322387695
gen4_native_mamba_phase_f_pair_level_contrasts_v1,generated_fact_031,POST4_SPEED,DELTA_NAME,0.01682722568511963
gen4_native_mamba_phase_f_pair_level_contrasts_v1,generated_fact_032,POST4_SPEED,DELTA_NAME,0.03979909420013428
gen4_native_mamba_phase_f_pair_level_contrasts_v1,generated_fact_033,POST4_SPEED,DELTA_NAME,-0.016324877738952637
gen4_native_mamba_phase_f_pair_level_contrasts_v1,generated_fact_034,POST4_SPEED,DELTA_NAME,0.001831650733947754
gen4_native_mamba_phase_f_pair_level_contrasts_v1,generated_fact_035,POST4_SPEED,DELTA_NAME,0.0021151304244995117
gen4_native_mamba_phase_f_pair_level_contrasts_v1,generated_fact_036,POST4_SPEED,DELTA_NAME,0.05758547782897949
gen4_native_mamba_phase_f_pair_level_contrasts_v1,generated_fact_037,POST4_SPEED,DELTA_NAME,-0.041046738624572754
gen4_native_mamba_phase_f_pair_level_contrasts_v1,generated_fact_038,POST4_SPEED,DELTA_NAME,0.06015145778656006
gen4_native_mamba_phase_f_pair_level_contrasts_v1,generated_fact_039,POST4_SPEED,DELTA_NAME,0.010108113288879395
gen4_native_mamba_phase_f_pair_level_contrasts_v1,generated_fact_040,POST4_SPEED,DELTA_NAME,-0.06865167617797852
gen4_native_mamba_phase_f_pair_level_contrasts_v1,generated_fact_041,POST4_SPEED,DELTA_NAME,-0.1275029182434082
gen4_native_mamba_phase_f_pair_level_contrasts_v1,generated_fact_042,POST4_SPEED,DELTA_NAME,0.03593325614929199
gen4_native_mamba_phase_f_pair_level_contrasts_v1,generated_fact_043,POST4_SPEED,DELTA_NAME,0.01803767681121826
gen4_native_mamba_phase_f_pair_level_contrasts_v1,generated_fact_044,POST4_SPEED,DELTA_NAME,0.04119741916656494
gen4_native_mamba_phase_f_pair_level_contrasts_v1,generated_fact_045,POST4_SPEED,DELTA_NAME,-0.01627969741821289
gen4_native_mamba_phase_f_pair_level_contrasts_v1,generated_fact_046,POST4_SPEED,DELTA_NAME,0.0002900362014770508
gen4_native_mamba_phase_f_pair_level_contrasts_v1,generated_fact_047,POST4_SPEED,DELTA_NAME,0.0026602745056152344
gen4_native_mamba_phase_f_pair_level_contrasts_v1,generated_fact_048,POST4_SPEED,DELTA_NAME,0.057170867919921875
gen4_native_mamba_phase_f_pair_level_contrasts_v1,generated_fact_049,POST4_SPEED,DELTA_NAME,-0.039823055267333984
gen4_native_mamba_phase_f_pair_level_contrasts_v1,generated_fact_050,POST4_SPEED,DELTA_NAME,0.05770540237426758
gen4_native_mamba_phase_f_pair_level_contrasts_v1,generated_fact_051,POST4_SPEED,DELTA_NAME,0.01221764087677002
gen4_native_mamba_phase_f_pair_level_contrasts_v1,generated_fact_052,POST4_SPEED,DELTA_NAME,-0.06711864471435547
gen4_native_mamba_phase_f_pair_level_contrasts_v1,generated_fact_053,POST4_SPEED,DELTA_NAME,-0.1289982795715332
gen4_native_mamba_phase_f_pair_level_contrasts_v1,generated_fact_054,POST4_SPEED,DELTA_NAME,0.03432798385620117
gen4_native_mamba_phase_f_pair_level_contrasts_v1,generated_fact_055,POST4_SPEED,DELTA_NAME,0.01930701732635498
gen4_native_mamba_phase_f_pair_level_contrasts_v1,generated_fact_056,POST4_SPEED,DELTA_NAME,0.04068577289581299
gen4_native_mamba_phase_f_pair_level_contrasts_v1,generated_fact_057,POST4_SPEED,DELTA_NAME,-0.016710877418518066
gen4_native_mamba_phase_f_pair_level_contrasts_v1,generated_fact_058,POST4_SPEED,DELTA_NAME,0.0028918981552124023
gen4_native_mamba_phase_f_pair_level_contrasts_v1,generated_fact_059,POST4_SPEED,DELTA_NAME,0.0006924867630004883
gen4_native_mamba_phase_f_pair_level_contrasts_v1,generated_fact_060,POST4_SPEED,DELTA_NAME,0.05828750133514404
gen4_native_mamba_phase_f_pair_level_contrasts_v1,generated_fact_061,POST4_SPEED,DELTA_NAME,-0.04106581211090088
gen4_native_mamba_phase_f_pair_level_contrasts_v1,generated_fact_062,POST4_SPEED,DELTA_NAME,0.05971336364746094
gen4_native_mamba_phase_f_pair_level_contrasts_v1,generated_fact_063,POST4_SPEED,DELTA_NAME,0.008982539176940918
gen4_native_mamba_phase_f_pair_level_contrasts_v1,generated_fact_064,POST4_SPEED,DELTA_NAME,-0.06888210773468018
gen4_native_mamba_phase_f_pair_level_contrasts_v1,generated_fact_065,POST4_SPEED,DELTA_NAME,-0.12837398052215576
gen4_native_mamba_phase_f_pair_level_contrasts_v1,generated_fact_066,POST4_SPEED,DELTA_NAME,0.03481745719909668
gen4_native_mamba_phase_f_pair_level_contrasts_v1,generated_fact_067,POST4_SPEED,DELTA_NAME,0.01795780658721924
gen4_native_mamba_phase_f_pair_level_contrasts_v1,generated_fact_068,POST4_SPEED,DELTA_NAME,0.04075264930725098
gen4_native_mamba_phase_f_pair_level_contrasts_v1,generated_fact_069,POST4_SPEED,DELTA_NAME,-0.014928221702575684
gen4_native_mamba_phase_f_pair_level_contrasts_v1,generated_fact_070,POST4_SPEED,DELTA_NAME,-0.0011608600616455078
gen4_native_mamba_phase_f_pair_level_contrasts_v1,generated_fact_071,POST4_SPEED,DELTA_NAME,0.003109455108642578
gen4_native_mamba_phase_f_pair_level_contrasts_v1,generated_fact_072,POST4_SPEED,DELTA_NAME,0.05742621421813965
gen4_native_mamba_phase_f_pair_level_contrasts_v1,generated_fact_073,POST4_SPEED,DELTA_NAME,-0.03857755661010742
gen4_native_mamba_phase_f_pair_level_contrasts_v1,generated_fact_074,POST4_SPEED,DELTA_NAME,0.05994415283203125
gen4_native_mamba_phase_f_pair_level_contrasts_v1,generated_fact_075,POST4_SPEED,DELTA_NAME,0.011144518852233887
gen4_native_mamba_phase_f_pair_level_contrasts_v1,generated_fact_076,POST4_SPEED,DELTA_NAME,-0.06862747669219971
gen4_native_mamba_phase_f_pair_level_contrasts_v1,generated_fact_077,POST4_SPEED,DELTA_NAME,-0.12907397747039795
gen4_native_mamba_phase_f_pair_level_contrasts_v1,generated_fact_078,POST4_SPEED,DELTA_NAME,0.03492295742034912
gen4_native_mamba_phase_f_pair_level_contrasts_v1,generated_fact_079,POST4_SPEED,DELTA_NAME,0.019563794136047363
gen4_native_mamba_phase_f_pair_level_contrasts_v1,generated_fact_080,POST4_SPEED,DELTA_NAME,0.040627479553222656
gen4_native_mamba_phase_f_pair_level_contrasts_v1,generated_fact_081,POST4_SPEED,DELTA_NAME,-0.01607215404510498
gen4_native_mamba_phase_f_pair_level_contrasts_v1,generated_fact_082,POST4_SPEED,DELTA_NAME,-0.00039517879486083984
gen4_native_mamba_phase_f_pair_level_contrasts_v1,generated_fact_083,POST4_SPEED,DELTA_NAME,0.0039179325103759766
gen4_native_mamba_phase_f_pair_level_contrasts_v1,generated_fact_084,POST4_SPEED,DELTA_NAME,0.05786621570587158
gen4_native_mamba_phase_f_pair_level_contrasts_v1,generated_fact_085,POST4_SPEED,DELTA_NAME,-0.040518760681152344
gen4_native_mamba_phase_f_pair_level_contrasts_v1,generated_fact_086,POST4_SPEED,DELTA_NAME,0.05785202980041504
gen4_native_mamba_phase_f_pair_level_contrasts_v1,generated_fact_087,POST4_SPEED,DELTA_NAME,0.008342981338500977
gen4_native_mamba_phase_f_pair_level_contrasts_v1,generated_fact_088,POST4_SPEED,DELTA_NAME,-0.06984364986419678
gen4_native_mamba_phase_f_pair_level_contrasts_v1,generated_fact_089,POST4_SPEED,DELTA_NAME,-0.12503981590270996
gen4_native_mamba_phase_f_pair_level_contrasts_v1,generated_fact_090,POST4_SPEED,DELTA_NAME,0.03453671932220459
gen4_native_mamba_phase_f_pair_level_contrasts_v1,generated_fact_091,POST4_SPEED,DELTA_NAME,0.018982768058776855
gen4_native_mamba_phase_f_pair_level_contrasts_v1,generated_fact_092,POST4_SPEED,DELTA_NAME,0.040593743324279785
gen4_native_mamba_phase_f_pair_level_contrasts_v1,generated_fact_093,POST4_SPEED,DELTA_NAME,-0.014749765396118164
gen4_native_mamba_phase_f_pair_level_contrasts_v1,generated_fact_094,POST4_SPEED,DELTA_NAME,0.0005123615264892578
gen4_native_mamba_phase_f_pair_level_contrasts_v1,generated_fact_095,POST4_SPEED,DELTA_NAME,0.0041190385818481445
gen4_native_mamba_phase_f_pair_level_contrasts_v1,generated_fact_096,POST4_SPEED,DELTA_NAME,0.05642533302307129
gen4_native_mamba_phase_f_pair_level_contrasts_v1,generated_fact_097,POST4_SPEED,DELTA_NAME,-0.03924870491027832
gen4_native_mamba_phase_f_pair_level_contrasts_v1,generated_fact_098,POST4_SPEED,DELTA_NAME,0.056681275367736816
gen4_native_mamba_phase_f_pair_level_contrasts_v1,generated_fact_099,POST4_SPEED,DELTA_NAME,0.011455297470092773
gen4_native_mamba_phase_f_pair_level_contrasts_v1,generated_fact_100,POST4_SPEED,DELTA_NAME,-0.06968140602111816
gen4_native_mamba_phase_f_pair_level_contrasts_v1,generated_fact_101,POST4_SPEED,DELTA_NAME,-0.1295640468597412
gen4_native_mamba_phase_f_pair_level_contrasts_v1,generated_fact_102,POST4_SPEED,DELTA_NAME,0.03390169143676758
gen4_native_mamba_phase_f_pair_level_contrasts_v1,generated_fact_103,POST4_SPEED,DELTA_NAME,0.019533991813659668
gen4_native_mamba_phase_f_pair_level_contrasts_v1,generated_fact_104,POST4_SPEED,DELTA_NAME,0.03929316997528076
gen4_native_mamba_phase_f_pair_level_contrasts_v1,generated_fact_105,POST4_SPEED,DELTA_NAME,-0.015632033348083496
gen4_native_mamba_phase_f_pair_level_contrasts_v1,generated_fact_106,POST4_SPEED,DELTA_NAME,0.0005098581314086914
gen4_native_mamba_phase_f_pair_level_contrasts_v1,generated_fact_107,POST4_SPEED,DELTA_NAME,0.004441976547241211
gen4_native_mamba_phase_f_pair_level_contrasts_v1,generated_fact_108,POST4_SPEED,DELTA_NAME,0.056373000144958496
gen4_native_mamba_phase_f_pair_level_contrasts_v1,generated_fact_109,POST4_SPEED,DELTA_NAME,-0.03955984115600586
gen4_native_mamba_phase_f_pair_level_contrasts_v1,generated_fact_110,POST4_SPEED,DELTA_NAME,0.05964374542236328
gen4_native_mamba_phase_f_pair_level_contrasts_v1,generated_fact_111,POST4_SPEED,DELTA_NAME,0.006827354431152344
gen4_native_mamba_phase_f_pair_level_contrasts_v1,generated_fact_112,POST4_SPEED,DELTA_NAME,-0.06950092315673828
gen4_native_mamba_phase_f_pair_level_contrasts_v1,generated_fact_113,POST4_SPEED,DELTA_NAME,-0.12708818912506104
gen4_native_mamba_phase_f_pair_level_contrasts_v1,generated_fact_114,POST4_SPEED,DELTA_NAME,0.03361845016479492
gen4_native_mamba_phase_f_pair_level_contrasts_v1,generated_fact_115,POST4_SPEED,DELTA_NAME,0.017254948616027832
gen4_native_mamba_phase_f_pair_level_contrasts_v1,generated_fact_116,POST4_SPEED,DELTA_NAME,0.04074966907501221
gen4_native_mamba_phase_f_pair_level_contrasts_v1,generated_fact_117,POST4_SPEED,DELTA_NAME,-0.015443086624145508
gen4_native_mamba_phase_f_pair_level_contrasts_v1,generated_fact_118,POST4_SPEED,DELTA_NAME,0.0015407800674438477
gen4_native_mamba_phase_f_pair_level_contrasts_v1,generated_fact_119,POST4_SPEED,DELTA_NAME,0.0025049448013305664
gen4_native_mamba_phase_f_pair_level_contrasts_v1,generated_fact_120,POST4_SPEED,DELTA_NAME,0.05733776092529297
gen4_native_mamba_phase_f_pair_level_contrasts_v1,generated_fact_121,POST4_SPEED,DELTA_NAME,-0.0394364595413208
gen4_native_mamba_phase_f_pair_level_contrasts_v1,generated_fact_122,POST4_SPEED,DELTA_NAME,0.05794680118560791
gen4_native_mamba_phase_f_pair_level_contrasts_v1,generated_fact_123,POST4_SPEED,DELTA_NAME,0.011827230453491211
gen4_native_mamba_phase_f_pair_level_contrasts_v1,generated_fact_124,POST4_SPEED,DELTA_NAME,-0.06839621067047119
gen4_native_mamba_phase_f_pair_level_contrasts_v1,generated_fact_125,POST4_SPEED,DELTA_NAME,-0.12752044200897217
gen4_native_mamba_phase_f_pair_level_contrasts_v1,generated_fact_126,POST4_SPEED,DELTA_NAME,0.03381061553955078
gen4_native_mamba_phase_f_pair_level_contrasts_v1,generated_fact_127,POST4_SPEED,DELTA_NAME,0.019353270530700684
gen4_native_mamba_phase_f_pair_level_contrasts_v1,generated_fact_128,POST4_SPEED,DELTA_NAME,0.040283203125
gen4_native_mamba_phase_f_pair_level_contrasts_v1,generated_fact_129,POST4_SPEED,DELTA_NAME,-0.0168532133102417
gen4_native_mamba_phase_f_pair_level_contrasts_v1,generated_fact_130,POST4_SPEED,DELTA_NAME,0.0001533031463623047
gen4_native_mamba_phase_f_pair_level_contrasts_v1,generated_fact_131,POST4_SPEED,DELTA_NAME,0.0026398897171020508
gen4_native_mamba_phase_f_pair_level_contrasts_v1,generated_fact_132,POST4_SPEED,DELTA_NAME,0.056090712547302246
gen4_native_mamba_phase_f_pair_level_contrasts_v1,generated_fact_133,POST4_SPEED,DELTA_NAME,-0.03895711898803711
gen4_native_mamba_phase_f_pair_level_contrasts_v1,generated_fact_134,POST4_SPEED,DELTA_NAME,0.05935966968536377
gen4_native_mamba_phase_f_pair_level_contrasts_v1,generated_fact_135,POST4_SPEED,DELTA_NAME,0.010496020317077637
gen4_native_mamba_phase_f_pair_level_contrasts_v1,generated_fact_136,POST4_SPEED,DELTA_NAME,-0.06657230854034424
gen4_native_mamba_phase_f_pair_level_contrasts_v1,generated_fact_137,POST4_SPEED,DELTA_NAME,-0.1277371644973755
gen4_native_mamba_phase_f_pair_level_contrasts_v1,generated_fact_138,POST4_SPEED,DELTA_NAME,0.03544211387634277
gen4_native_mamba_phase_f_pair_level_contrasts_v1,generated_fact_139,POST4_SPEED,DELTA_NAME,0.019447922706604004
gen4_native_mamba_phase_f_pair_level_contrasts_v1,generated_fact_140,POST4_SPEED,DELTA_NAME,0.04103517532348633
gen4_native_mamba_phase_f_pair_level_contrasts_v1,generated_fact_141,POST4_SPEED,DELTA_NAME,-0.015431642532348633
gen4_native_mamba_phase_f_pair_level_contrasts_v1,generated_fact_142,POST4_SPEED,DELTA_NAME,0.0032101869583129883
gen4_native_mamba_phase_f_pair_level_contrasts_v1,generated_fact_143,POST4_SPEED,DELTA_NAME,0.0014922618865966797
gen4_native_mamba_phase_f_pair_level_contrasts_v1,generated_fact_144,POST4_SPEED,DELTA_NAME,0.05891013145446777
gen4_native_mamba_phase_f_pair_level_contrasts_v1,generated_fact_145,POST4_SPEED,DELTA_NAME,-0.04007863998413086
gen4_native_mamba_phase_f_pair_level_contrasts_v1,generated_fact_146,POST4_SPEED,DELTA_NAME,0.05764007568359375
gen4_native_mamba_phase_f_pair_level_contrasts_v1,generated_fact_147,POST4_SPEED,DELTA_NAME,0.010253071784973145
gen4_native_mamba_phase_f_pair_level_contrasts_v1,generated_fact_148,POST4_SPEED,DELTA_NAME,-0.0683068037033081
gen4_native_mamba_phase_f_pair_level_contrasts_v1,generated_fact_149,POST4_SPEED,DELTA_NAME,-0.12942612171173096
gen4_native_mamba_phase_f_pair_level_contrasts_v1,generated_fact_150,POST4_SPEED,DELTA_NAME,0.0328826904296875
gen4_native_mamba_phase_f_pair_level_contrasts_v1,generated_fact_151,POST4_SPEED,DELTA_NAME,0.01901531219482422
gen4_native_mamba_phase_f_pair_level_contrasts_v1,generated_fact_152,POST4_SPEED,DELTA_NAME,0.03998672962188721
gen4_native_mamba_phase_f_pair_level_contrasts_v1,generated_fact_153,POST4_SPEED,DELTA_NAME,-0.016884803771972656
gen4_native_mamba_phase_f_pair_level_contrasts_v1,generated_fact_154,POST4_SPEED,DELTA_NAME,0.0004011392593383789
gen4_native_mamba_phase_f_pair_level_contrasts_v1,generated_fact_155,POST4_SPEED,DELTA_NAME,0.0021314620971679688
gen4_native_mamba_phase_f_pair_level_contrasts_v1,generated_fact_156,POST4_SPEED,DELTA_NAME,0.05723452568054199
gen4_native_mamba_phase_f_pair_level_contrasts_v1,generated_fact_157,POST4_SPEED,DELTA_NAME,-0.039298176765441895
gen4_native_mamba_phase_f_pair_level_contrasts_v1,generated_fact_158,POST4_SPEED,DELTA_NAME,0.061150193214416504
gen4_native_mamba_phase_f_pair_level_contrasts_v1,generated_fact_159,POST4_SPEED,DELTA_NAME,0.009175896644592285
gen4_native_mamba_phase_f_pair_level_contrasts_v1,generated_fact_160,POST4_SPEED,DELTA_NAME,-0.06791889667510986
gen4_native_mamba_phase_f_pair_level_contrasts_v1,generated_fact_161,POST4_SPEED,DELTA_NAME,-0.12855279445648193
gen4_native_mamba_phase_f_pair_level_contrasts_v1,generated_fact_162,POST4_SPEED,DELTA_NAME,0.03593277931213379
gen4_native_mamba_phase_f_pair_level_contrasts_v1,generated_fact_163,POST4_SPEED,DELTA_NAME,0.019121527671813965
gen4_native_mamba_phase_f_pair_level_contrasts_v1,generated_fact_164,POST4_SPEED,DELTA_NAME,0.04146218299865723
gen4_native_mamba_phase_f_pair_level_contrasts_v1,generated_fact_165,POST4_SPEED,DELTA_NAME,-0.015133380889892578
gen4_native_mamba_phase_f_pair_level_contrasts_v1,generated_fact_166,POST4_SPEED,DELTA_NAME,-0.00024020671844482422
gen4_native_mamba_phase_f_pair_level_contrasts_v1,generated_fact_167,POST4_SPEED,DELTA_NAME,0.004185080528259277
gen4_native_mamba_phase_f_pair_level_contrasts_v1,generated_fact_168,POST4_SPEED,DELTA_NAME,0.05750775337219238
gen4_native_mamba_phase_f_pair_level_contrasts_v1,generated_fact_169,POST4_SPEED,DELTA_NAME,-0.03914797306060791
gen4_native_mamba_phase_f_pair_level_contrasts_v1,generated_fact_170,POST4_SPEED,DELTA_NAME,0.05666518211364746
gen4_native_mamba_phase_f_pair_level_contrasts_v1,generated_fact_171,POST4_SPEED,DELTA_NAME,0.010011911392211914
gen4_native_mamba_phase_f_pair_level_contrasts_v1,generated_fact_172,POST4_SPEED,DELTA_NAME,-0.07029616832733154
gen4_native_mamba_phase_f_pair_level_contrasts_v1,generated_fact_173,POST4_SPEED,DELTA_NAME,-0.1256864070892334
gen4_native_mamba_phase_f_pair_level_contrasts_v1,generated_fact_174,POST4_SPEED,DELTA_NAME,0.0328676700592041
gen4_native_mamba_phase_f_pair_level_contrasts_v1,generated_fact_175,POST4_SPEED,DELTA_NAME,0.018746137619018555
gen4_native_mamba_phase_f_pair_level_contrasts_v1,generated_fact_176,POST4_SPEED,DELTA_NAME,0.0398859977722168
gen4_native_mamba_phase_f_pair_level_contrasts_v1,generated_fact_177,POST4_SPEED,DELTA_NAME,-0.016060233116149902
gen4_native_mamba_phase_f_pair_level_contrasts_v1,generated_fact_178,POST4_SPEED,DELTA_NAME,0.001995563507080078
gen4_native_mamba_phase_f_pair_level_contrasts_v1,generated_fact_179,POST4_SPEED,DELTA_NAME,0.003190755844116211
gen4_native_mamba_phase_f_pair_level_contrasts_v1,generated_fact_180,POST4_SPEED,DELTA_NAME,0.05659973621368408
gen4_native_mamba_phase_f_pair_level_contrasts_v1,generated_fact_181,POST4_SPEED,DELTA_NAME,-0.03988504409790039
gen4_native_mamba_phase_f_pair_level_contrasts_v1,generated_fact_182,POST4_SPEED,DELTA_NAME,0.05922818183898926
gen4_native_mamba_phase_f_pair_level_contrasts_v1,generated_fact_183,POST4_SPEED,DELTA_NAME,0.01012575626373291
gen4_native_mamba_phase_f_pair_level_contrasts_v1,generated_fact_184,POST4_SPEED,DELTA_NAME,-0.06990683078765869
gen4_native_mamba_phase_f_pair_level_contrasts_v1,generated_fact_185,POST4_SPEED,DELTA_NAME,-0.12847387790679932
gen4_native_mamba_phase_f_pair_level_contrasts_v1,generated_fact_186,POST4_SPEED,DELTA_NAME,0.03489506244659424
gen4_native_mamba_phase_f_pair_level_contrasts_v1,generated_fact_187,POST4_SPEED,DELTA_NAME,0.018007755279541016
gen4_native_mamba_phase_f_pair_level_contrasts_v1,generated_fact_188,POST4_SPEED,DELTA_NAME,0.04042673110961914
gen4_native_mamba_phase_f_pair_level_contrasts_v1,generated_fact_189,POST4_SPEED,DELTA_NAME,-0.014463186264038086
gen4_native_mamba_phase_f_pair_level_contrasts_v1,generated_fact_190,POST4_SPEED,DELTA_NAME,0.0005594491958618164
gen4_native_mamba_phase_f_pair_level_contrasts_v1,generated_fact_191,POST4_SPEED,DELTA_NAME,0.005867481231689453
gen4_native_mamba_phase_f_pair_level_contrasts_v1,generated_fact_192,POST4_SPEED,DELTA_NAME,0.056560635566711426
gen4_native_mamba_phase_f_pair_level_contrasts_v1,generated_fact_193,POST4_SPEED,DELTA_NAME,-0.03860950469970703
gen4_native_mamba_phase_f_pair_level_contrasts_v1,generated_fact_194,POST4_SPEED,DELTA_NAME,0.05781257152557373
gen4_native_mamba_phase_f_pair_level_contrasts_v1,generated_fact_195,POST4_SPEED,DELTA_NAME,0.00817561149597168
gen4_native_mamba_phase_f_pair_level_contrasts_v1,generated_fact_196,POST4_SPEED,DELTA_NAME,-0.06950604915618896
gen4_native_mamba_phase_f_pair_level_contrasts_v1,generated_fact_197,POST4_SPEED,DELTA_NAME,-0.12837517261505127
gen4_native_mamba_phase_f_pair_level_contrasts_v1,generated_fact_198,POST4_SPEED,DELTA_NAME,0.03273630142211914
gen4_native_mamba_phase_f_pair_level_contrasts_v1,generated_fact_199,POST4_SPEED,DELTA_NAME,0.01780414581298828
gen4_native_mamba_phase_f_pair_level_contrasts_v1,generated_fact_200,POST4_SPEED,DELTA_NAME,0.03964078426361084
gen4_native_mamba_phase_f_pair_level_contrasts_v1,generated_fact_201,POST4_SPEED,DELTA_NAME,-0.015973806381225586
gen4_native_mamba_phase_f_pair_level_contrasts_v1,generated_fact_202,POST4_SPEED,DELTA_NAME,0.0016704797744750977
gen4_native_mamba_phase_f_pair_level_contrasts_v1,generated_fact_203,POST4_SPEED,DELTA_NAME,0.0018651485443115234
gen4_native_mamba_phase_f_pair_level_contrasts_v1,generated_fact_204,POST4_SPEED,DELTA_NAME,0.05827152729034424
gen4_native_mamba_phase_f_pair_level_contrasts_v1,generated_fact_205,POST4_SPEED,DELTA_NAME,-0.039518117904663086
gen4_native_mamba_phase_f_pair_level_contrasts_v1,generated_fact_206,POST4_SPEED,DELTA_NAME,0.06001627445220947
gen4_native_mamba_phase_f_pair_level_contrasts_v1,generated_fact_207,POST4_SPEED,DELTA_NAME,0.009927153587341309
gen4_native_mamba_phase_f_pair_level_contrasts_v1,generated_fact_208,POST4_SPEED,DELTA_NAME,-0.06875741481781006
gen4_native_mamba_phase_f_pair_level_contrasts_v1,generated_fact_209,POST4_SPEED,DELTA_NAME,-0.12730562686920166
gen4_native_mamba_phase_f_pair_level_contrasts_v1,generated_fact_210,POST4_SPEED,DELTA_NAME,0.0347590446472168
gen4_native_mamba_phase_f_pair_level_contrasts_v1,generated_fact_211,POST4_SPEED,DELTA_NAME,0.017901897430419922
gen4_native_mamba_phase_f_pair_level_contrasts_v1,generated_fact_212,POST4_SPEED,DELTA_NAME,0.04099476337432861
gen4_native_mamba_phase_f_pair_level_contrasts_v1,generated_fact_213,POST4_SPEED,DELTA_NAME,-0.016448378562927246
gen4_native_mamba_phase_f_pair_level_contrasts_v1,generated_fact_214,POST4_SPEED,DELTA_NAME,0.001020669937133789
gen4_native_mamba_phase_f_pair_level_contrasts_v1,generated_fact_215,POST4_SPEED,DELTA_NAME,0.0023648738861083984
gen4_native_mamba_phase_f_pair_level_contrasts_v1,generated_fact_216,POST4_SPEED,DELTA_NAME,0.05746567249298096
gen4_native_mamba_phase_f_pair_level_contrasts_v1,generated_fact_217,POST4_SPEED,DELTA_NAME,-0.038625240325927734
gen4_native_mamba_phase_f_pair_level_contrasts_v1,generated_fact_218,POST4_SPEED,DELTA_NAME,0.057541489601135254
gen4_native_mamba_phase_f_pair_level_contrasts_v1,generated_fact_219,POST4_SPEED,DELTA_NAME,0.011887192726135254
gen4_native_mamba_phase_f_pair_level_contrasts_v1,generated_fact_220,POST4_SPEED,DELTA_NAME,-0.06670069694519043
gen4_native_mamba_phase_f_pair_level_contrasts_v1,generated_fact_221,POST4_SPEED,DELTA_NAME,-0.12863552570343018
gen4_native_mamba_phase_f_pair_level_contrasts_v1,generated_fact_222,POST4_SPEED,DELTA_NAME,0.03346455097198486
gen4_native_mamba_phase_f_pair_level_contrasts_v1,generated_fact_223,POST4_SPEED,DELTA_NAME,0.01898324489593506
gen4_native_mamba_phase_f_pair_level_contrasts_v1,generated_fact_224,POST4_SPEED,DELTA_NAME,0.04070460796356201
gen4_native_mamba_phase_f_pair_level_contrasts_v1,generated_fact_225,POST4_SPEED,DELTA_NAME,-0.016953468322753906
gen4_native_mamba_phase_f_pair_level_contrasts_v1,generated_fact_226,POST4_SPEED,DELTA_NAME,0.0030547380447387695
gen4_native_mamba_phase_f_pair_level_contrasts_v1,generated_fact_227,POST4_SPEED,DELTA_NAME,0.0007469654083251953
gen4_native_mamba_phase_f_pair_level_contrasts_v1,generated_fact_228,POST4_SPEED,DELTA_NAME,0.059099435806274414
gen4_native_mamba_phase_f_pair_level_contrasts_v1,generated_fact_229,POST4_SPEED,DELTA_NAME,-0.04003763198852539
gen4_native_mamba_phase_f_pair_level_contrasts_v1,generated_fact_230,POST4_SPEED,DELTA_NAME,0.05962777137756348
gen4_native_mamba_phase_f_pair_level_contrasts_v1,generated_fact_231,POST4_SPEED,DELTA_NAME,0.008535385131835938
gen4_native_mamba_phase_f_pair_level_contrasts_v1,generated_fact_232,POST4_SPEED,DELTA_NAME,-0.06881296634674072
gen4_native_mamba_phase_f_pair_level_contrasts_v1,generated_fact_233,POST4_SPEED,DELTA_NAME,-0.12866687774658203
gen4_native_mamba_phase_f_pair_level_contrasts_v1,generated_fact_234,POST4_SPEED,DELTA_NAME,0.034605979919433594
gen4_native_mamba_phase_f_pair_level_contrasts_v1,generated_fact_235,POST4_SPEED,DELTA_NAME,0.018584370613098145
gen4_native_mamba_phase_f_pair_level_contrasts_v1,generated_fact_236,POST4_SPEED,DELTA_NAME,0.040505290031433105
gen4_native_mamba_phase_f_pair_level_contrasts_v1,generated_fact_237,POST4_SPEED,DELTA_NAME,-0.015963435173034668
gen4_native_mamba_phase_f_pair_level_contrasts_v1,generated_fact_238,POST4_SPEED,DELTA_NAME,0.0006660223007202148
gen4_native_mamba_phase_f_pair_level_contrasts_v1,generated_fact_239,POST4_SPEED,DELTA_NAME,0.0025452375411987305
gen4_native_mamba_phase_f_pair_level_contrasts_v1,generated_fact_240,POST4_SPEED,DELTA_NAME,0.057438015937805176
gen4_native_mamba_phase_f_pair_level_contrasts_v1,generated_fact_241,POST4_SPEED,DELTA_NAME,-0.03746163845062256
gen4_native_mamba_phase_f_pair_level_contrasts_v1,generated_fact_242,POST4_SPEED,DELTA_NAME,0.05926156044006348
gen4_native_mamba_phase_f_pair_level_contrasts_v1,generated_fact_243,POST4_SPEED,DELTA_NAME,0.011118769645690918
gen4_native_mamba_phase_f_pair_level_contrasts_v1,generated_fact_244,POST4_SPEED,DELTA_NAME,-0.06827318668365479
gen4_native_mamba_phase_f_pair_level_contrasts_v1,generated_fact_245,POST4_SPEED,DELTA_NAME,-0.12908387184143066
gen4_native_mamba_phase_f_pair_level_contrasts_v1,generated_fact_246,POST4_SPEED,DELTA_NAME,0.03473806381225586
gen4_native_mamba_phase_f_pair_level_contrasts_v1,generated_fact_247,POST4_SPEED,DELTA_NAME,0.01950860023498535
gen4_native_mamba_phase_f_pair_level_contrasts_v1,generated_fact_248,POST4_SPEED,DELTA_NAME,0.04053354263305664
gen4_native_mamba_phase_f_pair_level_contrasts_v1,generated_fact_249,POST4_SPEED,DELTA_NAME,-0.016576409339904785
gen4_native_mamba_phase_f_pair_level_contrasts_v1,generated_fact_250,POST4_SPEED,DELTA_NAME,-0.00017940998077392578
gen4_native_mamba_phase_f_pair_level_contrasts_v1,generated_fact_251,POST4_SPEED,DELTA_NAME,0.003888845443725586
gen4_native_mamba_phase_f_pair_level_contrasts_v1,generated_fact_252,POST4_SPEED,DELTA_NAME,0.058708906173706055
gen4_native_mamba_phase_f_pair_level_contrasts_v1,generated_fact_253,POST4_SPEED,DELTA_NAME,-0.04015660285949707
gen4_native_mamba_phase_f_pair_level_contrasts_v1,generated_fact_254,POST4_SPEED,DELTA_NAME,0.05849754810333252
gen4_native_mamba_phase_f_pair_level_contrasts_v1,generated_fact_255,POST4_SPEED,DELTA_NAME,0.008740782737731934
gen4_native_mamba_phase_f_pair_level_contrasts_v1,generated_fact_256,POST4_SPEED,DELTA_NAME,-0.07011294364929199
gen4_native_mamba_phase_f_pair_level_contrasts_v1,generated_fact_257,POST4_SPEED,DELTA_NAME,-0.1247260570526123
gen4_native_mamba_phase_f_pair_level_contrasts_v1,generated_fact_258,POST4_SPEED,DELTA_NAME,0.0346989631652832
gen4_native_mamba_phase_f_pair_level_contrasts_v1,generated_fact_259,POST4_SPEED,DELTA_NAME,0.018680930137634277
gen4_native_mamba_phase_f_pair_level_contrasts_v1,generated_fact_260,POST4_SPEED,DELTA_NAME,0.0397944450378418
gen4_native_mamba_phase_f_pair_level_contrasts_v1,generated_fact_261,POST4_SPEED,DELTA_NAME,-0.01468205451965332
gen4_native_mamba_phase_f_pair_level_contrasts_v1,generated_fact_262,POST4_SPEED,DELTA_NAME,0.0011219978332519531
gen4_native_mamba_phase_f_pair_level_contrasts_v1,generated_fact_263,POST4_SPEED,DELTA_NAME,0.0037859678268432617
gen4_native_mamba_phase_f_pair_level_contrasts_v1,generated_fact_264,POST4_SPEED,DELTA_NAME,0.05803823471069336
gen4_native_mamba_phase_f_pair_level_contrasts_v1,generated_fact_265,POST4_SPEED,DELTA_NAME,-0.03847455978393555
gen4_native_mamba_phase_f_pair_level_contrasts_v1,generated_fact_266,POST4_SPEED,DELTA_NAME,0.05731797218322754
gen4_native_mamba_phase_f_pair_level_contrasts_v1,generated_fact_267,POST4_SPEED,DELTA_NAME,0.011872291564941406
gen4_native_mamba_phase_f_pair_level_contrasts_v1,generated_fact_268,POST4_SPEED,DELTA_NAME,-0.0691220760345459
gen4_native_mamba_phase_f_pair_level_contrasts_v1,generated_fact_269,POST4_SPEED,DELTA_NAME,-0.12938714027404785
gen4_native_mamba_phase_f_pair_level_contrasts_v1,generated_fact_270,POST4_SPEED,DELTA_NAME,0.03307032585144043
gen4_native_mamba_phase_f_pair_level_contrasts_v1,generated_fact_271,POST4_SPEED,DELTA_NAME,0.01981830596923828
gen4_native_mamba_phase_f_pair_level_contrasts_v1,generated_fact_272,POST4_SPEED,DELTA_NAME,0.039698123931884766
gen4_native_mamba_phase_f_pair_level_contrasts_v1,generated_fact_273,POST4_SPEED,DELTA_NAME,-0.016287922859191895
gen4_native_mamba_phase_f_pair_level_contrasts_v1,generated_fact_274,POST4_SPEED,DELTA_NAME,0.0016634464263916016
gen4_native_mamba_phase_f_pair_level_contrasts_v1,generated_fact_275,POST4_SPEED,DELTA_NAME,0.004190921783447266
gen4_native_mamba_phase_f_pair_level_contrasts_v1,generated_fact_276,POST4_SPEED,DELTA_NAME,0.05693960189819336
gen4_native_mamba_phase_f_pair_level_contrasts_v1,generated_fact_277,POST4_SPEED,DELTA_NAME,-0.03934502601623535
gen4_native_mamba_phase_f_pair_level_contrasts_v1,generated_fact_278,POST4_SPEED,DELTA_NAME,0.059693217277526855
gen4_native_mamba_phase_f_pair_level_contrasts_v1,generated_fact_279,POST4_SPEED,DELTA_NAME,0.007173061370849609
gen4_native_mamba_phase_f_pair_level_contrasts_v1,generated_fact_280,POST4_SPEED,DELTA_NAME,-0.06816458702087402
gen4_native_mamba_phase_f_pair_level_contrasts_v1,generated_fact_281,POST4_SPEED,DELTA_NAME,-0.12724733352661133
gen4_native_mamba_phase_f_pair_level_contrasts_v1,generated_fact_282,POST4_SPEED,DELTA_NAME,0.03410029411315918
gen4_native_mamba_phase_f_pair_level_contrasts_v1,generated_fact_283,POST4_SPEED,DELTA_NAME,0.017331838607788086
gen4_native_mamba_phase_f_pair_level_contrasts_v1,generated_fact_284,POST4_SPEED,DELTA_NAME,0.04044628143310547
gen4_native_mamba_phase_f_pair_level_contrasts_v1,generated_fact_285,POST4_SPEED,DELTA_NAME,-0.01565694808959961
gen4_native_mamba_phase_f_pair_level_contrasts_v1,generated_fact_286,POST4_SPEED,DELTA_NAME,0.001741170883178711
gen4_native_mamba_phase_f_pair_level_contrasts_v1,generated_fact_287,POST4_SPEED,DELTA_NAME,0.0029587745666503906
gen4_native_mamba_phase_f_pair_level_contrasts_v1,generated_fact_288,POST4_SPEED,DELTA_NAME,0.05799674987792969
gen4_native_mamba_phase_f_pair_level_contrasts_v1,generated_fact_289,POST4_SPEED,DELTA_NAME,-0.03848695755004883
gen4_native_mamba_phase_f_pair_level_contrasts_v1,generated_fact_290,POST4_SPEED,DELTA_NAME,0.05756795406341553
gen4_native_mamba_phase_f_pair_level_contrasts_v1,generated_fact_291,POST4_SPEED,DELTA_NAME,0.01055443286895752
gen4_native_mamba_phase_f_pair_level_contrasts_v1,generated_fact_292,POST4_SPEED,DELTA_NAME,-0.06858980655670166
gen4_native_mamba_phase_f_pair_level_contrasts_v1,generated_fact_293,POST4_SPEED,DELTA_NAME,-0.12823450565338135
gen4_native_mamba_phase_f_pair_level_contrasts_v1,generated_fact_294,POST4_SPEED,DELTA_NAME,0.03362691402435303
gen4_native_mamba_phase_f_pair_level_contrasts_v1,generated_fact_295,POST4_SPEED,DELTA_NAME,0.019397377967834473
gen4_native_mamba_phase_f_pair_level_contrasts_v1,generated_fact_296,POST4_SPEED,DELTA_NAME,0.04054522514343262
gen4_native_mamba_phase_f_pair_level_contrasts_v1,generated_fact_297,POST4_SPEED,DELTA_NAME,-0.016833066940307617
gen4_native_mamba_phase_f_pair_level_contrasts_v1,generated_fact_298,POST4_SPEED,DELTA_NAME,0.0013076066970825195
gen4_native_mamba_phase_f_pair_level_contrasts_v1,generated_fact_299,POST4_SPEED,DELTA_NAME,0.002084970474243164
gen4_native_mamba_phase_f_pair_level_contrasts_v1,generated_fact_300,POST4_SPEED,DELTA_NAME,0.05574023723602295
gen4_native_mamba_phase_f_pair_level_contrasts_v1,glacier_study,POST4_SPEED,DELTA_NAME,0.012928128242492676
gen4_native_mamba_phase_f_pair_level_contrasts_v1,harbor_upgrade,POST4_SPEED,DELTA_NAME,0.012607812881469727
gen4_native_mamba_phase_f_pair_level_contrasts_v1,jazz_archive,POST4_SPEED,DELTA_NAME,0.012190818786621094
gen4_native_mamba_phase_f_pair_level_contrasts_v1,language_program,POST4_SPEED,DELTA_NAME,-0.10001635551452637
gen4_native_mamba_phase_f_pair_level_contrasts_v1,library_digitization,POST4_SPEED,DELTA_NAME,0.04654264450073242
gen4_native_mamba_phase_f_pair_level_contrasts_v1,market_renovation,POST4_SPEED,DELTA_NAME,-0.05591118335723877
gen4_native_mamba_phase_f_pair_level_contrasts_v1,museum_purchase,POST4_SPEED,DELTA_NAME,0.11452412605285645
gen4_native_mamba_phase_f_pair_level_contrasts_v1,opera_premiere,POST4_SPEED,DELTA_NAME,0.016028523445129395
gen4_native_mamba_phase_f_pair_level_contrasts_v1,orion_approval,POST4_SPEED,DELTA_NAME,-0.0004723072052001953
gen4_native_mamba_phase_f_pair_level_contrasts_v1,poetry_prize,POST4_SPEED,DELTA_NAME,0.10881567001342773
gen4_native_mamba_phase_f_pair_level_contrasts_v1,railway_restoration,POST4_SPEED,DELTA_NAME,0.0376439094543457
gen4_native_mamba_phase_f_pair_level_contrasts_v1,reef_protection,POST4_SPEED,DELTA_NAME,0.07177793979644775
gen4_native_mamba_phase_f_pair_level_contrasts_v1,robotics_championship,POST4_SPEED,DELTA_NAME,0.05595088005065918
gen4_native_mamba_phase_f_pair_level_contrasts_v1,satellite_launch,POST4_SPEED,DELTA_NAME,-0.027751445770263672
gen4_native_mamba_phase_f_pair_level_contrasts_v1,school_opening,POST4_SPEED,DELTA_NAME,-0.07425916194915771
gen4_native_mamba_phase_f_pair_level_contrasts_v1,solar_farm_contract,POST4_SPEED,DELTA_NAME,0.051277875900268555
gen4_native_mamba_phase_f_pair_level_contrasts_v1,theater_restoration,POST4_SPEED,DELTA_NAME,0.01550137996673584
gen4_native_mamba_phase_f_pair_level_contrasts_v1,treaty_signature,POST4_SPEED,DELTA_NAME,-0.1453993320465088
gen4_native_mamba_phase_f_pair_level_contrasts_v1,vaccine_delivery,POST4_SPEED,DELTA_NAME,0.048593878746032715
gen4_native_mamba_phase_f_pair_level_contrasts_v1,volcano_observatory,POST4_SPEED,DELTA_NAME,-0.012168169021606445
gen4_native_mamba_phase_f_pair_level_contrasts_v1,wetland_restoration,POST4_SPEED,DELTA_NAME,-0.05442321300506592
gen4_native_mamba_phase_f_pair_level_contrasts_v1,archive_release,POST4_SPEED,DELTA_ROLE,0.009624719619750977
gen4_native_mamba_phase_f_pair_level_contrasts_v1,bridge_opening,POST4_SPEED,DELTA_ROLE,-0.03722548484802246
gen4_native_mamba_phase_f_pair_level_contrasts_v1,canal_reopening,POST4_SPEED,DELTA_ROLE,-0.044052720069885254
gen4_native_mamba_phase_f_pair_level_contrasts_v1,clinic_expansion,POST4_SPEED,DELTA_ROLE,-0.1086118221282959
gen4_native_mamba_phase_f_pair_level_contrasts_v1,dam_inspection,POST4_SPEED,DELTA_ROLE,0.0064983367919921875
gen4_native_mamba_phase_f_pair_level_contrasts_v1,ferry_launch,POST4_SPEED,DELTA_ROLE,0.04048001766204834
gen4_native_mamba_phase_f_pair_level_contrasts_v1,festival_selection,POST4_SPEED,DELTA_ROLE,0.1317669153213501
gen4_native_mamba_phase_f_pair_level_contrasts_v1,forest_mapping,POST4_SPEED,DELTA_ROLE,-0.05640876293182373
gen4_native_mamba_phase_f_pair_level_contrasts_v1,garden_award,POST4_SPEED,DELTA_ROLE,0.0651322603225708
gen4_native_mamba_phase_f_pair_level_contrasts_v1,generated_fact_031,POST4_SPEED,DELTA_ROLE,0.008009910583496094
gen4_native_mamba_phase_f_pair_level_contrasts_v1,generated_fact_032,POST4_SPEED,DELTA_ROLE,-0.009775996208190918
gen4_native_mamba_phase_f_pair_level_contrasts_v1,generated_fact_033,POST4_SPEED,DELTA_ROLE,-0.02379584312438965
gen4_native_mamba_phase_f_pair_level_contrasts_v1,generated_fact_034,POST4_SPEED,DELTA_ROLE,-0.006921648979187012
gen4_native_mamba_phase_f_pair_level_contrasts_v1,generated_fact_035,POST4_SPEED,DELTA_ROLE,0.039864301681518555
gen4_native_mamba_phase_f_pair_level_contrasts_v1,generated_fact_036,POST4_SPEED,DELTA_ROLE,-0.037811279296875
gen4_native_mamba_phase_f_pair_level_contrasts_v1,generated_fact_037,POST4_SPEED,DELTA_ROLE,-0.005823612213134766
gen4_native_mamba_phase_f_pair_level_contrasts_v1,generated_fact_038,POST4_SPEED,DELTA_ROLE,-0.19948232173919678
gen4_native_mamba_phase_f_pair_level_contrasts_v1,generated_fact_039,POST4_SPEED,DELTA_ROLE,0.00905919075012207
gen4_native_mamba_phase_f_pair_level_contrasts_v1,generated_fact_040,POST4_SPEED,DELTA_ROLE,-0.041721463203430176
gen4_native_mamba_phase_f_pair_level_contrasts_v1,generated_fact_041,POST4_SPEED,DELTA_ROLE,0.09267377853393555
gen4_native_mamba_phase_f_pair_level_contrasts_v1,generated_fact_042,POST4_SPEED,DELTA_ROLE,-0.04105079174041748
gen4_native_mamba_phase_f_pair_level_contrasts_v1,generated_fact_043,POST4_SPEED,DELTA_ROLE,-0.03284811973571777
gen4_native_mamba_phase_f_pair_level_contrasts_v1,generated_fact_044,POST4_SPEED,DELTA_ROLE,0.027500033378601074
gen4_native_mamba_phase_f_pair_level_contrasts_v1,generated_fact_045,POST4_SPEED,DELTA_ROLE,-0.04260754585266113
gen4_native_mamba_phase_f_pair_level_contrasts_v1,generated_fact_046,POST4_SPEED,DELTA_ROLE,-0.0044203996658325195
gen4_native_mamba_phase_f_pair_level_contrasts_v1,generated_fact_047,POST4_SPEED,DELTA_ROLE,-0.025673866271972656
gen4_native_mamba_phase_f_pair_level_contrasts_v1,generated_fact_048,POST4_SPEED,DELTA_ROLE,-0.03131103515625
gen4_native_mamba_phase_f_pair_level_contrasts_v1,generated_fact_049,POST4_SPEED,DELTA_ROLE,-0.0044536590576171875
gen4_native_mamba_phase_f_pair_level_contrasts_v1,generated_fact_050,POST4_SPEED,DELTA_ROLE,-0.06636714935302734
gen4_native_mamba_phase_f_pair_level_contrasts_v1,generated_fact_051,POST4_SPEED,DELTA_ROLE,-0.03759002685546875
gen4_native_mamba_phase_f_pair_level_contrasts_v1,generated_fact_052,POST4_SPEED,DELTA_ROLE,-0.0017865896224975586
gen4_native_mamba_phase_f_pair_level_contrasts_v1,generated_fact_053,POST4_SPEED,DELTA_ROLE,-0.030910134315490723
gen4_native_mamba_phase_f_pair_level_contrasts_v1,generated_fact_054,POST4_SPEED,DELTA_ROLE,-0.007034778594970703
gen4_native_mamba_phase_f_pair_level_contrasts_v1,generated_fact_055,POST4_SPEED,DELTA_ROLE,-0.03433632850646973
gen4_native_mamba_phase_f_pair_level_contrasts_v1,generated_fact_056,POST4_SPEED,DELTA_ROLE,-0.07164216041564941
gen4_native_mamba_phase_f_pair_level_contrasts_v1,generated_fact_057,POST4_SPEED,DELTA_ROLE,0.019699573516845703
gen4_native_mamba_phase_f_pair_level_contrasts_v1,generated_fact_058,POST4_SPEED,DELTA_ROLE,0.03657567501068115
gen4_native_mamba_phase_f_pair_level_contrasts_v1,generated_fact_059,POST4_SPEED,DELTA_ROLE,0.0841449499130249
gen4_native_mamba_phase_f_pair_level_contrasts_v1,generated_fact_060,POST4_SPEED,DELTA_ROLE,-0.022539258003234863
gen4_native_mamba_phase_f_pair_level_contrasts_v1,generated_fact_061,POST4_SPEED,DELTA_ROLE,0.0593029260635376
gen4_native_mamba_phase_f_pair_level_contrasts_v1,generated_fact_062,POST4_SPEED,DELTA_ROLE,-0.09932589530944824
gen4_native_mamba_phase_f_pair_level_contrasts_v1,generated_fact_063,POST4_SPEED,DELTA_ROLE,0.03897380828857422
gen4_native_mamba_phase_f_pair_level_contrasts_v1,generated_fact_064,POST4_SPEED,DELTA_ROLE,0.03509020805358887
gen4_native_mamba_phase_f_pair_level_contrasts_v1,generated_fact_065,POST4_SPEED,DELTA_ROLE,-0.01618659496307373
gen4_native_mamba_phase_f_pair_level_contrasts_v1,generated_fact_066,POST4_SPEED,DELTA_ROLE,0.009713888168334961
gen4_native_mamba_phase_f_pair_level_contrasts_v1,generated_fact_067,POST4_SPEED,DELTA_ROLE,-0.007290363311767578
gen4_native_mamba_phase_f_pair_level_contrasts_v1,generated_fact_068,POST4_SPEED,DELTA_ROLE,-0.003362298011779785
gen4_native_mamba_phase_f_pair_level_contrasts_v1,generated_fact_069,POST4_SPEED,DELTA_ROLE,-0.012196779251098633
gen4_native_mamba_phase_f_pair_level_contrasts_v1,generated_fact_070,POST4_SPEED,DELTA_ROLE,-0.0019012689590454102
gen4_native_mamba_phase_f_pair_level_contrasts_v1,generated_fact_071,POST4_SPEED,DELTA_ROLE,0.020114779472351074
gen4_native_mamba_phase_f_pair_level_contrasts_v1,generated_fact_072,POST4_SPEED,DELTA_ROLE,0.015569567680358887
gen4_native_mamba_phase_f_pair_level_contrasts_v1,generated_fact_073,POST4_SPEED,DELTA_ROLE,-0.012216567993164062
gen4_native_mamba_phase_f_pair_level_contrasts_v1,generated_fact_074,POST4_SPEED,DELTA_ROLE,-0.034062981605529785
gen4_native_mamba_phase_f_pair_level_contrasts_v1,generated_fact_075,POST4_SPEED,DELTA_ROLE,-0.01616978645324707
gen4_native_mamba_phase_f_pair_level_contrasts_v1,generated_fact_076,POST4_SPEED,DELTA_ROLE,-0.01670074462890625
gen4_native_mamba_phase_f_pair_level_contrasts_v1,generated_fact_077,POST4_SPEED,DELTA_ROLE,0.03754901885986328
gen4_native_mamba_phase_f_pair_level_contrasts_v1,generated_fact_078,POST4_SPEED,DELTA_ROLE,-0.04345428943634033
gen4_native_mamba_phase_f_pair_level_contrasts_v1,generated_fact_079,POST4_SPEED,DELTA_ROLE,0.00641477108001709
gen4_native_mamba_phase_f_pair_level_contrasts_v1,generated_fact_080,POST4_SPEED,DELTA_ROLE,-0.18463683128356934
gen4_native_mamba_phase_f_pair_level_contrasts_v1,generated_fact_081,POST4_SPEED,DELTA_ROLE,0.007238149642944336
gen4_native_mamba_phase_f_pair_level_contrasts_v1,generated_fact_082,POST4_SPEED,DELTA_ROLE,-0.03874635696411133
gen4_native_mamba_phase_f_pair_level_contrasts_v1,generated_fact_083,POST4_SPEED,DELTA_ROLE,0.09078788757324219
gen4_native_mamba_phase_f_pair_level_contrasts_v1,generated_fact_084,POST4_SPEED,DELTA_ROLE,-0.036385297775268555
gen4_native_mamba_phase_f_pair_level_contrasts_v1,generated_fact_085,POST4_SPEED,DELTA_ROLE,-0.042717695236206055
gen4_native_mamba_phase_f_pair_level_contrasts_v1,generated_fact_086,POST4_SPEED,DELTA_ROLE,0.007375597953796387
gen4_native_mamba_phase_f_pair_level_contrasts_v1,generated_fact_087,POST4_SPEED,DELTA_ROLE,-0.020046472549438477
gen4_native_mamba_phase_f_pair_level_contrasts_v1,generated_fact_088,POST4_SPEED,DELTA_ROLE,-0.0034140348434448242
gen4_native_mamba_phase_f_pair_level_contrasts_v1,generated_fact_089,POST4_SPEED,DELTA_ROLE,-0.01739501953125
gen4_native_mamba_phase_f_pair_level_contrasts_v1,generated_fact_090,POST4_SPEED,DELTA_ROLE,-0.03473234176635742
gen4_native_mamba_phase_f_pair_level_contrasts_v1,generated_fact_091,POST4_SPEED,DELTA_ROLE,-0.0007925033569335938
gen4_native_mamba_phase_f_pair_level_contrasts_v1,generated_fact_092,POST4_SPEED,DELTA_ROLE,-0.04873156547546387
gen4_native_mamba_phase_f_pair_level_contrasts_v1,generated_fact_093,POST4_SPEED,DELTA_ROLE,-0.05450475215911865
gen4_native_mamba_phase_f_pair_level_contrasts_v1,generated_fact_094,POST4_SPEED,DELTA_ROLE,0.0024497509002685547
gen4_native_mamba_phase_f_pair_level_contrasts_v1,generated_fact_095,POST4_SPEED,DELTA_ROLE,-0.03812837600708008
gen4_native_mamba_phase_f_pair_level_contrasts_v1,generated_fact_096,POST4_SPEED,DELTA_ROLE,-0.00508880615234375
gen4_native_mamba_phase_f_pair_level_contrasts_v1,generated_fact_097,POST4_SPEED,DELTA_ROLE,-0.0641319751739502
gen4_native_mamba_phase_f_pair_level_contrasts_v1,generated_fact_098,POST4_SPEED,DELTA_ROLE,-0.1108403205871582
gen4_native_mamba_phase_f_pair_level_contrasts_v1,generated_fact_099,POST4_SPEED,DELTA_ROLE,0.023020148277282715
gen4_native_mamba_phase_f_pair_level_contrasts_v1,generated_fact_100,POST4_SPEED,DELTA_ROLE,0.027994990348815918
gen4_native_mamba_phase_f_pair_level_contrasts_v1,generated_fact_101,POST4_SPEED,DELTA_ROLE,0.0864945650100708
gen4_native_mamba_phase_f_pair_level_contrasts_v1,generated_fact_102,POST4_SPEED,DELTA_ROLE,-0.037158966064453125
gen4_native_mamba_phase_f_pair_level_contrasts_v1,generated_fact_103,POST4_SPEED,DELTA_ROLE,0.054939866065979004
gen4_native_mamba_phase_f_pair_level_contrasts_v1,generated_fact_104,POST4_SPEED,DELTA_ROLE,-0.07727527618408203
gen4_native_mamba_phase_f_pair_level_contrasts_v1,generated_fact_105,POST4_SPEED,DELTA_ROLE,0.01767706871032715
gen4_native_mamba_phase_f_pair_level_contrasts_v1,generated_fact_106,POST4_SPEED,DELTA_ROLE,0.04489600658416748
gen4_native_mamba_phase_f_pair_level_contrasts_v1,generated_fact_107,POST4_SPEED,DELTA_ROLE,-0.016851186752319336
gen4_native_mamba_phase_f_pair_level_contrasts_v1,generated_fact_108,POST4_SPEED,DELTA_ROLE,0.004188895225524902
gen4_native_mamba_phase_f_pair_level_contrasts_v1,generated_fact_109,POST4_SPEED,DELTA_ROLE,-0.019336462020874023
gen4_native_mamba_phase_f_pair_level_contrasts_v1,generated_fact_110,POST4_SPEED,DELTA_ROLE,-0.025270819664001465
gen4_native_mamba_phase_f_pair_level_contrasts_v1,generated_fact_111,POST4_SPEED,DELTA_ROLE,0.01574230194091797
gen4_native_mamba_phase_f_pair_level_contrasts_v1,generated_fact_112,POST4_SPEED,DELTA_ROLE,-0.013968706130981445
gen4_native_mamba_phase_f_pair_level_contrasts_v1,generated_fact_113,POST4_SPEED,DELTA_ROLE,0.01858210563659668
gen4_native_mamba_phase_f_pair_level_contrasts_v1,generated_fact_114,POST4_SPEED,DELTA_ROLE,0.03301882743835449
gen4_native_mamba_phase_f_pair_level_contrasts_v1,generated_fact_115,POST4_SPEED,DELTA_ROLE,0.007924556732177734
gen4_native_mamba_phase_f_pair_level_contrasts_v1,generated_fact_116,POST4_SPEED,DELTA_ROLE,-0.011327266693115234
gen4_native_mamba_phase_f_pair_level_contrasts_v1,generated_fact_117,POST4_SPEED,DELTA_ROLE,-0.0238797664642334
gen4_native_mamba_phase_f_pair_level_contrasts_v1,generated_fact_118,POST4_SPEED,DELTA_ROLE,-0.00683140754699707
gen4_native_mamba_phase_f_pair_level_contrasts_v1,generated_fact_119,POST4_SPEED,DELTA_ROLE,0.04111814498901367
gen4_native_mamba_phase_f_pair_level_contrasts_v1,generated_fact_120,POST4_SPEED,DELTA_ROLE,-0.036519646644592285
gen4_native_mamba_phase_f_pair_level_contrasts_v1,generated_fact_121,POST4_SPEED,DELTA_ROLE,-0.007607221603393555
gen4_native_mamba_phase_f_pair_level_contrasts_v1,generated_fact_122,POST4_SPEED,DELTA_ROLE,-0.19668543338775635
gen4_native_mamba_phase_f_pair_level_contrasts_v1,generated_fact_123,POST4_SPEED,DELTA_ROLE,0.0084151029586792
gen4_native_mamba_phase_f_pair_level_contrasts_v1,generated_fact_124,POST4_SPEED,DELTA_ROLE,-0.04247176647186279
gen4_native_mamba_phase_f_pair_level_contrasts_v1,generated_fact_125,POST4_SPEED,DELTA_ROLE,0.09020161628723145
gen4_native_mamba_phase_f_pair_level_contrasts_v1,generated_fact_126,POST4_SPEED,DELTA_ROLE,-0.04169130325317383
gen4_native_mamba_phase_f_pair_level_contrasts_v1,generated_fact_127,POST4_SPEED,DELTA_ROLE,-0.033672213554382324
gen4_native_mamba_phase_f_pair_level_contrasts_v1,generated_fact_128,POST4_SPEED,DELTA_ROLE,0.028845548629760742
gen4_native_mamba_phase_f_pair_level_contrasts_v1,generated_fact_129,POST4_SPEED,DELTA_ROLE,-0.043929219245910645
gen4_native_mamba_phase_f_pair_level_contrasts_v1,generated_fact_130,POST4_SPEED,DELTA_ROLE,-0.003815889358520508
gen4_native_mamba_phase_f_pair_level_contrasts_v1,generated_fact_131,POST4_SPEED,DELTA_ROLE,-0.029285550117492676
gen4_native_mamba_phase_f_pair_level_contrasts_v1,generated_fact_132,POST4_SPEED,DELTA_ROLE,-0.03211081027984619
gen4_native_mamba_phase_f_pair_level_contrasts_v1,generated_fact_133,POST4_SPEED,DELTA_ROLE,-0.00373077392578125
gen4_native_mamba_phase_f_pair_level_contrasts_v1,generated_fact_134,POST4_SPEED,DELTA_ROLE,-0.06811881065368652
gen4_native_mamba_phase_f_pair_level_contrasts_v1,generated_fact_135,POST4_SPEED,DELTA_ROLE,-0.03633296489715576
gen4_native_mamba_phase_f_pair_level_contrasts_v1,generated_fact_136,POST4_SPEED,DELTA_ROLE,-0.0015653371810913086
gen4_native_mamba_phase_f_pair_level_contrasts_v1,generated_fact_137,POST4_SPEED,DELTA_ROLE,-0.030056118965148926
gen4_native_mamba_phase_f_pair_level_contrasts_v1,generated_fact_138,POST4_SPEED,DELTA_ROLE,-0.00695645809173584
gen4_native_mamba_phase_f_pair_level_contrasts_v1,generated_fact_139,POST4_SPEED,DELTA_ROLE,-0.03374433517456055
gen4_native_mamba_phase_f_pair_level_contrasts_v1,generated_fact_140,POST4_SPEED,DELTA_ROLE,-0.0732811689376831
gen4_native_mamba_phase_f_pair_level_contrasts_v1,generated_fact_141,POST4_SPEED,DELTA_ROLE,0.021769046783447266
gen4_native_mamba_phase_f_pair_level_contrasts_v1,generated_fact_142,POST4_SPEED,DELTA_ROLE,0.03692638874053955
gen4_native_mamba_phase_f_pair_level_contrasts_v1,generated_fact_143,POST4_SPEED,DELTA_ROLE,0.08515822887420654
gen4_native_mamba_phase_f_pair_level_contrasts_v1,generated_fact_144,POST4_SPEED,DELTA_ROLE,-0.021552443504333496
gen4_native_mamba_phase_f_pair_level_contrasts_v1,generated_fact_145,POST4_SPEED,DELTA_ROLE,0.05861258506774902
gen4_native_mamba_phase_f_pair_level_contrasts_v1,generated_fact_146,POST4_SPEED,DELTA_ROLE,-0.09746026992797852
gen4_native_mamba_phase_f_pair_level_contrasts_v1,generated_fact_147,POST4_SPEED,DELTA_ROLE,0.039499759674072266
gen4_native_mamba_phase_f_pair_level_contrasts_v1,generated_fact_148,POST4_SPEED,DELTA_ROLE,0.03468012809753418
gen4_native_mamba_phase_f_pair_level_contrasts_v1,generated_fact_149,POST4_SPEED,DELTA_ROLE,-0.017506122589111328
gen4_native_mamba_phase_f_pair_level_contrasts_v1,generated_fact_150,POST4_SPEED,DELTA_ROLE,0.010966062545776367
gen4_native_mamba_phase_f_pair_level_contrasts_v1,generated_fact_151,POST4_SPEED,DELTA_ROLE,-0.007737278938293457
gen4_native_mamba_phase_f_pair_level_contrasts_v1,generated_fact_152,POST4_SPEED,DELTA_ROLE,-0.0008573532104492188
gen4_native_mamba_phase_f_pair_level_contrasts_v1,generated_fact_153,POST4_SPEED,DELTA_ROLE,-0.01364278793334961
gen4_native_mamba_phase_f_pair_level_contrasts_v1,generated_fact_154,POST4_SPEED,DELTA_ROLE,-0.0013579130172729492
gen4_native_mamba_phase_f_pair_level_contrasts_v1,generated_fact_155,POST4_SPEED,DELTA_ROLE,0.019230246543884277
gen4_native_mamba_phase_f_pair_level_contrasts_v1,generated_fact_156,POST4_SPEED,DELTA_ROLE,0.014013409614562988
gen4_native_mamba_phase_f_pair_level_contrasts_v1,generated_fact_157,POST4_SPEED,DELTA_ROLE,-0.011926531791687012
gen4_native_mamba_phase_f_pair_level_contrasts_v1,generated_fact_158,POST4_SPEED,DELTA_ROLE,-0.03653419017791748
gen4_native_mamba_phase_f_pair_level_contrasts_v1,generated_fact_159,POST4_SPEED,DELTA_ROLE,-0.015646934509277344
gen4_native_mamba_phase_f_pair_level_contrasts_v1,generated_fact_160,POST4_SPEED,DELTA_ROLE,-0.015184521675109863
gen4_native_mamba_phase_f_pair_level_contrasts_v1,generated_fact_161,POST4_SPEED,DELTA_ROLE,0.03922104835510254
gen4_native_mamba_phase_f_pair_level_contrasts_v1,generated_fact_162,POST4_SPEED,DELTA_ROLE,-0.04319298267364502
gen4_native_mamba_phase_f_pair_level_contrasts_v1,generated_fact_163,POST4_SPEED,DELTA_ROLE,0.007149815559387207
gen4_native_mamba_phase_f_pair_level_contrasts_v1,generated_fact_164,POST4_SPEED,DELTA_ROLE,-0.18534767627716064
gen4_native_mamba_phase_f_pair_level_contrasts_v1,generated_fact_165,POST4_SPEED,DELTA_ROLE,0.009379982948303223
gen4_native_mamba_phase_f_pair_level_contrasts_v1,generated_fact_166,POST4_SPEED,DELTA_ROLE,-0.039765357971191406
gen4_native_mamba_phase_f_pair_level_contrasts_v1,generated_fact_167,POST4_SPEED,DELTA_ROLE,0.08970499038696289
gen4_native_mamba_phase_f_pair_level_contrasts_v1,generated_fact_168,POST4_SPEED,DELTA_ROLE,-0.034711480140686035
gen4_native_mamba_phase_f_pair_level_contrasts_v1,generated_fact_169,POST4_SPEED,DELTA_ROLE,-0.04401040077209473
gen4_native_mamba_phase_f_pair_level_contrasts_v1,generated_fact_170,POST4_SPEED,DELTA_ROLE,0.00841212272644043
gen4_native_mamba_phase_f_pair_level_contrasts_v1,generated_fact_171,POST4_SPEED,DELTA_ROLE,-0.019822239875793457
gen4_native_mamba_phase_f_pair_level_contrasts_v1,generated_fact_172,POST4_SPEED,DELTA_ROLE,-0.0037686824798583984
gen4_native_mamba_phase_f_pair_level_contrasts_v1,generated_fact_173,POST4_SPEED,DELTA_ROLE,-0.019835352897644043
gen4_native_mamba_phase_f_pair_level_contrasts_v1,generated_fact_174,POST4_SPEED,DELTA_ROLE,-0.03468954563140869
gen4_native_mamba_phase_f_pair_level_contrasts_v1,generated_fact_175,POST4_SPEED,DELTA_ROLE,-0.0016565322875976562
gen4_native_mamba_phase_f_pair_level_contrasts_v1,generated_fact_176,POST4_SPEED,DELTA_ROLE,-0.047831177711486816
gen4_native_mamba_phase_f_pair_level_contrasts_v1,generated_fact_177,POST4_SPEED,DELTA_ROLE,-0.05504250526428223
gen4_native_mamba_phase_f_pair_level_contrasts_v1,generated_fact_178,POST4_SPEED,DELTA_ROLE,0.0027594566345214844
gen4_native_mamba_phase_f_pair_level_contrasts_v1,generated_fact_179,POST4_SPEED,DELTA_ROLE,-0.038768649101257324
gen4_native_mamba_phase_f_pair_level_contrasts_v1,generated_fact_180,POST4_SPEED,DELTA_ROLE,-0.006023287773132324
gen4_native_mamba_phase_f_pair_level_contrasts_v1,generated_fact_181,POST4_SPEED,DELTA_ROLE,-0.06379532814025879
gen4_native_mamba_phase_f_pair_level_contrasts_v1,generated_fact_182,POST4_SPEED,DELTA_ROLE,-0.11394500732421875
gen4_native_mamba_phase_f_pair_level_contrasts_v1,generated_fact_183,POST4_SPEED,DELTA_ROLE,0.02370166778564453
gen4_native_mamba_phase_f_pair_level_contrasts_v1,generated_fact_184,POST4_SPEED,DELTA_ROLE,0.029677748680114746
gen4_native_mamba_phase_f_pair_level_contrasts_v1,generated_fact_185,POST4_SPEED,DELTA_ROLE,0.08659720420837402
gen4_native_mamba_phase_f_pair_level_contrasts_v1,generated_fact_186,POST4_SPEED,DELTA_ROLE,-0.036808013916015625
gen4_native_mamba_phase_f_pair_level_contrasts_v1,generated_fact_187,POST4_SPEED,DELTA_ROLE,0.05372011661529541
gen4_native_mamba_phase_f_pair_level_contrasts_v1,generated_fact_188,POST4_SPEED,DELTA_ROLE,-0.07692861557006836
gen4_native_mamba_phase_f_pair_level_contrasts_v1,generated_fact_189,POST4_SPEED,DELTA_ROLE,0.018983840942382812
gen4_native_mamba_phase_f_pair_level_contrasts_v1,generated_fact_190,POST4_SPEED,DELTA_ROLE,0.04426300525665283
gen4_native_mamba_phase_f_pair_level_contrasts_v1,generated_fact_191,POST4_SPEED,DELTA_ROLE,-0.015971899032592773
gen4_native_mamba_phase_f_pair_level_contrasts_v1,generated_fact_192,POST4_SPEED,DELTA_ROLE,0.005589127540588379
gen4_native_mamba_phase_f_pair_level_contrasts_v1,generated_fact_193,POST4_SPEED,DELTA_ROLE,-0.020206570625305176
gen4_native_mamba_phase_f_pair_level_contrasts_v1,generated_fact_194,POST4_SPEED,DELTA_ROLE,-0.022996902465820312
gen4_native_mamba_phase_f_pair_level_contrasts_v1,generated_fact_195,POST4_SPEED,DELTA_ROLE,0.016443729400634766
gen4_native_mamba_phase_f_pair_level_contrasts_v1,generated_fact_196,POST4_SPEED,DELTA_ROLE,-0.014746904373168945
gen4_native_mamba_phase_f_pair_level_contrasts_v1,generated_fact_197,POST4_SPEED,DELTA_ROLE,0.017408251762390137
gen4_native_mamba_phase_f_pair_level_contrasts_v1,generated_fact_198,POST4_SPEED,DELTA_ROLE,0.033846378326416016
gen4_native_mamba_phase_f_pair_level_contrasts_v1,generated_fact_199,POST4_SPEED,DELTA_ROLE,0.0078122615814208984
gen4_native_mamba_phase_f_pair_level_contrasts_v1,generated_fact_200,POST4_SPEED,DELTA_ROLE,-0.010091066360473633
gen4_native_mamba_phase_f_pair_level_contrasts_v1,generated_fact_201,POST4_SPEED,DELTA_ROLE,-0.02372300624847412
gen4_native_mamba_phase_f_pair_level_contrasts_v1,generated_fact_202,POST4_SPEED,DELTA_ROLE,-0.006404876708984375
gen4_native_mamba_phase_f_pair_level_contrasts_v1,generated_fact_203,POST4_SPEED,DELTA_ROLE,0.03934764862060547
gen4_native_mamba_phase_f_pair_level_contrasts_v1,generated_fact_204,POST4_SPEED,DELTA_ROLE,-0.0375593900680542
gen4_native_mamba_phase_f_pair_level_contrasts_v1,generated_fact_205,POST4_SPEED,DELTA_ROLE,-0.00618290901184082
gen4_native_mamba_phase_f_pair_level_contrasts_v1,generated_fact_206,POST4_SPEED,DELTA_ROLE,-0.19995880126953125
gen4_native_mamba_phase_f_pair_level_contrasts_v1,generated_fact_207,POST4_SPEED,DELTA_ROLE,0.008664250373840332
gen4_native_mamba_phase_f_pair_level_contrasts_v1,generated_fact_208,POST4_SPEED,DELTA_ROLE,-0.04159212112426758
gen4_native_mamba_phase_f_pair_level_contrasts_v1,generated_fact_209,POST4_SPEED,DELTA_ROLE,0.09186434745788574
gen4_native_mamba_phase_f_pair_level_contrasts_v1,generated_fact_210,POST4_SPEED,DELTA_ROLE,-0.04121708869934082
gen4_native_mamba_phase_f_pair_level_contrasts_v1,generated_fact_211,POST4_SPEED,DELTA_ROLE,-0.03363919258117676
gen4_native_mamba_phase_f_pair_level_contrasts_v1,generated_fact_212,POST4_SPEED,DELTA_ROLE,0.027680635452270508
gen4_native_mamba_phase_f_pair_level_contrasts_v1,generated_fact_213,POST4_SPEED,DELTA_ROLE,-0.0427929162979126
gen4_native_mamba_phase_f_pair_level_contrasts_v1,generated_fact_214,POST4_SPEED,DELTA_ROLE,-0.004831910133361816
gen4_native_mamba_phase_f_pair_level_contrasts_v1,generated_fact_215,POST4_SPEED,DELTA_ROLE,-0.026999950408935547
gen4_native_mamba_phase_f_pair_level_contrasts_v1,generated_fact_216,POST4_SPEED,DELTA_ROLE,-0.031737685203552246
gen4_native_mamba_phase_f_pair_level_contrasts_v1,generated_fact_217,POST4_SPEED,DELTA_ROLE,-0.005706071853637695
gen4_native_mamba_phase_f_pair_level_contrasts_v1,generated_fact_218,POST4_SPEED,DELTA_ROLE,-0.06613147258758545
gen4_native_mamba_phase_f_pair_level_contrasts_v1,generated_fact_219,POST4_SPEED,DELTA_ROLE,-0.03729748725891113
gen4_native_mamba_phase_f_pair_level_contrasts_v1,generated_fact_220,POST4_SPEED,DELTA_ROLE,-0.0021053552627563477
gen4_native_mamba_phase_f_pair_level_contrasts_v1,generated_fact_221,POST4_SPEED,DELTA_ROLE,-0.03109419345855713
gen4_native_mamba_phase_f_pair_level_contrasts_v1,generated_fact_222,POST4_SPEED,DELTA_ROLE,-0.006627559661865234
gen4_native_mamba_phase_f_pair_level_contrasts_v1,generated_fact_223,POST4_SPEED,DELTA_ROLE,-0.0348513126373291
gen4_native_mamba_phase_f_pair_level_contrasts_v1,generated_fact_224,POST4_SPEED,DELTA_ROLE,-0.0716085433959961
gen4_native_mamba_phase_f_pair_level_contrasts_v1,generated_fact_225,POST4_SPEED,DELTA_ROLE,0.018787503242492676
gen4_native_mamba_phase_f_pair_level_contrasts_v1,generated_fact_226,POST4_SPEED,DELTA_ROLE,0.03690361976623535
gen4_native_mamba_phase_f_pair_level_contrasts_v1,generated_fact_227,POST4_SPEED,DELTA_ROLE,0.08493554592132568
gen4_native_mamba_phase_f_pair_level_contrasts_v1,generated_fact_228,POST4_SPEED,DELTA_ROLE,-0.022648096084594727
gen4_native_mamba_phase_f_pair_level_contrasts_v1,generated_fact_229,POST4_SPEED,DELTA_ROLE,0.05834150314331055
gen4_native_mamba_phase_f_pair_level_contrasts_v1,generated_fact_230,POST4_SPEED,DELTA_ROLE,-0.0992136001586914
gen4_native_mamba_phase_f_pair_level_contrasts_v1,generated_fact_231,POST4_SPEED,DELTA_ROLE,0.039227962493896484
gen4_native_mamba_phase_f_pair_level_contrasts_v1,generated_fact_232,POST4_SPEED,DELTA_ROLE,0.03484475612640381
gen4_native_mamba_phase_f_pair_level_contrasts_v1,generated_fact_233,POST4_SPEED,DELTA_ROLE,-0.015669822692871094
gen4_native_mamba_phase_f_pair_level_contrasts_v1,generated_fact_234,POST4_SPEED,DELTA_ROLE,0.009196758270263672
gen4_native_mamba_phase_f_pair_level_contrasts_v1,generated_fact_235,POST4_SPEED,DELTA_ROLE,-0.007706046104431152
gen4_native_mamba_phase_f_pair_level_contrasts_v1,generated_fact_236,POST4_SPEED,DELTA_ROLE,-0.0032421350479125977
gen4_native_mamba_phase_f_pair_level_contrasts_v1,generated_fact_237,POST4_SPEED,DELTA_ROLE,-0.01228022575378418
gen4_native_mamba_phase_f_pair_level_contrasts_v1,generated_fact_238,POST4_SPEED,DELTA_ROLE,-0.0017989873886108398
gen4_native_mamba_phase_f_pair_level_contrasts_v1,generated_fact_239,POST4_SPEED,DELTA_ROLE,0.020136475563049316
gen4_native_mamba_phase_f_pair_level_contrasts_v1,generated_fact_240,POST4_SPEED,DELTA_ROLE,0.0159451961517334
gen4_native_mamba_phase_f_pair_level_contrasts_v1,generated_fact_241,POST4_SPEED,DELTA_ROLE,-0.012936115264892578
gen4_native_mamba_phase_f_pair_level_contrasts_v1,generated_fact_242,POST4_SPEED,DELTA_ROLE,-0.03453719615936279
gen4_native_mamba_phase_f_pair_level_contrasts_v1,generated_fact_243,POST4_SPEED,DELTA_ROLE,-0.01642632484436035
gen4_native_mamba_phase_f_pair_level_contrasts_v1,generated_fact_244,POST4_SPEED,DELTA_ROLE,-0.016415834426879883
gen4_native_mamba_phase_f_pair_level_contrasts_v1,generated_fact_245,POST4_SPEED,DELTA_ROLE,0.03757953643798828
gen4_native_mamba_phase_f_pair_level_contrasts_v1,generated_fact_246,POST4_SPEED,DELTA_ROLE,-0.044014811515808105
gen4_native_mamba_phase_f_pair_level_contrasts_v1,generated_fact_247,POST4_SPEED,DELTA_ROLE,0.006220340728759766
gen4_native_mamba_phase_f_pair_level_contrasts_v1,generated_fact_248,POST4_SPEED,DELTA_ROLE,-0.1824512481689453
gen4_native_mamba_phase_f_pair_level_contrasts_v1,generated_fact_249,POST4_SPEED,DELTA_ROLE,0.007359027862548828
gen4_native_mamba_phase_f_pair_level_contrasts_v1,generated_fact_250,POST4_SPEED,DELTA_ROLE,-0.03888559341430664
gen4_native_mamba_phase_f_pair_level_contrasts_v1,generated_fact_251,POST4_SPEED,DELTA_ROLE,0.08992385864257812
gen4_native_mamba_phase_f_pair_level_contrasts_v1,generated_fact_252,POST4_SPEED,DELTA_ROLE,-0.03647255897521973
gen4_native_mamba_phase_f_pair_level_contrasts_v1,generated_fact_253,POST4_SPEED,DELTA_ROLE,-0.042816996574401855
gen4_native_mamba_phase_f_pair_level_contrasts_v1,generated_fact_254,POST4_SPEED,DELTA_ROLE,0.007447004318237305
gen4_native_mamba_phase_f_pair_level_contrasts_v1,generated_fact_255,POST4_SPEED,DELTA_ROLE,-0.020114898681640625
gen4_native_mamba_phase_f_pair_level_contrasts_v1,generated_fact_256,POST4_SPEED,DELTA_ROLE,-0.0032536983489990234
gen4_native_mamba_phase_f_pair_level_contrasts_v1,generated_fact_257,POST4_SPEED,DELTA_ROLE,-0.017865896224975586
gen4_native_mamba_phase_f_pair_level_contrasts_v1,generated_fact_258,POST4_SPEED,DELTA_ROLE,-0.03557693958282471
gen4_native_mamba_phase_f_pair_level_contrasts_v1,generated_fact_259,POST4_SPEED,DELTA_ROLE,-0.0011649131774902344
gen4_native_mamba_phase_f_pair_level_contrasts_v1,generated_fact_260,POST4_SPEED,DELTA_ROLE,-0.04928994178771973
gen4_native_mamba_phase_f_pair_level_contrasts_v1,generated_fact_261,POST4_SPEED,DELTA_ROLE,-0.05449843406677246
gen4_native_mamba_phase_f_pair_level_contrasts_v1,generated_fact_262,POST4_SPEED,DELTA_ROLE,0.0025480985641479492
gen4_native_mamba_phase_f_pair_level_contrasts_v1,generated_fact_263,POST4_SPEED,DELTA_ROLE,-0.03859710693359375
gen4_native_mamba_phase_f_pair_level_contrasts_v1,generated_fact_264,POST4_SPEED,DELTA_ROLE,-0.005429625511169434
gen4_native_mamba_phase_f_pair_level_contrasts_v1,generated_fact_265,POST4_SPEED,DELTA_ROLE,-0.06439042091369629
gen4_native_mamba_phase_f_pair_level_contrasts_v1,generated_fact_266,POST4_SPEED,DELTA_ROLE,-0.1111757755279541
gen4_native_mamba_phase_f_pair_level_contrasts_v1,generated_fact_267,POST4_SPEED,DELTA_ROLE,0.023148536682128906
gen4_native_mamba_phase_f_pair_level_contrasts_v1,generated_fact_268,POST4_SPEED,DELTA_ROLE,0.02842426300048828
gen4_native_mamba_phase_f_pair_level_contrasts_v1,generated_fact_269,POST4_SPEED,DELTA_ROLE,0.08555984497070312
gen4_native_mamba_phase_f_pair_level_contrasts_v1,generated_fact_270,POST4_SPEED,DELTA_ROLE,-0.03735768795013428
gen4_native_mamba_phase_f_pair_level_contrasts_v1,generated_fact_271,POST4_SPEED,DELTA_ROLE,0.055135250091552734
gen4_native_mamba_phase_f_pair_level_contrasts_v1,generated_fact_272,POST4_SPEED,DELTA_ROLE,-0.07593655586242676
gen4_native_mamba_phase_f_pair_level_contrasts_v1,generated_fact_273,POST4_SPEED,DELTA_ROLE,0.0176699161529541
gen4_native_mamba_phase_f_pair_level_contrasts_v1,generated_fact_274,POST4_SPEED,DELTA_ROLE,0.044867515563964844
gen4_native_mamba_phase_f_pair_level_contrasts_v1,generated_fact_275,POST4_SPEED,DELTA_ROLE,-0.016591310501098633
gen4_native_mamba_phase_f_pair_level_contrasts_v1,generated_fact_276,POST4_SPEED,DELTA_ROLE,0.00394129753112793
gen4_native_mamba_phase_f_pair_level_contrasts_v1,generated_fact_277,POST4_SPEED,DELTA_ROLE,-0.01902318000793457
gen4_native_mamba_phase_f_pair_level_contrasts_v1,generated_fact_278,POST4_SPEED,DELTA_ROLE,-0.025275111198425293
gen4_native_mamba_phase_f_pair_level_contrasts_v1,generated_fact_279,POST4_SPEED,DELTA_ROLE,0.01663374900817871
gen4_native_mamba_phase_f_pair_level_contrasts_v1,generated_fact_280,POST4_SPEED,DELTA_ROLE,-0.013834357261657715
gen4_native_mamba_phase_f_pair_level_contrasts_v1,generated_fact_281,POST4_SPEED,DELTA_ROLE,0.018045902252197266
gen4_native_mamba_phase_f_pair_level_contrasts_v1,generated_fact_282,POST4_SPEED,DELTA_ROLE,0.032828569412231445
gen4_native_mamba_phase_f_pair_level_contrasts_v1,generated_fact_283,POST4_SPEED,DELTA_ROLE,0.008490443229675293
gen4_native_mamba_phase_f_pair_level_contrasts_v1,generated_fact_284,POST4_SPEED,DELTA_ROLE,-0.011393427848815918
gen4_native_mamba_phase_f_pair_level_contrasts_v1,generated_fact_285,POST4_SPEED,DELTA_ROLE,-0.02337813377380371
gen4_native_mamba_phase_f_pair_level_contrasts_v1,generated_fact_286,POST4_SPEED,DELTA_ROLE,-0.006975531578063965
gen4_native_mamba_phase_f_pair_level_contrasts_v1,generated_fact_287,POST4_SPEED,DELTA_ROLE,0.04041159152984619
gen4_native_mamba_phase_f_pair_level_contrasts_v1,generated_fact_288,POST4_SPEED,DELTA_ROLE,-0.036632657051086426
gen4_native_mamba_phase_f_pair_level_contrasts_v1,generated_fact_289,POST4_SPEED,DELTA_ROLE,-0.006065964698791504
gen4_native_mamba_phase_f_pair_level_contrasts_v1,generated_fact_290,POST4_SPEED,DELTA_ROLE,-0.1966109275817871
gen4_native_mamba_phase_f_pair_level_contrasts_v1,generated_fact_291,POST4_SPEED,DELTA_ROLE,0.008910059928894043
gen4_native_mamba_phase_f_pair_level_contrasts_v1,generated_fact_292,POST4_SPEED,DELTA_ROLE,-0.04255032539367676
gen4_native_mamba_phase_f_pair_level_contrasts_v1,generated_fact_293,POST4_SPEED,DELTA_ROLE,0.0879826545715332
gen4_native_mamba_phase_f_pair_level_contrasts_v1,generated_fact_294,POST4_SPEED,DELTA_ROLE,-0.040747642517089844
gen4_native_mamba_phase_f_pair_level_contrasts_v1,generated_fact_295,POST4_SPEED,DELTA_ROLE,-0.033516883850097656
gen4_native_mamba_phase_f_pair_level_contrasts_v1,generated_fact_296,POST4_SPEED,DELTA_ROLE,0.028771400451660156
gen4_native_mamba_phase_f_pair_level_contrasts_v1,generated_fact_297,POST4_SPEED,DELTA_ROLE,-0.043685197830200195
gen4_native_mamba_phase_f_pair_level_contrasts_v1,generated_fact_298,POST4_SPEED,DELTA_ROLE,-0.003553628921508789
gen4_native_mamba_phase_f_pair_level_contrasts_v1,generated_fact_299,POST4_SPEED,DELTA_ROLE,-0.029589176177978516
gen4_native_mamba_phase_f_pair_level_contrasts_v1,generated_fact_300,POST4_SPEED,DELTA_ROLE,-0.03202486038208008
gen4_native_mamba_phase_f_pair_level_contrasts_v1,glacier_study,POST4_SPEED,DELTA_ROLE,-0.0602564811706543
gen4_native_mamba_phase_f_pair_level_contrasts_v1,harbor_upgrade,POST4_SPEED,DELTA_ROLE,-0.18858742713928223
gen4_native_mamba_phase_f_pair_level_contrasts_v1,jazz_archive,POST4_SPEED,DELTA_ROLE,-0.0716257095336914
gen4_native_mamba_phase_f_pair_level_contrasts_v1,language_program,POST4_SPEED,DELTA_ROLE,-0.07393908500671387
gen4_native_mamba_phase_f_pair_level_contrasts_v1,library_digitization,POST4_SPEED,DELTA_ROLE,-0.06946122646331787
gen4_native_mamba_phase_f_pair_level_contrasts_v1,market_renovation,POST4_SPEED,DELTA_ROLE,-0.03918790817260742
gen4_native_mamba_phase_f_pair_level_contrasts_v1,museum_purchase,POST4_SPEED,DELTA_ROLE,-0.03964126110076904
gen4_native_mamba_phase_f_pair_level_contrasts_v1,opera_premiere,POST4_SPEED,DELTA_ROLE,-0.07064509391784668
gen4_native_mamba_phase_f_pair_level_contrasts_v1,orion_approval,POST4_SPEED,DELTA_ROLE,0.024577021598815918
gen4_native_mamba_phase_f_pair_level_contrasts_v1,poetry_prize,POST4_SPEED,DELTA_ROLE,0.05975627899169922
gen4_native_mamba_phase_f_pair_level_contrasts_v1,railway_restoration,POST4_SPEED,DELTA_ROLE,0.1128840446472168
gen4_native_mamba_phase_f_pair_level_contrasts_v1,reef_protection,POST4_SPEED,DELTA_ROLE,-0.017493724822998047
gen4_native_mamba_phase_f_pair_level_contrasts_v1,robotics_championship,POST4_SPEED,DELTA_ROLE,-0.1287144422531128
gen4_native_mamba_phase_f_pair_level_contrasts_v1,satellite_launch,POST4_SPEED,DELTA_ROLE,0.03046286106109619
gen4_native_mamba_phase_f_pair_level_contrasts_v1,school_opening,POST4_SPEED,DELTA_ROLE,0.027042865753173828
gen4_native_mamba_phase_f_pair_level_contrasts_v1,solar_farm_contract,POST4_SPEED,DELTA_ROLE,-0.014794588088989258
gen4_native_mamba_phase_f_pair_level_contrasts_v1,theater_restoration,POST4_SPEED,DELTA_ROLE,0.06882929801940918
gen4_native_mamba_phase_f_pair_level_contrasts_v1,treaty_signature,POST4_SPEED,DELTA_ROLE,0.03508734703063965
gen4_native_mamba_phase_f_pair_level_contrasts_v1,vaccine_delivery,POST4_SPEED,DELTA_ROLE,-0.031223416328430176
gen4_native_mamba_phase_f_pair_level_contrasts_v1,volcano_observatory,POST4_SPEED,DELTA_ROLE,-0.026938557624816895
gen4_native_mamba_phase_f_pair_level_contrasts_v1,wetland_restoration,POST4_SPEED,DELTA_ROLE,-0.12528157234191895
gen4_native_mamba_phase_f_pair_level_contrasts_v1,archive_release,POST4_SPEED,DELTA_PREDICATE,-0.13059258460998535
gen4_native_mamba_phase_f_pair_level_contrasts_v1,bridge_opening,POST4_SPEED,DELTA_PREDICATE,-0.027863383293151855
gen4_native_mamba_phase_f_pair_level_contrasts_v1,canal_reopening,POST4_SPEED,DELTA_PREDICATE,0.10080695152282715
gen4_native_mamba_phase_f_pair_level_contrasts_v1,clinic_expansion,POST4_SPEED,DELTA_PREDICATE,0.005247712135314941
gen4_native_mamba_phase_f_pair_level_contrasts_v1,dam_inspection,POST4_SPEED,DELTA_PREDICATE,-0.004951357841491699
gen4_native_mamba_phase_f_pair_level_contrasts_v1,ferry_launch,POST4_SPEED,DELTA_PREDICATE,0.17570698261260986
gen4_native_mamba_phase_f_pair_level_contrasts_v1,festival_selection,POST4_SPEED,DELTA_PREDICATE,0.03328728675842285
gen4_native_mamba_phase_f_pair_level_contrasts_v1,forest_mapping,POST4_SPEED,DELTA_PREDICATE,0.13888490200042725
gen4_native_mamba_phase_f_pair_level_contrasts_v1,garden_award,POST4_SPEED,DELTA_PREDICATE,0.13269615173339844
gen4_native_mamba_phase_f_pair_level_contrasts_v1,generated_fact_031,POST4_SPEED,DELTA_PREDICATE,0.2551194429397583
gen4_native_mamba_phase_f_pair_level_contrasts_v1,generated_fact_032,POST4_SPEED,DELTA_PREDICATE,0.11115682125091553
gen4_native_mamba_phase_f_pair_level_contrasts_v1,generated_fact_033,POST4_SPEED,DELTA_PREDICATE,0.057608842849731445
gen4_native_mamba_phase_f_pair_level_contrasts_v1,generated_fact_034,POST4_SPEED,DELTA_PREDICATE,-0.02730381488800049
gen4_native_mamba_phase_f_pair_level_contrasts_v1,generated_fact_035,POST4_SPEED,DELTA_PREDICATE,-0.10429191589355469
gen4_native_mamba_phase_f_pair_level_contrasts_v1,generated_fact_036,POST4_SPEED,DELTA_PREDICATE,0.04209935665130615
gen4_native_mamba_phase_f_pair_level_contrasts_v1,generated_fact_037,POST4_SPEED,DELTA_PREDICATE,0.1115792989730835
gen4_native_mamba_phase_f_pair_level_contrasts_v1,generated_fact_038,POST4_SPEED,DELTA_PREDICATE,0.036517977714538574
gen4_native_mamba_phase_f_pair_level_contrasts_v1,generated_fact_039,POST4_SPEED,DELTA_PREDICATE,0.1697026491165161
gen4_native_mamba_phase_f_pair_level_contrasts_v1,generated_fact_040,POST4_SPEED,DELTA_PREDICATE,-0.02038896083831787
gen4_native_mamba_phase_f_pair_level_contrasts_v1,generated_fact_041,POST4_SPEED,DELTA_PREDICATE,-0.12616825103759766
gen4_native_mamba_phase_f_pair_level_contrasts_v1,generated_fact_042,POST4_SPEED,DELTA_PREDICATE,-0.05044817924499512
gen4_native_mamba_phase_f_pair_level_contrasts_v1,generated_fact_043,POST4_SPEED,DELTA_PREDICATE,0.07450056076049805
gen4_native_mamba_phase_f_pair_level_contrasts_v1,generated_fact_044,POST4_SPEED,DELTA_PREDICATE,0.020227551460266113
gen4_native_mamba_phase_f_pair_level_contrasts_v1,generated_fact_045,POST4_SPEED,DELTA_PREDICATE,0.10313630104064941
gen4_native_mamba_phase_f_pair_level_contrasts_v1,generated_fact_046,POST4_SPEED,DELTA_PREDICATE,0.05358624458312988
gen4_native_mamba_phase_f_pair_level_contrasts_v1,generated_fact_047,POST4_SPEED,DELTA_PREDICATE,0.021053552627563477
gen4_native_mamba_phase_f_pair_level_contrasts_v1,generated_fact_048,POST4_SPEED,DELTA_PREDICATE,-0.09706640243530273
gen4_native_mamba_phase_f_pair_level_contrasts_v1,generated_fact_049,POST4_SPEED,DELTA_PREDICATE,-0.08273172378540039
gen4_native_mamba_phase_f_pair_level_contrasts_v1,generated_fact_050,POST4_SPEED,DELTA_PREDICATE,0.034339070320129395
gen4_native_mamba_phase_f_pair_level_contrasts_v1,generated_fact_051,POST4_SPEED,DELTA_PREDICATE,0.007267475128173828
gen4_native_mamba_phase_f_pair_level_contrasts_v1,generated_fact_052,POST4_SPEED,DELTA_PREDICATE,0.010065317153930664
gen4_native_mamba_phase_f_pair_level_contrasts_v1,generated_fact_053,POST4_SPEED,DELTA_PREDICATE,0.03536248207092285
gen4_native_mamba_phase_f_pair_level_contrasts_v1,generated_fact_054,POST4_SPEED,DELTA_PREDICATE,0.09920477867126465
gen4_native_mamba_phase_f_pair_level_contrasts_v1,generated_fact_055,POST4_SPEED,DELTA_PREDICATE,-0.10335254669189453
gen4_native_mamba_phase_f_pair_level_contrasts_v1,generated_fact_056,POST4_SPEED,DELTA_PREDICATE,-0.1630113124847412
gen4_native_mamba_phase_f_pair_level_contrasts_v1,generated_fact_057,POST4_SPEED,DELTA_PREDICATE,-0.021608352661132812
gen4_native_mamba_phase_f_pair_level_contrasts_v1,generated_fact_058,POST4_SPEED,DELTA_PREDICATE,-0.0008383989334106445
gen4_native_mamba_phase_f_pair_level_contrasts_v1,generated_fact_059,POST4_SPEED,DELTA_PREDICATE,0.14846622943878174
gen4_native_mamba_phase_f_pair_level_contrasts_v1,generated_fact_060,POST4_SPEED,DELTA_PREDICATE,0.07498061656951904
gen4_native_mamba_phase_f_pair_level_contrasts_v1,generated_fact_061,POST4_SPEED,DELTA_PREDICATE,0.10927069187164307
gen4_native_mamba_phase_f_pair_level_contrasts_v1,generated_fact_062,POST4_SPEED,DELTA_PREDICATE,-0.10965049266815186
gen4_native_mamba_phase_f_pair_level_contrasts_v1,generated_fact_063,POST4_SPEED,DELTA_PREDICATE,-0.04773116111755371
gen4_native_mamba_phase_f_pair_level_contrasts_v1,generated_fact_064,POST4_SPEED,DELTA_PREDICATE,-0.0012851953506469727
gen4_native_mamba_phase_f_pair_level_contrasts_v1,generated_fact_065,POST4_SPEED,DELTA_PREDICATE,0.027673959732055664
gen4_native_mamba_phase_f_pair_level_contrasts_v1,generated_fact_066,POST4_SPEED,DELTA_PREDICATE,0.10199344158172607
gen4_native_mamba_phase_f_pair_level_contrasts_v1,generated_fact_067,POST4_SPEED,DELTA_PREDICATE,0.11481094360351562
gen4_native_mamba_phase_f_pair_level_contrasts_v1,generated_fact_068,POST4_SPEED,DELTA_PREDICATE,0.18088805675506592
gen4_native_mamba_phase_f_pair_level_contrasts_v1,generated_fact_069,POST4_SPEED,DELTA_PREDICATE,-0.08953499794006348
gen4_native_mamba_phase_f_pair_level_contrasts_v1,generated_fact_070,POST4_SPEED,DELTA_PREDICATE,-0.07011640071868896
gen4_native_mamba_phase_f_pair_level_contrasts_v1,generated_fact_071,POST4_SPEED,DELTA_PREDICATE,0.04575908184051514
gen4_native_mamba_phase_f_pair_level_contrasts_v1,generated_fact_072,POST4_SPEED,DELTA_PREDICATE,0.013257384300231934
gen4_native_mamba_phase_f_pair_level_contrasts_v1,generated_fact_073,POST4_SPEED,DELTA_PREDICATE,0.25169336795806885
gen4_native_mamba_phase_f_pair_level_contrasts_v1,generated_fact_074,POST4_SPEED,DELTA_PREDICATE,0.09088242053985596
gen4_native_mamba_phase_f_pair_level_contrasts_v1,generated_fact_075,POST4_SPEED,DELTA_PREDICATE,0.0724954605102539
gen4_native_mamba_phase_f_pair_level_contrasts_v1,generated_fact_076,POST4_SPEED,DELTA_PREDICATE,-0.03971362113952637
gen4_native_mamba_phase_f_pair_level_contrasts_v1,generated_fact_077,POST4_SPEED,DELTA_PREDICATE,-0.06019151210784912
gen4_native_mamba_phase_f_pair_level_contrasts_v1,generated_fact_078,POST4_SPEED,DELTA_PREDICATE,0.06611800193786621
gen4_native_mamba_phase_f_pair_level_contrasts_v1,generated_fact_079,POST4_SPEED,DELTA_PREDICATE,0.10897994041442871
gen4_native_mamba_phase_f_pair_level_contrasts_v1,generated_fact_080,POST4_SPEED,DELTA_PREDICATE,0.03465723991394043
gen4_native_mamba_phase_f_pair_level_contrasts_v1,generated_fact_081,POST4_SPEED,DELTA_PREDICATE,0.17757344245910645
gen4_native_mamba_phase_f_pair_level_contrasts_v1,generated_fact_082,POST4_SPEED,DELTA_PREDICATE,-0.0073354244232177734
gen4_native_mamba_phase_f_pair_level_contrasts_v1,generated_fact_083,POST4_SPEED,DELTA_PREDICATE,-0.11664366722106934
gen4_native_mamba_phase_f_pair_level_contrasts_v1,generated_fact_084,POST4_SPEED,DELTA_PREDICATE,-0.057851552963256836
gen4_native_mamba_phase_f_pair_level_contrasts_v1,generated_fact_085,POST4_SPEED,DELTA_PREDICATE,0.043425917625427246
gen4_native_mamba_phase_f_pair_level_contrasts_v1,generated_fact_086,POST4_SPEED,DELTA_PREDICATE,-0.0022133588790893555
gen4_native_mamba_phase_f_pair_level_contrasts_v1,generated_fact_087,POST4_SPEED,DELTA_PREDICATE,0.12324917316436768
gen4_native_mamba_phase_f_pair_level_contrasts_v1,generated_fact_088,POST4_SPEED,DELTA_PREDICATE,0.05307209491729736
gen4_native_mamba_phase_f_pair_level_contrasts_v1,generated_fact_089,POST4_SPEED,DELTA_PREDICATE,0.0348050594329834
gen4_native_mamba_phase_f_pair_level_contrasts_v1,generated_fact_090,POST4_SPEED,DELTA_PREDICATE,-0.09180665016174316
gen4_native_mamba_phase_f_pair_level_contrasts_v1,generated_fact_091,POST4_SPEED,DELTA_PREDICATE,-0.07480955123901367
gen4_native_mamba_phase_f_pair_level_contrasts_v1,generated_fact_092,POST4_SPEED,DELTA_PREDICATE,0.02845311164855957
gen4_native_mamba_phase_f_pair_level_contrasts_v1,generated_fact_093,POST4_SPEED,DELTA_PREDICATE,0.0007655620574951172
gen4_native_mamba_phase_f_pair_level_contrasts_v1,generated_fact_094,POST4_SPEED,DELTA_PREDICATE,0.022821784019470215
gen4_native_mamba_phase_f_pair_level_contrasts_v1,generated_fact_095,POST4_SPEED,DELTA_PREDICATE,0.025311589241027832
gen4_native_mamba_phase_f_pair_level_contrasts_v1,generated_fact_096,POST4_SPEED,DELTA_PREDICATE,0.07474291324615479
gen4_native_mamba_phase_f_pair_level_contrasts_v1,generated_fact_097,POST4_SPEED,DELTA_PREDICATE,-0.1217503547668457
gen4_native_mamba_phase_f_pair_level_contrasts_v1,generated_fact_098,POST4_SPEED,DELTA_PREDICATE,-0.21337246894836426
gen4_native_mamba_phase_f_pair_level_contrasts_v1,generated_fact_099,POST4_SPEED,DELTA_PREDICATE,-0.019386649131774902
gen4_native_mamba_phase_f_pair_level_contrasts_v1,generated_fact_100,POST4_SPEED,DELTA_PREDICATE,-0.003292679786682129
gen4_native_mamba_phase_f_pair_level_contrasts_v1,generated_fact_101,POST4_SPEED,DELTA_PREDICATE,0.18165433406829834
gen4_native_mamba_phase_f_pair_level_contrasts_v1,generated_fact_102,POST4_SPEED,DELTA_PREDICATE,0.09770286083221436
gen4_native_mamba_phase_f_pair_level_contrasts_v1,generated_fact_103,POST4_SPEED,DELTA_PREDICATE,0.0947122573852539
gen4_native_mamba_phase_f_pair_level_contrasts_v1,generated_fact_104,POST4_SPEED,DELTA_PREDICATE,-0.10839521884918213
gen4_native_mamba_phase_f_pair_level_contrasts_v1,generated_fact_105,POST4_SPEED,DELTA_PREDICATE,-0.05457448959350586
gen4_native_mamba_phase_f_pair_level_contrasts_v1,generated_fact_106,POST4_SPEED,DELTA_PREDICATE,-0.015832901000976562
gen4_native_mamba_phase_f_pair_level_contrasts_v1,generated_fact_107,POST4_SPEED,DELTA_PREDICATE,0.016491293907165527
gen4_native_mamba_phase_f_pair_level_contrasts_v1,generated_fact_108,POST4_SPEED,DELTA_PREDICATE,0.09636175632476807
gen4_native_mamba_phase_f_pair_level_contrasts_v1,generated_fact_109,POST4_SPEED,DELTA_PREDICATE,0.11963784694671631
gen4_native_mamba_phase_f_pair_level_contrasts_v1,generated_fact_110,POST4_SPEED,DELTA_PREDICATE,0.18179738521575928
gen4_native_mamba_phase_f_pair_level_contrasts_v1,generated_fact_111,POST4_SPEED,DELTA_PREDICATE,-0.07817983627319336
gen4_native_mamba_phase_f_pair_level_contrasts_v1,generated_fact_112,POST4_SPEED,DELTA_PREDICATE,-0.06870579719543457
gen4_native_mamba_phase_f_pair_level_contrasts_v1,generated_fact_113,POST4_SPEED,DELTA_PREDICATE,0.005629062652587891
gen4_native_mamba_phase_f_pair_level_contrasts_v1,generated_fact_114,POST4_SPEED,DELTA_PREDICATE,0.008002758026123047
gen4_native_mamba_phase_f_pair_level_contrasts_v1,generated_fact_115,POST4_SPEED,DELTA_PREDICATE,0.2559163570404053
gen4_native_mamba_phase_f_pair_level_contrasts_v1,generated_fact_116,POST4_SPEED,DELTA_PREDICATE,0.10996127128601074
gen4_native_mamba_phase_f_pair_level_contrasts_v1,generated_fact_117,POST4_SPEED,DELTA_PREDICATE,0.05568253993988037
gen4_native_mamba_phase_f_pair_level_contrasts_v1,generated_fact_118,POST4_SPEED,DELTA_PREDICATE,-0.025392651557922363
gen4_native_mamba_phase_f_pair_level_contrasts_v1,generated_fact_119,POST4_SPEED,DELTA_PREDICATE,-0.10456335544586182
gen4_native_mamba_phase_f_pair_level_contrasts_v1,generated_fact_120,POST4_SPEED,DELTA_PREDICATE,0.04128992557525635
gen4_native_mamba_phase_f_pair_level_contrasts_v1,generated_fact_121,POST4_SPEED,DELTA_PREDICATE,0.11216497421264648
gen4_native_mamba_phase_f_pair_level_contrasts_v1,generated_fact_122,POST4_SPEED,DELTA_PREDICATE,0.036618828773498535
gen4_native_mamba_phase_f_pair_level_contrasts_v1,generated_fact_123,POST4_SPEED,DELTA_PREDICATE,0.16614437103271484
gen4_native_mamba_phase_f_pair_level_contrasts_v1,generated_fact_124,POST4_SPEED,DELTA_PREDICATE,-0.022152066230773926
gen4_native_mamba_phase_f_pair_level_contrasts_v1,generated_fact_125,POST4_SPEED,DELTA_PREDICATE,-0.12429249286651611
gen4_native_mamba_phase_f_pair_level_contrasts_v1,generated_fact_126,POST4_SPEED,DELTA_PREDICATE,-0.05134284496307373
gen4_native_mamba_phase_f_pair_level_contrasts_v1,generated_fact_127,POST4_SPEED,DELTA_PREDICATE,0.07295501232147217
gen4_native_mamba_phase_f_pair_level_contrasts_v1,generated_fact_128,POST4_SPEED,DELTA_PREDICATE,0.02043294906616211
gen4_native_mamba_phase_f_pair_level_contrasts_v1,generated_fact_129,POST4_SPEED,DELTA_PREDICATE,0.10473775863647461
gen4_native_mamba_phase_f_pair_level_contrasts_v1,generated_fact_130,POST4_SPEED,DELTA_PREDICATE,0.05289316177368164
gen4_native_mamba_phase_f_pair_level_contrasts_v1,generated_fact_131,POST4_SPEED,DELTA_PREDICATE,0.016750693321228027
gen4_native_mamba_phase_f_pair_level_contrasts_v1,generated_fact_132,POST4_SPEED,DELTA_PREDICATE,-0.09427464008331299
gen4_native_mamba_phase_f_pair_level_contrasts_v1,generated_fact_133,POST4_SPEED,DELTA_PREDICATE,-0.08372938632965088
gen4_native_mamba_phase_f_pair_level_contrasts_v1,generated_fact_134,POST4_SPEED,DELTA_PREDICATE,0.03471648693084717
gen4_native_mamba_phase_f_pair_level_contrasts_v1,generated_fact_135,POST4_SPEED,DELTA_PREDICATE,0.006201505661010742
gen4_native_mamba_phase_f_pair_level_contrasts_v1,generated_fact_136,POST4_SPEED,DELTA_PREDICATE,0.011201143264770508
gen4_native_mamba_phase_f_pair_level_contrasts_v1,generated_fact_137,POST4_SPEED,DELTA_PREDICATE,0.036877989768981934
gen4_native_mamba_phase_f_pair_level_contrasts_v1,generated_fact_138,POST4_SPEED,DELTA_PREDICATE,0.09846341609954834
gen4_native_mamba_phase_f_pair_level_contrasts_v1,generated_fact_139,POST4_SPEED,DELTA_PREDICATE,-0.10075843334197998
gen4_native_mamba_phase_f_pair_level_contrasts_v1,generated_fact_140,POST4_SPEED,DELTA_PREDICATE,-0.16212892532348633
gen4_native_mamba_phase_f_pair_level_contrasts_v1,generated_fact_141,POST4_SPEED,DELTA_PREDICATE,-0.022417664527893066
gen4_native_mamba_phase_f_pair_level_contrasts_v1,generated_fact_142,POST4_SPEED,DELTA_PREDICATE,-0.001978635787963867
gen4_native_mamba_phase_f_pair_level_contrasts_v1,generated_fact_143,POST4_SPEED,DELTA_PREDICATE,0.1507105827331543
gen4_native_mamba_phase_f_pair_level_contrasts_v1,generated_fact_144,POST4_SPEED,DELTA_PREDICATE,0.0753173828125
gen4_native_mamba_phase_f_pair_level_contrasts_v1,generated_fact_145,POST4_SPEED,DELTA_PREDICATE,0.11059653759002686
gen4_native_mamba_phase_f_pair_level_contrasts_v1,generated_fact_146,POST4_SPEED,DELTA_PREDICATE,-0.11197841167449951
gen4_native_mamba_phase_f_pair_level_contrasts_v1,generated_fact_147,POST4_SPEED,DELTA_PREDICATE,-0.04743313789367676
gen4_native_mamba_phase_f_pair_level_contrasts_v1,generated_fact_148,POST4_SPEED,DELTA_PREDICATE,0.0008859634399414062
gen4_native_mamba_phase_f_pair_level_contrasts_v1,generated_fact_149,POST4_SPEED,DELTA_PREDICATE,0.026673078536987305
gen4_native_mamba_phase_f_pair_level_contrasts_v1,generated_fact_150,POST4_SPEED,DELTA_PREDICATE,0.10347557067871094
gen4_native_mamba_phase_f_pair_level_contrasts_v1,generated_fact_151,POST4_SPEED,DELTA_PREDICATE,0.1157456636428833
gen4_native_mamba_phase_f_pair_level_contrasts_v1,generated_fact_152,POST4_SPEED,DELTA_PREDICATE,0.1804971694946289
gen4_native_mamba_phase_f_pair_level_contrasts_v1,generated_fact_153,POST4_SPEED,DELTA_PREDICATE,-0.09164965152740479
gen4_native_mamba_phase_f_pair_level_contrasts_v1,generated_fact_154,POST4_SPEED,DELTA_PREDICATE,-0.07150483131408691
gen4_native_mamba_phase_f_pair_level_contrasts_v1,generated_fact_155,POST4_SPEED,DELTA_PREDICATE,0.047132015228271484
gen4_native_mamba_phase_f_pair_level_contrasts_v1,generated_fact_156,POST4_SPEED,DELTA_PREDICATE,0.011818528175354004
gen4_native_mamba_phase_f_pair_level_contrasts_v1,generated_fact_157,POST4_SPEED,DELTA_PREDICATE,0.24997878074645996
gen4_native_mamba_phase_f_pair_level_contrasts_v1,generated_fact_158,POST4_SPEED,DELTA_PREDICATE,0.09162580966949463
gen4_native_mamba_phase_f_pair_level_contrasts_v1,generated_fact_159,POST4_SPEED,DELTA_PREDICATE,0.07266521453857422
gen4_native_mamba_phase_f_pair_level_contrasts_v1,generated_fact_160,POST4_SPEED,DELTA_PREDICATE,-0.04047811031341553
gen4_native_mamba_phase_f_pair_level_contrasts_v1,generated_fact_161,POST4_SPEED,DELTA_PREDICATE,-0.0590207576751709
gen4_native_mamba_phase_f_pair_level_contrasts_v1,generated_fact_162,POST4_SPEED,DELTA_PREDICATE,0.06581389904022217
gen4_native_mamba_phase_f_pair_level_contrasts_v1,generated_fact_163,POST4_SPEED,DELTA_PREDICATE,0.10811567306518555
gen4_native_mamba_phase_f_pair_level_contrasts_v1,generated_fact_164,POST4_SPEED,DELTA_PREDICATE,0.03213655948638916
gen4_native_mamba_phase_f_pair_level_contrasts_v1,generated_fact_165,POST4_SPEED,DELTA_PREDICATE,0.1767256259918213
gen4_native_mamba_phase_f_pair_level_contrasts_v1,generated_fact_166,POST4_SPEED,DELTA_PREDICATE,-0.0068817138671875
gen4_native_mamba_phase_f_pair_level_contrasts_v1,generated_fact_167,POST4_SPEED,DELTA_PREDICATE,-0.11639547348022461
gen4_native_mamba_phase_f_pair_level_contrasts_v1,generated_fact_168,POST4_SPEED,DELTA_PREDICATE,-0.056632280349731445
gen4_native_mamba_phase_f_pair_level_contrasts_v1,generated_fact_169,POST4_SPEED,DELTA_PREDICATE,0.04563915729522705
gen4_native_mamba_phase_f_pair_level_contrasts_v1,generated_fact_170,POST4_SPEED,DELTA_PREDICATE,-0.002033829689025879
gen4_native_mamba_phase_f_pair_level_contrasts_v1,generated_fact_171,POST4_SPEED,DELTA_PREDICATE,0.1222999095916748
gen4_native_mamba_phase_f_pair_level_contrasts_v1,generated_fact_172,POST4_SPEED,DELTA_PREDICATE,0.052335381507873535
gen4_native_mamba_phase_f_pair_level_contrasts_v1,generated_fact_173,POST4_SPEED,DELTA_PREDICATE,0.034418702125549316
gen4_native_mamba_phase_f_pair_level_contrasts_v1,generated_fact_174,POST4_SPEED,DELTA_PREDICATE,-0.08826351165771484
gen4_native_mamba_phase_f_pair_level_contrasts_v1,generated_fact_175,POST4_SPEED,DELTA_PREDICATE,-0.07557940483093262
gen4_native_mamba_phase_f_pair_level_contrasts_v1,generated_fact_176,POST4_SPEED,DELTA_PREDICATE,0.02808380126953125
gen4_native_mamba_phase_f_pair_level_contrasts_v1,generated_fact_177,POST4_SPEED,DELTA_PREDICATE,0.0014072656631469727
gen4_native_mamba_phase_f_pair_level_contrasts_v1,generated_fact_178,POST4_SPEED,DELTA_PREDICATE,0.022076725959777832
gen4_native_mamba_phase_f_pair_level_contrasts_v1,generated_fact_179,POST4_SPEED,DELTA_PREDICATE,0.02275550365447998
gen4_native_mamba_phase_f_pair_level_contrasts_v1,generated_fact_180,POST4_SPEED,DELTA_PREDICATE,0.07486128807067871
gen4_native_mamba_phase_f_pair_level_contrasts_v1,generated_fact_181,POST4_SPEED,DELTA_PREDICATE,-0.11918175220489502
gen4_native_mamba_phase_f_pair_level_contrasts_v1,generated_fact_182,POST4_SPEED,DELTA_PREDICATE,-0.21421432495117188
gen4_native_mamba_phase_f_pair_level_contrasts_v1,generated_fact_183,POST4_SPEED,DELTA_PREDICATE,-0.017829298973083496
gen4_native_mamba_phase_f_pair_level_contrasts_v1,generated_fact_184,POST4_SPEED,DELTA_PREDICATE,-0.0033506155014038086
gen4_native_mamba_phase_f_pair_level_contrasts_v1,generated_fact_185,POST4_SPEED,DELTA_PREDICATE,0.18060052394866943
gen4_native_mamba_phase_f_pair_level_contrasts_v1,generated_fact_186,POST4_SPEED,DELTA_PREDICATE,0.0985875129699707
gen4_native_mamba_phase_f_pair_level_contrasts_v1,generated_fact_187,POST4_SPEED,DELTA_PREDICATE,0.09143400192260742
gen4_native_mamba_phase_f_pair_level_contrasts_v1,generated_fact_188,POST4_SPEED,DELTA_PREDICATE,-0.10608196258544922
gen4_native_mamba_phase_f_pair_level_contrasts_v1,generated_fact_189,POST4_SPEED,DELTA_PREDICATE,-0.0553891658782959
gen4_native_mamba_phase_f_pair_level_contrasts_v1,generated_fact_190,POST4_SPEED,DELTA_PREDICATE,-0.015709519386291504
gen4_native_mamba_phase_f_pair_level_contrasts_v1,generated_fact_191,POST4_SPEED,DELTA_PREDICATE,0.015758275985717773
gen4_native_mamba_phase_f_pair_level_contrasts_v1,generated_fact_192,POST4_SPEED,DELTA_PREDICATE,0.09734821319580078
gen4_native_mamba_phase_f_pair_level_contrasts_v1,generated_fact_193,POST4_SPEED,DELTA_PREDICATE,0.12128901481628418
gen4_native_mamba_phase_f_pair_level_contrasts_v1,generated_fact_194,POST4_SPEED,DELTA_PREDICATE,0.1796196699142456
gen4_native_mamba_phase_f_pair_level_contrasts_v1,generated_fact_195,POST4_SPEED,DELTA_PREDICATE,-0.07928729057312012
gen4_native_mamba_phase_f_pair_level_contrasts_v1,generated_fact_196,POST4_SPEED,DELTA_PREDICATE,-0.0695188045501709
gen4_native_mamba_phase_f_pair_level_contrasts_v1,generated_fact_197,POST4_SPEED,DELTA_PREDICATE,0.004373073577880859
gen4_native_mamba_phase_f_pair_level_contrasts_v1,generated_fact_198,POST4_SPEED,DELTA_PREDICATE,0.0072154998779296875
gen4_native_mamba_phase_f_pair_level_contrasts_v1,generated_fact_199,POST4_SPEED,DELTA_PREDICATE,0.2561981678009033
gen4_native_mamba_phase_f_pair_level_contrasts_v1,generated_fact_200,POST4_SPEED,DELTA_PREDICATE,0.110970139503479
gen4_native_mamba_phase_f_pair_level_contrasts_v1,generated_fact_201,POST4_SPEED,DELTA_PREDICATE,0.05683612823486328
gen4_native_mamba_phase_f_pair_level_contrasts_v1,generated_fact_202,POST4_SPEED,DELTA_PREDICATE,-0.02750074863433838
gen4_native_mamba_phase_f_pair_level_contrasts_v1,generated_fact_203,POST4_SPEED,DELTA_PREDICATE,-0.10433495044708252
gen4_native_mamba_phase_f_pair_level_contrasts_v1,generated_fact_204,POST4_SPEED,DELTA_PREDICATE,0.04197061061859131
gen4_native_mamba_phase_f_pair_level_contrasts_v1,generated_fact_205,POST4_SPEED,DELTA_PREDICATE,0.11054873466491699
gen4_native_mamba_phase_f_pair_level_contrasts_v1,generated_fact_206,POST4_SPEED,DELTA_PREDICATE,0.03419613838195801
gen4_native_mamba_phase_f_pair_level_contrasts_v1,generated_fact_207,POST4_SPEED,DELTA_PREDICATE,0.1678159236907959
gen4_native_mamba_phase_f_pair_level_contrasts_v1,generated_fact_208,POST4_SPEED,DELTA_PREDICATE,-0.020910263061523438
gen4_native_mamba_phase_f_pair_level_contrasts_v1,generated_fact_209,POST4_SPEED,DELTA_PREDICATE,-0.12619256973266602
gen4_native_mamba_phase_f_pair_level_contrasts_v1,generated_fact_210,POST4_SPEED,DELTA_PREDICATE,-0.05035746097564697
gen4_native_mamba_phase_f_pair_level_contrasts_v1,generated_fact_211,POST4_SPEED,DELTA_PREDICATE,0.07549309730529785
gen4_native_mamba_phase_f_pair_level_contrasts_v1,generated_fact_212,POST4_SPEED,DELTA_PREDICATE,0.019171714782714844
gen4_native_mamba_phase_f_pair_level_contrasts_v1,generated_fact_213,POST4_SPEED,DELTA_PREDICATE,0.10215175151824951
gen4_native_mamba_phase_f_pair_level_contrasts_v1,generated_fact_214,POST4_SPEED,DELTA_PREDICATE,0.05357658863067627
gen4_native_mamba_phase_f_pair_level_contrasts_v1,generated_fact_215,POST4_SPEED,DELTA_PREDICATE,0.01983642578125
gen4_native_mamba_phase_f_pair_level_contrasts_v1,generated_fact_216,POST4_SPEED,DELTA_PREDICATE,-0.09670376777648926
gen4_native_mamba_phase_f_pair_level_contrasts_v1,generated_fact_217,POST4_SPEED,DELTA_PREDICATE,-0.08312427997589111
gen4_native_mamba_phase_f_pair_level_contrasts_v1,generated_fact_218,POST4_SPEED,DELTA_PREDICATE,0.03540384769439697
gen4_native_mamba_phase_f_pair_level_contrasts_v1,generated_fact_219,POST4_SPEED,DELTA_PREDICATE,0.006286263465881348
gen4_native_mamba_phase_f_pair_level_contrasts_v1,generated_fact_220,POST4_SPEED,DELTA_PREDICATE,0.009414196014404297
gen4_native_mamba_phase_f_pair_level_contrasts_v1,generated_fact_221,POST4_SPEED,DELTA_PREDICATE,0.03584027290344238
gen4_native_mamba_phase_f_pair_level_contrasts_v1,generated_fact_222,POST4_SPEED,DELTA_PREDICATE,0.09863495826721191
gen4_native_mamba_phase_f_pair_level_contrasts_v1,generated_fact_223,POST4_SPEED,DELTA_PREDICATE,-0.1041412353515625
gen4_native_mamba_phase_f_pair_level_contrasts_v1,generated_fact_224,POST4_SPEED,DELTA_PREDICATE,-0.16318130493164062
gen4_native_mamba_phase_f_pair_level_contrasts_v1,generated_fact_225,POST4_SPEED,DELTA_PREDICATE,-0.021358370780944824
gen4_native_mamba_phase_f_pair_level_contrasts_v1,generated_fact_226,POST4_SPEED,DELTA_PREDICATE,-0.0012536048889160156
gen4_native_mamba_phase_f_pair_level_contrasts_v1,generated_fact_227,POST4_SPEED,DELTA_PREDICATE,0.14776265621185303
gen4_native_mamba_phase_f_pair_level_contrasts_v1,generated_fact_228,POST4_SPEED,DELTA_PREDICATE,0.07452571392059326
gen4_native_mamba_phase_f_pair_level_contrasts_v1,generated_fact_229,POST4_SPEED,DELTA_PREDICATE,0.10845601558685303
gen4_native_mamba_phase_f_pair_level_contrasts_v1,generated_fact_230,POST4_SPEED,DELTA_PREDICATE,-0.10926032066345215
gen4_native_mamba_phase_f_pair_level_contrasts_v1,generated_fact_231,POST4_SPEED,DELTA_PREDICATE,-0.04885697364807129
gen4_native_mamba_phase_f_pair_level_contrasts_v1,generated_fact_232,POST4_SPEED,DELTA_PREDICATE,-0.0007343292236328125
gen4_native_mamba_phase_f_pair_level_contrasts_v1,generated_fact_233,POST4_SPEED,DELTA_PREDICATE,0.026658296585083008
gen4_native_mamba_phase_f_pair_level_contrasts_v1,generated_fact_234,POST4_SPEED,DELTA_PREDICATE,0.1005856990814209
gen4_native_mamba_phase_f_pair_level_contrasts_v1,generated_fact_235,POST4_SPEED,DELTA_PREDICATE,0.11487042903900146
gen4_native_mamba_phase_f_pair_level_contrasts_v1,generated_fact_236,POST4_SPEED,DELTA_PREDICATE,0.17985773086547852
gen4_native_mamba_phase_f_pair_level_contrasts_v1,generated_fact_237,POST4_SPEED,DELTA_PREDICATE,-0.08919751644134521
gen4_native_mamba_phase_f_pair_level_contrasts_v1,generated_fact_238,POST4_SPEED,DELTA_PREDICATE,-0.07146322727203369
gen4_native_mamba_phase_f_pair_level_contrasts_v1,generated_fact_239,POST4_SPEED,DELTA_PREDICATE,0.0468219518661499
gen4_native_mamba_phase_f_pair_level_contrasts_v1,generated_fact_240,POST4_SPEED,DELTA_PREDICATE,0.012235879898071289
gen4_native_mamba_phase_f_pair_level_contrasts_v1,generated_fact_241,POST4_SPEED,DELTA_PREDICATE,0.2504924535751343
gen4_native_mamba_phase_f_pair_level_contrasts_v1,generated_fact_242,POST4_SPEED,DELTA_PREDICATE,0.091133713722229
gen4_native_mamba_phase_f_pair_level_contrasts_v1,generated_fact_243,POST4_SPEED,DELTA_PREDICATE,0.07067751884460449
gen4_native_mamba_phase_f_pair_level_contrasts_v1,generated_fact_244,POST4_SPEED,DELTA_PREDICATE,-0.039360880851745605
gen4_native_mamba_phase_f_pair_level_contrasts_v1,generated_fact_245,POST4_SPEED,DELTA_PREDICATE,-0.060637712478637695
gen4_native_mamba_phase_f_pair_level_contrasts_v1,generated_fact_246,POST4_SPEED,DELTA_PREDICATE,0.0655825138092041
gen4_native_mamba_phase_f_pair_level_contrasts_v1,generated_fact_247,POST4_SPEED,DELTA_PREDICATE,0.10686898231506348
gen4_native_mamba_phase_f_pair_level_contrasts_v1,generated_fact_248,POST4_SPEED,DELTA_PREDICATE,0.03441119194030762
gen4_native_mamba_phase_f_pair_level_contrasts_v1,generated_fact_249,POST4_SPEED,DELTA_PREDICATE,0.17811286449432373
gen4_native_mamba_phase_f_pair_level_contrasts_v1,generated_fact_250,POST4_SPEED,DELTA_PREDICATE,-0.0059032440185546875
gen4_native_mamba_phase_f_pair_level_contrasts_v1,generated_fact_251,POST4_SPEED,DELTA_PREDICATE,-0.11624181270599365
gen4_native_mamba_phase_f_pair_level_contrasts_v1,generated_fact_252,POST4_SPEED,DELTA_PREDICATE,-0.05812728404998779
gen4_native_mamba_phase_f_pair_level_contrasts_v1,generated_fact_253,POST4_SPEED,DELTA_PREDICATE,0.04486823081970215
gen4_native_mamba_phase_f_pair_level_contrasts_v1,generated_fact_254,POST4_SPEED,DELTA_PREDICATE,-0.0028878450393676758
gen4_native_mamba_phase_f_pair_level_contrasts_v1,generated_fact_255,POST4_SPEED,DELTA_PREDICATE,0.12432634830474854
gen4_native_mamba_phase_f_pair_level_contrasts_v1,generated_fact_256,POST4_SPEED,DELTA_PREDICATE,0.0531231164932251
gen4_native_mamba_phase_f_pair_level_contrasts_v1,generated_fact_257,POST4_SPEED,DELTA_PREDICATE,0.03383433818817139
gen4_native_mamba_phase_f_pair_level_contrasts_v1,generated_fact_258,POST4_SPEED,DELTA_PREDICATE,-0.09201920032501221
gen4_native_mamba_phase_f_pair_level_contrasts_v1,generated_fact_259,POST4_SPEED,DELTA_PREDICATE,-0.07584071159362793
gen4_native_mamba_phase_f_pair_level_contrasts_v1,generated_fact_260,POST4_SPEED,DELTA_PREDICATE,0.02958548069000244
gen4_native_mamba_phase_f_pair_level_contrasts_v1,generated_fact_261,POST4_SPEED,DELTA_PREDICATE,7.319450378417969e-05
gen4_native_mamba_phase_f_pair_level_contrasts_v1,generated_fact_262,POST4_SPEED,DELTA_PREDICATE,0.022457361221313477
gen4_native_mamba_phase_f_pair_level_contrasts_v1,generated_fact_263,POST4_SPEED,DELTA_PREDICATE,0.024760961532592773
gen4_native_mamba_phase_f_pair_level_contrasts_v1,generated_fact_264,POST4_SPEED,DELTA_PREDICATE,0.07453513145446777
gen4_native_mamba_phase_f_pair_level_contrasts_v1,generated_fact_265,POST4_SPEED,DELTA_PREDICATE,-0.12133967876434326
gen4_native_mamba_phase_f_pair_level_contrasts_v1,generated_fact_266,POST4_SPEED,DELTA_PREDICATE,-0.21335577964782715
gen4_native_mamba_phase_f_pair_level_contrasts_v1,generated_fact_267,POST4_SPEED,DELTA_PREDICATE,-0.01802968978881836
gen4_native_mamba_phase_f_pair_level_contrasts_v1,generated_fact_268,POST4_SPEED,DELTA_PREDICATE,-0.004257917404174805
gen4_native_mamba_phase_f_pair_level_contrasts_v1,generated_fact_269,POST4_SPEED,DELTA_PREDICATE,0.1804945468902588
gen4_native_mamba_phase_f_pair_level_contrasts_v1,generated_fact_270,POST4_SPEED,DELTA_PREDICATE,0.09777021408081055
gen4_native_mamba_phase_f_pair_level_contrasts_v1,generated_fact_271,POST4_SPEED,DELTA_PREDICATE,0.09414017200469971
gen4_native_mamba_phase_f_pair_level_contrasts_v1,generated_fact_272,POST4_SPEED,DELTA_PREDICATE,-0.10815715789794922
gen4_native_mamba_phase_f_pair_level_contrasts_v1,generated_fact_273,POST4_SPEED,DELTA_PREDICATE,-0.05498301982879639
gen4_native_mamba_phase_f_pair_level_contrasts_v1,generated_fact_274,POST4_SPEED,DELTA_PREDICATE,-0.015981197357177734
gen4_native_mamba_phase_f_pair_level_contrasts_v1,generated_fact_275,POST4_SPEED,DELTA_PREDICATE,0.0157393217086792
gen4_native_mamba_phase_f_pair_level_contrasts_v1,generated_fact_276,POST4_SPEED,DELTA_PREDICATE,0.09646713733673096
gen4_native_mamba_phase_f_pair_level_contrasts_v1,generated_fact_277,POST4_SPEED,DELTA_PREDICATE,0.11871397495269775
gen4_native_mamba_phase_f_pair_level_contrasts_v1,generated_fact_278,POST4_SPEED,DELTA_PREDICATE,0.18038344383239746
gen4_native_mamba_phase_f_pair_level_contrasts_v1,generated_fact_279,POST4_SPEED,DELTA_PREDICATE,-0.07848262786865234
gen4_native_mamba_phase_f_pair_level_contrasts_v1,generated_fact_280,POST4_SPEED,DELTA_PREDICATE,-0.06826472282409668
gen4_native_mamba_phase_f_pair_level_contrasts_v1,generated_fact_281,POST4_SPEED,DELTA_PREDICATE,0.005103588104248047
gen4_native_mamba_phase_f_pair_level_contrasts_v1,generated_fact_282,POST4_SPEED,DELTA_PREDICATE,0.007527828216552734
gen4_native_mamba_phase_f_pair_level_contrasts_v1,generated_fact_283,POST4_SPEED,DELTA_PREDICATE,0.25470423698425293
gen4_native_mamba_phase_f_pair_level_contrasts_v1,generated_fact_284,POST4_SPEED,DELTA_PREDICATE,0.10990393161773682
gen4_native_mamba_phase_f_pair_level_contrasts_v1,generated_fact_285,POST4_SPEED,DELTA_PREDICATE,0.05571770668029785
gen4_native_mamba_phase_f_pair_level_contrasts_v1,generated_fact_286,POST4_SPEED,DELTA_PREDICATE,-0.02444934844970703
gen4_native_mamba_phase_f_pair_level_contrasts_v1,generated_fact_287,POST4_SPEED,DELTA_PREDICATE,-0.1039433479309082
gen4_native_mamba_phase_f_pair_level_contrasts_v1,generated_fact_288,POST4_SPEED,DELTA_PREDICATE,0.041567087173461914
gen4_native_mamba_phase_f_pair_level_contrasts_v1,generated_fact_289,POST4_SPEED,DELTA_PREDICATE,0.11213433742523193
gen4_native_mamba_phase_f_pair_level_contrasts_v1,generated_fact_290,POST4_SPEED,DELTA_PREDICATE,0.034716129302978516
gen4_native_mamba_phase_f_pair_level_contrasts_v1,generated_fact_291,POST4_SPEED,DELTA_PREDICATE,0.16609787940979004
gen4_native_mamba_phase_f_pair_level_contrasts_v1,generated_fact_292,POST4_SPEED,DELTA_PREDICATE,-0.02375924587249756
gen4_native_mamba_phase_f_pair_level_contrasts_v1,generated_fact_293,POST4_SPEED,DELTA_PREDICATE,-0.12430965900421143
gen4_native_mamba_phase_f_pair_level_contrasts_v1,generated_fact_294,POST4_SPEED,DELTA_PREDICATE,-0.05079936981201172
gen4_native_mamba_phase_f_pair_level_contrasts_v1,generated_fact_295,POST4_SPEED,DELTA_PREDICATE,0.07263636589050293
gen4_native_mamba_phase_f_pair_level_contrasts_v1,generated_fact_296,POST4_SPEED,DELTA_PREDICATE,0.019444823265075684
gen4_native_mamba_phase_f_pair_level_contrasts_v1,generated_fact_297,POST4_SPEED,DELTA_PREDICATE,0.10383176803588867
gen4_native_mamba_phase_f_pair_level_contrasts_v1,generated_fact_298,POST4_SPEED,DELTA_PREDICATE,0.05271792411804199
gen4_native_mamba_phase_f_pair_level_contrasts_v1,generated_fact_299,POST4_SPEED,DELTA_PREDICATE,0.015947461128234863
gen4_native_mamba_phase_f_pair_level_contrasts_v1,generated_fact_300,POST4_SPEED,DELTA_PREDICATE,-0.09533250331878662
gen4_native_mamba_phase_f_pair_level_contrasts_v1,glacier_study,POST4_SPEED,DELTA_PREDICATE,-0.04702413082122803
gen4_native_mamba_phase_f_pair_level_contrasts_v1,harbor_upgrade,POST4_SPEED,DELTA_PREDICATE,0.029345273971557617
gen4_native_mamba_phase_f_pair_level_contrasts_v1,jazz_archive,POST4_SPEED,DELTA_PREDICATE,-0.11049199104309082
gen4_native_mamba_phase_f_pair_level_contrasts_v1,language_program,POST4_SPEED,DELTA_PREDICATE,0.0888744592666626
gen4_native_mamba_phase_f_pair_level_contrasts_v1,library_digitization,POST4_SPEED,DELTA_PREDICATE,0.1981445550918579
gen4_native_mamba_phase_f_pair_level_contrasts_v1,market_renovation,POST4_SPEED,DELTA_PREDICATE,0.2622365951538086
gen4_native_mamba_phase_f_pair_level_contrasts_v1,museum_purchase,POST4_SPEED,DELTA_PREDICATE,-0.043599605560302734
gen4_native_mamba_phase_f_pair_level_contrasts_v1,opera_premiere,POST4_SPEED,DELTA_PREDICATE,-0.27866172790527344
gen4_native_mamba_phase_f_pair_level_contrasts_v1,orion_approval,POST4_SPEED,DELTA_PREDICATE,0.2113245725631714
gen4_native_mamba_phase_f_pair_level_contrasts_v1,poetry_prize,POST4_SPEED,DELTA_PREDICATE,0.1444871425628662
gen4_native_mamba_phase_f_pair_level_contrasts_v1,railway_restoration,POST4_SPEED,DELTA_PREDICATE,-0.0668267011642456
gen4_native_mamba_phase_f_pair_level_contrasts_v1,reef_protection,POST4_SPEED,DELTA_PREDICATE,0.18960905075073242
gen4_native_mamba_phase_f_pair_level_contrasts_v1,robotics_championship,POST4_SPEED,DELTA_PREDICATE,0.02534782886505127
gen4_native_mamba_phase_f_pair_level_contrasts_v1,satellite_launch,POST4_SPEED,DELTA_PREDICATE,0.158888578414917
gen4_native_mamba_phase_f_pair_level_contrasts_v1,school_opening,POST4_SPEED,DELTA_PREDICATE,-0.0075283050537109375
gen4_native_mamba_phase_f_pair_level_contrasts_v1,solar_farm_contract,POST4_SPEED,DELTA_PREDICATE,0.22932374477386475
gen4_native_mamba_phase_f_pair_level_contrasts_v1,theater_restoration,POST4_SPEED,DELTA_PREDICATE,0.03822183609008789
gen4_native_mamba_phase_f_pair_level_contrasts_v1,treaty_signature,POST4_SPEED,DELTA_PREDICATE,0.20160984992980957
gen4_native_mamba_phase_f_pair_level_contrasts_v1,vaccine_delivery,POST4_SPEED,DELTA_PREDICATE,0.19347095489501953
gen4_native_mamba_phase_f_pair_level_contrasts_v1,volcano_observatory,POST4_SPEED,DELTA_PREDICATE,-0.06725132465362549
gen4_native_mamba_phase_f_pair_level_contrasts_v1,wetland_restoration,POST4_SPEED,DELTA_PREDICATE,0.1925954818725586
gen4_native_mamba_phase_f_pair_level_contrasts_v1,archive_release,POST4_SPEED,INTERACTION_TITLE_NAME,0.06638288497924805
gen4_native_mamba_phase_f_pair_level_contrasts_v1,bridge_opening,POST4_SPEED,INTERACTION_TITLE_NAME,0.05580735206604004
gen4_native_mamba_phase_f_pair_level_contrasts_v1,canal_reopening,POST4_SPEED,INTERACTION_TITLE_NAME,-0.004506230354309082
gen4_native_mamba_phase_f_pair_level_contrasts_v1,clinic_expansion,POST4_SPEED,INTERACTION_TITLE_NAME,-0.0018229484558105469
gen4_native_mamba_phase_f_pair_level_contrasts_v1,dam_inspection,POST4_SPEED,INTERACTION_TITLE_NAME,0.03300607204437256
gen4_native_mamba_phase_f_pair_level_contrasts_v1,ferry_launch,POST4_SPEED,INTERACTION_TITLE_NAME,-0.01669323444366455
gen4_native_mamba_phase_f_pair_level_contrasts_v1,festival_selection,POST4_SPEED,INTERACTION_TITLE_NAME,0.004002928733825684
gen4_native_mamba_phase_f_pair_level_contrasts_v1,forest_mapping,POST4_SPEED,INTERACTION_TITLE_NAME,-0.045645833015441895
gen4_native_mamba_phase_f_pair_level_contrasts_v1,garden_award,POST4_SPEED,INTERACTION_TITLE_NAME,0.08360302448272705
gen4_native_mamba_phase_f_pair_level_contrasts_v1,generated_fact_031,POST4_SPEED,INTERACTION_TITLE_NAME,0.043620944023132324
gen4_native_mamba_phase_f_pair_level_contrasts_v1,generated_fact_032,POST4_SPEED,INTERACTION_TITLE_NAME,0.04494202136993408
gen4_native_mamba_phase_f_pair_level_contrasts_v1,generated_fact_033,POST4_SPEED,INTERACTION_TITLE_NAME,-0.005390524864196777
gen4_native_mamba_phase_f_pair_level_contrasts_v1,generated_fact_034,POST4_SPEED,INTERACTION_TITLE_NAME,-0.0016219615936279297
gen4_native_mamba_phase_f_pair_level_contrasts_v1,generated_fact_035,POST4_SPEED,INTERACTION_TITLE_NAME,-0.08021438121795654
gen4_native_mamba_phase_f_pair_level_contrasts_v1,generated_fact_036,POST4_SPEED,INTERACTION_TITLE_NAME,-0.05175292491912842
gen4_native_mamba_phase_f_pair_level_contrasts_v1,generated_fact_037,POST4_SPEED,INTERACTION_TITLE_NAME,0.022127747535705566
gen4_native_mamba_phase_f_pair_level_contrasts_v1,generated_fact_038,POST4_SPEED,INTERACTION_TITLE_NAME,-0.14580786228179932
gen4_native_mamba_phase_f_pair_level_contrasts_v1,generated_fact_039,POST4_SPEED,INTERACTION_TITLE_NAME,-0.013708710670471191
gen4_native_mamba_phase_f_pair_level_contrasts_v1,generated_fact_040,POST4_SPEED,INTERACTION_TITLE_NAME,0.07996845245361328
gen4_native_mamba_phase_f_pair_level_contrasts_v1,generated_fact_041,POST4_SPEED,INTERACTION_TITLE_NAME,0.03154325485229492
gen4_native_mamba_phase_f_pair_level_contrasts_v1,generated_fact_042,POST4_SPEED,INTERACTION_TITLE_NAME,-0.005935549736022949
gen4_native_mamba_phase_f_pair_level_contrasts_v1,generated_fact_043,POST4_SPEED,INTERACTION_TITLE_NAME,0.03868746757507324
gen4_native_mamba_phase_f_pair_level_contrasts_v1,generated_fact_044,POST4_SPEED,INTERACTION_TITLE_NAME,0.04436337947845459
gen4_native_mamba_phase_f_pair_level_contrasts_v1,generated_fact_045,POST4_SPEED,INTERACTION_TITLE_NAME,-0.004657864570617676
gen4_native_mamba_phase_f_pair_level_contrasts_v1,generated_fact_046,POST4_SPEED,INTERACTION_TITLE_NAME,0.00041472911834716797
gen4_native_mamba_phase_f_pair_level_contrasts_v1,generated_fact_047,POST4_SPEED,INTERACTION_TITLE_NAME,-0.07999718189239502
gen4_native_mamba_phase_f_pair_level_contrasts_v1,generated_fact_048,POST4_SPEED,INTERACTION_TITLE_NAME,-0.0504910945892334
gen4_native_mamba_phase_f_pair_level_contrasts_v1,generated_fact_049,POST4_SPEED,INTERACTION_TITLE_NAME,0.022206902503967285
gen4_native_mamba_phase_f_pair_level_contrasts_v1,generated_fact_050,POST4_SPEED,INTERACTION_TITLE_NAME,-0.1441195011138916
gen4_native_mamba_phase_f_pair_level_contrasts_v1,generated_fact_051,POST4_SPEED,INTERACTION_TITLE_NAME,-0.016714096069335938
gen4_native_mamba_phase_f_pair_level_contrasts_v1,generated_fact_052,POST4_SPEED,INTERACTION_TITLE_NAME,0.07802891731262207
gen4_native_mamba_phase_f_pair_level_contrasts_v1,generated_fact_053,POST4_SPEED,INTERACTION_TITLE_NAME,0.031941890716552734
gen4_native_mamba_phase_f_pair_level_contrasts_v1,generated_fact_054,POST4_SPEED,INTERACTION_TITLE_NAME,-0.00473332405090332
gen4_native_mamba_phase_f_pair_level_contrasts_v1,generated_fact_055,POST4_SPEED,INTERACTION_TITLE_NAME,0.04336810111999512
gen4_native_mamba_phase_f_pair_level_contrasts_v1,generated_fact_056,POST4_SPEED,INTERACTION_TITLE_NAME,0.044724345207214355
gen4_native_mamba_phase_f_pair_level_contrasts_v1,generated_fact_057,POST4_SPEED,INTERACTION_TITLE_NAME,-0.0051877498626708984
gen4_native_mamba_phase_f_pair_level_contrasts_v1,generated_fact_058,POST4_SPEED,INTERACTION_TITLE_NAME,-0.0025457143783569336
gen4_native_mamba_phase_f_pair_level_contrasts_v1,generated_fact_059,POST4_SPEED,INTERACTION_TITLE_NAME,-0.07860302925109863
gen4_native_mamba_phase_f_pair_level_contrasts_v1,generated_fact_060,POST4_SPEED,INTERACTION_TITLE_NAME,-0.05271923542022705
gen4_native_mamba_phase_f_pair_level_contrasts_v1,generated_fact_061,POST4_SPEED,INTERACTION_TITLE_NAME,0.023479938507080078
gen4_native_mamba_phase_f_pair_level_contrasts_v1,generated_fact_062,POST4_SPEED,INTERACTION_TITLE_NAME,-0.1435832977294922
gen4_native_mamba_phase_f_pair_level_contrasts_v1,generated_fact_063,POST4_SPEED,INTERACTION_TITLE_NAME,-0.0131608247756958
gen4_native_mamba_phase_f_pair_level_contrasts_v1,generated_fact_064,POST4_SPEED,INTERACTION_TITLE_NAME,0.08044755458831787
gen4_native_mamba_phase_f_pair_level_contrasts_v1,generated_fact_065,POST4_SPEED,INTERACTION_TITLE_NAME,0.03146803379058838
gen4_native_mamba_phase_f_pair_level_contrasts_v1,generated_fact_066,POST4_SPEED,INTERACTION_TITLE_NAME,-0.0047605037689208984
gen4_native_mamba_phase_f_pair_level_contrasts_v1,generated_fact_067,POST4_SPEED,INTERACTION_TITLE_NAME,0.039128780364990234
gen4_native_mamba_phase_f_pair_level_contrasts_v1,generated_fact_068,POST4_SPEED,INTERACTION_TITLE_NAME,0.04501235485076904
gen4_native_mamba_phase_f_pair_level_contrasts_v1,generated_fact_069,POST4_SPEED,INTERACTION_TITLE_NAME,-0.006706714630126953
gen4_native_mamba_phase_f_pair_level_contrasts_v1,generated_fact_070,POST4_SPEED,INTERACTION_TITLE_NAME,0.00249481201171875
gen4_native_mamba_phase_f_pair_level_contrasts_v1,generated_fact_071,POST4_SPEED,INTERACTION_TITLE_NAME,-0.07993245124816895
gen4_native_mamba_phase_f_pair_level_contrasts_v1,generated_fact_072,POST4_SPEED,INTERACTION_TITLE_NAME,-0.050158143043518066
gen4_native_mamba_phase_f_pair_level_contrasts_v1,generated_fact_073,POST4_SPEED,INTERACTION_TITLE_NAME,0.022226810455322266
gen4_native_mamba_phase_f_pair_level_contrasts_v1,generated_fact_074,POST4_SPEED,INTERACTION_TITLE_NAME,-0.14351916313171387
gen4_native_mamba_phase_f_pair_level_contrasts_v1,generated_fact_075,POST4_SPEED,INTERACTION_TITLE_NAME,-0.013581037521362305
gen4_native_mamba_phase_f_pair_level_contrasts_v1,generated_fact_076,POST4_SPEED,INTERACTION_TITLE_NAME,0.07768726348876953
gen4_native_mamba_phase_f_pair_level_contrasts_v1,generated_fact_077,POST4_SPEED,INTERACTION_TITLE_NAME,0.03284180164337158
gen4_native_mamba_phase_f_pair_level_contrasts_v1,generated_fact_078,POST4_SPEED,INTERACTION_TITLE_NAME,-0.005438566207885742
gen4_native_mamba_phase_f_pair_level_contrasts_v1,generated_fact_079,POST4_SPEED,INTERACTION_TITLE_NAME,0.04217565059661865
gen4_native_mamba_phase_f_pair_level_contrasts_v1,generated_fact_080,POST4_SPEED,INTERACTION_TITLE_NAME,0.04503905773162842
gen4_native_mamba_phase_f_pair_level_contrasts_v1,generated_fact_081,POST4_SPEED,INTERACTION_TITLE_NAME,-0.006854057312011719
gen4_native_mamba_phase_f_pair_level_contrasts_v1,generated_fact_082,POST4_SPEED,INTERACTION_TITLE_NAME,-0.0009807348251342773
gen4_native_mamba_phase_f_pair_level_contrasts_v1,generated_fact_083,POST4_SPEED,INTERACTION_TITLE_NAME,-0.07973933219909668
gen4_native_mamba_phase_f_pair_level_contrasts_v1,generated_fact_084,POST4_SPEED,INTERACTION_TITLE_NAME,-0.05157339572906494
gen4_native_mamba_phase_f_pair_level_contrasts_v1,generated_fact_085,POST4_SPEED,INTERACTION_TITLE_NAME,0.022725701332092285
gen4_native_mamba_phase_f_pair_level_contrasts_v1,generated_fact_086,POST4_SPEED,INTERACTION_TITLE_NAME,-0.14206111431121826
gen4_native_mamba_phase_f_pair_level_contrasts_v1,generated_fact_087,POST4_SPEED,INTERACTION_TITLE_NAME,-0.011371970176696777
gen4_native_mamba_phase_f_pair_level_contrasts_v1,generated_fact_088,POST4_SPEED,INTERACTION_TITLE_NAME,0.08016359806060791
gen4_native_mamba_phase_f_pair_level_contrasts_v1,generated_fact_089,POST4_SPEED,INTERACTION_TITLE_NAME,0.03268265724182129
gen4_native_mamba_phase_f_pair_level_contrasts_v1,generated_fact_090,POST4_SPEED,INTERACTION_TITLE_NAME,-0.00374758243560791
gen4_native_mamba_phase_f_pair_level_contrasts_v1,generated_fact_091,POST4_SPEED,INTERACTION_TITLE_NAME,0.03877091407775879
gen4_native_mamba_phase_f_pair_level_contrasts_v1,generated_fact_092,POST4_SPEED,INTERACTION_TITLE_NAME,0.04533672332763672
gen4_native_mamba_phase_f_pair_level_contrasts_v1,generated_fact_093,POST4_SPEED,INTERACTION_TITLE_NAME,-0.00776219367980957
gen4_native_mamba_phase_f_pair_level_contrasts_v1,generated_fact_094,POST4_SPEED,INTERACTION_TITLE_NAME,0.0007672309875488281
gen4_native_mamba_phase_f_pair_level_contrasts_v1,generated_fact_095,POST4_SPEED,INTERACTION_TITLE_NAME,-0.08058297634124756
gen4_native_mamba_phase_f_pair_level_contrasts_v1,generated_fact_096,POST4_SPEED,INTERACTION_TITLE_NAME,-0.05124962329864502
gen4_native_mamba_phase_f_pair_level_contrasts_v1,generated_fact_097,POST4_SPEED,INTERACTION_TITLE_NAME,0.022247672080993652
gen4_native_mamba_phase_f_pair_level_contrasts_v1,generated_fact_098,POST4_SPEED,INTERACTION_TITLE_NAME,-0.14214205741882324
gen4_native_mamba_phase_f_pair_level_contrasts_v1,generated_fact_099,POST4_SPEED,INTERACTION_TITLE_NAME,-0.014407753944396973
gen4_native_mamba_phase_f_pair_level_contrasts_v1,generated_fact_100,POST4_SPEED,INTERACTION_TITLE_NAME,0.08023214340209961
gen4_native_mamba_phase_f_pair_level_contrasts_v1,generated_fact_101,POST4_SPEED,INTERACTION_TITLE_NAME,0.03151869773864746
gen4_native_mamba_phase_f_pair_level_contrasts_v1,generated_fact_102,POST4_SPEED,INTERACTION_TITLE_NAME,-0.004460930824279785
gen4_native_mamba_phase_f_pair_level_contrasts_v1,generated_fact_103,POST4_SPEED,INTERACTION_TITLE_NAME,0.04214513301849365
gen4_native_mamba_phase_f_pair_level_contrasts_v1,generated_fact_104,POST4_SPEED,INTERACTION_TITLE_NAME,0.045887112617492676
gen4_native_mamba_phase_f_pair_level_contrasts_v1,generated_fact_105,POST4_SPEED,INTERACTION_TITLE_NAME,-0.004880428314208984
gen4_native_mamba_phase_f_pair_level_contrasts_v1,generated_fact_106,POST4_SPEED,INTERACTION_TITLE_NAME,0.0001399517059326172
gen4_native_mamba_phase_f_pair_level_contrasts_v1,generated_fact_107,POST4_SPEED,INTERACTION_TITLE_NAME,-0.08035564422607422
gen4_native_mamba_phase_f_pair_level_contrasts_v1,generated_fact_108,POST4_SPEED,INTERACTION_TITLE_NAME,-0.04933810234069824
gen4_native_mamba_phase_f_pair_level_contrasts_v1,generated_fact_109,POST4_SPEED,INTERACTION_TITLE_NAME,0.022191643714904785
gen4_native_mamba_phase_f_pair_level_contrasts_v1,generated_fact_110,POST4_SPEED,INTERACTION_TITLE_NAME,-0.14374864101409912
gen4_native_mamba_phase_f_pair_level_contrasts_v1,generated_fact_111,POST4_SPEED,INTERACTION_TITLE_NAME,-0.0124131441116333
gen4_native_mamba_phase_f_pair_level_contrasts_v1,generated_fact_112,POST4_SPEED,INTERACTION_TITLE_NAME,0.08164453506469727
gen4_native_mamba_phase_f_pair_level_contrasts_v1,generated_fact_113,POST4_SPEED,INTERACTION_TITLE_NAME,0.03245818614959717
gen4_native_mamba_phase_f_pair_level_contrasts_v1,generated_fact_114,POST4_SPEED,INTERACTION_TITLE_NAME,-0.004561424255371094
gen4_native_mamba_phase_f_pair_level_contrasts_v1,generated_fact_115,POST4_SPEED,INTERACTION_TITLE_NAME,0.040665507316589355
gen4_native_mamba_phase_f_pair_level_contrasts_v1,generated_fact_116,POST4_SPEED,INTERACTION_TITLE_NAME,0.045641541481018066
gen4_native_mamba_phase_f_pair_level_contrasts_v1,generated_fact_117,POST4_SPEED,INTERACTION_TITLE_NAME,-0.006028294563293457
gen4_native_mamba_phase_f_pair_level_contrasts_v1,generated_fact_118,POST4_SPEED,INTERACTION_TITLE_NAME,-0.0004621744155883789
gen4_native_mamba_phase_f_pair_level_contrasts_v1,generated_fact_119,POST4_SPEED,INTERACTION_TITLE_NAME,-0.08010339736938477
gen4_native_mamba_phase_f_pair_level_contrasts_v1,generated_fact_120,POST4_SPEED,INTERACTION_TITLE_NAME,-0.05068612098693848
gen4_native_mamba_phase_f_pair_level_contrasts_v1,generated_fact_121,POST4_SPEED,INTERACTION_TITLE_NAME,0.02153146266937256
gen4_native_mamba_phase_f_pair_level_contrasts_v1,generated_fact_122,POST4_SPEED,INTERACTION_TITLE_NAME,-0.1456979513168335
gen4_native_mamba_phase_f_pair_level_contrasts_v1,generated_fact_123,POST4_SPEED,INTERACTION_TITLE_NAME,-0.014656662940979004
gen4_native_mamba_phase_f_pair_level_contrasts_v1,generated_fact_124,POST4_SPEED,INTERACTION_TITLE_NAME,0.07938563823699951
gen4_native_mamba_phase_f_pair_level_contrasts_v1,generated_fact_125,POST4_SPEED,INTERACTION_TITLE_NAME,0.031163334846496582
gen4_native_mamba_phase_f_pair_level_contrasts_v1,generated_fact_126,POST4_SPEED,INTERACTION_TITLE_NAME,-0.004127860069274902
gen4_native_mamba_phase_f_pair_level_contrasts_v1,generated_fact_127,POST4_SPEED,INTERACTION_TITLE_NAME,0.041150569915771484
gen4_native_mamba_phase_f_pair_level_contrasts_v1,generated_fact_128,POST4_SPEED,INTERACTION_TITLE_NAME,0.043860673904418945
gen4_native_mamba_phase_f_pair_level_contrasts_v1,generated_fact_129,POST4_SPEED,INTERACTION_TITLE_NAME,-0.0030727386474609375
gen4_native_mamba_phase_f_pair_level_contrasts_v1,generated_fact_130,POST4_SPEED,INTERACTION_TITLE_NAME,-0.0009810924530029297
gen4_native_mamba_phase_f_pair_level_contrasts_v1,generated_fact_131,POST4_SPEED,INTERACTION_TITLE_NAME,-0.07964575290679932
gen4_native_mamba_phase_f_pair_level_contrasts_v1,generated_fact_132,POST4_SPEED,INTERACTION_TITLE_NAME,-0.04983198642730713
gen4_native_mamba_phase_f_pair_level_contrasts_v1,generated_fact_133,POST4_SPEED,INTERACTION_TITLE_NAME,0.02301323413848877
gen4_native_mamba_phase_f_pair_level_contrasts_v1,generated_fact_134,POST4_SPEED,INTERACTION_TITLE_NAME,-0.14400005340576172
gen4_native_mamba_phase_f_pair_level_contrasts_v1,generated_fact_135,POST4_SPEED,INTERACTION_TITLE_NAME,-0.015659689903259277
gen4_native_mamba_phase_f_pair_level_contrasts_v1,generated_fact_136,POST4_SPEED,INTERACTION_TITLE_NAME,0.07749330997467041
gen4_native_mamba_phase_f_pair_level_contrasts_v1,generated_fact_137,POST4_SPEED,INTERACTION_TITLE_NAME,0.031502366065979004
gen4_native_mamba_phase_f_pair_level_contrasts_v1,generated_fact_138,POST4_SPEED,INTERACTION_TITLE_NAME,-0.005868434906005859
gen4_native_mamba_phase_f_pair_level_contrasts_v1,generated_fact_139,POST4_SPEED,INTERACTION_TITLE_NAME,0.03993642330169678
gen4_native_mamba_phase_f_pair_level_contrasts_v1,generated_fact_140,POST4_SPEED,INTERACTION_TITLE_NAME,0.04445993900299072
gen4_native_mamba_phase_f_pair_level_contrasts_v1,generated_fact_141,POST4_SPEED,INTERACTION_TITLE_NAME,-0.006709933280944824
gen4_native_mamba_phase_f_pair_level_contrasts_v1,generated_fact_142,POST4_SPEED,INTERACTION_TITLE_NAME,-0.0009531974792480469
gen4_native_mamba_phase_f_pair_level_contrasts_v1,generated_fact_143,POST4_SPEED,INTERACTION_TITLE_NAME,-0.07865846157073975
gen4_native_mamba_phase_f_pair_level_contrasts_v1,generated_fact_144,POST4_SPEED,INTERACTION_TITLE_NAME,-0.05188596248626709
gen4_native_mamba_phase_f_pair_level_contrasts_v1,generated_fact_145,POST4_SPEED,INTERACTION_TITLE_NAME,0.02286529541015625
gen4_native_mamba_phase_f_pair_level_contrasts_v1,generated_fact_146,POST4_SPEED,INTERACTION_TITLE_NAME,-0.14410746097564697
gen4_native_mamba_phase_f_pair_level_contrasts_v1,generated_fact_147,POST4_SPEED,INTERACTION_TITLE_NAME,-0.01425778865814209
gen4_native_mamba_phase_f_pair_level_contrasts_v1,generated_fact_148,POST4_SPEED,INTERACTION_TITLE_NAME,0.07861626148223877
gen4_native_mamba_phase_f_pair_level_contrasts_v1,generated_fact_149,POST4_SPEED,INTERACTION_TITLE_NAME,0.03190302848815918
gen4_native_mamba_phase_f_pair_level_contrasts_v1,generated_fact_150,POST4_SPEED,INTERACTION_TITLE_NAME,-0.0034025907516479492
gen4_native_mamba_phase_f_pair_level_contrasts_v1,generated_fact_151,POST4_SPEED,INTERACTION_TITLE_NAME,0.0415797233581543
gen4_native_mamba_phase_f_pair_level_contrasts_v1,generated_fact_152,POST4_SPEED,INTERACTION_TITLE_NAME,0.04438459873199463
gen4_native_mamba_phase_f_pair_level_contrasts_v1,generated_fact_153,POST4_SPEED,INTERACTION_TITLE_NAME,-0.004922628402709961
gen4_native_mamba_phase_f_pair_level_contrasts_v1,generated_fact_154,POST4_SPEED,INTERACTION_TITLE_NAME,-9.751319885253906e-05
gen4_native_mamba_phase_f_pair_level_contrasts_v1,generated_fact_155,POST4_SPEED,INTERACTION_TITLE_NAME,-0.0794379711151123
gen4_native_mamba_phase_f_pair_level_contrasts_v1,generated_fact_156,POST4_SPEED,INTERACTION_TITLE_NAME,-0.05012476444244385
gen4_native_mamba_phase_f_pair_level_contrasts_v1,generated_fact_157,POST4_SPEED,INTERACTION_TITLE_NAME,0.023713111877441406
gen4_native_mamba_phase_f_pair_level_contrasts_v1,generated_fact_158,POST4_SPEED,INTERACTION_TITLE_NAME,-0.1439051628112793
gen4_native_mamba_phase_f_pair_level_contrasts_v1,generated_fact_159,POST4_SPEED,INTERACTION_TITLE_NAME,-0.014121294021606445
gen4_native_mamba_phase_f_pair_level_contrasts_v1,generated_fact_160,POST4_SPEED,INTERACTION_TITLE_NAME,0.07843351364135742
gen4_native_mamba_phase_f_pair_level_contrasts_v1,generated_fact_161,POST4_SPEED,INTERACTION_TITLE_NAME,0.032991647720336914
gen4_native_mamba_phase_f_pair_level_contrasts_v1,generated_fact_162,POST4_SPEED,INTERACTION_TITLE_NAME,-0.006753683090209961
gen4_native_mamba_phase_f_pair_level_contrasts_v1,generated_fact_163,POST4_SPEED,INTERACTION_TITLE_NAME,0.03886568546295166
gen4_native_mamba_phase_f_pair_level_contrasts_v1,generated_fact_164,POST4_SPEED,INTERACTION_TITLE_NAME,0.045792579650878906
gen4_native_mamba_phase_f_pair_level_contrasts_v1,generated_fact_165,POST4_SPEED,INTERACTION_TITLE_NAME,-0.007726073265075684
gen4_native_mamba_phase_f_pair_level_contrasts_v1,generated_fact_166,POST4_SPEED,INTERACTION_TITLE_NAME,-0.00014340877532958984
gen4_native_mamba_phase_f_pair_level_contrasts_v1,generated_fact_167,POST4_SPEED,INTERACTION_TITLE_NAME,-0.08013296127319336
gen4_native_mamba_phase_f_pair_level_contrasts_v1,generated_fact_168,POST4_SPEED,INTERACTION_TITLE_NAME,-0.05029094219207764
gen4_native_mamba_phase_f_pair_level_contrasts_v1,generated_fact_169,POST4_SPEED,INTERACTION_TITLE_NAME,0.022900819778442383
gen4_native_mamba_phase_f_pair_level_contrasts_v1,generated_fact_170,POST4_SPEED,INTERACTION_TITLE_NAME,-0.14332962036132812
gen4_native_mamba_phase_f_pair_level_contrasts_v1,generated_fact_171,POST4_SPEED,INTERACTION_TITLE_NAME,-0.012329816818237305
gen4_native_mamba_phase_f_pair_level_contrasts_v1,generated_fact_172,POST4_SPEED,INTERACTION_TITLE_NAME,0.08051025867462158
gen4_native_mamba_phase_f_pair_level_contrasts_v1,generated_fact_173,POST4_SPEED,INTERACTION_TITLE_NAME,0.03235340118408203
gen4_native_mamba_phase_f_pair_level_contrasts_v1,generated_fact_174,POST4_SPEED,INTERACTION_TITLE_NAME,-0.0033522844314575195
gen4_native_mamba_phase_f_pair_level_contrasts_v1,generated_fact_175,POST4_SPEED,INTERACTION_TITLE_NAME,0.041623711585998535
gen4_native_mamba_phase_f_pair_level_contrasts_v1,generated_fact_176,POST4_SPEED,INTERACTION_TITLE_NAME,0.045525312423706055
gen4_native_mamba_phase_f_pair_level_contrasts_v1,generated_fact_177,POST4_SPEED,INTERACTION_TITLE_NAME,-0.006154298782348633
gen4_native_mamba_phase_f_pair_level_contrasts_v1,generated_fact_178,POST4_SPEED,INTERACTION_TITLE_NAME,-0.0008444786071777344
gen4_native_mamba_phase_f_pair_level_contrasts_v1,generated_fact_179,POST4_SPEED,INTERACTION_TITLE_NAME,-0.07900488376617432
gen4_native_mamba_phase_f_pair_level_contrasts_v1,generated_fact_180,POST4_SPEED,INTERACTION_TITLE_NAME,-0.051406264305114746
gen4_native_mamba_phase_f_pair_level_contrasts_v1,generated_fact_181,POST4_SPEED,INTERACTION_TITLE_NAME,0.023110389709472656
gen4_native_mamba_phase_f_pair_level_contrasts_v1,generated_fact_182,POST4_SPEED,INTERACTION_TITLE_NAME,-0.14282715320587158
gen4_native_mamba_phase_f_pair_level_contrasts_v1,generated_fact_183,POST4_SPEED,INTERACTION_TITLE_NAME,-0.013715863227844238
gen4_native_mamba_phase_f_pair_level_contrasts_v1,generated_fact_184,POST4_SPEED,INTERACTION_TITLE_NAME,0.08091509342193604
gen4_native_mamba_phase_f_pair_level_contrasts_v1,generated_fact_185,POST4_SPEED,INTERACTION_TITLE_NAME,0.031227469444274902
gen4_native_mamba_phase_f_pair_level_contrasts_v1,generated_fact_186,POST4_SPEED,INTERACTION_TITLE_NAME,-0.005199313163757324
gen4_native_mamba_phase_f_pair_level_contrasts_v1,generated_fact_187,POST4_SPEED,INTERACTION_TITLE_NAME,0.03960621356964111
gen4_native_mamba_phase_f_pair_level_contrasts_v1,generated_fact_188,POST4_SPEED,INTERACTION_TITLE_NAME,0.04614245891571045
gen4_native_mamba_phase_f_pair_level_contrasts_v1,generated_fact_189,POST4_SPEED,INTERACTION_TITLE_NAME,-0.006767392158508301
gen4_native_mamba_phase_f_pair_level_contrasts_v1,generated_fact_190,POST4_SPEED,INTERACTION_TITLE_NAME,0.0007730722427368164
gen4_native_mamba_phase_f_pair_level_contrasts_v1,generated_fact_191,POST4_SPEED,INTERACTION_TITLE_NAME,-0.08063554763793945
gen4_native_mamba_phase_f_pair_level_contrasts_v1,generated_fact_192,POST4_SPEED,INTERACTION_TITLE_NAME,-0.04891049861907959
gen4_native_mamba_phase_f_pair_level_contrasts_v1,generated_fact_193,POST4_SPEED,INTERACTION_TITLE_NAME,0.021901369094848633
gen4_native_mamba_phase_f_pair_level_contrasts_v1,generated_fact_194,POST4_SPEED,INTERACTION_TITLE_NAME,-0.1449744701385498
gen4_native_mamba_phase_f_pair_level_contrasts_v1,generated_fact_195,POST4_SPEED,INTERACTION_TITLE_NAME,-0.013050675392150879
gen4_native_mamba_phase_f_pair_level_contrasts_v1,generated_fact_196,POST4_SPEED,INTERACTION_TITLE_NAME,0.08067655563354492
gen4_native_mamba_phase_f_pair_level_contrasts_v1,generated_fact_197,POST4_SPEED,INTERACTION_TITLE_NAME,0.03241848945617676
gen4_native_mamba_phase_f_pair_level_contrasts_v1,generated_fact_198,POST4_SPEED,INTERACTION_TITLE_NAME,-0.0029755830764770508
gen4_native_mamba_phase_f_pair_level_contrasts_v1,generated_fact_199,POST4_SPEED,INTERACTION_TITLE_NAME,0.04369330406188965
gen4_native_mamba_phase_f_pair_level_contrasts_v1,generated_fact_200,POST4_SPEED,INTERACTION_TITLE_NAME,0.044822096824645996
gen4_native_mamba_phase_f_pair_level_contrasts_v1,generated_fact_201,POST4_SPEED,INTERACTION_TITLE_NAME,-0.005529284477233887
gen4_native_mamba_phase_f_pair_level_contrasts_v1,generated_fact_202,POST4_SPEED,INTERACTION_TITLE_NAME,-0.001162409782409668
gen4_native_mamba_phase_f_pair_level_contrasts_v1,generated_fact_203,POST4_SPEED,INTERACTION_TITLE_NAME,-0.07977151870727539
gen4_native_mamba_phase_f_pair_level_contrasts_v1,generated_fact_204,POST4_SPEED,INTERACTION_TITLE_NAME,-0.051551222801208496
gen4_native_mamba_phase_f_pair_level_contrasts_v1,generated_fact_205,POST4_SPEED,INTERACTION_TITLE_NAME,0.021918058395385742
gen4_native_mamba_phase_f_pair_level_contrasts_v1,generated_fact_206,POST4_SPEED,INTERACTION_TITLE_NAME,-0.146476149559021
gen4_native_mamba_phase_f_pair_level_contrasts_v1,generated_fact_207,POST4_SPEED,INTERACTION_TITLE_NAME,-0.013805508613586426
gen4_native_mamba_phase_f_pair_level_contrasts_v1,generated_fact_208,POST4_SPEED,INTERACTION_TITLE_NAME,0.08012521266937256
gen4_native_mamba_phase_f_pair_level_contrasts_v1,generated_fact_209,POST4_SPEED,INTERACTION_TITLE_NAME,0.03142070770263672
gen4_native_mamba_phase_f_pair_level_contrasts_v1,generated_fact_210,POST4_SPEED,INTERACTION_TITLE_NAME,-0.005540609359741211
gen4_native_mamba_phase_f_pair_level_contrasts_v1,generated_fact_211,POST4_SPEED,INTERACTION_TITLE_NAME,0.03847384452819824
gen4_native_mamba_phase_f_pair_level_contrasts_v1,generated_fact_212,POST4_SPEED,INTERACTION_TITLE_NAME,0.04409360885620117
gen4_native_mamba_phase_f_pair_level_contrasts_v1,generated_fact_213,POST4_SPEED,INTERACTION_TITLE_NAME,-0.005776882171630859
gen4_native_mamba_phase_f_pair_level_contrasts_v1,generated_fact_214,POST4_SPEED,INTERACTION_TITLE_NAME,0.00023114681243896484
gen4_native_mamba_phase_f_pair_level_contrasts_v1,generated_fact_215,POST4_SPEED,INTERACTION_TITLE_NAME,-0.08014607429504395
gen4_native_mamba_phase_f_pair_level_contrasts_v1,generated_fact_216,POST4_SPEED,INTERACTION_TITLE_NAME,-0.050298213958740234
gen4_native_mamba_phase_f_pair_level_contrasts_v1,generated_fact_217,POST4_SPEED,INTERACTION_TITLE_NAME,0.02275228500366211
gen4_native_mamba_phase_f_pair_level_contrasts_v1,generated_fact_218,POST4_SPEED,INTERACTION_TITLE_NAME,-0.14450359344482422
gen4_native_mamba_phase_f_pair_level_contrasts_v1,generated_fact_219,POST4_SPEED,INTERACTION_TITLE_NAME,-0.01699519157409668
gen4_native_mamba_phase_f_pair_level_contrasts_v1,generated_fact_220,POST4_SPEED,INTERACTION_TITLE_NAME,0.07792961597442627
gen4_native_mamba_phase_f_pair_level_contrasts_v1,generated_fact_221,POST4_SPEED,INTERACTION_TITLE_NAME,0.03130960464477539
gen4_native_mamba_phase_f_pair_level_contrasts_v1,generated_fact_222,POST4_SPEED,INTERACTION_TITLE_NAME,-0.004305839538574219
gen4_native_mamba_phase_f_pair_level_contrasts_v1,generated_fact_223,POST4_SPEED,INTERACTION_TITLE_NAME,0.04254317283630371
gen4_native_mamba_phase_f_pair_level_contrasts_v1,generated_fact_224,POST4_SPEED,INTERACTION_TITLE_NAME,0.0447239875793457
gen4_native_mamba_phase_f_pair_level_contrasts_v1,generated_fact_225,POST4_SPEED,INTERACTION_TITLE_NAME,-0.003809690475463867
gen4_native_mamba_phase_f_pair_level_contrasts_v1,generated_fact_226,POST4_SPEED,INTERACTION_TITLE_NAME,-0.0021859407424926758
gen4_native_mamba_phase_f_pair_level_contrasts_v1,generated_fact_227,POST4_SPEED,INTERACTION_TITLE_NAME,-0.07923495769500732
gen4_native_mamba_phase_f_pair_level_contrasts_v1,generated_fact_228,POST4_SPEED,INTERACTION_TITLE_NAME,-0.05212581157684326
gen4_native_mamba_phase_f_pair_level_contrasts_v1,generated_fact_229,POST4_SPEED,INTERACTION_TITLE_NAME,0.02358996868133545
gen4_native_mamba_phase_f_pair_level_contrasts_v1,generated_fact_230,POST4_SPEED,INTERACTION_TITLE_NAME,-0.14398109912872314
gen4_native_mamba_phase_f_pair_level_contrasts_v1,generated_fact_231,POST4_SPEED,INTERACTION_TITLE_NAME,-0.013516664505004883
gen4_native_mamba_phase_f_pair_level_contrasts_v1,generated_fact_232,POST4_SPEED,INTERACTION_TITLE_NAME,0.08043920993804932
gen4_native_mamba_phase_f_pair_level_contrasts_v1,generated_fact_233,POST4_SPEED,INTERACTION_TITLE_NAME,0.031191349029541016
gen4_native_mamba_phase_f_pair_level_contrasts_v1,generated_fact_234,POST4_SPEED,INTERACTION_TITLE_NAME,-0.005703091621398926
gen4_native_mamba_phase_f_pair_level_contrasts_v1,generated_fact_235,POST4_SPEED,INTERACTION_TITLE_NAME,0.03859221935272217
gen4_native_mamba_phase_f_pair_level_contrasts_v1,generated_fact_236,POST4_SPEED,INTERACTION_TITLE_NAME,0.04483973979949951
gen4_native_mamba_phase_f_pair_level_contrasts_v1,generated_fact_237,POST4_SPEED,INTERACTION_TITLE_NAME,-0.006244540214538574
gen4_native_mamba_phase_f_pair_level_contrasts_v1,generated_fact_238,POST4_SPEED,INTERACTION_TITLE_NAME,0.001546621322631836
gen4_native_mamba_phase_f_pair_level_contrasts_v1,generated_fact_239,POST4_SPEED,INTERACTION_TITLE_NAME,-0.07904863357543945
gen4_native_mamba_phase_f_pair_level_contrasts_v1,generated_fact_240,POST4_SPEED,INTERACTION_TITLE_NAME,-0.04981565475463867
gen4_native_mamba_phase_f_pair_level_contrasts_v1,generated_fact_241,POST4_SPEED,INTERACTION_TITLE_NAME,0.022599458694458008
gen4_native_mamba_phase_f_pair_level_contrasts_v1,generated_fact_242,POST4_SPEED,INTERACTION_TITLE_NAME,-0.14376449584960938
gen4_native_mamba_phase_f_pair_level_contrasts_v1,generated_fact_243,POST4_SPEED,INTERACTION_TITLE_NAME,-0.0151747465133667
gen4_native_mamba_phase_f_pair_level_contrasts_v1,generated_fact_244,POST4_SPEED,INTERACTION_TITLE_NAME,0.07812488079071045
gen4_native_mamba_phase_f_pair_level_contrasts_v1,generated_fact_245,POST4_SPEED,INTERACTION_TITLE_NAME,0.032436490058898926
gen4_native_mamba_phase_f_pair_level_contrasts_v1,generated_fact_246,POST4_SPEED,INTERACTION_TITLE_NAME,-0.005393505096435547
gen4_native_mamba_phase_f_pair_level_contrasts_v1,generated_fact_247,POST4_SPEED,INTERACTION_TITLE_NAME,0.04180777072906494
gen4_native_mamba_phase_f_pair_level_contrasts_v1,generated_fact_248,POST4_SPEED,INTERACTION_TITLE_NAME,0.045526981353759766
gen4_native_mamba_phase_f_pair_level_contrasts_v1,generated_fact_249,POST4_SPEED,INTERACTION_TITLE_NAME,-0.0059272050857543945
gen4_native_mamba_phase_f_pair_level_contrasts_v1,generated_fact_250,POST4_SPEED,INTERACTION_TITLE_NAME,-0.0013949871063232422
gen4_native_mamba_phase_f_pair_level_contrasts_v1,generated_fact_251,POST4_SPEED,INTERACTION_TITLE_NAME,-0.08050453662872314
gen4_native_mamba_phase_f_pair_level_contrasts_v1,generated_fact_252,POST4_SPEED,INTERACTION_TITLE_NAME,-0.050542593002319336
gen4_native_mamba_phase_f_pair_level_contrasts_v1,generated_fact_253,POST4_SPEED,INTERACTION_TITLE_NAME,0.02342665195465088
gen4_native_mamba_phase_f_pair_level_contrasts_v1,generated_fact_254,POST4_SPEED,INTERACTION_TITLE_NAME,-0.14390826225280762
gen4_native_mamba_phase_f_pair_level_contrasts_v1,generated_fact_255,POST4_SPEED,INTERACTION_TITLE_NAME,-0.010875940322875977
gen4_native_mamba_phase_f_pair_level_contrasts_v1,generated_fact_256,POST4_SPEED,INTERACTION_TITLE_NAME,0.08079993724822998
gen4_native_mamba_phase_f_pair_level_contrasts_v1,generated_fact_257,POST4_SPEED,INTERACTION_TITLE_NAME,0.032756805419921875
gen4_native_mamba_phase_f_pair_level_contrasts_v1,generated_fact_258,POST4_SPEED,INTERACTION_TITLE_NAME,-0.004261493682861328
gen4_native_mamba_phase_f_pair_level_contrasts_v1,generated_fact_259,POST4_SPEED,INTERACTION_TITLE_NAME,0.03948545455932617
gen4_native_mamba_phase_f_pair_level_contrasts_v1,generated_fact_260,POST4_SPEED,INTERACTION_TITLE_NAME,0.04557693004608154
gen4_native_mamba_phase_f_pair_level_contrasts_v1,generated_fact_261,POST4_SPEED,INTERACTION_TITLE_NAME,-0.008348822593688965
gen4_native_mamba_phase_f_pair_level_contrasts_v1,generated_fact_262,POST4_SPEED,INTERACTION_TITLE_NAME,0.001334071159362793
gen4_native_mamba_phase_f_pair_level_contrasts_v1,generated_fact_263,POST4_SPEED,INTERACTION_TITLE_NAME,-0.07999885082244873
gen4_native_mamba_phase_f_pair_level_contrasts_v1,generated_fact_264,POST4_SPEED,INTERACTION_TITLE_NAME,-0.05146348476409912
gen4_native_mamba_phase_f_pair_level_contrasts_v1,generated_fact_265,POST4_SPEED,INTERACTION_TITLE_NAME,0.022220730781555176
gen4_native_mamba_phase_f_pair_level_contrasts_v1,generated_fact_266,POST4_SPEED,INTERACTION_TITLE_NAME,-0.14389455318450928
gen4_native_mamba_phase_f_pair_level_contrasts_v1,generated_fact_267,POST4_SPEED,INTERACTION_TITLE_NAME,-0.014449596405029297
gen4_native_mamba_phase_f_pair_level_contrasts_v1,generated_fact_268,POST4_SPEED,INTERACTION_TITLE_NAME,0.08005905151367188
gen4_native_mamba_phase_f_pair_level_contrasts_v1,generated_fact_269,POST4_SPEED,INTERACTION_TITLE_NAME,0.03104221820831299
gen4_native_mamba_phase_f_pair_level_contrasts_v1,generated_fact_270,POST4_SPEED,INTERACTION_TITLE_NAME,-0.004081606864929199
gen4_native_mamba_phase_f_pair_level_contrasts_v1,generated_fact_271,POST4_SPEED,INTERACTION_TITLE_NAME,0.042029500007629395
gen4_native_mamba_phase_f_pair_level_contrasts_v1,generated_fact_272,POST4_SPEED,INTERACTION_TITLE_NAME,0.0456845760345459
gen4_native_mamba_phase_f_pair_level_contrasts_v1,generated_fact_273,POST4_SPEED,INTERACTION_TITLE_NAME,-0.004330754280090332
gen4_native_mamba_phase_f_pair_level_contrasts_v1,generated_fact_274,POST4_SPEED,INTERACTION_TITLE_NAME,-0.0008946657180786133
gen4_native_mamba_phase_f_pair_level_contrasts_v1,generated_fact_275,POST4_SPEED,INTERACTION_TITLE_NAME,-0.07998597621917725
gen4_native_mamba_phase_f_pair_level_contrasts_v1,generated_fact_276,POST4_SPEED,INTERACTION_TITLE_NAME,-0.04916870594024658
gen4_native_mamba_phase_f_pair_level_contrasts_v1,generated_fact_277,POST4_SPEED,INTERACTION_TITLE_NAME,0.022546052932739258
gen4_native_mamba_phase_f_pair_level_contrasts_v1,generated_fact_278,POST4_SPEED,INTERACTION_TITLE_NAME,-0.14474928379058838
gen4_native_mamba_phase_f_pair_level_contrasts_v1,generated_fact_279,POST4_SPEED,INTERACTION_TITLE_NAME,-0.012576580047607422
gen4_native_mamba_phase_f_pair_level_contrasts_v1,generated_fact_280,POST4_SPEED,INTERACTION_TITLE_NAME,0.08030307292938232
gen4_native_mamba_phase_f_pair_level_contrasts_v1,generated_fact_281,POST4_SPEED,INTERACTION_TITLE_NAME,0.031823158264160156
gen4_native_mamba_phase_f_pair_level_contrasts_v1,generated_fact_282,POST4_SPEED,INTERACTION_TITLE_NAME,-0.00449979305267334
gen4_native_mamba_phase_f_pair_level_contrasts_v1,generated_fact_283,POST4_SPEED,INTERACTION_TITLE_NAME,0.04053151607513428
gen4_native_mamba_phase_f_pair_level_contrasts_v1,generated_fact_284,POST4_SPEED,INTERACTION_TITLE_NAME,0.04610586166381836
gen4_native_mamba_phase_f_pair_level_contrasts_v1,generated_fact_285,POST4_SPEED,INTERACTION_TITLE_NAME,-0.00613713264465332
gen4_native_mamba_phase_f_pair_level_contrasts_v1,generated_fact_286,POST4_SPEED,INTERACTION_TITLE_NAME,-0.0005679130554199219
gen4_native_mamba_phase_f_pair_level_contrasts_v1,generated_fact_287,POST4_SPEED,INTERACTION_TITLE_NAME,-0.07990705966949463
gen4_native_mamba_phase_f_pair_level_contrasts_v1,generated_fact_288,POST4_SPEED,INTERACTION_TITLE_NAME,-0.0509723424911499
gen4_native_mamba_phase_f_pair_level_contrasts_v1,generated_fact_289,POST4_SPEED,INTERACTION_TITLE_NAME,0.02237725257873535
gen4_native_mamba_phase_f_pair_level_contrasts_v1,generated_fact_290,POST4_SPEED,INTERACTION_TITLE_NAME,-0.14615094661712646
gen4_native_mamba_phase_f_pair_level_contrasts_v1,generated_fact_291,POST4_SPEED,INTERACTION_TITLE_NAME,-0.014138579368591309
gen4_native_mamba_phase_f_pair_level_contrasts_v1,generated_fact_292,POST4_SPEED,INTERACTION_TITLE_NAME,0.07974743843078613
gen4_native_mamba_phase_f_pair_level_contrasts_v1,generated_fact_293,POST4_SPEED,INTERACTION_TITLE_NAME,0.03092825412750244
gen4_native_mamba_phase_f_pair_level_contrasts_v1,generated_fact_294,POST4_SPEED,INTERACTION_TITLE_NAME,-0.005298495292663574
gen4_native_mamba_phase_f_pair_level_contrasts_v1,generated_fact_295,POST4_SPEED,INTERACTION_TITLE_NAME,0.04134166240692139
gen4_native_mamba_phase_f_pair_level_contrasts_v1,generated_fact_296,POST4_SPEED,INTERACTION_TITLE_NAME,0.04368948936462402
gen4_native_mamba_phase_f_pair_level_contrasts_v1,generated_fact_297,POST4_SPEED,INTERACTION_TITLE_NAME,-0.0039017200469970703
gen4_native_mamba_phase_f_pair_level_contrasts_v1,generated_fact_298,POST4_SPEED,INTERACTION_TITLE_NAME,-0.0014739036560058594
gen4_native_mamba_phase_f_pair_level_contrasts_v1,generated_fact_299,POST4_SPEED,INTERACTION_TITLE_NAME,-0.07933151721954346
gen4_native_mamba_phase_f_pair_level_contrasts_v1,generated_fact_300,POST4_SPEED,INTERACTION_TITLE_NAME,-0.051230788230895996
gen4_native_mamba_phase_f_pair_level_contrasts_v1,glacier_study,POST4_SPEED,INTERACTION_TITLE_NAME,0.023747801780700684
gen4_native_mamba_phase_f_pair_level_contrasts_v1,harbor_upgrade,POST4_SPEED,INTERACTION_TITLE_NAME,-0.015015482902526855
gen4_native_mamba_phase_f_pair_level_contrasts_v1,jazz_archive,POST4_SPEED,INTERACTION_TITLE_NAME,0.061940670013427734
gen4_native_mamba_phase_f_pair_level_contrasts_v1,language_program,POST4_SPEED,INTERACTION_TITLE_NAME,0.01771092414855957
gen4_native_mamba_phase_f_pair_level_contrasts_v1,library_digitization,POST4_SPEED,INTERACTION_TITLE_NAME,-0.08609402179718018
gen4_native_mamba_phase_f_pair_level_contrasts_v1,market_renovation,POST4_SPEED,INTERACTION_TITLE_NAME,-0.0082777738571167
gen4_native_mamba_phase_f_pair_level_contrasts_v1,museum_purchase,POST4_SPEED,INTERACTION_TITLE_NAME,-0.07605302333831787
gen4_native_mamba_phase_f_pair_level_contrasts_v1,opera_premiere,POST4_SPEED,INTERACTION_TITLE_NAME,0.03927946090698242
gen4_native_mamba_phase_f_pair_level_contrasts_v1,orion_approval,POST4_SPEED,INTERACTION_TITLE_NAME,-0.026285767555236816
gen4_native_mamba_phase_f_pair_level_contrasts_v1,poetry_prize,POST4_SPEED,INTERACTION_TITLE_NAME,-0.07754337787628174
gen4_native_mamba_phase_f_pair_level_contrasts_v1,railway_restoration,POST4_SPEED,INTERACTION_TITLE_NAME,-0.04256176948547363
gen4_native_mamba_phase_f_pair_level_contrasts_v1,reef_protection,POST4_SPEED,INTERACTION_TITLE_NAME,-0.029185771942138672
gen4_native_mamba_phase_f_pair_level_contrasts_v1,robotics_championship,POST4_SPEED,INTERACTION_TITLE_NAME,0.053858041763305664
gen4_native_mamba_phase_f_pair_level_contrasts_v1,satellite_launch,POST4_SPEED,INTERACTION_TITLE_NAME,-0.013489365577697754
gen4_native_mamba_phase_f_pair_level_contrasts_v1,school_opening,POST4_SPEED,INTERACTION_TITLE_NAME,0.028891682624816895
gen4_native_mamba_phase_f_pair_level_contrasts_v1,solar_farm_contract,POST4_SPEED,INTERACTION_TITLE_NAME,-0.0026454925537109375
gen4_native_mamba_phase_f_pair_level_contrasts_v1,theater_restoration,POST4_SPEED,INTERACTION_TITLE_NAME,0.022057533264160156
gen4_native_mamba_phase_f_pair_level_contrasts_v1,treaty_signature,POST4_SPEED,INTERACTION_TITLE_NAME,0.034474730491638184
gen4_native_mamba_phase_f_pair_level_contrasts_v1,vaccine_delivery,POST4_SPEED,INTERACTION_TITLE_NAME,-0.0023784637451171875
gen4_native_mamba_phase_f_pair_level_contrasts_v1,volcano_observatory,POST4_SPEED,INTERACTION_TITLE_NAME,0.030889034271240234
gen4_native_mamba_phase_f_pair_level_contrasts_v1,wetland_restoration,POST4_SPEED,INTERACTION_TITLE_NAME,-0.06081986427307129
gen4_native_mamba_phase_f_pair_level_contrasts_v1,archive_release,POST4_TURNING,DELTA_TITLE,0.0006885528564453125
gen4_native_mamba_phase_f_pair_level_contrasts_v1,bridge_opening,POST4_TURNING,DELTA_TITLE,0.03870272636413574
gen4_native_mamba_phase_f_pair_level_contrasts_v1,canal_reopening,POST4_TURNING,DELTA_TITLE,0.00043213367462158203
gen4_native_mamba_phase_f_pair_level_contrasts_v1,clinic_expansion,POST4_TURNING,DELTA_TITLE,0.0036815404891967773
gen4_native_mamba_phase_f_pair_level_contrasts_v1,dam_inspection,POST4_TURNING,DELTA_TITLE,0.031270503997802734
gen4_native_mamba_phase_f_pair_level_contrasts_v1,ferry_launch,POST4_TURNING,DELTA_TITLE,-0.021233320236206055
gen4_native_mamba_phase_f_pair_level_contrasts_v1,festival_selection,POST4_TURNING,DELTA_TITLE,-0.07712984085083008
gen4_native_mamba_phase_f_pair_level_contrasts_v1,forest_mapping,POST4_TURNING,DELTA_TITLE,0.044615983963012695
gen4_native_mamba_phase_f_pair_level_contrasts_v1,garden_award,POST4_TURNING,DELTA_TITLE,0.03087472915649414
gen4_native_mamba_phase_f_pair_level_contrasts_v1,generated_fact_031,POST4_TURNING,DELTA_TITLE,0.006583094596862793
gen4_native_mamba_phase_f_pair_level_contrasts_v1,generated_fact_032,POST4_TURNING,DELTA_TITLE,0.0321042537689209
gen4_native_mamba_phase_f_pair_level_contrasts_v1,generated_fact_033,POST4_TURNING,DELTA_TITLE,-0.05278205871582031
gen4_native_mamba_phase_f_pair_level_contrasts_v1,generated_fact_034,POST4_TURNING,DELTA_TITLE,-0.0012341737747192383
gen4_native_mamba_phase_f_pair_level_contrasts_v1,generated_fact_035,POST4_TURNING,DELTA_TITLE,0.03736257553100586
gen4_native_mamba_phase_f_pair_level_contrasts_v1,generated_fact_036,POST4_TURNING,DELTA_TITLE,0.035848021507263184
gen4_native_mamba_phase_f_pair_level_contrasts_v1,generated_fact_037,POST4_TURNING,DELTA_TITLE,-0.034168362617492676
gen4_native_mamba_phase_f_pair_level_contrasts_v1,generated_fact_038,POST4_TURNING,DELTA_TITLE,-0.0350341796875
gen4_native_mamba_phase_f_pair_level_contrasts_v1,generated_fact_039,POST4_TURNING,DELTA_TITLE,-0.06452584266662598
gen4_native_mamba_phase_f_pair_level_contrasts_v1,generated_fact_040,POST4_TURNING,DELTA_TITLE,0.029252171516418457
gen4_native_mamba_phase_f_pair_level_contrasts_v1,generated_fact_041,POST4_TURNING,DELTA_TITLE,0.021859169006347656
gen4_native_mamba_phase_f_pair_level_contrasts_v1,generated_fact_042,POST4_TURNING,DELTA_TITLE,-0.0009175539016723633
gen4_native_mamba_phase_f_pair_level_contrasts_v1,generated_fact_043,POST4_TURNING,DELTA_TITLE,0.005888819694519043
gen4_native_mamba_phase_f_pair_level_contrasts_v1,generated_fact_044,POST4_TURNING,DELTA_TITLE,0.033392906188964844
gen4_native_mamba_phase_f_pair_level_contrasts_v1,generated_fact_045,POST4_TURNING,DELTA_TITLE,-0.050119876861572266
gen4_native_mamba_phase_f_pair_level_contrasts_v1,generated_fact_046,POST4_TURNING,DELTA_TITLE,-0.001488327980041504
gen4_native_mamba_phase_f_pair_level_contrasts_v1,generated_fact_047,POST4_TURNING,DELTA_TITLE,0.04126012325286865
gen4_native_mamba_phase_f_pair_level_contrasts_v1,generated_fact_048,POST4_TURNING,DELTA_TITLE,0.037473201751708984
gen4_native_mamba_phase_f_pair_level_contrasts_v1,generated_fact_049,POST4_TURNING,DELTA_TITLE,-0.03636157512664795
gen4_native_mamba_phase_f_pair_level_contrasts_v1,generated_fact_050,POST4_TURNING,DELTA_TITLE,-0.033974528312683105
gen4_native_mamba_phase_f_pair_level_contrasts_v1,generated_fact_051,POST4_TURNING,DELTA_TITLE,-0.06487524509429932
gen4_native_mamba_phase_f_pair_level_contrasts_v1,generated_fact_052,POST4_TURNING,DELTA_TITLE,0.02655172348022461
gen4_native_mamba_phase_f_pair_level_contrasts_v1,generated_fact_053,POST4_TURNING,DELTA_TITLE,0.028522849082946777
gen4_native_mamba_phase_f_pair_level_contrasts_v1,generated_fact_054,POST4_TURNING,DELTA_TITLE,0.0047931671142578125
gen4_native_mamba_phase_f_pair_level_contrasts_v1,generated_fact_055,POST4_TURNING,DELTA_TITLE,0.0009745359420776367
gen4_native_mamba_phase_f_pair_level_contrasts_v1,generated_fact_056,POST4_TURNING,DELTA_TITLE,0.03785431385040283
gen4_native_mamba_phase_f_pair_level_contrasts_v1,generated_fact_057,POST4_TURNING,DELTA_TITLE,-0.051361918449401855
gen4_native_mamba_phase_f_pair_level_contrasts_v1,generated_fact_058,POST4_TURNING,DELTA_TITLE,-0.001804351806640625
gen4_native_mamba_phase_f_pair_level_contrasts_v1,generated_fact_059,POST4_TURNING,DELTA_TITLE,0.042046189308166504
gen4_native_mamba_phase_f_pair_level_contrasts_v1,generated_fact_060,POST4_TURNING,DELTA_TITLE,0.03710663318634033
gen4_native_mamba_phase_f_pair_level_contrasts_v1,generated_fact_061,POST4_TURNING,DELTA_TITLE,-0.03776085376739502
gen4_native_mamba_phase_f_pair_level_contrasts_v1,generated_fact_062,POST4_TURNING,DELTA_TITLE,-0.03415822982788086
gen4_native_mamba_phase_f_pair_level_contrasts_v1,generated_fact_063,POST4_TURNING,DELTA_TITLE,-0.059874653816223145
gen4_native_mamba_phase_f_pair_level_contrasts_v1,generated_fact_064,POST4_TURNING,DELTA_TITLE,0.02743697166442871
gen4_native_mamba_phase_f_pair_level_contrasts_v1,generated_fact_065,POST4_TURNING,DELTA_TITLE,0.02852034568786621
gen4_native_mamba_phase_f_pair_level_contrasts_v1,generated_fact_066,POST4_TURNING,DELTA_TITLE,0.0004169940948486328
gen4_native_mamba_phase_f_pair_level_contrasts_v1,generated_fact_067,POST4_TURNING,DELTA_TITLE,0.002130866050720215
gen4_native_mamba_phase_f_pair_level_contrasts_v1,generated_fact_068,POST4_TURNING,DELTA_TITLE,0.0295107364654541
gen4_native_mamba_phase_f_pair_level_contrasts_v1,generated_fact_069,POST4_TURNING,DELTA_TITLE,-0.042821288108825684
gen4_native_mamba_phase_f_pair_level_contrasts_v1,generated_fact_070,POST4_TURNING,DELTA_TITLE,-0.00023853778839111328
gen4_native_mamba_phase_f_pair_level_contrasts_v1,generated_fact_071,POST4_TURNING,DELTA_TITLE,0.041890859603881836
gen4_native_mamba_phase_f_pair_level_contrasts_v1,generated_fact_072,POST4_TURNING,DELTA_TITLE,0.04061126708984375
gen4_native_mamba_phase_f_pair_level_contrasts_v1,generated_fact_073,POST4_TURNING,DELTA_TITLE,-0.03317439556121826
gen4_native_mamba_phase_f_pair_level_contrasts_v1,generated_fact_074,POST4_TURNING,DELTA_TITLE,-0.03501546382904053
gen4_native_mamba_phase_f_pair_level_contrasts_v1,generated_fact_075,POST4_TURNING,DELTA_TITLE,-0.06521487236022949
gen4_native_mamba_phase_f_pair_level_contrasts_v1,generated_fact_076,POST4_TURNING,DELTA_TITLE,0.02721118927001953
gen4_native_mamba_phase_f_pair_level_contrasts_v1,generated_fact_077,POST4_TURNING,DELTA_TITLE,0.02187824249267578
gen4_native_mamba_phase_f_pair_level_contrasts_v1,generated_fact_078,POST4_TURNING,DELTA_TITLE,-0.002171754837036133
gen4_native_mamba_phase_f_pair_level_contrasts_v1,generated_fact_079,POST4_TURNING,DELTA_TITLE,0.006404876708984375
gen4_native_mamba_phase_f_pair_level_contrasts_v1,generated_fact_080,POST4_TURNING,DELTA_TITLE,0.0323939323425293
gen4_native_mamba_phase_f_pair_level_contrasts_v1,generated_fact_081,POST4_TURNING,DELTA_TITLE,-0.05059933662414551
gen4_native_mamba_phase_f_pair_level_contrasts_v1,generated_fact_082,POST4_TURNING,DELTA_TITLE,-0.0006870031356811523
gen4_native_mamba_phase_f_pair_level_contrasts_v1,generated_fact_083,POST4_TURNING,DELTA_TITLE,0.03785407543182373
gen4_native_mamba_phase_f_pair_level_contrasts_v1,generated_fact_084,POST4_TURNING,DELTA_TITLE,0.03728818893432617
gen4_native_mamba_phase_f_pair_level_contrasts_v1,generated_fact_085,POST4_TURNING,DELTA_TITLE,-0.035845041275024414
gen4_native_mamba_phase_f_pair_level_contrasts_v1,generated_fact_086,POST4_TURNING,DELTA_TITLE,-0.033846497535705566
gen4_native_mamba_phase_f_pair_level_contrasts_v1,generated_fact_087,POST4_TURNING,DELTA_TITLE,-0.0631030797958374
gen4_native_mamba_phase_f_pair_level_contrasts_v1,generated_fact_088,POST4_TURNING,DELTA_TITLE,0.026415705680847168
gen4_native_mamba_phase_f_pair_level_contrasts_v1,generated_fact_089,POST4_TURNING,DELTA_TITLE,0.028751373291015625
gen4_native_mamba_phase_f_pair_level_contrasts_v1,generated_fact_090,POST4_TURNING,DELTA_TITLE,-0.003526449203491211
gen4_native_mamba_phase_f_pair_level_contrasts_v1,generated_fact_091,POST4_TURNING,DELTA_TITLE,0.002933025360107422
gen4_native_mamba_phase_f_pair_level_contrasts_v1,generated_fact_092,POST4_TURNING,DELTA_TITLE,0.035427212715148926
gen4_native_mamba_phase_f_pair_level_contrasts_v1,generated_fact_093,POST4_TURNING,DELTA_TITLE,-0.051615357398986816
gen4_native_mamba_phase_f_pair_level_contrasts_v1,generated_fact_094,POST4_TURNING,DELTA_TITLE,-0.0004391670227050781
gen4_native_mamba_phase_f_pair_level_contrasts_v1,generated_fact_095,POST4_TURNING,DELTA_TITLE,0.04554438591003418
gen4_native_mamba_phase_f_pair_level_contrasts_v1,generated_fact_096,POST4_TURNING,DELTA_TITLE,0.04050934314727783
gen4_native_mamba_phase_f_pair_level_contrasts_v1,generated_fact_097,POST4_TURNING,DELTA_TITLE,-0.040934205055236816
gen4_native_mamba_phase_f_pair_level_contrasts_v1,generated_fact_098,POST4_TURNING,DELTA_TITLE,-0.02773153781890869
gen4_native_mamba_phase_f_pair_level_contrasts_v1,generated_fact_099,POST4_TURNING,DELTA_TITLE,-0.0627439022064209
gen4_native_mamba_phase_f_pair_level_contrasts_v1,generated_fact_100,POST4_TURNING,DELTA_TITLE,0.02794623374938965
gen4_native_mamba_phase_f_pair_level_contrasts_v1,generated_fact_101,POST4_TURNING,DELTA_TITLE,0.03016531467437744
gen4_native_mamba_phase_f_pair_level_contrasts_v1,generated_fact_102,POST4_TURNING,DELTA_TITLE,-0.0006705522537231445
gen4_native_mamba_phase_f_pair_level_contrasts_v1,generated_fact_103,POST4_TURNING,DELTA_TITLE,-0.0010533332824707031
gen4_native_mamba_phase_f_pair_level_contrasts_v1,generated_fact_104,POST4_TURNING,DELTA_TITLE,0.033791303634643555
gen4_native_mamba_phase_f_pair_level_contrasts_v1,generated_fact_105,POST4_TURNING,DELTA_TITLE,-0.04376232624053955
gen4_native_mamba_phase_f_pair_level_contrasts_v1,generated_fact_106,POST4_TURNING,DELTA_TITLE,-0.0022374391555786133
gen4_native_mamba_phase_f_pair_level_contrasts_v1,generated_fact_107,POST4_TURNING,DELTA_TITLE,0.04312479496002197
gen4_native_mamba_phase_f_pair_level_contrasts_v1,generated_fact_108,POST4_TURNING,DELTA_TITLE,0.039121389389038086
gen4_native_mamba_phase_f_pair_level_contrasts_v1,generated_fact_109,POST4_TURNING,DELTA_TITLE,-0.039342641830444336
gen4_native_mamba_phase_f_pair_level_contrasts_v1,generated_fact_110,POST4_TURNING,DELTA_TITLE,-0.040021419525146484
gen4_native_mamba_phase_f_pair_level_contrasts_v1,generated_fact_111,POST4_TURNING,DELTA_TITLE,-0.0562974214553833
gen4_native_mamba_phase_f_pair_level_contrasts_v1,generated_fact_112,POST4_TURNING,DELTA_TITLE,0.02701890468597412
gen4_native_mamba_phase_f_pair_level_contrasts_v1,generated_fact_113,POST4_TURNING,DELTA_TITLE,0.02655506134033203
gen4_native_mamba_phase_f_pair_level_contrasts_v1,generated_fact_114,POST4_TURNING,DELTA_TITLE,0.0034564733505249023
gen4_native_mamba_phase_f_pair_level_contrasts_v1,generated_fact_115,POST4_TURNING,DELTA_TITLE,0.004435420036315918
gen4_native_mamba_phase_f_pair_level_contrasts_v1,generated_fact_116,POST4_TURNING,DELTA_TITLE,0.03251922130584717
gen4_native_mamba_phase_f_pair_level_contrasts_v1,generated_fact_117,POST4_TURNING,DELTA_TITLE,-0.050592660903930664
gen4_native_mamba_phase_f_pair_level_contrasts_v1,generated_fact_118,POST4_TURNING,DELTA_TITLE,-0.0015758275985717773
gen4_native_mamba_phase_f_pair_level_contrasts_v1,generated_fact_119,POST4_TURNING,DELTA_TITLE,0.037734031677246094
gen4_native_mamba_phase_f_pair_level_contrasts_v1,generated_fact_120,POST4_TURNING,DELTA_TITLE,0.034662485122680664
gen4_native_mamba_phase_f_pair_level_contrasts_v1,generated_fact_121,POST4_TURNING,DELTA_TITLE,-0.03448987007141113
gen4_native_mamba_phase_f_pair_level_contrasts_v1,generated_fact_122,POST4_TURNING,DELTA_TITLE,-0.03181147575378418
gen4_native_mamba_phase_f_pair_level_contrasts_v1,generated_fact_123,POST4_TURNING,DELTA_TITLE,-0.06214427947998047
gen4_native_mamba_phase_f_pair_level_contrasts_v1,generated_fact_124,POST4_TURNING,DELTA_TITLE,0.028627514839172363
gen4_native_mamba_phase_f_pair_level_contrasts_v1,generated_fact_125,POST4_TURNING,DELTA_TITLE,0.02303481101989746
gen4_native_mamba_phase_f_pair_level_contrasts_v1,generated_fact_126,POST4_TURNING,DELTA_TITLE,-0.0029735565185546875
gen4_native_mamba_phase_f_pair_level_contrasts_v1,generated_fact_127,POST4_TURNING,DELTA_TITLE,0.004422664642333984
gen4_native_mamba_phase_f_pair_level_contrasts_v1,generated_fact_128,POST4_TURNING,DELTA_TITLE,0.03193080425262451
gen4_native_mamba_phase_f_pair_level_contrasts_v1,generated_fact_129,POST4_TURNING,DELTA_TITLE,-0.051605224609375
gen4_native_mamba_phase_f_pair_level_contrasts_v1,generated_fact_130,POST4_TURNING,DELTA_TITLE,-0.0021355152130126953
gen4_native_mamba_phase_f_pair_level_contrasts_v1,generated_fact_131,POST4_TURNING,DELTA_TITLE,0.040670156478881836
gen4_native_mamba_phase_f_pair_level_contrasts_v1,generated_fact_132,POST4_TURNING,DELTA_TITLE,0.037937045097351074
gen4_native_mamba_phase_f_pair_level_contrasts_v1,generated_fact_133,POST4_TURNING,DELTA_TITLE,-0.03702890872955322
gen4_native_mamba_phase_f_pair_level_contrasts_v1,generated_fact_134,POST4_TURNING,DELTA_TITLE,-0.033577561378479004
gen4_native_mamba_phase_f_pair_level_contrasts_v1,generated_fact_135,POST4_TURNING,DELTA_TITLE,-0.06576192378997803
gen4_native_mamba_phase_f_pair_level_contrasts_v1,generated_fact_136,POST4_TURNING,DELTA_TITLE,0.026275038719177246
gen4_native_mamba_phase_f_pair_level_contrasts_v1,generated_fact_137,POST4_TURNING,DELTA_TITLE,0.029664158821105957
gen4_native_mamba_phase_f_pair_level_contrasts_v1,generated_fact_138,POST4_TURNING,DELTA_TITLE,0.003522515296936035
gen4_native_mamba_phase_f_pair_level_contrasts_v1,generated_fact_139,POST4_TURNING,DELTA_TITLE,0.0006487369537353516
gen4_native_mamba_phase_f_pair_level_contrasts_v1,generated_fact_140,POST4_TURNING,DELTA_TITLE,0.03946077823638916
gen4_native_mamba_phase_f_pair_level_contrasts_v1,generated_fact_141,POST4_TURNING,DELTA_TITLE,-0.04902148246765137
gen4_native_mamba_phase_f_pair_level_contrasts_v1,generated_fact_142,POST4_TURNING,DELTA_TITLE,-0.0018233060836791992
gen4_native_mamba_phase_f_pair_level_contrasts_v1,generated_fact_143,POST4_TURNING,DELTA_TITLE,0.04143977165222168
gen4_native_mamba_phase_f_pair_level_contrasts_v1,generated_fact_144,POST4_TURNING,DELTA_TITLE,0.036722660064697266
gen4_native_mamba_phase_f_pair_level_contrasts_v1,generated_fact_145,POST4_TURNING,DELTA_TITLE,-0.03789544105529785
gen4_native_mamba_phase_f_pair_level_contrasts_v1,generated_fact_146,POST4_TURNING,DELTA_TITLE,-0.030961275100708008
gen4_native_mamba_phase_f_pair_level_contrasts_v1,generated_fact_147,POST4_TURNING,DELTA_TITLE,-0.057822227478027344
gen4_native_mamba_phase_f_pair_level_contrasts_v1,generated_fact_148,POST4_TURNING,DELTA_TITLE,0.02723073959350586
gen4_native_mamba_phase_f_pair_level_contrasts_v1,generated_fact_149,POST4_TURNING,DELTA_TITLE,0.027366280555725098
gen4_native_mamba_phase_f_pair_level_contrasts_v1,generated_fact_150,POST4_TURNING,DELTA_TITLE,-0.0022221803665161133
gen4_native_mamba_phase_f_pair_level_contrasts_v1,generated_fact_151,POST4_TURNING,DELTA_TITLE,0.0011316537857055664
gen4_native_mamba_phase_f_pair_level_contrasts_v1,generated_fact_152,POST4_TURNING,DELTA_TITLE,0.03024768829345703
gen4_native_mamba_phase_f_pair_level_contrasts_v1,generated_fact_153,POST4_TURNING,DELTA_TITLE,-0.04389822483062744
gen4_native_mamba_phase_f_pair_level_contrasts_v1,generated_fact_154,POST4_TURNING,DELTA_TITLE,-0.0018579959869384766
gen4_native_mamba_phase_f_pair_level_contrasts_v1,generated_fact_155,POST4_TURNING,DELTA_TITLE,0.04187929630279541
gen4_native_mamba_phase_f_pair_level_contrasts_v1,generated_fact_156,POST4_TURNING,DELTA_TITLE,0.04003775119781494
gen4_native_mamba_phase_f_pair_level_contrasts_v1,generated_fact_157,POST4_TURNING,DELTA_TITLE,-0.03392958641052246
gen4_native_mamba_phase_f_pair_level_contrasts_v1,generated_fact_158,POST4_TURNING,DELTA_TITLE,-0.03684389591217041
gen4_native_mamba_phase_f_pair_level_contrasts_v1,generated_fact_159,POST4_TURNING,DELTA_TITLE,-0.06621253490447998
gen4_native_mamba_phase_f_pair_level_contrasts_v1,generated_fact_160,POST4_TURNING,DELTA_TITLE,0.027692675590515137
gen4_native_mamba_phase_f_pair_level_contrasts_v1,generated_fact_161,POST4_TURNING,DELTA_TITLE,0.021021604537963867
gen4_native_mamba_phase_f_pair_level_contrasts_v1,generated_fact_162,POST4_TURNING,DELTA_TITLE,-0.0036057233810424805
gen4_native_mamba_phase_f_pair_level_contrasts_v1,generated_fact_163,POST4_TURNING,DELTA_TITLE,0.004861235618591309
gen4_native_mamba_phase_f_pair_level_contrasts_v1,generated_fact_164,POST4_TURNING,DELTA_TITLE,0.0338897705078125
gen4_native_mamba_phase_f_pair_level_contrasts_v1,generated_fact_165,POST4_TURNING,DELTA_TITLE,-0.05063939094543457
gen4_native_mamba_phase_f_pair_level_contrasts_v1,generated_fact_166,POST4_TURNING,DELTA_TITLE,0.00016224384307861328
gen4_native_mamba_phase_f_pair_level_contrasts_v1,generated_fact_167,POST4_TURNING,DELTA_TITLE,0.037409424781799316
gen4_native_mamba_phase_f_pair_level_contrasts_v1,generated_fact_168,POST4_TURNING,DELTA_TITLE,0.03556370735168457
gen4_native_mamba_phase_f_pair_level_contrasts_v1,generated_fact_169,POST4_TURNING,DELTA_TITLE,-0.03480708599090576
gen4_native_mamba_phase_f_pair_level_contrasts_v1,generated_fact_170,POST4_TURNING,DELTA_TITLE,-0.028794288635253906
gen4_native_mamba_phase_f_pair_level_contrasts_v1,generated_fact_171,POST4_TURNING,DELTA_TITLE,-0.06181073188781738
gen4_native_mamba_phase_f_pair_level_contrasts_v1,generated_fact_172,POST4_TURNING,DELTA_TITLE,0.026231050491333008
gen4_native_mamba_phase_f_pair_level_contrasts_v1,generated_fact_173,POST4_TURNING,DELTA_TITLE,0.027994632720947266
gen4_native_mamba_phase_f_pair_level_contrasts_v1,generated_fact_174,POST4_TURNING,DELTA_TITLE,-0.0019252300262451172
gen4_native_mamba_phase_f_pair_level_contrasts_v1,generated_fact_175,POST4_TURNING,DELTA_TITLE,0.0037592649459838867
gen4_native_mamba_phase_f_pair_level_contrasts_v1,generated_fact_176,POST4_TURNING,DELTA_TITLE,0.03592085838317871
gen4_native_mamba_phase_f_pair_level_contrasts_v1,generated_fact_177,POST4_TURNING,DELTA_TITLE,-0.05335855484008789
gen4_native_mamba_phase_f_pair_level_contrasts_v1,generated_fact_178,POST4_TURNING,DELTA_TITLE,-0.0017576217651367188
gen4_native_mamba_phase_f_pair_level_contrasts_v1,generated_fact_179,POST4_TURNING,DELTA_TITLE,0.04459559917449951
gen4_native_mamba_phase_f_pair_level_contrasts_v1,generated_fact_180,POST4_TURNING,DELTA_TITLE,0.04155409336090088
gen4_native_mamba_phase_f_pair_level_contrasts_v1,generated_fact_181,POST4_TURNING,DELTA_TITLE,-0.04007577896118164
gen4_native_mamba_phase_f_pair_level_contrasts_v1,generated_fact_182,POST4_TURNING,DELTA_TITLE,-0.028348326683044434
gen4_native_mamba_phase_f_pair_level_contrasts_v1,generated_fact_183,POST4_TURNING,DELTA_TITLE,-0.06370925903320312
gen4_native_mamba_phase_f_pair_level_contrasts_v1,generated_fact_184,POST4_TURNING,DELTA_TITLE,0.02680063247680664
gen4_native_mamba_phase_f_pair_level_contrasts_v1,generated_fact_185,POST4_TURNING,DELTA_TITLE,0.02820563316345215
gen4_native_mamba_phase_f_pair_level_contrasts_v1,generated_fact_186,POST4_TURNING,DELTA_TITLE,-0.0009722709655761719
gen4_native_mamba_phase_f_pair_level_contrasts_v1,generated_fact_187,POST4_TURNING,DELTA_TITLE,0.0003933906555175781
gen4_native_mamba_phase_f_pair_level_contrasts_v1,generated_fact_188,POST4_TURNING,DELTA_TITLE,0.033864736557006836
gen4_native_mamba_phase_f_pair_level_contrasts_v1,generated_fact_189,POST4_TURNING,DELTA_TITLE,-0.044176340103149414
gen4_native_mamba_phase_f_pair_level_contrasts_v1,generated_fact_190,POST4_TURNING,DELTA_TITLE,-0.0007632970809936523
gen4_native_mamba_phase_f_pair_level_contrasts_v1,generated_fact_191,POST4_TURNING,DELTA_TITLE,0.041222214698791504
gen4_native_mamba_phase_f_pair_level_contrasts_v1,generated_fact_192,POST4_TURNING,DELTA_TITLE,0.03777480125427246
gen4_native_mamba_phase_f_pair_level_contrasts_v1,generated_fact_193,POST4_TURNING,DELTA_TITLE,-0.03895425796508789
gen4_native_mamba_phase_f_pair_level_contrasts_v1,generated_fact_194,POST4_TURNING,DELTA_TITLE,-0.03866457939147949
gen4_native_mamba_phase_f_pair_level_contrasts_v1,generated_fact_195,POST4_TURNING,DELTA_TITLE,-0.05676388740539551
gen4_native_mamba_phase_f_pair_level_contrasts_v1,generated_fact_196,POST4_TURNING,DELTA_TITLE,0.027303338050842285
gen4_native_mamba_phase_f_pair_level_contrasts_v1,generated_fact_197,POST4_TURNING,DELTA_TITLE,0.02523493766784668
gen4_native_mamba_phase_f_pair_level_contrasts_v1,generated_fact_198,POST4_TURNING,DELTA_TITLE,0.002623319625854492
gen4_native_mamba_phase_f_pair_level_contrasts_v1,generated_fact_199,POST4_TURNING,DELTA_TITLE,0.004519939422607422
gen4_native_mamba_phase_f_pair_level_contrasts_v1,generated_fact_200,POST4_TURNING,DELTA_TITLE,0.034447312355041504
gen4_native_mamba_phase_f_pair_level_contrasts_v1,generated_fact_201,POST4_TURNING,DELTA_TITLE,-0.0502854585647583
gen4_native_mamba_phase_f_pair_level_contrasts_v1,generated_fact_202,POST4_TURNING,DELTA_TITLE,-0.001918196678161621
gen4_native_mamba_phase_f_pair_level_contrasts_v1,generated_fact_203,POST4_TURNING,DELTA_TITLE,0.03557395935058594
gen4_native_mamba_phase_f_pair_level_contrasts_v1,generated_fact_204,POST4_TURNING,DELTA_TITLE,0.03421378135681152
gen4_native_mamba_phase_f_pair_level_contrasts_v1,generated_fact_205,POST4_TURNING,DELTA_TITLE,-0.03475320339202881
gen4_native_mamba_phase_f_pair_level_contrasts_v1,generated_fact_206,POST4_TURNING,DELTA_TITLE,-0.034343719482421875
gen4_native_mamba_phase_f_pair_level_contrasts_v1,generated_fact_207,POST4_TURNING,DELTA_TITLE,-0.06551694869995117
gen4_native_mamba_phase_f_pair_level_contrasts_v1,generated_fact_208,POST4_TURNING,DELTA_TITLE,0.028296828269958496
gen4_native_mamba_phase_f_pair_level_contrasts_v1,generated_fact_209,POST4_TURNING,DELTA_TITLE,0.0225905179977417
gen4_native_mamba_phase_f_pair_level_contrasts_v1,generated_fact_210,POST4_TURNING,DELTA_TITLE,-0.0023959875106811523
gen4_native_mamba_phase_f_pair_level_contrasts_v1,generated_fact_211,POST4_TURNING,DELTA_TITLE,0.005263090133666992
gen4_native_mamba_phase_f_pair_level_contrasts_v1,generated_fact_212,POST4_TURNING,DELTA_TITLE,0.03285706043243408
gen4_native_mamba_phase_f_pair_level_contrasts_v1,generated_fact_213,POST4_TURNING,DELTA_TITLE,-0.05076754093170166
gen4_native_mamba_phase_f_pair_level_contrasts_v1,generated_fact_214,POST4_TURNING,DELTA_TITLE,-0.0019795894622802734
gen4_native_mamba_phase_f_pair_level_contrasts_v1,generated_fact_215,POST4_TURNING,DELTA_TITLE,0.042145609855651855
gen4_native_mamba_phase_f_pair_level_contrasts_v1,generated_fact_216,POST4_TURNING,DELTA_TITLE,0.03741610050201416
gen4_native_mamba_phase_f_pair_level_contrasts_v1,generated_fact_217,POST4_TURNING,DELTA_TITLE,-0.03689312934875488
gen4_native_mamba_phase_f_pair_level_contrasts_v1,generated_fact_218,POST4_TURNING,DELTA_TITLE,-0.03201699256896973
gen4_native_mamba_phase_f_pair_level_contrasts_v1,generated_fact_219,POST4_TURNING,DELTA_TITLE,-0.06326127052307129
gen4_native_mamba_phase_f_pair_level_contrasts_v1,generated_fact_220,POST4_TURNING,DELTA_TITLE,0.026611685752868652
gen4_native_mamba_phase_f_pair_level_contrasts_v1,generated_fact_221,POST4_TURNING,DELTA_TITLE,0.027880549430847168
gen4_native_mamba_phase_f_pair_level_contrasts_v1,generated_fact_222,POST4_TURNING,DELTA_TITLE,0.003680586814880371
gen4_native_mamba_phase_f_pair_level_contrasts_v1,generated_fact_223,POST4_TURNING,DELTA_TITLE,0.0007072687149047852
gen4_native_mamba_phase_f_pair_level_contrasts_v1,generated_fact_224,POST4_TURNING,DELTA_TITLE,0.0388871431350708
gen4_native_mamba_phase_f_pair_level_contrasts_v1,generated_fact_225,POST4_TURNING,DELTA_TITLE,-0.05104231834411621
gen4_native_mamba_phase_f_pair_level_contrasts_v1,generated_fact_226,POST4_TURNING,DELTA_TITLE,-0.002129793167114258
gen4_native_mamba_phase_f_pair_level_contrasts_v1,generated_fact_227,POST4_TURNING,DELTA_TITLE,0.04169511795043945
gen4_native_mamba_phase_f_pair_level_contrasts_v1,generated_fact_228,POST4_TURNING,DELTA_TITLE,0.03712058067321777
gen4_native_mamba_phase_f_pair_level_contrasts_v1,generated_fact_229,POST4_TURNING,DELTA_TITLE,-0.03795766830444336
gen4_native_mamba_phase_f_pair_level_contrasts_v1,generated_fact_230,POST4_TURNING,DELTA_TITLE,-0.033650994300842285
gen4_native_mamba_phase_f_pair_level_contrasts_v1,generated_fact_231,POST4_TURNING,DELTA_TITLE,-0.056832313537597656
gen4_native_mamba_phase_f_pair_level_contrasts_v1,generated_fact_232,POST4_TURNING,DELTA_TITLE,0.026959657669067383
gen4_native_mamba_phase_f_pair_level_contrasts_v1,generated_fact_233,POST4_TURNING,DELTA_TITLE,0.02744126319885254
gen4_native_mamba_phase_f_pair_level_contrasts_v1,generated_fact_234,POST4_TURNING,DELTA_TITLE,0.00025272369384765625
gen4_native_mamba_phase_f_pair_level_contrasts_v1,generated_fact_235,POST4_TURNING,DELTA_TITLE,0.0015121698379516602
gen4_native_mamba_phase_f_pair_level_contrasts_v1,generated_fact_236,POST4_TURNING,DELTA_TITLE,0.030818462371826172
gen4_native_mamba_phase_f_pair_level_contrasts_v1,generated_fact_237,POST4_TURNING,DELTA_TITLE,-0.04236876964569092
gen4_native_mamba_phase_f_pair_level_contrasts_v1,generated_fact_238,POST4_TURNING,DELTA_TITLE,-0.0010093450546264648
gen4_native_mamba_phase_f_pair_level_contrasts_v1,generated_fact_239,POST4_TURNING,DELTA_TITLE,0.04203653335571289
gen4_native_mamba_phase_f_pair_level_contrasts_v1,generated_fact_240,POST4_TURNING,DELTA_TITLE,0.038800716400146484
gen4_native_mamba_phase_f_pair_level_contrasts_v1,generated_fact_241,POST4_TURNING,DELTA_TITLE,-0.032987356185913086
gen4_native_mamba_phase_f_pair_level_contrasts_v1,generated_fact_242,POST4_TURNING,DELTA_TITLE,-0.03479433059692383
gen4_native_mamba_phase_f_pair_level_contrasts_v1,generated_fact_243,POST4_TURNING,DELTA_TITLE,-0.06541693210601807
gen4_native_mamba_phase_f_pair_level_contrasts_v1,generated_fact_244,POST4_TURNING,DELTA_TITLE,0.02699565887451172
gen4_native_mamba_phase_f_pair_level_contrasts_v1,generated_fact_245,POST4_TURNING,DELTA_TITLE,0.02222883701324463
gen4_native_mamba_phase_f_pair_level_contrasts_v1,generated_fact_246,POST4_TURNING,DELTA_TITLE,-0.002450227737426758
gen4_native_mamba_phase_f_pair_level_contrasts_v1,generated_fact_247,POST4_TURNING,DELTA_TITLE,0.004479646682739258
gen4_native_mamba_phase_f_pair_level_contrasts_v1,generated_fact_248,POST4_TURNING,DELTA_TITLE,0.03382134437561035
gen4_native_mamba_phase_f_pair_level_contrasts_v1,generated_fact_249,POST4_TURNING,DELTA_TITLE,-0.05282127857208252
gen4_native_mamba_phase_f_pair_level_contrasts_v1,generated_fact_250,POST4_TURNING,DELTA_TITLE,-0.0011843442916870117
gen4_native_mamba_phase_f_pair_level_contrasts_v1,generated_fact_251,POST4_TURNING,DELTA_TITLE,0.03713500499725342
gen4_native_mamba_phase_f_pair_level_contrasts_v1,generated_fact_252,POST4_TURNING,DELTA_TITLE,0.03638505935668945
gen4_native_mamba_phase_f_pair_level_contrasts_v1,generated_fact_253,POST4_TURNING,DELTA_TITLE,-0.036147475242614746
gen4_native_mamba_phase_f_pair_level_contrasts_v1,generated_fact_254,POST4_TURNING,DELTA_TITLE,-0.03277444839477539
gen4_native_mamba_phase_f_pair_level_contrasts_v1,generated_fact_255,POST4_TURNING,DELTA_TITLE,-0.06417930126190186
gen4_native_mamba_phase_f_pair_level_contrasts_v1,generated_fact_256,POST4_TURNING,DELTA_TITLE,0.026176810264587402
gen4_native_mamba_phase_f_pair_level_contrasts_v1,generated_fact_257,POST4_TURNING,DELTA_TITLE,0.030082225799560547
gen4_native_mamba_phase_f_pair_level_contrasts_v1,generated_fact_258,POST4_TURNING,DELTA_TITLE,0.0003896951675415039
gen4_native_mamba_phase_f_pair_level_contrasts_v1,generated_fact_259,POST4_TURNING,DELTA_TITLE,0.0030556917190551758
gen4_native_mamba_phase_f_pair_level_contrasts_v1,generated_fact_260,POST4_TURNING,DELTA_TITLE,0.03600025177001953
gen4_native_mamba_phase_f_pair_level_contrasts_v1,generated_fact_261,POST4_TURNING,DELTA_TITLE,-0.05058908462524414
gen4_native_mamba_phase_f_pair_level_contrasts_v1,generated_fact_262,POST4_TURNING,DELTA_TITLE,-0.0014625787734985352
gen4_native_mamba_phase_f_pair_level_contrasts_v1,generated_fact_263,POST4_TURNING,DELTA_TITLE,0.0461040735244751
gen4_native_mamba_phase_f_pair_level_contrasts_v1,generated_fact_264,POST4_TURNING,DELTA_TITLE,0.04114365577697754
gen4_native_mamba_phase_f_pair_level_contrasts_v1,generated_fact_265,POST4_TURNING,DELTA_TITLE,-0.03948807716369629
gen4_native_mamba_phase_f_pair_level_contrasts_v1,generated_fact_266,POST4_TURNING,DELTA_TITLE,-0.02646958827972412
gen4_native_mamba_phase_f_pair_level_contrasts_v1,generated_fact_267,POST4_TURNING,DELTA_TITLE,-0.06252491474151611
gen4_native_mamba_phase_f_pair_level_contrasts_v1,generated_fact_268,POST4_TURNING,DELTA_TITLE,0.02733910083770752
gen4_native_mamba_phase_f_pair_level_contrasts_v1,generated_fact_269,POST4_TURNING,DELTA_TITLE,0.02879655361175537
gen4_native_mamba_phase_f_pair_level_contrasts_v1,generated_fact_270,POST4_TURNING,DELTA_TITLE,-0.001152634620666504
gen4_native_mamba_phase_f_pair_level_contrasts_v1,generated_fact_271,POST4_TURNING,DELTA_TITLE,-0.0001779794692993164
gen4_native_mamba_phase_f_pair_level_contrasts_v1,generated_fact_272,POST4_TURNING,DELTA_TITLE,0.0337754487991333
gen4_native_mamba_phase_f_pair_level_contrasts_v1,generated_fact_273,POST4_TURNING,DELTA_TITLE,-0.04464828968048096
gen4_native_mamba_phase_f_pair_level_contrasts_v1,generated_fact_274,POST4_TURNING,DELTA_TITLE,-0.0013962984085083008
gen4_native_mamba_phase_f_pair_level_contrasts_v1,generated_fact_275,POST4_TURNING,DELTA_TITLE,0.04309403896331787
gen4_native_mamba_phase_f_pair_level_contrasts_v1,generated_fact_276,POST4_TURNING,DELTA_TITLE,0.03993391990661621
gen4_native_mamba_phase_f_pair_level_contrasts_v1,generated_fact_277,POST4_TURNING,DELTA_TITLE,-0.03871417045593262
gen4_native_mamba_phase_f_pair_level_contrasts_v1,generated_fact_278,POST4_TURNING,DELTA_TITLE,-0.03975236415863037
gen4_native_mamba_phase_f_pair_level_contrasts_v1,generated_fact_279,POST4_TURNING,DELTA_TITLE,-0.0577540397644043
gen4_native_mamba_phase_f_pair_level_contrasts_v1,generated_fact_280,POST4_TURNING,DELTA_TITLE,0.027434110641479492
gen4_native_mamba_phase_f_pair_level_contrasts_v1,generated_fact_281,POST4_TURNING,DELTA_TITLE,0.025369882583618164
gen4_native_mamba_phase_f_pair_level_contrasts_v1,generated_fact_282,POST4_TURNING,DELTA_TITLE,0.0027344226837158203
gen4_native_mamba_phase_f_pair_level_contrasts_v1,generated_fact_283,POST4_TURNING,DELTA_TITLE,0.005102276802062988
gen4_native_mamba_phase_f_pair_level_contrasts_v1,generated_fact_284,POST4_TURNING,DELTA_TITLE,0.032353758811950684
gen4_native_mamba_phase_f_pair_level_contrasts_v1,generated_fact_285,POST4_TURNING,DELTA_TITLE,-0.051724910736083984
gen4_native_mamba_phase_f_pair_level_contrasts_v1,generated_fact_286,POST4_TURNING,DELTA_TITLE,-0.0008910894393920898
gen4_native_mamba_phase_f_pair_level_contrasts_v1,generated_fact_287,POST4_TURNING,DELTA_TITLE,0.03798496723175049
gen4_native_mamba_phase_f_pair_level_contrasts_v1,generated_fact_288,POST4_TURNING,DELTA_TITLE,0.03450798988342285
gen4_native_mamba_phase_f_pair_level_contrasts_v1,generated_fact_289,POST4_TURNING,DELTA_TITLE,-0.034410834312438965
gen4_native_mamba_phase_f_pair_level_contrasts_v1,generated_fact_290,POST4_TURNING,DELTA_TITLE,-0.031000137329101562
gen4_native_mamba_phase_f_pair_level_contrasts_v1,generated_fact_291,POST4_TURNING,DELTA_TITLE,-0.06072580814361572
gen4_native_mamba_phase_f_pair_level_contrasts_v1,generated_fact_292,POST4_TURNING,DELTA_TITLE,0.028719305992126465
gen4_native_mamba_phase_f_pair_level_contrasts_v1,generated_fact_293,POST4_TURNING,DELTA_TITLE,0.01975417137145996
gen4_native_mamba_phase_f_pair_level_contrasts_v1,generated_fact_294,POST4_TURNING,DELTA_TITLE,-0.0038071870803833008
gen4_native_mamba_phase_f_pair_level_contrasts_v1,generated_fact_295,POST4_TURNING,DELTA_TITLE,0.004005908966064453
gen4_native_mamba_phase_f_pair_level_contrasts_v1,generated_fact_296,POST4_TURNING,DELTA_TITLE,0.033014535903930664
gen4_native_mamba_phase_f_pair_level_contrasts_v1,generated_fact_297,POST4_TURNING,DELTA_TITLE,-0.05101752281188965
gen4_native_mamba_phase_f_pair_level_contrasts_v1,generated_fact_298,POST4_TURNING,DELTA_TITLE,-0.0019752979278564453
gen4_native_mamba_phase_f_pair_level_contrasts_v1,generated_fact_299,POST4_TURNING,DELTA_TITLE,0.041660308837890625
gen4_native_mamba_phase_f_pair_level_contrasts_v1,generated_fact_300,POST4_TURNING,DELTA_TITLE,0.035689353942871094
gen4_native_mamba_phase_f_pair_level_contrasts_v1,glacier_study,POST4_TURNING,DELTA_TITLE,-0.00360870361328125
gen4_native_mamba_phase_f_pair_level_contrasts_v1,harbor_upgrade,POST4_TURNING,DELTA_TITLE,0.01219189167022705
gen4_native_mamba_phase_f_pair_level_contrasts_v1,jazz_archive,POST4_TURNING,DELTA_TITLE,0.018939971923828125
gen4_native_mamba_phase_f_pair_level_contrasts_v1,language_program,POST4_TURNING,DELTA_TITLE,-0.0014363527297973633
gen4_native_mamba_phase_f_pair_level_contrasts_v1,library_digitization,POST4_TURNING,DELTA_TITLE,0.010766863822937012
gen4_native_mamba_phase_f_pair_level_contrasts_v1,market_renovation,POST4_TURNING,DELTA_TITLE,0.001385331153869629
gen4_native_mamba_phase_f_pair_level_contrasts_v1,museum_purchase,POST4_TURNING,DELTA_TITLE,0.03798484802246094
gen4_native_mamba_phase_f_pair_level_contrasts_v1,opera_premiere,POST4_TURNING,DELTA_TITLE,0.011457562446594238
gen4_native_mamba_phase_f_pair_level_contrasts_v1,orion_approval,POST4_TURNING,DELTA_TITLE,-0.014754772186279297
gen4_native_mamba_phase_f_pair_level_contrasts_v1,poetry_prize,POST4_TURNING,DELTA_TITLE,-0.04816901683807373
gen4_native_mamba_phase_f_pair_level_contrasts_v1,railway_restoration,POST4_TURNING,DELTA_TITLE,0.03467214107513428
gen4_native_mamba_phase_f_pair_level_contrasts_v1,reef_protection,POST4_TURNING,DELTA_TITLE,0.001742720603942871
gen4_native_mamba_phase_f_pair_level_contrasts_v1,robotics_championship,POST4_TURNING,DELTA_TITLE,0.022785305976867676
gen4_native_mamba_phase_f_pair_level_contrasts_v1,satellite_launch,POST4_TURNING,DELTA_TITLE,-0.022608518600463867
gen4_native_mamba_phase_f_pair_level_contrasts_v1,school_opening,POST4_TURNING,DELTA_TITLE,0.021300077438354492
gen4_native_mamba_phase_f_pair_level_contrasts_v1,solar_farm_contract,POST4_TURNING,DELTA_TITLE,0.05396544933319092
gen4_native_mamba_phase_f_pair_level_contrasts_v1,theater_restoration,POST4_TURNING,DELTA_TITLE,-0.050536274909973145
gen4_native_mamba_phase_f_pair_level_contrasts_v1,treaty_signature,POST4_TURNING,DELTA_TITLE,0.012224197387695312
gen4_native_mamba_phase_f_pair_level_contrasts_v1,vaccine_delivery,POST4_TURNING,DELTA_TITLE,0.0018846988677978516
gen4_native_mamba_phase_f_pair_level_contrasts_v1,volcano_observatory,POST4_TURNING,DELTA_TITLE,0.01585066318511963
gen4_native_mamba_phase_f_pair_level_contrasts_v1,wetland_restoration,POST4_TURNING,DELTA_TITLE,-0.01581883430480957
gen4_native_mamba_phase_f_pair_level_contrasts_v1,archive_release,POST4_TURNING,DELTA_NAME,-0.0012280941009521484
gen4_native_mamba_phase_f_pair_level_contrasts_v1,bridge_opening,POST4_TURNING,DELTA_NAME,-0.014181256294250488
gen4_native_mamba_phase_f_pair_level_contrasts_v1,canal_reopening,POST4_TURNING,DELTA_NAME,0.03710925579071045
gen4_native_mamba_phase_f_pair_level_contrasts_v1,clinic_expansion,POST4_TURNING,DELTA_NAME,-0.029163002967834473
gen4_native_mamba_phase_f_pair_level_contrasts_v1,dam_inspection,POST4_TURNING,DELTA_NAME,-0.007591724395751953
gen4_native_mamba_phase_f_pair_level_contrasts_v1,ferry_launch,POST4_TURNING,DELTA_NAME,-0.054152727127075195
gen4_native_mamba_phase_f_pair_level_contrasts_v1,festival_selection,POST4_TURNING,DELTA_NAME,-0.01840066909790039
gen4_native_mamba_phase_f_pair_level_contrasts_v1,forest_mapping,POST4_TURNING,DELTA_NAME,-0.001591801643371582
gen4_native_mamba_phase_f_pair_level_contrasts_v1,garden_award,POST4_TURNING,DELTA_NAME,-0.031435489654541016
gen4_native_mamba_phase_f_pair_level_contrasts_v1,generated_fact_031,POST4_TURNING,DELTA_NAME,-0.021460890769958496
gen4_native_mamba_phase_f_pair_level_contrasts_v1,generated_fact_032,POST4_TURNING,DELTA_NAME,-0.03824567794799805
gen4_native_mamba_phase_f_pair_level_contrasts_v1,generated_fact_033,POST4_TURNING,DELTA_NAME,0.03585469722747803
gen4_native_mamba_phase_f_pair_level_contrasts_v1,generated_fact_034,POST4_TURNING,DELTA_NAME,0.0013266801834106445
gen4_native_mamba_phase_f_pair_level_contrasts_v1,generated_fact_035,POST4_TURNING,DELTA_NAME,-0.0015026330947875977
gen4_native_mamba_phase_f_pair_level_contrasts_v1,generated_fact_036,POST4_TURNING,DELTA_NAME,0.01027524471282959
gen4_native_mamba_phase_f_pair_level_contrasts_v1,generated_fact_037,POST4_TURNING,DELTA_NAME,-0.00029587745666503906
gen4_native_mamba_phase_f_pair_level_contrasts_v1,generated_fact_038,POST4_TURNING,DELTA_NAME,-0.042461514472961426
gen4_native_mamba_phase_f_pair_level_contrasts_v1,generated_fact_039,POST4_TURNING,DELTA_NAME,0.028223156929016113
gen4_native_mamba_phase_f_pair_level_contrasts_v1,generated_fact_040,POST4_TURNING,DELTA_NAME,0.04890763759613037
gen4_native_mamba_phase_f_pair_level_contrasts_v1,generated_fact_041,POST4_TURNING,DELTA_NAME,-0.025629281997680664
gen4_native_mamba_phase_f_pair_level_contrasts_v1,generated_fact_042,POST4_TURNING,DELTA_NAME,-0.006076455116271973
gen4_native_mamba_phase_f_pair_level_contrasts_v1,generated_fact_043,POST4_TURNING,DELTA_NAME,-0.02158045768737793
gen4_native_mamba_phase_f_pair_level_contrasts_v1,generated_fact_044,POST4_TURNING,DELTA_NAME,-0.03813791275024414
gen4_native_mamba_phase_f_pair_level_contrasts_v1,generated_fact_045,POST4_TURNING,DELTA_NAME,0.03576314449310303
gen4_native_mamba_phase_f_pair_level_contrasts_v1,generated_fact_046,POST4_TURNING,DELTA_NAME,0.001093745231628418
gen4_native_mamba_phase_f_pair_level_contrasts_v1,generated_fact_047,POST4_TURNING,DELTA_NAME,-0.0020911693572998047
gen4_native_mamba_phase_f_pair_level_contrasts_v1,generated_fact_048,POST4_TURNING,DELTA_NAME,0.010309815406799316
gen4_native_mamba_phase_f_pair_level_contrasts_v1,generated_fact_049,POST4_TURNING,DELTA_NAME,7.3909759521484375e-06
gen4_native_mamba_phase_f_pair_level_contrasts_v1,generated_fact_050,POST4_TURNING,DELTA_NAME,-0.04243803024291992
gen4_native_mamba_phase_f_pair_level_contrasts_v1,generated_fact_051,POST4_TURNING,DELTA_NAME,0.02778327465057373
gen4_native_mamba_phase_f_pair_level_contrasts_v1,generated_fact_052,POST4_TURNING,DELTA_NAME,0.049120306968688965
gen4_native_mamba_phase_f_pair_level_contrasts_v1,generated_fact_053,POST4_TURNING,DELTA_NAME,-0.025371074676513672
gen4_native_mamba_phase_f_pair_level_contrasts_v1,generated_fact_054,POST4_TURNING,DELTA_NAME,-0.006120920181274414
gen4_native_mamba_phase_f_pair_level_contrasts_v1,generated_fact_055,POST4_TURNING,DELTA_NAME,-0.021087169647216797
gen4_native_mamba_phase_f_pair_level_contrasts_v1,generated_fact_056,POST4_TURNING,DELTA_NAME,-0.03812611103057861
gen4_native_mamba_phase_f_pair_level_contrasts_v1,generated_fact_057,POST4_TURNING,DELTA_NAME,0.035239338874816895
gen4_native_mamba_phase_f_pair_level_contrasts_v1,generated_fact_058,POST4_TURNING,DELTA_NAME,0.001543879508972168
gen4_native_mamba_phase_f_pair_level_contrasts_v1,generated_fact_059,POST4_TURNING,DELTA_NAME,-0.0017355680465698242
gen4_native_mamba_phase_f_pair_level_contrasts_v1,generated_fact_060,POST4_TURNING,DELTA_NAME,0.010674595832824707
gen4_native_mamba_phase_f_pair_level_contrasts_v1,generated_fact_061,POST4_TURNING,DELTA_NAME,0.0002899169921875
gen4_native_mamba_phase_f_pair_level_contrasts_v1,generated_fact_062,POST4_TURNING,DELTA_NAME,-0.04230809211730957
gen4_native_mamba_phase_f_pair_level_contrasts_v1,generated_fact_063,POST4_TURNING,DELTA_NAME,0.027852535247802734
gen4_native_mamba_phase_f_pair_level_contrasts_v1,generated_fact_064,POST4_TURNING,DELTA_NAME,0.0492931604385376
gen4_native_mamba_phase_f_pair_level_contrasts_v1,generated_fact_065,POST4_TURNING,DELTA_NAME,-0.02563774585723877
gen4_native_mamba_phase_f_pair_level_contrasts_v1,generated_fact_066,POST4_TURNING,DELTA_NAME,-0.006035923957824707
gen4_native_mamba_phase_f_pair_level_contrasts_v1,generated_fact_067,POST4_TURNING,DELTA_NAME,-0.021572470664978027
gen4_native_mamba_phase_f_pair_level_contrasts_v1,generated_fact_068,POST4_TURNING,DELTA_NAME,-0.03876543045043945
gen4_native_mamba_phase_f_pair_level_contrasts_v1,generated_fact_069,POST4_TURNING,DELTA_NAME,0.03570377826690674
gen4_native_mamba_phase_f_pair_level_contrasts_v1,generated_fact_070,POST4_TURNING,DELTA_NAME,0.0007348060607910156
gen4_native_mamba_phase_f_pair_level_contrasts_v1,generated_fact_071,POST4_TURNING,DELTA_NAME,-0.0018061399459838867
gen4_native_mamba_phase_f_pair_level_contrasts_v1,generated_fact_072,POST4_TURNING,DELTA_NAME,0.010766386985778809
gen4_native_mamba_phase_f_pair_level_contrasts_v1,generated_fact_073,POST4_TURNING,DELTA_NAME,-0.0001195669174194336
gen4_native_mamba_phase_f_pair_level_contrasts_v1,generated_fact_074,POST4_TURNING,DELTA_NAME,-0.042265892028808594
gen4_native_mamba_phase_f_pair_level_contrasts_v1,generated_fact_075,POST4_TURNING,DELTA_NAME,0.02806270122528076
gen4_native_mamba_phase_f_pair_level_contrasts_v1,generated_fact_076,POST4_TURNING,DELTA_NAME,0.04878890514373779
gen4_native_mamba_phase_f_pair_level_contrasts_v1,generated_fact_077,POST4_TURNING,DELTA_NAME,-0.024664759635925293
gen4_native_mamba_phase_f_pair_level_contrasts_v1,generated_fact_078,POST4_TURNING,DELTA_NAME,-0.005997776985168457
gen4_native_mamba_phase_f_pair_level_contrasts_v1,generated_fact_079,POST4_TURNING,DELTA_NAME,-0.021691083908081055
gen4_native_mamba_phase_f_pair_level_contrasts_v1,generated_fact_080,POST4_TURNING,DELTA_NAME,-0.03813314437866211
gen4_native_mamba_phase_f_pair_level_contrasts_v1,generated_fact_081,POST4_TURNING,DELTA_NAME,0.034864068031311035
gen4_native_mamba_phase_f_pair_level_contrasts_v1,generated_fact_082,POST4_TURNING,DELTA_NAME,0.0015860795974731445
gen4_native_mamba_phase_f_pair_level_contrasts_v1,generated_fact_083,POST4_TURNING,DELTA_NAME,-0.001221776008605957
gen4_native_mamba_phase_f_pair_level_contrasts_v1,generated_fact_084,POST4_TURNING,DELTA_NAME,0.010406255722045898
gen4_native_mamba_phase_f_pair_level_contrasts_v1,generated_fact_085,POST4_TURNING,DELTA_NAME,-1.2755393981933594e-05
gen4_native_mamba_phase_f_pair_level_contrasts_v1,generated_fact_086,POST4_TURNING,DELTA_NAME,-0.04244363307952881
gen4_native_mamba_phase_f_pair_level_contrasts_v1,generated_fact_087,POST4_TURNING,DELTA_NAME,0.028130650520324707
gen4_native_mamba_phase_f_pair_level_contrasts_v1,generated_fact_088,POST4_TURNING,DELTA_NAME,0.049401283264160156
gen4_native_mamba_phase_f_pair_level_contrasts_v1,generated_fact_089,POST4_TURNING,DELTA_NAME,-0.02513730525970459
gen4_native_mamba_phase_f_pair_level_contrasts_v1,generated_fact_090,POST4_TURNING,DELTA_NAME,-0.0061800479888916016
gen4_native_mamba_phase_f_pair_level_contrasts_v1,generated_fact_091,POST4_TURNING,DELTA_NAME,-0.02177286148071289
gen4_native_mamba_phase_f_pair_level_contrasts_v1,generated_fact_092,POST4_TURNING,DELTA_NAME,-0.03849458694458008
gen4_native_mamba_phase_f_pair_level_contrasts_v1,generated_fact_093,POST4_TURNING,DELTA_NAME,0.035996437072753906
gen4_native_mamba_phase_f_pair_level_contrasts_v1,generated_fact_094,POST4_TURNING,DELTA_NAME,0.0009610652923583984
gen4_native_mamba_phase_f_pair_level_contrasts_v1,generated_fact_095,POST4_TURNING,DELTA_NAME,-0.001273036003112793
gen4_native_mamba_phase_f_pair_level_contrasts_v1,generated_fact_096,POST4_TURNING,DELTA_NAME,0.0102311372756958
gen4_native_mamba_phase_f_pair_level_contrasts_v1,generated_fact_097,POST4_TURNING,DELTA_NAME,-0.00022554397583007812
gen4_native_mamba_phase_f_pair_level_contrasts_v1,generated_fact_098,POST4_TURNING,DELTA_NAME,-0.041968345642089844
gen4_native_mamba_phase_f_pair_level_contrasts_v1,generated_fact_099,POST4_TURNING,DELTA_NAME,0.02732241153717041
gen4_native_mamba_phase_f_pair_level_contrasts_v1,generated_fact_100,POST4_TURNING,DELTA_NAME,0.04932129383087158
gen4_native_mamba_phase_f_pair_level_contrasts_v1,generated_fact_101,POST4_TURNING,DELTA_NAME,-0.025343656539916992
gen4_native_mamba_phase_f_pair_level_contrasts_v1,generated_fact_102,POST4_TURNING,DELTA_NAME,-0.006286025047302246
gen4_native_mamba_phase_f_pair_level_contrasts_v1,generated_fact_103,POST4_TURNING,DELTA_NAME,-0.0211179256439209
gen4_native_mamba_phase_f_pair_level_contrasts_v1,generated_fact_104,POST4_TURNING,DELTA_NAME,-0.03825998306274414
gen4_native_mamba_phase_f_pair_level_contrasts_v1,generated_fact_105,POST4_TURNING,DELTA_NAME,0.03560793399810791
gen4_native_mamba_phase_f_pair_level_contrasts_v1,generated_fact_106,POST4_TURNING,DELTA_NAME,0.0009878873825073242
gen4_native_mamba_phase_f_pair_level_contrasts_v1,generated_fact_107,POST4_TURNING,DELTA_NAME,-0.0017899274826049805
gen4_native_mamba_phase_f_pair_level_contrasts_v1,generated_fact_108,POST4_TURNING,DELTA_NAME,0.010218143463134766
gen4_native_mamba_phase_f_pair_level_contrasts_v1,generated_fact_109,POST4_TURNING,DELTA_NAME,-4.076957702636719e-05
gen4_native_mamba_phase_f_pair_level_contrasts_v1,generated_fact_110,POST4_TURNING,DELTA_NAME,-0.04266071319580078
gen4_native_mamba_phase_f_pair_level_contrasts_v1,generated_fact_111,POST4_TURNING,DELTA_NAME,0.027422428131103516
gen4_native_mamba_phase_f_pair_level_contrasts_v1,generated_fact_112,POST4_TURNING,DELTA_NAME,0.04905438423156738
gen4_native_mamba_phase_f_pair_level_contrasts_v1,generated_fact_113,POST4_TURNING,DELTA_NAME,-0.024878263473510742
gen4_native_mamba_phase_f_pair_level_contrasts_v1,generated_fact_114,POST4_TURNING,DELTA_NAME,-0.0059735774993896484
gen4_native_mamba_phase_f_pair_level_contrasts_v1,generated_fact_115,POST4_TURNING,DELTA_NAME,-0.021955370903015137
gen4_native_mamba_phase_f_pair_level_contrasts_v1,generated_fact_116,POST4_TURNING,DELTA_NAME,-0.03855574131011963
gen4_native_mamba_phase_f_pair_level_contrasts_v1,generated_fact_117,POST4_TURNING,DELTA_NAME,0.036305785179138184
gen4_native_mamba_phase_f_pair_level_contrasts_v1,generated_fact_118,POST4_TURNING,DELTA_NAME,0.0010684728622436523
gen4_native_mamba_phase_f_pair_level_contrasts_v1,generated_fact_119,POST4_TURNING,DELTA_NAME,-0.0012305974960327148
gen4_native_mamba_phase_f_pair_level_contrasts_v1,generated_fact_120,POST4_TURNING,DELTA_NAME,0.010250687599182129
gen4_native_mamba_phase_f_pair_level_contrasts_v1,generated_fact_121,POST4_TURNING,DELTA_NAME,-0.00017774105072021484
gen4_native_mamba_phase_f_pair_level_contrasts_v1,generated_fact_122,POST4_TURNING,DELTA_NAME,-0.04177439212799072
gen4_native_mamba_phase_f_pair_level_contrasts_v1,generated_fact_123,POST4_TURNING,DELTA_NAME,0.027759075164794922
gen4_native_mamba_phase_f_pair_level_contrasts_v1,generated_fact_124,POST4_TURNING,DELTA_NAME,0.04820883274078369
gen4_native_mamba_phase_f_pair_level_contrasts_v1,generated_fact_125,POST4_TURNING,DELTA_NAME,-0.02550041675567627
gen4_native_mamba_phase_f_pair_level_contrasts_v1,generated_fact_126,POST4_TURNING,DELTA_NAME,-0.006271719932556152
gen4_native_mamba_phase_f_pair_level_contrasts_v1,generated_fact_127,POST4_TURNING,DELTA_NAME,-0.02109706401824951
gen4_native_mamba_phase_f_pair_level_contrasts_v1,generated_fact_128,POST4_TURNING,DELTA_NAME,-0.03791952133178711
gen4_native_mamba_phase_f_pair_level_contrasts_v1,generated_fact_129,POST4_TURNING,DELTA_NAME,0.03583264350891113
gen4_native_mamba_phase_f_pair_level_contrasts_v1,generated_fact_130,POST4_TURNING,DELTA_NAME,0.0016279220581054688
gen4_native_mamba_phase_f_pair_level_contrasts_v1,generated_fact_131,POST4_TURNING,DELTA_NAME,-0.001809239387512207
gen4_native_mamba_phase_f_pair_level_contrasts_v1,generated_fact_132,POST4_TURNING,DELTA_NAME,0.010206222534179688
gen4_native_mamba_phase_f_pair_level_contrasts_v1,generated_fact_133,POST4_TURNING,DELTA_NAME,0.00016021728515625
gen4_native_mamba_phase_f_pair_level_contrasts_v1,generated_fact_134,POST4_TURNING,DELTA_NAME,-0.04289233684539795
gen4_native_mamba_phase_f_pair_level_contrasts_v1,generated_fact_135,POST4_TURNING,DELTA_NAME,0.02777421474456787
gen4_native_mamba_phase_f_pair_level_contrasts_v1,generated_fact_136,POST4_TURNING,DELTA_NAME,0.04935121536254883
gen4_native_mamba_phase_f_pair_level_contrasts_v1,generated_fact_137,POST4_TURNING,DELTA_NAME,-0.02544224262237549
gen4_native_mamba_phase_f_pair_level_contrasts_v1,generated_fact_138,POST4_TURNING,DELTA_NAME,-0.006102442741394043
gen4_native_mamba_phase_f_pair_level_contrasts_v1,generated_fact_139,POST4_TURNING,DELTA_NAME,-0.02167809009552002
gen4_native_mamba_phase_f_pair_level_contrasts_v1,generated_fact_140,POST4_TURNING,DELTA_NAME,-0.03830409049987793
gen4_native_mamba_phase_f_pair_level_contrasts_v1,generated_fact_141,POST4_TURNING,DELTA_NAME,0.03595149517059326
gen4_native_mamba_phase_f_pair_level_contrasts_v1,generated_fact_142,POST4_TURNING,DELTA_NAME,0.001295328140258789
gen4_native_mamba_phase_f_pair_level_contrasts_v1,generated_fact_143,POST4_TURNING,DELTA_NAME,-0.001581430435180664
gen4_native_mamba_phase_f_pair_level_contrasts_v1,generated_fact_144,POST4_TURNING,DELTA_NAME,0.010465383529663086
gen4_native_mamba_phase_f_pair_level_contrasts_v1,generated_fact_145,POST4_TURNING,DELTA_NAME,0.00038874149322509766
gen4_native_mamba_phase_f_pair_level_contrasts_v1,generated_fact_146,POST4_TURNING,DELTA_NAME,-0.041884660720825195
gen4_native_mamba_phase_f_pair_level_contrasts_v1,generated_fact_147,POST4_TURNING,DELTA_NAME,0.027652978897094727
gen4_native_mamba_phase_f_pair_level_contrasts_v1,generated_fact_148,POST4_TURNING,DELTA_NAME,0.048751235008239746
gen4_native_mamba_phase_f_pair_level_contrasts_v1,generated_fact_149,POST4_TURNING,DELTA_NAME,-0.02560102939605713
gen4_native_mamba_phase_f_pair_level_contrasts_v1,generated_fact_150,POST4_TURNING,DELTA_NAME,-0.0059348344802856445
gen4_native_mamba_phase_f_pair_level_contrasts_v1,generated_fact_151,POST4_TURNING,DELTA_NAME,-0.020933032035827637
gen4_native_mamba_phase_f_pair_level_contrasts_v1,generated_fact_152,POST4_TURNING,DELTA_NAME,-0.0384671688079834
gen4_native_mamba_phase_f_pair_level_contrasts_v1,generated_fact_153,POST4_TURNING,DELTA_NAME,0.03538930416107178
gen4_native_mamba_phase_f_pair_level_contrasts_v1,generated_fact_154,POST4_TURNING,DELTA_NAME,0.0011432170867919922
gen4_native_mamba_phase_f_pair_level_contrasts_v1,generated_fact_155,POST4_TURNING,DELTA_NAME,-0.0018562078475952148
gen4_native_mamba_phase_f_pair_level_contrasts_v1,generated_fact_156,POST4_TURNING,DELTA_NAME,0.010677695274353027
gen4_native_mamba_phase_f_pair_level_contrasts_v1,generated_fact_157,POST4_TURNING,DELTA_NAME,-0.00025069713592529297
gen4_native_mamba_phase_f_pair_level_contrasts_v1,generated_fact_158,POST4_TURNING,DELTA_NAME,-0.04265952110290527
gen4_native_mamba_phase_f_pair_level_contrasts_v1,generated_fact_159,POST4_TURNING,DELTA_NAME,0.028014302253723145
gen4_native_mamba_phase_f_pair_level_contrasts_v1,generated_fact_160,POST4_TURNING,DELTA_NAME,0.04948878288269043
gen4_native_mamba_phase_f_pair_level_contrasts_v1,generated_fact_161,POST4_TURNING,DELTA_NAME,-0.024884939193725586
gen4_native_mamba_phase_f_pair_level_contrasts_v1,generated_fact_162,POST4_TURNING,DELTA_NAME,-0.005952358245849609
gen4_native_mamba_phase_f_pair_level_contrasts_v1,generated_fact_163,POST4_TURNING,DELTA_NAME,-0.022245049476623535
gen4_native_mamba_phase_f_pair_level_contrasts_v1,generated_fact_164,POST4_TURNING,DELTA_NAME,-0.03831684589385986
gen4_native_mamba_phase_f_pair_level_contrasts_v1,generated_fact_165,POST4_TURNING,DELTA_NAME,0.03561699390411377
gen4_native_mamba_phase_f_pair_level_contrasts_v1,generated_fact_166,POST4_TURNING,DELTA_NAME,0.0012291669845581055
gen4_native_mamba_phase_f_pair_level_contrasts_v1,generated_fact_167,POST4_TURNING,DELTA_NAME,-0.0011965036392211914
gen4_native_mamba_phase_f_pair_level_contrasts_v1,generated_fact_168,POST4_TURNING,DELTA_NAME,0.01022636890411377
gen4_native_mamba_phase_f_pair_level_contrasts_v1,generated_fact_169,POST4_TURNING,DELTA_NAME,-3.1828880310058594e-05
gen4_native_mamba_phase_f_pair_level_contrasts_v1,generated_fact_170,POST4_TURNING,DELTA_NAME,-0.04181361198425293
gen4_native_mamba_phase_f_pair_level_contrasts_v1,generated_fact_171,POST4_TURNING,DELTA_NAME,0.028313398361206055
gen4_native_mamba_phase_f_pair_level_contrasts_v1,generated_fact_172,POST4_TURNING,DELTA_NAME,0.04887723922729492
gen4_native_mamba_phase_f_pair_level_contrasts_v1,generated_fact_173,POST4_TURNING,DELTA_NAME,-0.025017619132995605
gen4_native_mamba_phase_f_pair_level_contrasts_v1,generated_fact_174,POST4_TURNING,DELTA_NAME,-0.006296753883361816
gen4_native_mamba_phase_f_pair_level_contrasts_v1,generated_fact_175,POST4_TURNING,DELTA_NAME,-0.021077275276184082
gen4_native_mamba_phase_f_pair_level_contrasts_v1,generated_fact_176,POST4_TURNING,DELTA_NAME,-0.038227200508117676
gen4_native_mamba_phase_f_pair_level_contrasts_v1,generated_fact_177,POST4_TURNING,DELTA_NAME,0.035663485527038574
gen4_native_mamba_phase_f_pair_level_contrasts_v1,generated_fact_178,POST4_TURNING,DELTA_NAME,0.0015349388122558594
gen4_native_mamba_phase_f_pair_level_contrasts_v1,generated_fact_179,POST4_TURNING,DELTA_NAME,-0.0013804435729980469
gen4_native_mamba_phase_f_pair_level_contrasts_v1,generated_fact_180,POST4_TURNING,DELTA_NAME,0.010463595390319824
gen4_native_mamba_phase_f_pair_level_contrasts_v1,generated_fact_181,POST4_TURNING,DELTA_NAME,-9.608268737792969e-05
gen4_native_mamba_phase_f_pair_level_contrasts_v1,generated_fact_182,POST4_TURNING,DELTA_NAME,-0.04239320755004883
gen4_native_mamba_phase_f_pair_level_contrasts_v1,generated_fact_183,POST4_TURNING,DELTA_NAME,0.02762424945831299
gen4_native_mamba_phase_f_pair_level_contrasts_v1,generated_fact_184,POST4_TURNING,DELTA_NAME,0.04935777187347412
gen4_native_mamba_phase_f_pair_level_contrasts_v1,generated_fact_185,POST4_TURNING,DELTA_NAME,-0.025241851806640625
gen4_native_mamba_phase_f_pair_level_contrasts_v1,generated_fact_186,POST4_TURNING,DELTA_NAME,-0.006387591361999512
gen4_native_mamba_phase_f_pair_level_contrasts_v1,generated_fact_187,POST4_TURNING,DELTA_NAME,-0.021706461906433105
gen4_native_mamba_phase_f_pair_level_contrasts_v1,generated_fact_188,POST4_TURNING,DELTA_NAME,-0.03834712505340576
gen4_native_mamba_phase_f_pair_level_contrasts_v1,generated_fact_189,POST4_TURNING,DELTA_NAME,0.035767316818237305
gen4_native_mamba_phase_f_pair_level_contrasts_v1,generated_fact_190,POST4_TURNING,DELTA_NAME,0.0007585287094116211
gen4_native_mamba_phase_f_pair_level_contrasts_v1,generated_fact_191,POST4_TURNING,DELTA_NAME,-0.0017321109771728516
gen4_native_mamba_phase_f_pair_level_contrasts_v1,generated_fact_192,POST4_TURNING,DELTA_NAME,0.010407209396362305
gen4_native_mamba_phase_f_pair_level_contrasts_v1,generated_fact_193,POST4_TURNING,DELTA_NAME,-7.62939453125e-05
gen4_native_mamba_phase_f_pair_level_contrasts_v1,generated_fact_194,POST4_TURNING,DELTA_NAME,-0.042020559310913086
gen4_native_mamba_phase_f_pair_level_contrasts_v1,generated_fact_195,POST4_TURNING,DELTA_NAME,0.027675747871398926
gen4_native_mamba_phase_f_pair_level_contrasts_v1,generated_fact_196,POST4_TURNING,DELTA_NAME,0.0486220121383667
gen4_native_mamba_phase_f_pair_level_contrasts_v1,generated_fact_197,POST4_TURNING,DELTA_NAME,-0.024859309196472168
gen4_native_mamba_phase_f_pair_level_contrasts_v1,generated_fact_198,POST4_TURNING,DELTA_NAME,-0.006206393241882324
gen4_native_mamba_phase_f_pair_level_contrasts_v1,generated_fact_199,POST4_TURNING,DELTA_NAME,-0.021325111389160156
gen4_native_mamba_phase_f_pair_level_contrasts_v1,generated_fact_200,POST4_TURNING,DELTA_NAME,-0.03822147846221924
gen4_native_mamba_phase_f_pair_level_contrasts_v1,generated_fact_201,POST4_TURNING,DELTA_NAME,0.03596222400665283
gen4_native_mamba_phase_f_pair_level_contrasts_v1,generated_fact_202,POST4_TURNING,DELTA_NAME,0.001420736312866211
gen4_native_mamba_phase_f_pair_level_contrasts_v1,generated_fact_203,POST4_TURNING,DELTA_NAME,-0.001315474510192871
gen4_native_mamba_phase_f_pair_level_contrasts_v1,generated_fact_204,POST4_TURNING,DELTA_NAME,0.010375022888183594
gen4_native_mamba_phase_f_pair_level_contrasts_v1,generated_fact_205,POST4_TURNING,DELTA_NAME,-0.00019347667694091797
gen4_native_mamba_phase_f_pair_level_contrasts_v1,generated_fact_206,POST4_TURNING,DELTA_NAME,-0.04211127758026123
gen4_native_mamba_phase_f_pair_level_contrasts_v1,generated_fact_207,POST4_TURNING,DELTA_NAME,0.027565956115722656
gen4_native_mamba_phase_f_pair_level_contrasts_v1,generated_fact_208,POST4_TURNING,DELTA_NAME,0.04889380931854248
gen4_native_mamba_phase_f_pair_level_contrasts_v1,generated_fact_209,POST4_TURNING,DELTA_NAME,-0.025478124618530273
gen4_native_mamba_phase_f_pair_level_contrasts_v1,generated_fact_210,POST4_TURNING,DELTA_NAME,-0.006114363670349121
gen4_native_mamba_phase_f_pair_level_contrasts_v1,generated_fact_211,POST4_TURNING,DELTA_NAME,-0.02159857749938965
gen4_native_mamba_phase_f_pair_level_contrasts_v1,generated_fact_212,POST4_TURNING,DELTA_NAME,-0.03795790672302246
gen4_native_mamba_phase_f_pair_level_contrasts_v1,generated_fact_213,POST4_TURNING,DELTA_NAME,0.036041855812072754
gen4_native_mamba_phase_f_pair_level_contrasts_v1,generated_fact_214,POST4_TURNING,DELTA_NAME,0.0011811256408691406
gen4_native_mamba_phase_f_pair_level_contrasts_v1,generated_fact_215,POST4_TURNING,DELTA_NAME,-0.0020154714584350586
gen4_native_mamba_phase_f_pair_level_contrasts_v1,generated_fact_216,POST4_TURNING,DELTA_NAME,0.010332822799682617
gen4_native_mamba_phase_f_pair_level_contrasts_v1,generated_fact_217,POST4_TURNING,DELTA_NAME,4.1961669921875e-05
gen4_native_mamba_phase_f_pair_level_contrasts_v1,generated_fact_218,POST4_TURNING,DELTA_NAME,-0.04235959053039551
gen4_native_mamba_phase_f_pair_level_contrasts_v1,generated_fact_219,POST4_TURNING,DELTA_NAME,0.027802109718322754
gen4_native_mamba_phase_f_pair_level_contrasts_v1,generated_fact_220,POST4_TURNING,DELTA_NAME,0.049019575119018555
gen4_native_mamba_phase_f_pair_level_contrasts_v1,generated_fact_221,POST4_TURNING,DELTA_NAME,-0.025339603424072266
gen4_native_mamba_phase_f_pair_level_contrasts_v1,generated_fact_222,POST4_TURNING,DELTA_NAME,-0.006157875061035156
gen4_native_mamba_phase_f_pair_level_contrasts_v1,generated_fact_223,POST4_TURNING,DELTA_NAME,-0.020924806594848633
gen4_native_mamba_phase_f_pair_level_contrasts_v1,generated_fact_224,POST4_TURNING,DELTA_NAME,-0.03804636001586914
gen4_native_mamba_phase_f_pair_level_contrasts_v1,generated_fact_225,POST4_TURNING,DELTA_NAME,0.03556680679321289
gen4_native_mamba_phase_f_pair_level_contrasts_v1,generated_fact_226,POST4_TURNING,DELTA_NAME,0.0016745328903198242
gen4_native_mamba_phase_f_pair_level_contrasts_v1,generated_fact_227,POST4_TURNING,DELTA_NAME,-0.001652359962463379
gen4_native_mamba_phase_f_pair_level_contrasts_v1,generated_fact_228,POST4_TURNING,DELTA_NAME,0.011004447937011719
gen4_native_mamba_phase_f_pair_level_contrasts_v1,generated_fact_229,POST4_TURNING,DELTA_NAME,0.00028264522552490234
gen4_native_mamba_phase_f_pair_level_contrasts_v1,generated_fact_230,POST4_TURNING,DELTA_NAME,-0.042298316955566406
gen4_native_mamba_phase_f_pair_level_contrasts_v1,generated_fact_231,POST4_TURNING,DELTA_NAME,0.027487874031066895
gen4_native_mamba_phase_f_pair_level_contrasts_v1,generated_fact_232,POST4_TURNING,DELTA_NAME,0.049062490463256836
gen4_native_mamba_phase_f_pair_level_contrasts_v1,generated_fact_233,POST4_TURNING,DELTA_NAME,-0.025771617889404297
gen4_native_mamba_phase_f_pair_level_contrasts_v1,generated_fact_234,POST4_TURNING,DELTA_NAME,-0.0060002803802490234
gen4_native_mamba_phase_f_pair_level_contrasts_v1,generated_fact_235,POST4_TURNING,DELTA_NAME,-0.02174067497253418
gen4_native_mamba_phase_f_pair_level_contrasts_v1,generated_fact_236,POST4_TURNING,DELTA_NAME,-0.0386354923248291
gen4_native_mamba_phase_f_pair_level_contrasts_v1,generated_fact_237,POST4_TURNING,DELTA_NAME,0.0357893705368042
gen4_native_mamba_phase_f_pair_level_contrasts_v1,generated_fact_238,POST4_TURNING,DELTA_NAME,0.0007241964340209961
gen4_native_mamba_phase_f_pair_level_contrasts_v1,generated_fact_239,POST4_TURNING,DELTA_NAME,-0.0020112991333007812
gen4_native_mamba_phase_f_pair_level_contrasts_v1,generated_fact_240,POST4_TURNING,DELTA_NAME,0.010911345481872559
gen4_native_mamba_phase_f_pair_level_contrasts_v1,generated_fact_241,POST4_TURNING,DELTA_NAME,-0.00018274784088134766
gen4_native_mamba_phase_f_pair_level_contrasts_v1,generated_fact_242,POST4_TURNING,DELTA_NAME,-0.04214215278625488
gen4_native_mamba_phase_f_pair_level_contrasts_v1,generated_fact_243,POST4_TURNING,DELTA_NAME,0.027986764907836914
gen4_native_mamba_phase_f_pair_level_contrasts_v1,generated_fact_244,POST4_TURNING,DELTA_NAME,0.048920631408691406
gen4_native_mamba_phase_f_pair_level_contrasts_v1,generated_fact_245,POST4_TURNING,DELTA_NAME,-0.024882793426513672
gen4_native_mamba_phase_f_pair_level_contrasts_v1,generated_fact_246,POST4_TURNING,DELTA_NAME,-0.006012558937072754
gen4_native_mamba_phase_f_pair_level_contrasts_v1,generated_fact_247,POST4_TURNING,DELTA_NAME,-0.021786808967590332
gen4_native_mamba_phase_f_pair_level_contrasts_v1,generated_fact_248,POST4_TURNING,DELTA_NAME,-0.037926554679870605
gen4_native_mamba_phase_f_pair_level_contrasts_v1,generated_fact_249,POST4_TURNING,DELTA_NAME,0.034979820251464844
gen4_native_mamba_phase_f_pair_level_contrasts_v1,generated_fact_250,POST4_TURNING,DELTA_NAME,0.001610398292541504
gen4_native_mamba_phase_f_pair_level_contrasts_v1,generated_fact_251,POST4_TURNING,DELTA_NAME,-0.001203775405883789
gen4_native_mamba_phase_f_pair_level_contrasts_v1,generated_fact_252,POST4_TURNING,DELTA_NAME,0.01064610481262207
gen4_native_mamba_phase_f_pair_level_contrasts_v1,generated_fact_253,POST4_TURNING,DELTA_NAME,5.829334259033203e-05
gen4_native_mamba_phase_f_pair_level_contrasts_v1,generated_fact_254,POST4_TURNING,DELTA_NAME,-0.04234886169433594
gen4_native_mamba_phase_f_pair_level_contrasts_v1,generated_fact_255,POST4_TURNING,DELTA_NAME,0.02790665626525879
gen4_native_mamba_phase_f_pair_level_contrasts_v1,generated_fact_256,POST4_TURNING,DELTA_NAME,0.04926729202270508
gen4_native_mamba_phase_f_pair_level_contrasts_v1,generated_fact_257,POST4_TURNING,DELTA_NAME,-0.025084257125854492
gen4_native_mamba_phase_f_pair_level_contrasts_v1,generated_fact_258,POST4_TURNING,DELTA_NAME,-0.006284117698669434
gen4_native_mamba_phase_f_pair_level_contrasts_v1,generated_fact_259,POST4_TURNING,DELTA_NAME,-0.021673917770385742
gen4_native_mamba_phase_f_pair_level_contrasts_v1,generated_fact_260,POST4_TURNING,DELTA_NAME,-0.038662075996398926
gen4_native_mamba_phase_f_pair_level_contrasts_v1,generated_fact_261,POST4_TURNING,DELTA_NAME,0.03611874580383301
gen4_native_mamba_phase_f_pair_level_contrasts_v1,generated_fact_262,POST4_TURNING,DELTA_NAME,0.001048445701599121
gen4_native_mamba_phase_f_pair_level_contrasts_v1,generated_fact_263,POST4_TURNING,DELTA_NAME,-0.0013494491577148438
gen4_native_mamba_phase_f_pair_level_contrasts_v1,generated_fact_264,POST4_TURNING,DELTA_NAME,0.010315775871276855
gen4_native_mamba_phase_f_pair_level_contrasts_v1,generated_fact_265,POST4_TURNING,DELTA_NAME,2.002716064453125e-05
gen4_native_mamba_phase_f_pair_level_contrasts_v1,generated_fact_266,POST4_TURNING,DELTA_NAME,-0.041977524757385254
gen4_native_mamba_phase_f_pair_level_contrasts_v1,generated_fact_267,POST4_TURNING,DELTA_NAME,0.02769601345062256
gen4_native_mamba_phase_f_pair_level_contrasts_v1,generated_fact_268,POST4_TURNING,DELTA_NAME,0.04891514778137207
gen4_native_mamba_phase_f_pair_level_contrasts_v1,generated_fact_269,POST4_TURNING,DELTA_NAME,-0.025183439254760742
gen4_native_mamba_phase_f_pair_level_contrasts_v1,generated_fact_270,POST4_TURNING,DELTA_NAME,-0.006376504898071289
gen4_native_mamba_phase_f_pair_level_contrasts_v1,generated_fact_271,POST4_TURNING,DELTA_NAME,-0.021131038665771484
gen4_native_mamba_phase_f_pair_level_contrasts_v1,generated_fact_272,POST4_TURNING,DELTA_NAME,-0.037897467613220215
gen4_native_mamba_phase_f_pair_level_contrasts_v1,generated_fact_273,POST4_TURNING,DELTA_NAME,0.03547191619873047
gen4_native_mamba_phase_f_pair_level_contrasts_v1,generated_fact_274,POST4_TURNING,DELTA_NAME,0.001305699348449707
gen4_native_mamba_phase_f_pair_level_contrasts_v1,generated_fact_275,POST4_TURNING,DELTA_NAME,-0.0019680261611938477
gen4_native_mamba_phase_f_pair_level_contrasts_v1,generated_fact_276,POST4_TURNING,DELTA_NAME,0.010463476181030273
gen4_native_mamba_phase_f_pair_level_contrasts_v1,generated_fact_277,POST4_TURNING,DELTA_NAME,-9.965896606445312e-05
gen4_native_mamba_phase_f_pair_level_contrasts_v1,generated_fact_278,POST4_TURNING,DELTA_NAME,-0.04265320301055908
gen4_native_mamba_phase_f_pair_level_contrasts_v1,generated_fact_279,POST4_TURNING,DELTA_NAME,0.027514338493347168
gen4_native_mamba_phase_f_pair_level_contrasts_v1,generated_fact_280,POST4_TURNING,DELTA_NAME,0.04909861087799072
gen4_native_mamba_phase_f_pair_level_contrasts_v1,generated_fact_281,POST4_TURNING,DELTA_NAME,-0.02495098114013672
gen4_native_mamba_phase_f_pair_level_contrasts_v1,generated_fact_282,POST4_TURNING,DELTA_NAME,-0.006006121635437012
gen4_native_mamba_phase_f_pair_level_contrasts_v1,generated_fact_283,POST4_TURNING,DELTA_NAME,-0.02186596393585205
gen4_native_mamba_phase_f_pair_level_contrasts_v1,generated_fact_284,POST4_TURNING,DELTA_NAME,-0.03831768035888672
gen4_native_mamba_phase_f_pair_level_contrasts_v1,generated_fact_285,POST4_TURNING,DELTA_NAME,0.036482810974121094
gen4_native_mamba_phase_f_pair_level_contrasts_v1,generated_fact_286,POST4_TURNING,DELTA_NAME,0.0010181665420532227
gen4_native_mamba_phase_f_pair_level_contrasts_v1,generated_fact_287,POST4_TURNING,DELTA_NAME,-0.0013848543167114258
gen4_native_mamba_phase_f_pair_level_contrasts_v1,generated_fact_288,POST4_TURNING,DELTA_NAME,0.010341525077819824
gen4_native_mamba_phase_f_pair_level_contrasts_v1,generated_fact_289,POST4_TURNING,DELTA_NAME,-0.00027632713317871094
gen4_native_mamba_phase_f_pair_level_contrasts_v1,generated_fact_290,POST4_TURNING,DELTA_NAME,-0.0417100191116333
gen4_native_mamba_phase_f_pair_level_contrasts_v1,generated_fact_291,POST4_TURNING,DELTA_NAME,0.027707338333129883
gen4_native_mamba_phase_f_pair_level_contrasts_v1,generated_fact_292,POST4_TURNING,DELTA_NAME,0.048432230949401855
gen4_native_mamba_phase_f_pair_level_contrasts_v1,generated_fact_293,POST4_TURNING,DELTA_NAME,-0.02569258213043213
gen4_native_mamba_phase_f_pair_level_contrasts_v1,generated_fact_294,POST4_TURNING,DELTA_NAME,-0.0061876773834228516
gen4_native_mamba_phase_f_pair_level_contrasts_v1,generated_fact_295,POST4_TURNING,DELTA_NAME,-0.0211031436920166
gen4_native_mamba_phase_f_pair_level_contrasts_v1,generated_fact_296,POST4_TURNING,DELTA_NAME,-0.03759121894836426
gen4_native_mamba_phase_f_pair_level_contrasts_v1,generated_fact_297,POST4_TURNING,DELTA_NAME,0.03562116622924805
gen4_native_mamba_phase_f_pair_level_contrasts_v1,generated_fact_298,POST4_TURNING,DELTA_NAME,0.0014753341674804688
gen4_native_mamba_phase_f_pair_level_contrasts_v1,generated_fact_299,POST4_TURNING,DELTA_NAME,-0.001730203628540039
gen4_native_mamba_phase_f_pair_level_contrasts_v1,generated_fact_300,POST4_TURNING,DELTA_NAME,0.010392427444458008
gen4_native_mamba_phase_f_pair_level_contrasts_v1,glacier_study,POST4_TURNING,DELTA_NAME,-0.012408614158630371
gen4_native_mamba_phase_f_pair_level_contrasts_v1,harbor_upgrade,POST4_TURNING,DELTA_NAME,0.007565975189208984
gen4_native_mamba_phase_f_pair_level_contrasts_v1,jazz_archive,POST4_TURNING,DELTA_NAME,-0.05108523368835449
gen4_native_mamba_phase_f_pair_level_contrasts_v1,language_program,POST4_TURNING,DELTA_NAME,0.014249444007873535
gen4_native_mamba_phase_f_pair_level_contrasts_v1,library_digitization,POST4_TURNING,DELTA_NAME,-0.011214613914489746
gen4_native_mamba_phase_f_pair_level_contrasts_v1,market_renovation,POST4_TURNING,DELTA_NAME,-0.050205111503601074
gen4_native_mamba_phase_f_pair_level_contrasts_v1,museum_purchase,POST4_TURNING,DELTA_NAME,0.05024063587188721
gen4_native_mamba_phase_f_pair_level_contrasts_v1,opera_premiere,POST4_TURNING,DELTA_NAME,0.00536501407623291
gen4_native_mamba_phase_f_pair_level_contrasts_v1,orion_approval,POST4_TURNING,DELTA_NAME,-0.028007149696350098
gen4_native_mamba_phase_f_pair_level_contrasts_v1,poetry_prize,POST4_TURNING,DELTA_NAME,-0.016829848289489746
gen4_native_mamba_phase_f_pair_level_contrasts_v1,railway_restoration,POST4_TURNING,DELTA_NAME,-0.03685736656188965
gen4_native_mamba_phase_f_pair_level_contrasts_v1,reef_protection,POST4_TURNING,DELTA_NAME,0.009557962417602539
gen4_native_mamba_phase_f_pair_level_contrasts_v1,robotics_championship,POST4_TURNING,DELTA_NAME,0.06163311004638672
gen4_native_mamba_phase_f_pair_level_contrasts_v1,satellite_launch,POST4_TURNING,DELTA_NAME,-0.006665349006652832
gen4_native_mamba_phase_f_pair_level_contrasts_v1,school_opening,POST4_TURNING,DELTA_NAME,-0.0508880615234375
gen4_native_mamba_phase_f_pair_level_contrasts_v1,solar_farm_contract,POST4_TURNING,DELTA_NAME,-0.006745815277099609
gen4_native_mamba_phase_f_pair_level_contrasts_v1,theater_restoration,POST4_TURNING,DELTA_NAME,0.016494274139404297
gen4_native_mamba_phase_f_pair_level_contrasts_v1,treaty_signature,POST4_TURNING,DELTA_NAME,-0.020018935203552246
gen4_native_mamba_phase_f_pair_level_contrasts_v1,vaccine_delivery,POST4_TURNING,DELTA_NAME,0.027235865592956543
gen4_native_mamba_phase_f_pair_level_contrasts_v1,volcano_observatory,POST4_TURNING,DELTA_NAME,-0.024283528327941895
gen4_native_mamba_phase_f_pair_level_contrasts_v1,wetland_restoration,POST4_TURNING,DELTA_NAME,-0.03460133075714111
gen4_native_mamba_phase_f_pair_level_contrasts_v1,archive_release,POST4_TURNING,DELTA_ROLE,-0.02768123149871826
gen4_native_mamba_phase_f_pair_level_contrasts_v1,bridge_opening,POST4_TURNING,DELTA_ROLE,-0.07063102722167969
gen4_native_mamba_phase_f_pair_level_contrasts_v1,canal_reopening,POST4_TURNING,DELTA_ROLE,0.005548834800720215
gen4_native_mamba_phase_f_pair_level_contrasts_v1,clinic_expansion,POST4_TURNING,DELTA_ROLE,0.009831070899963379
gen4_native_mamba_phase_f_pair_level_contrasts_v1,dam_inspection,POST4_TURNING,DELTA_ROLE,-0.005948781967163086
gen4_native_mamba_phase_f_pair_level_contrasts_v1,ferry_launch,POST4_TURNING,DELTA_ROLE,-0.031339406967163086
gen4_native_mamba_phase_f_pair_level_contrasts_v1,festival_selection,POST4_TURNING,DELTA_ROLE,0.01336967945098877
gen4_native_mamba_phase_f_pair_level_contrasts_v1,forest_mapping,POST4_TURNING,DELTA_ROLE,0.010182023048400879
gen4_native_mamba_phase_f_pair_level_contrasts_v1,garden_award,POST4_TURNING,DELTA_ROLE,0.010551929473876953
gen4_native_mamba_phase_f_pair_level_contrasts_v1,generated_fact_031,POST4_TURNING,DELTA_ROLE,-0.02087688446044922
gen4_native_mamba_phase_f_pair_level_contrasts_v1,generated_fact_032,POST4_TURNING,DELTA_ROLE,0.013300180435180664
gen4_native_mamba_phase_f_pair_level_contrasts_v1,generated_fact_033,POST4_TURNING,DELTA_ROLE,-0.0021266937255859375
gen4_native_mamba_phase_f_pair_level_contrasts_v1,generated_fact_034,POST4_TURNING,DELTA_ROLE,-0.0012404918670654297
gen4_native_mamba_phase_f_pair_level_contrasts_v1,generated_fact_035,POST4_TURNING,DELTA_ROLE,-0.002780437469482422
gen4_native_mamba_phase_f_pair_level_contrasts_v1,generated_fact_036,POST4_TURNING,DELTA_ROLE,-0.013757824897766113
gen4_native_mamba_phase_f_pair_level_contrasts_v1,generated_fact_037,POST4_TURNING,DELTA_ROLE,-0.014958858489990234
gen4_native_mamba_phase_f_pair_level_contrasts_v1,generated_fact_038,POST4_TURNING,DELTA_ROLE,0.027010798454284668
gen4_native_mamba_phase_f_pair_level_contrasts_v1,generated_fact_039,POST4_TURNING,DELTA_ROLE,-0.002374410629272461
gen4_native_mamba_phase_f_pair_level_contrasts_v1,generated_fact_040,POST4_TURNING,DELTA_ROLE,-0.0038710832595825195
gen4_native_mamba_phase_f_pair_level_contrasts_v1,generated_fact_041,POST4_TURNING,DELTA_ROLE,-0.01500999927520752
gen4_native_mamba_phase_f_pair_level_contrasts_v1,generated_fact_042,POST4_TURNING,DELTA_ROLE,-0.014070391654968262
gen4_native_mamba_phase_f_pair_level_contrasts_v1,generated_fact_043,POST4_TURNING,DELTA_ROLE,-0.0054776668548583984
gen4_native_mamba_phase_f_pair_level_contrasts_v1,generated_fact_044,POST4_TURNING,DELTA_ROLE,0.039340972900390625
gen4_native_mamba_phase_f_pair_level_contrasts_v1,generated_fact_045,POST4_TURNING,DELTA_ROLE,-0.003901362419128418
gen4_native_mamba_phase_f_pair_level_contrasts_v1,generated_fact_046,POST4_TURNING,DELTA_ROLE,0.006360530853271484
gen4_native_mamba_phase_f_pair_level_contrasts_v1,generated_fact_047,POST4_TURNING,DELTA_ROLE,-0.022310376167297363
gen4_native_mamba_phase_f_pair_level_contrasts_v1,generated_fact_048,POST4_TURNING,DELTA_ROLE,-0.01369941234588623
gen4_native_mamba_phase_f_pair_level_contrasts_v1,generated_fact_049,POST4_TURNING,DELTA_ROLE,-0.003056168556213379
gen4_native_mamba_phase_f_pair_level_contrasts_v1,generated_fact_050,POST4_TURNING,DELTA_ROLE,0.01808011531829834
gen4_native_mamba_phase_f_pair_level_contrasts_v1,generated_fact_051,POST4_TURNING,DELTA_ROLE,0.001315474510192871
gen4_native_mamba_phase_f_pair_level_contrasts_v1,generated_fact_052,POST4_TURNING,DELTA_ROLE,0.008523106575012207
gen4_native_mamba_phase_f_pair_level_contrasts_v1,generated_fact_053,POST4_TURNING,DELTA_ROLE,-0.018140792846679688
gen4_native_mamba_phase_f_pair_level_contrasts_v1,generated_fact_054,POST4_TURNING,DELTA_ROLE,-0.0014625787734985352
gen4_native_mamba_phase_f_pair_level_contrasts_v1,generated_fact_055,POST4_TURNING,DELTA_ROLE,-0.01095271110534668
gen4_native_mamba_phase_f_pair_level_contrasts_v1,generated_fact_056,POST4_TURNING,DELTA_ROLE,0.020449161529541016
gen4_native_mamba_phase_f_pair_level_contrasts_v1,generated_fact_057,POST4_TURNING,DELTA_ROLE,0.0002338886260986328
gen4_native_mamba_phase_f_pair_level_contrasts_v1,generated_fact_058,POST4_TURNING,DELTA_ROLE,0.0139923095703125
gen4_native_mamba_phase_f_pair_level_contrasts_v1,generated_fact_059,POST4_TURNING,DELTA_ROLE,-0.02035200595855713
gen4_native_mamba_phase_f_pair_level_contrasts_v1,generated_fact_060,POST4_TURNING,DELTA_ROLE,-0.01069033145904541
gen4_native_mamba_phase_f_pair_level_contrasts_v1,generated_fact_061,POST4_TURNING,DELTA_ROLE,-0.006214737892150879
gen4_native_mamba_phase_f_pair_level_contrasts_v1,generated_fact_062,POST4_TURNING,DELTA_ROLE,0.026326537132263184
gen4_native_mamba_phase_f_pair_level_contrasts_v1,generated_fact_063,POST4_TURNING,DELTA_ROLE,0.00926828384399414
gen4_native_mamba_phase_f_pair_level_contrasts_v1,generated_fact_064,POST4_TURNING,DELTA_ROLE,-0.0035409927368164062
gen4_native_mamba_phase_f_pair_level_contrasts_v1,generated_fact_065,POST4_TURNING,DELTA_ROLE,-0.04136466979980469
gen4_native_mamba_phase_f_pair_level_contrasts_v1,generated_fact_066,POST4_TURNING,DELTA_ROLE,-0.005380153656005859
gen4_native_mamba_phase_f_pair_level_contrasts_v1,generated_fact_067,POST4_TURNING,DELTA_ROLE,-0.017061471939086914
gen4_native_mamba_phase_f_pair_level_contrasts_v1,generated_fact_068,POST4_TURNING,DELTA_ROLE,0.028440475463867188
gen4_native_mamba_phase_f_pair_level_contrasts_v1,generated_fact_069,POST4_TURNING,DELTA_ROLE,-0.0005869865417480469
gen4_native_mamba_phase_f_pair_level_contrasts_v1,generated_fact_070,POST4_TURNING,DELTA_ROLE,-0.0006812810897827148
gen4_native_mamba_phase_f_pair_level_contrasts_v1,generated_fact_071,POST4_TURNING,DELTA_ROLE,0.004701375961303711
gen4_native_mamba_phase_f_pair_level_contrasts_v1,generated_fact_072,POST4_TURNING,DELTA_ROLE,-0.013584375381469727
gen4_native_mamba_phase_f_pair_level_contrasts_v1,generated_fact_073,POST4_TURNING,DELTA_ROLE,-0.018332362174987793
gen4_native_mamba_phase_f_pair_level_contrasts_v1,generated_fact_074,POST4_TURNING,DELTA_ROLE,0.017445921897888184
gen4_native_mamba_phase_f_pair_level_contrasts_v1,generated_fact_075,POST4_TURNING,DELTA_ROLE,-0.0012772083282470703
gen4_native_mamba_phase_f_pair_level_contrasts_v1,generated_fact_076,POST4_TURNING,DELTA_ROLE,-0.004746198654174805
gen4_native_mamba_phase_f_pair_level_contrasts_v1,generated_fact_077,POST4_TURNING,DELTA_ROLE,-0.02376258373260498
gen4_native_mamba_phase_f_pair_level_contrasts_v1,generated_fact_078,POST4_TURNING,DELTA_ROLE,-0.008017778396606445
gen4_native_mamba_phase_f_pair_level_contrasts_v1,generated_fact_079,POST4_TURNING,DELTA_ROLE,-0.018270254135131836
gen4_native_mamba_phase_f_pair_level_contrasts_v1,generated_fact_080,POST4_TURNING,DELTA_ROLE,0.02382373809814453
gen4_native_mamba_phase_f_pair_level_contrasts_v1,generated_fact_081,POST4_TURNING,DELTA_ROLE,-0.0021992921829223633
gen4_native_mamba_phase_f_pair_level_contrasts_v1,generated_fact_082,POST4_TURNING,DELTA_ROLE,-0.0019882917404174805
gen4_native_mamba_phase_f_pair_level_contrasts_v1,generated_fact_083,POST4_TURNING,DELTA_ROLE,7.903575897216797e-05
gen4_native_mamba_phase_f_pair_level_contrasts_v1,generated_fact_084,POST4_TURNING,DELTA_ROLE,-0.02313828468322754
gen4_native_mamba_phase_f_pair_level_contrasts_v1,generated_fact_085,POST4_TURNING,DELTA_ROLE,-0.002506732940673828
gen4_native_mamba_phase_f_pair_level_contrasts_v1,generated_fact_086,POST4_TURNING,DELTA_ROLE,0.042582035064697266
gen4_native_mamba_phase_f_pair_level_contrasts_v1,generated_fact_087,POST4_TURNING,DELTA_ROLE,-0.0024118423461914062
gen4_native_mamba_phase_f_pair_level_contrasts_v1,generated_fact_088,POST4_TURNING,DELTA_ROLE,0.003322601318359375
gen4_native_mamba_phase_f_pair_level_contrasts_v1,generated_fact_089,POST4_TURNING,DELTA_ROLE,-0.03855013847351074
gen4_native_mamba_phase_f_pair_level_contrasts_v1,generated_fact_090,POST4_TURNING,DELTA_ROLE,-0.008381247520446777
gen4_native_mamba_phase_f_pair_level_contrasts_v1,generated_fact_091,POST4_TURNING,DELTA_ROLE,-0.0066242218017578125
gen4_native_mamba_phase_f_pair_level_contrasts_v1,generated_fact_092,POST4_TURNING,DELTA_ROLE,0.010983586311340332
gen4_native_mamba_phase_f_pair_level_contrasts_v1,generated_fact_093,POST4_TURNING,DELTA_ROLE,-0.0018756389617919922
gen4_native_mamba_phase_f_pair_level_contrasts_v1,generated_fact_094,POST4_TURNING,DELTA_ROLE,0.01242518424987793
gen4_native_mamba_phase_f_pair_level_contrasts_v1,generated_fact_095,POST4_TURNING,DELTA_ROLE,-0.001481771469116211
gen4_native_mamba_phase_f_pair_level_contrasts_v1,generated_fact_096,POST4_TURNING,DELTA_ROLE,-0.004822254180908203
gen4_native_mamba_phase_f_pair_level_contrasts_v1,generated_fact_097,POST4_TURNING,DELTA_ROLE,-0.011023998260498047
gen4_native_mamba_phase_f_pair_level_contrasts_v1,generated_fact_098,POST4_TURNING,DELTA_ROLE,0.023137927055358887
gen4_native_mamba_phase_f_pair_level_contrasts_v1,generated_fact_099,POST4_TURNING,DELTA_ROLE,0.0008627176284790039
gen4_native_mamba_phase_f_pair_level_contrasts_v1,generated_fact_100,POST4_TURNING,DELTA_ROLE,0.009901285171508789
gen4_native_mamba_phase_f_pair_level_contrasts_v1,generated_fact_101,POST4_TURNING,DELTA_ROLE,-0.038553833961486816
gen4_native_mamba_phase_f_pair_level_contrasts_v1,generated_fact_102,POST4_TURNING,DELTA_ROLE,-0.007354736328125
gen4_native_mamba_phase_f_pair_level_contrasts_v1,generated_fact_103,POST4_TURNING,DELTA_ROLE,-0.007754802703857422
gen4_native_mamba_phase_f_pair_level_contrasts_v1,generated_fact_104,POST4_TURNING,DELTA_ROLE,0.01886284351348877
gen4_native_mamba_phase_f_pair_level_contrasts_v1,generated_fact_105,POST4_TURNING,DELTA_ROLE,0.0050574541091918945
gen4_native_mamba_phase_f_pair_level_contrasts_v1,generated_fact_106,POST4_TURNING,DELTA_ROLE,-0.0009911060333251953
gen4_native_mamba_phase_f_pair_level_contrasts_v1,generated_fact_107,POST4_TURNING,DELTA_ROLE,-0.02510809898376465
gen4_native_mamba_phase_f_pair_level_contrasts_v1,generated_fact_108,POST4_TURNING,DELTA_ROLE,-0.011463165283203125
gen4_native_mamba_phase_f_pair_level_contrasts_v1,generated_fact_109,POST4_TURNING,DELTA_ROLE,-0.015179157257080078
gen4_native_mamba_phase_f_pair_level_contrasts_v1,generated_fact_110,POST4_TURNING,DELTA_ROLE,0.032889366149902344
gen4_native_mamba_phase_f_pair_level_contrasts_v1,generated_fact_111,POST4_TURNING,DELTA_ROLE,0.001973390579223633
gen4_native_mamba_phase_f_pair_level_contrasts_v1,generated_fact_112,POST4_TURNING,DELTA_ROLE,-0.0033843517303466797
gen4_native_mamba_phase_f_pair_level_contrasts_v1,generated_fact_113,POST4_TURNING,DELTA_ROLE,-0.01715075969696045
gen4_native_mamba_phase_f_pair_level_contrasts_v1,generated_fact_114,POST4_TURNING,DELTA_ROLE,-0.005518198013305664
gen4_native_mamba_phase_f_pair_level_contrasts_v1,generated_fact_115,POST4_TURNING,DELTA_ROLE,-0.021055936813354492
gen4_native_mamba_phase_f_pair_level_contrasts_v1,generated_fact_116,POST4_TURNING,DELTA_ROLE,0.013215065002441406
gen4_native_mamba_phase_f_pair_level_contrasts_v1,generated_fact_117,POST4_TURNING,DELTA_ROLE,-0.001936197280883789
gen4_native_mamba_phase_f_pair_level_contrasts_v1,generated_fact_118,POST4_TURNING,DELTA_ROLE,-0.0010678768157958984
gen4_native_mamba_phase_f_pair_level_contrasts_v1,generated_fact_119,POST4_TURNING,DELTA_ROLE,-0.0025652647018432617
gen4_native_mamba_phase_f_pair_level_contrasts_v1,generated_fact_120,POST4_TURNING,DELTA_ROLE,-0.013561606407165527
gen4_native_mamba_phase_f_pair_level_contrasts_v1,generated_fact_121,POST4_TURNING,DELTA_ROLE,-0.014757394790649414
gen4_native_mamba_phase_f_pair_level_contrasts_v1,generated_fact_122,POST4_TURNING,DELTA_ROLE,0.02767324447631836
gen4_native_mamba_phase_f_pair_level_contrasts_v1,generated_fact_123,POST4_TURNING,DELTA_ROLE,-0.0028684139251708984
gen4_native_mamba_phase_f_pair_level_contrasts_v1,generated_fact_124,POST4_TURNING,DELTA_ROLE,-0.003420591354370117
gen4_native_mamba_phase_f_pair_level_contrasts_v1,generated_fact_125,POST4_TURNING,DELTA_ROLE,-0.01539754867553711
gen4_native_mamba_phase_f_pair_level_contrasts_v1,generated_fact_126,POST4_TURNING,DELTA_ROLE,-0.014224648475646973
gen4_native_mamba_phase_f_pair_level_contrasts_v1,generated_fact_127,POST4_TURNING,DELTA_ROLE,-0.005782604217529297
gen4_native_mamba_phase_f_pair_level_contrasts_v1,generated_fact_128,POST4_TURNING,DELTA_ROLE,0.039560556411743164
gen4_native_mamba_phase_f_pair_level_contrasts_v1,generated_fact_129,POST4_TURNING,DELTA_ROLE,-0.004254579544067383
gen4_native_mamba_phase_f_pair_level_contrasts_v1,generated_fact_130,POST4_TURNING,DELTA_ROLE,0.006597638130187988
gen4_native_mamba_phase_f_pair_level_contrasts_v1,generated_fact_131,POST4_TURNING,DELTA_ROLE,-0.022794246673583984
gen4_native_mamba_phase_f_pair_level_contrasts_v1,generated_fact_132,POST4_TURNING,DELTA_ROLE,-0.013610005378723145
gen4_native_mamba_phase_f_pair_level_contrasts_v1,generated_fact_133,POST4_TURNING,DELTA_ROLE,-0.003247857093811035
gen4_native_mamba_phase_f_pair_level_contrasts_v1,generated_fact_134,POST4_TURNING,DELTA_ROLE,0.0182192325592041
gen4_native_mamba_phase_f_pair_level_contrasts_v1,generated_fact_135,POST4_TURNING,DELTA_ROLE,0.0017132759094238281
gen4_native_mamba_phase_f_pair_level_contrasts_v1,generated_fact_136,POST4_TURNING,DELTA_ROLE,0.008181214332580566
gen4_native_mamba_phase_f_pair_level_contrasts_v1,generated_fact_137,POST4_TURNING,DELTA_ROLE,-0.017790675163269043
gen4_native_mamba_phase_f_pair_level_contrasts_v1,generated_fact_138,POST4_TURNING,DELTA_ROLE,-0.0015270709991455078
gen4_native_mamba_phase_f_pair_level_contrasts_v1,generated_fact_139,POST4_TURNING,DELTA_ROLE,-0.010811328887939453
gen4_native_mamba_phase_f_pair_level_contrasts_v1,generated_fact_140,POST4_TURNING,DELTA_ROLE,0.020556926727294922
gen4_native_mamba_phase_f_pair_level_contrasts_v1,generated_fact_141,POST4_TURNING,DELTA_ROLE,0.00020229816436767578
gen4_native_mamba_phase_f_pair_level_contrasts_v1,generated_fact_142,POST4_TURNING,DELTA_ROLE,0.014049053192138672
gen4_native_mamba_phase_f_pair_level_contrasts_v1,generated_fact_143,POST4_TURNING,DELTA_ROLE,-0.019854187965393066
gen4_native_mamba_phase_f_pair_level_contrasts_v1,generated_fact_144,POST4_TURNING,DELTA_ROLE,-0.010642766952514648
gen4_native_mamba_phase_f_pair_level_contrasts_v1,generated_fact_145,POST4_TURNING,DELTA_ROLE,-0.006088972091674805
gen4_native_mamba_phase_f_pair_level_contrasts_v1,generated_fact_146,POST4_TURNING,DELTA_ROLE,0.025986313819885254
gen4_native_mamba_phase_f_pair_level_contrasts_v1,generated_fact_147,POST4_TURNING,DELTA_ROLE,0.00924670696258545
gen4_native_mamba_phase_f_pair_level_contrasts_v1,generated_fact_148,POST4_TURNING,DELTA_ROLE,-0.0032045841217041016
gen4_native_mamba_phase_f_pair_level_contrasts_v1,generated_fact_149,POST4_TURNING,DELTA_ROLE,-0.04150831699371338
gen4_native_mamba_phase_f_pair_level_contrasts_v1,generated_fact_150,POST4_TURNING,DELTA_ROLE,-0.005364418029785156
gen4_native_mamba_phase_f_pair_level_contrasts_v1,generated_fact_151,POST4_TURNING,DELTA_ROLE,-0.017107248306274414
gen4_native_mamba_phase_f_pair_level_contrasts_v1,generated_fact_152,POST4_TURNING,DELTA_ROLE,0.028399109840393066
gen4_native_mamba_phase_f_pair_level_contrasts_v1,generated_fact_153,POST4_TURNING,DELTA_ROLE,-0.0006111860275268555
gen4_native_mamba_phase_f_pair_level_contrasts_v1,generated_fact_154,POST4_TURNING,DELTA_ROLE,-0.0007755756378173828
gen4_native_mamba_phase_f_pair_level_contrasts_v1,generated_fact_155,POST4_TURNING,DELTA_ROLE,0.004380345344543457
gen4_native_mamba_phase_f_pair_level_contrasts_v1,generated_fact_156,POST4_TURNING,DELTA_ROLE,-0.01378476619720459
gen4_native_mamba_phase_f_pair_level_contrasts_v1,generated_fact_157,POST4_TURNING,DELTA_ROLE,-0.018533706665039062
gen4_native_mamba_phase_f_pair_level_contrasts_v1,generated_fact_158,POST4_TURNING,DELTA_ROLE,0.017350077629089355
gen4_native_mamba_phase_f_pair_level_contrasts_v1,generated_fact_159,POST4_TURNING,DELTA_ROLE,-0.0010932683944702148
gen4_native_mamba_phase_f_pair_level_contrasts_v1,generated_fact_160,POST4_TURNING,DELTA_ROLE,-0.004998326301574707
gen4_native_mamba_phase_f_pair_level_contrasts_v1,generated_fact_161,POST4_TURNING,DELTA_ROLE,-0.022858619689941406
gen4_native_mamba_phase_f_pair_level_contrasts_v1,generated_fact_162,POST4_TURNING,DELTA_ROLE,-0.007628440856933594
gen4_native_mamba_phase_f_pair_level_contrasts_v1,generated_fact_163,POST4_TURNING,DELTA_ROLE,-0.018140196800231934
gen4_native_mamba_phase_f_pair_level_contrasts_v1,generated_fact_164,POST4_TURNING,DELTA_ROLE,0.023874402046203613
gen4_native_mamba_phase_f_pair_level_contrasts_v1,generated_fact_165,POST4_TURNING,DELTA_ROLE,-0.0017877817153930664
gen4_native_mamba_phase_f_pair_level_contrasts_v1,generated_fact_166,POST4_TURNING,DELTA_ROLE,-0.0021309852600097656
gen4_native_mamba_phase_f_pair_level_contrasts_v1,generated_fact_167,POST4_TURNING,DELTA_ROLE,0.0003725290298461914
gen4_native_mamba_phase_f_pair_level_contrasts_v1,generated_fact_168,POST4_TURNING,DELTA_ROLE,-0.0230562686920166
gen4_native_mamba_phase_f_pair_level_contrasts_v1,generated_fact_169,POST4_TURNING,DELTA_ROLE,-0.002129793167114258
gen4_native_mamba_phase_f_pair_level_contrasts_v1,generated_fact_170,POST4_TURNING,DELTA_ROLE,0.0423053503036499
gen4_native_mamba_phase_f_pair_level_contrasts_v1,generated_fact_171,POST4_TURNING,DELTA_ROLE,-0.0026917457580566406
gen4_native_mamba_phase_f_pair_level_contrasts_v1,generated_fact_172,POST4_TURNING,DELTA_ROLE,0.0037653446197509766
gen4_native_mamba_phase_f_pair_level_contrasts_v1,generated_fact_173,POST4_TURNING,DELTA_ROLE,-0.038702964782714844
gen4_native_mamba_phase_f_pair_level_contrasts_v1,generated_fact_174,POST4_TURNING,DELTA_ROLE,-0.008511185646057129
gen4_native_mamba_phase_f_pair_level_contrasts_v1,generated_fact_175,POST4_TURNING,DELTA_ROLE,-0.00647425651550293
gen4_native_mamba_phase_f_pair_level_contrasts_v1,generated_fact_176,POST4_TURNING,DELTA_ROLE,0.010660886764526367
gen4_native_mamba_phase_f_pair_level_contrasts_v1,generated_fact_177,POST4_TURNING,DELTA_ROLE,-0.0018572807312011719
gen4_native_mamba_phase_f_pair_level_contrasts_v1,generated_fact_178,POST4_TURNING,DELTA_ROLE,0.012413263320922852
gen4_native_mamba_phase_f_pair_level_contrasts_v1,generated_fact_179,POST4_TURNING,DELTA_ROLE,-0.001739501953125
gen4_native_mamba_phase_f_pair_level_contrasts_v1,generated_fact_180,POST4_TURNING,DELTA_ROLE,-0.005050063133239746
gen4_native_mamba_phase_f_pair_level_contrasts_v1,generated_fact_181,POST4_TURNING,DELTA_ROLE,-0.011188864707946777
gen4_native_mamba_phase_f_pair_level_contrasts_v1,generated_fact_182,POST4_TURNING,DELTA_ROLE,0.022907257080078125
gen4_native_mamba_phase_f_pair_level_contrasts_v1,generated_fact_183,POST4_TURNING,DELTA_ROLE,0.0010265111923217773
gen4_native_mamba_phase_f_pair_level_contrasts_v1,generated_fact_184,POST4_TURNING,DELTA_ROLE,0.009652137756347656
gen4_native_mamba_phase_f_pair_level_contrasts_v1,generated_fact_185,POST4_TURNING,DELTA_ROLE,-0.03846538066864014
gen4_native_mamba_phase_f_pair_level_contrasts_v1,generated_fact_186,POST4_TURNING,DELTA_ROLE,-0.007007002830505371
gen4_native_mamba_phase_f_pair_level_contrasts_v1,generated_fact_187,POST4_TURNING,DELTA_ROLE,-0.007737398147583008
gen4_native_mamba_phase_f_pair_level_contrasts_v1,generated_fact_188,POST4_TURNING,DELTA_ROLE,0.019036293029785156
gen4_native_mamba_phase_f_pair_level_contrasts_v1,generated_fact_189,POST4_TURNING,DELTA_ROLE,0.005040168762207031
gen4_native_mamba_phase_f_pair_level_contrasts_v1,generated_fact_190,POST4_TURNING,DELTA_ROLE,-0.0010356903076171875
gen4_native_mamba_phase_f_pair_level_contrasts_v1,generated_fact_191,POST4_TURNING,DELTA_ROLE,-0.024517059326171875
gen4_native_mamba_phase_f_pair_level_contrasts_v1,generated_fact_192,POST4_TURNING,DELTA_ROLE,-0.011443853378295898
gen4_native_mamba_phase_f_pair_level_contrasts_v1,generated_fact_193,POST4_TURNING,DELTA_ROLE,-0.015143632888793945
gen4_native_mamba_phase_f_pair_level_contrasts_v1,generated_fact_194,POST4_TURNING,DELTA_ROLE,0.0328369140625
gen4_native_mamba_phase_f_pair_level_contrasts_v1,generated_fact_195,POST4_TURNING,DELTA_ROLE,0.0018962621688842773
gen4_native_mamba_phase_f_pair_level_contrasts_v1,generated_fact_196,POST4_TURNING,DELTA_ROLE,-0.0030525922775268555
gen4_native_mamba_phase_f_pair_level_contrasts_v1,generated_fact_197,POST4_TURNING,DELTA_ROLE,-0.017593979835510254
gen4_native_mamba_phase_f_pair_level_contrasts_v1,generated_fact_198,POST4_TURNING,DELTA_ROLE,-0.005630016326904297
gen4_native_mamba_phase_f_pair_level_contrasts_v1,generated_fact_199,POST4_TURNING,DELTA_ROLE,-0.021123170852661133
gen4_native_mamba_phase_f_pair_level_contrasts_v1,generated_fact_200,POST4_TURNING,DELTA_ROLE,0.012947916984558105
gen4_native_mamba_phase_f_pair_level_contrasts_v1,generated_fact_201,POST4_TURNING,DELTA_ROLE,-0.0023714303970336914
gen4_native_mamba_phase_f_pair_level_contrasts_v1,generated_fact_202,POST4_TURNING,DELTA_ROLE,-0.0008002519607543945
gen4_native_mamba_phase_f_pair_level_contrasts_v1,generated_fact_203,POST4_TURNING,DELTA_ROLE,-0.0026818513870239258
gen4_native_mamba_phase_f_pair_level_contrasts_v1,generated_fact_204,POST4_TURNING,DELTA_ROLE,-0.013724565505981445
gen4_native_mamba_phase_f_pair_level_contrasts_v1,generated_fact_205,POST4_TURNING,DELTA_ROLE,-0.01510167121887207
gen4_native_mamba_phase_f_pair_level_contrasts_v1,generated_fact_206,POST4_TURNING,DELTA_ROLE,0.02713322639465332
gen4_native_mamba_phase_f_pair_level_contrasts_v1,generated_fact_207,POST4_TURNING,DELTA_ROLE,-0.002494215965270996
gen4_native_mamba_phase_f_pair_level_contrasts_v1,generated_fact_208,POST4_TURNING,DELTA_ROLE,-0.0037523508071899414
gen4_native_mamba_phase_f_pair_level_contrasts_v1,generated_fact_209,POST4_TURNING,DELTA_ROLE,-0.014965295791625977
gen4_native_mamba_phase_f_pair_level_contrasts_v1,generated_fact_210,POST4_TURNING,DELTA_ROLE,-0.01421356201171875
gen4_native_mamba_phase_f_pair_level_contrasts_v1,generated_fact_211,POST4_TURNING,DELTA_ROLE,-0.005650520324707031
gen4_native_mamba_phase_f_pair_level_contrasts_v1,generated_fact_212,POST4_TURNING,DELTA_ROLE,0.03914642333984375
gen4_native_mamba_phase_f_pair_level_contrasts_v1,generated_fact_213,POST4_TURNING,DELTA_ROLE,-0.003960132598876953
gen4_native_mamba_phase_f_pair_level_contrasts_v1,generated_fact_214,POST4_TURNING,DELTA_ROLE,0.006484389305114746
gen4_native_mamba_phase_f_pair_level_contrasts_v1,generated_fact_215,POST4_TURNING,DELTA_ROLE,-0.022251009941101074
gen4_native_mamba_phase_f_pair_level_contrasts_v1,generated_fact_216,POST4_TURNING,DELTA_ROLE,-0.013583183288574219
gen4_native_mamba_phase_f_pair_level_contrasts_v1,generated_fact_217,POST4_TURNING,DELTA_ROLE,-0.00297391414642334
gen4_native_mamba_phase_f_pair_level_contrasts_v1,generated_fact_218,POST4_TURNING,DELTA_ROLE,0.017822623252868652
gen4_native_mamba_phase_f_pair_level_contrasts_v1,generated_fact_219,POST4_TURNING,DELTA_ROLE,0.001289963722229004
gen4_native_mamba_phase_f_pair_level_contrasts_v1,generated_fact_220,POST4_TURNING,DELTA_ROLE,0.008532881736755371
gen4_native_mamba_phase_f_pair_level_contrasts_v1,generated_fact_221,POST4_TURNING,DELTA_ROLE,-0.017841696739196777
gen4_native_mamba_phase_f_pair_level_contrasts_v1,generated_fact_222,POST4_TURNING,DELTA_ROLE,-0.0015385150909423828
gen4_native_mamba_phase_f_pair_level_contrasts_v1,generated_fact_223,POST4_TURNING,DELTA_ROLE,-0.010930538177490234
gen4_native_mamba_phase_f_pair_level_contrasts_v1,generated_fact_224,POST4_TURNING,DELTA_ROLE,0.020421147346496582
gen4_native_mamba_phase_f_pair_level_contrasts_v1,generated_fact_225,POST4_TURNING,DELTA_ROLE,0.0002040863037109375
gen4_native_mamba_phase_f_pair_level_contrasts_v1,generated_fact_226,POST4_TURNING,DELTA_ROLE,0.014187455177307129
gen4_native_mamba_phase_f_pair_level_contrasts_v1,generated_fact_227,POST4_TURNING,DELTA_ROLE,-0.020437002182006836
gen4_native_mamba_phase_f_pair_level_contrasts_v1,generated_fact_228,POST4_TURNING,DELTA_ROLE,-0.010636448860168457
gen4_native_mamba_phase_f_pair_level_contrasts_v1,generated_fact_229,POST4_TURNING,DELTA_ROLE,-0.006519794464111328
gen4_native_mamba_phase_f_pair_level_contrasts_v1,generated_fact_230,POST4_TURNING,DELTA_ROLE,0.02643299102783203
gen4_native_mamba_phase_f_pair_level_contrasts_v1,generated_fact_231,POST4_TURNING,DELTA_ROLE,0.009186387062072754
gen4_native_mamba_phase_f_pair_level_contrasts_v1,generated_fact_232,POST4_TURNING,DELTA_ROLE,-0.003501415252685547
gen4_native_mamba_phase_f_pair_level_contrasts_v1,generated_fact_233,POST4_TURNING,DELTA_ROLE,-0.041245102882385254
gen4_native_mamba_phase_f_pair_level_contrasts_v1,generated_fact_234,POST4_TURNING,DELTA_ROLE,-0.005526304244995117
gen4_native_mamba_phase_f_pair_level_contrasts_v1,generated_fact_235,POST4_TURNING,DELTA_ROLE,-0.016963481903076172
gen4_native_mamba_phase_f_pair_level_contrasts_v1,generated_fact_236,POST4_TURNING,DELTA_ROLE,0.02832484245300293
gen4_native_mamba_phase_f_pair_level_contrasts_v1,generated_fact_237,POST4_TURNING,DELTA_ROLE,-0.0002917051315307617
gen4_native_mamba_phase_f_pair_level_contrasts_v1,generated_fact_238,POST4_TURNING,DELTA_ROLE,-0.0005134344100952148
gen4_native_mamba_phase_f_pair_level_contrasts_v1,generated_fact_239,POST4_TURNING,DELTA_ROLE,0.004706382751464844
gen4_native_mamba_phase_f_pair_level_contrasts_v1,generated_fact_240,POST4_TURNING,DELTA_ROLE,-0.013661384582519531
gen4_native_mamba_phase_f_pair_level_contrasts_v1,generated_fact_241,POST4_TURNING,DELTA_ROLE,-0.01836872100830078
gen4_native_mamba_phase_f_pair_level_contrasts_v1,generated_fact_242,POST4_TURNING,DELTA_ROLE,0.017228007316589355
gen4_native_mamba_phase_f_pair_level_contrasts_v1,generated_fact_243,POST4_TURNING,DELTA_ROLE,-0.0011104345321655273
gen4_native_mamba_phase_f_pair_level_contrasts_v1,generated_fact_244,POST4_TURNING,DELTA_ROLE,-0.004824519157409668
gen4_native_mamba_phase_f_pair_level_contrasts_v1,generated_fact_245,POST4_TURNING,DELTA_ROLE,-0.023471713066101074
gen4_native_mamba_phase_f_pair_level_contrasts_v1,generated_fact_246,POST4_TURNING,DELTA_ROLE,-0.008109807968139648
gen4_native_mamba_phase_f_pair_level_contrasts_v1,generated_fact_247,POST4_TURNING,DELTA_ROLE,-0.018375873565673828
gen4_native_mamba_phase_f_pair_level_contrasts_v1,generated_fact_248,POST4_TURNING,DELTA_ROLE,0.023906469345092773
gen4_native_mamba_phase_f_pair_level_contrasts_v1,generated_fact_249,POST4_TURNING,DELTA_ROLE,-0.0020682811737060547
gen4_native_mamba_phase_f_pair_level_contrasts_v1,generated_fact_250,POST4_TURNING,DELTA_ROLE,-0.0019491910934448242
gen4_native_mamba_phase_f_pair_level_contrasts_v1,generated_fact_251,POST4_TURNING,DELTA_ROLE,0.0004781484603881836
gen4_native_mamba_phase_f_pair_level_contrasts_v1,generated_fact_252,POST4_TURNING,DELTA_ROLE,-0.023224234580993652
gen4_native_mamba_phase_f_pair_level_contrasts_v1,generated_fact_253,POST4_TURNING,DELTA_ROLE,-0.0023447275161743164
gen4_native_mamba_phase_f_pair_level_contrasts_v1,generated_fact_254,POST4_TURNING,DELTA_ROLE,0.042551279067993164
gen4_native_mamba_phase_f_pair_level_contrasts_v1,generated_fact_255,POST4_TURNING,DELTA_ROLE,-0.002192854881286621
gen4_native_mamba_phase_f_pair_level_contrasts_v1,generated_fact_256,POST4_TURNING,DELTA_ROLE,0.003489971160888672
gen4_native_mamba_phase_f_pair_level_contrasts_v1,generated_fact_257,POST4_TURNING,DELTA_ROLE,-0.03850841522216797
gen4_native_mamba_phase_f_pair_level_contrasts_v1,generated_fact_258,POST4_TURNING,DELTA_ROLE,-0.00842130184173584
gen4_native_mamba_phase_f_pair_level_contrasts_v1,generated_fact_259,POST4_TURNING,DELTA_ROLE,-0.006351947784423828
gen4_native_mamba_phase_f_pair_level_contrasts_v1,generated_fact_260,POST4_TURNING,DELTA_ROLE,0.010838627815246582
gen4_native_mamba_phase_f_pair_level_contrasts_v1,generated_fact_261,POST4_TURNING,DELTA_ROLE,-0.0017788410186767578
gen4_native_mamba_phase_f_pair_level_contrasts_v1,generated_fact_262,POST4_TURNING,DELTA_ROLE,0.012421846389770508
gen4_native_mamba_phase_f_pair_level_contrasts_v1,generated_fact_263,POST4_TURNING,DELTA_ROLE,-0.001517176628112793
gen4_native_mamba_phase_f_pair_level_contrasts_v1,generated_fact_264,POST4_TURNING,DELTA_ROLE,-0.005136370658874512
gen4_native_mamba_phase_f_pair_level_contrasts_v1,generated_fact_265,POST4_TURNING,DELTA_ROLE,-0.010869979858398438
gen4_native_mamba_phase_f_pair_level_contrasts_v1,generated_fact_266,POST4_TURNING,DELTA_ROLE,0.0231783390045166
gen4_native_mamba_phase_f_pair_level_contrasts_v1,generated_fact_267,POST4_TURNING,DELTA_ROLE,0.0007032155990600586
gen4_native_mamba_phase_f_pair_level_contrasts_v1,generated_fact_268,POST4_TURNING,DELTA_ROLE,0.009804248809814453
gen4_native_mamba_phase_f_pair_level_contrasts_v1,generated_fact_269,POST4_TURNING,DELTA_ROLE,-0.03868269920349121
gen4_native_mamba_phase_f_pair_level_contrasts_v1,generated_fact_270,POST4_TURNING,DELTA_ROLE,-0.007526516914367676
gen4_native_mamba_phase_f_pair_level_contrasts_v1,generated_fact_271,POST4_TURNING,DELTA_ROLE,-0.007644772529602051
gen4_native_mamba_phase_f_pair_level_contrasts_v1,generated_fact_272,POST4_TURNING,DELTA_ROLE,0.018753647804260254
gen4_native_mamba_phase_f_pair_level_contrasts_v1,generated_fact_273,POST4_TURNING,DELTA_ROLE,0.004995226860046387
gen4_native_mamba_phase_f_pair_level_contrasts_v1,generated_fact_274,POST4_TURNING,DELTA_ROLE,-0.0009357929229736328
gen4_native_mamba_phase_f_pair_level_contrasts_v1,generated_fact_275,POST4_TURNING,DELTA_ROLE,-0.024855852127075195
gen4_native_mamba_phase_f_pair_level_contrasts_v1,generated_fact_276,POST4_TURNING,DELTA_ROLE,-0.011726737022399902
gen4_native_mamba_phase_f_pair_level_contrasts_v1,generated_fact_277,POST4_TURNING,DELTA_ROLE,-0.015184879302978516
gen4_native_mamba_phase_f_pair_level_contrasts_v1,generated_fact_278,POST4_TURNING,DELTA_ROLE,0.03301405906677246
gen4_native_mamba_phase_f_pair_level_contrasts_v1,generated_fact_279,POST4_TURNING,DELTA_ROLE,0.002341747283935547
gen4_native_mamba_phase_f_pair_level_contrasts_v1,generated_fact_280,POST4_TURNING,DELTA_ROLE,-0.003380298614501953
gen4_native_mamba_phase_f_pair_level_contrasts_v1,generated_fact_281,POST4_TURNING,DELTA_ROLE,-0.016910672187805176
gen4_native_mamba_phase_f_pair_level_contrasts_v1,generated_fact_282,POST4_TURNING,DELTA_ROLE,-0.0055692195892333984
gen4_native_mamba_phase_f_pair_level_contrasts_v1,generated_fact_283,POST4_TURNING,DELTA_ROLE,-0.020955562591552734
gen4_native_mamba_phase_f_pair_level_contrasts_v1,generated_fact_284,POST4_TURNING,DELTA_ROLE,0.013196825981140137
gen4_native_mamba_phase_f_pair_level_contrasts_v1,generated_fact_285,POST4_TURNING,DELTA_ROLE,-0.0019632577896118164
gen4_native_mamba_phase_f_pair_level_contrasts_v1,generated_fact_286,POST4_TURNING,DELTA_ROLE,-0.0011638402938842773
gen4_native_mamba_phase_f_pair_level_contrasts_v1,generated_fact_287,POST4_TURNING,DELTA_ROLE,-0.0023279190063476562
gen4_native_mamba_phase_f_pair_level_contrasts_v1,generated_fact_288,POST4_TURNING,DELTA_ROLE,-0.013647675514221191
gen4_native_mamba_phase_f_pair_level_contrasts_v1,generated_fact_289,POST4_TURNING,DELTA_ROLE,-0.014593005180358887
gen4_native_mamba_phase_f_pair_level_contrasts_v1,generated_fact_290,POST4_TURNING,DELTA_ROLE,0.02743232250213623
gen4_native_mamba_phase_f_pair_level_contrasts_v1,generated_fact_291,POST4_TURNING,DELTA_ROLE,-0.0026772022247314453
gen4_native_mamba_phase_f_pair_level_contrasts_v1,generated_fact_292,POST4_TURNING,DELTA_ROLE,-0.0034935474395751953
gen4_native_mamba_phase_f_pair_level_contrasts_v1,generated_fact_293,POST4_TURNING,DELTA_ROLE,-0.015209436416625977
gen4_native_mamba_phase_f_pair_level_contrasts_v1,generated_fact_294,POST4_TURNING,DELTA_ROLE,-0.01415395736694336
gen4_native_mamba_phase_f_pair_level_contrasts_v1,generated_fact_295,POST4_TURNING,DELTA_ROLE,-0.005674242973327637
gen4_native_mamba_phase_f_pair_level_contrasts_v1,generated_fact_296,POST4_TURNING,DELTA_ROLE,0.039133310317993164
gen4_native_mamba_phase_f_pair_level_contrasts_v1,generated_fact_297,POST4_TURNING,DELTA_ROLE,-0.004285693168640137
gen4_native_mamba_phase_f_pair_level_contrasts_v1,generated_fact_298,POST4_TURNING,DELTA_ROLE,0.006775021553039551
gen4_native_mamba_phase_f_pair_level_contrasts_v1,generated_fact_299,POST4_TURNING,DELTA_ROLE,-0.022400498390197754
gen4_native_mamba_phase_f_pair_level_contrasts_v1,generated_fact_300,POST4_TURNING,DELTA_ROLE,-0.013821840286254883
gen4_native_mamba_phase_f_pair_level_contrasts_v1,glacier_study,POST4_TURNING,DELTA_ROLE,-0.02171790599822998
gen4_native_mamba_phase_f_pair_level_contrasts_v1,harbor_upgrade,POST4_TURNING,DELTA_ROLE,0.009947061538696289
gen4_native_mamba_phase_f_pair_level_contrasts_v1,jazz_archive,POST4_TURNING,DELTA_ROLE,0.007312178611755371
gen4_native_mamba_phase_f_pair_level_contrasts_v1,language_program,POST4_TURNING,DELTA_ROLE,-0.01071155071258545
gen4_native_mamba_phase_f_pair_level_contrasts_v1,library_digitization,POST4_TURNING,DELTA_ROLE,0.004755854606628418
gen4_native_mamba_phase_f_pair_level_contrasts_v1,market_renovation,POST4_TURNING,DELTA_ROLE,0.009941458702087402
gen4_native_mamba_phase_f_pair_level_contrasts_v1,museum_purchase,POST4_TURNING,DELTA_ROLE,-0.023032665252685547
gen4_native_mamba_phase_f_pair_level_contrasts_v1,opera_premiere,POST4_TURNING,DELTA_ROLE,-0.0172882080078125
gen4_native_mamba_phase_f_pair_level_contrasts_v1,orion_approval,POST4_TURNING,DELTA_ROLE,0.03193795680999756
gen4_native_mamba_phase_f_pair_level_contrasts_v1,poetry_prize,POST4_TURNING,DELTA_ROLE,0.0244448184967041
gen4_native_mamba_phase_f_pair_level_contrasts_v1,railway_restoration,POST4_TURNING,DELTA_ROLE,0.0017915964126586914
gen4_native_mamba_phase_f_pair_level_contrasts_v1,reef_protection,POST4_TURNING,DELTA_ROLE,-0.05053281784057617
gen4_native_mamba_phase_f_pair_level_contrasts_v1,robotics_championship,POST4_TURNING,DELTA_ROLE,-0.010969161987304688
gen4_native_mamba_phase_f_pair_level_contrasts_v1,satellite_launch,POST4_TURNING,DELTA_ROLE,-0.014909982681274414
gen4_native_mamba_phase_f_pair_level_contrasts_v1,school_opening,POST4_TURNING,DELTA_ROLE,-0.03542888164520264
gen4_native_mamba_phase_f_pair_level_contrasts_v1,solar_farm_contract,POST4_TURNING,DELTA_ROLE,-0.0006111860275268555
gen4_native_mamba_phase_f_pair_level_contrasts_v1,theater_restoration,POST4_TURNING,DELTA_ROLE,-0.02320706844329834
gen4_native_mamba_phase_f_pair_level_contrasts_v1,treaty_signature,POST4_TURNING,DELTA_ROLE,0.023259401321411133
gen4_native_mamba_phase_f_pair_level_contrasts_v1,vaccine_delivery,POST4_TURNING,DELTA_ROLE,0.02589106559753418
gen4_native_mamba_phase_f_pair_level_contrasts_v1,volcano_observatory,POST4_TURNING,DELTA_ROLE,-0.020174622535705566
gen4_native_mamba_phase_f_pair_level_contrasts_v1,wetland_restoration,POST4_TURNING,DELTA_ROLE,0.00461578369140625
gen4_native_mamba_phase_f_pair_level_contrasts_v1,archive_release,POST4_TURNING,DELTA_PREDICATE,0.01086735725402832
gen4_native_mamba_phase_f_pair_level_contrasts_v1,bridge_opening,POST4_TURNING,DELTA_PREDICATE,0.01313316822052002
gen4_native_mamba_phase_f_pair_level_contrasts_v1,canal_reopening,POST4_TURNING,DELTA_PREDICATE,0.030710697174072266
gen4_native_mamba_phase_f_pair_level_contrasts_v1,clinic_expansion,POST4_TURNING,DELTA_PREDICATE,-0.006263017654418945
gen4_native_mamba_phase_f_pair_level_contrasts_v1,dam_inspection,POST4_TURNING,DELTA_PREDICATE,-0.04140114784240723
gen4_native_mamba_phase_f_pair_level_contrasts_v1,ferry_launch,POST4_TURNING,DELTA_PREDICATE,0.0030286312103271484
gen4_native_mamba_phase_f_pair_level_contrasts_v1,festival_selection,POST4_TURNING,DELTA_PREDICATE,0.013080954551696777
gen4_native_mamba_phase_f_pair_level_contrasts_v1,forest_mapping,POST4_TURNING,DELTA_PREDICATE,0.008406877517700195
gen4_native_mamba_phase_f_pair_level_contrasts_v1,garden_award,POST4_TURNING,DELTA_PREDICATE,0.022442102432250977
gen4_native_mamba_phase_f_pair_level_contrasts_v1,generated_fact_031,POST4_TURNING,DELTA_PREDICATE,0.01838541030883789
gen4_native_mamba_phase_f_pair_level_contrasts_v1,generated_fact_032,POST4_TURNING,DELTA_PREDICATE,-0.006059050559997559
gen4_native_mamba_phase_f_pair_level_contrasts_v1,generated_fact_033,POST4_TURNING,DELTA_PREDICATE,0.018465876579284668
gen4_native_mamba_phase_f_pair_level_contrasts_v1,generated_fact_034,POST4_TURNING,DELTA_PREDICATE,-0.03583359718322754
gen4_native_mamba_phase_f_pair_level_contrasts_v1,generated_fact_035,POST4_TURNING,DELTA_PREDICATE,0.012975573539733887
gen4_native_mamba_phase_f_pair_level_contrasts_v1,generated_fact_036,POST4_TURNING,DELTA_PREDICATE,0.013634443283081055
gen4_native_mamba_phase_f_pair_level_contrasts_v1,generated_fact_037,POST4_TURNING,DELTA_PREDICATE,0.0018998384475708008
gen4_native_mamba_phase_f_pair_level_contrasts_v1,generated_fact_038,POST4_TURNING,DELTA_PREDICATE,0.03558194637298584
gen4_native_mamba_phase_f_pair_level_contrasts_v1,generated_fact_039,POST4_TURNING,DELTA_PREDICATE,-0.010362505912780762
gen4_native_mamba_phase_f_pair_level_contrasts_v1,generated_fact_040,POST4_TURNING,DELTA_PREDICATE,-0.00354611873626709
gen4_native_mamba_phase_f_pair_level_contrasts_v1,generated_fact_041,POST4_TURNING,DELTA_PREDICATE,-0.02032327651977539
gen4_native_mamba_phase_f_pair_level_contrasts_v1,generated_fact_042,POST4_TURNING,DELTA_PREDICATE,0.003486156463623047
gen4_native_mamba_phase_f_pair_level_contrasts_v1,generated_fact_043,POST4_TURNING,DELTA_PREDICATE,0.015163064002990723
gen4_native_mamba_phase_f_pair_level_contrasts_v1,generated_fact_044,POST4_TURNING,DELTA_PREDICATE,0.006823182106018066
gen4_native_mamba_phase_f_pair_level_contrasts_v1,generated_fact_045,POST4_TURNING,DELTA_PREDICATE,0.012742757797241211
gen4_native_mamba_phase_f_pair_level_contrasts_v1,generated_fact_046,POST4_TURNING,DELTA_PREDICATE,-0.00274658203125
gen4_native_mamba_phase_f_pair_level_contrasts_v1,generated_fact_047,POST4_TURNING,DELTA_PREDICATE,-0.001553177833557129
gen4_native_mamba_phase_f_pair_level_contrasts_v1,generated_fact_048,POST4_TURNING,DELTA_PREDICATE,-0.042701005935668945
gen4_native_mamba_phase_f_pair_level_contrasts_v1,generated_fact_049,POST4_TURNING,DELTA_PREDICATE,0.010067582130432129
gen4_native_mamba_phase_f_pair_level_contrasts_v1,generated_fact_050,POST4_TURNING,DELTA_PREDICATE,0.004703521728515625
gen4_native_mamba_phase_f_pair_level_contrasts_v1,generated_fact_051,POST4_TURNING,DELTA_PREDICATE,0.004055500030517578
gen4_native_mamba_phase_f_pair_level_contrasts_v1,generated_fact_052,POST4_TURNING,DELTA_PREDICATE,-0.002749204635620117
gen4_native_mamba_phase_f_pair_level_contrasts_v1,generated_fact_053,POST4_TURNING,DELTA_PREDICATE,-0.009343981742858887
gen4_native_mamba_phase_f_pair_level_contrasts_v1,generated_fact_054,POST4_TURNING,DELTA_PREDICATE,0.009513139724731445
gen4_native_mamba_phase_f_pair_level_contrasts_v1,generated_fact_055,POST4_TURNING,DELTA_PREDICATE,-0.04161393642425537
gen4_native_mamba_phase_f_pair_level_contrasts_v1,generated_fact_056,POST4_TURNING,DELTA_PREDICATE,0.010842204093933105
gen4_native_mamba_phase_f_pair_level_contrasts_v1,generated_fact_057,POST4_TURNING,DELTA_PREDICATE,0.0048220157623291016
gen4_native_mamba_phase_f_pair_level_contrasts_v1,generated_fact_058,POST4_TURNING,DELTA_PREDICATE,0.0011712312698364258
gen4_native_mamba_phase_f_pair_level_contrasts_v1,generated_fact_059,POST4_TURNING,DELTA_PREDICATE,0.0035158395767211914
gen4_native_mamba_phase_f_pair_level_contrasts_v1,generated_fact_060,POST4_TURNING,DELTA_PREDICATE,-0.009238243103027344
gen4_native_mamba_phase_f_pair_level_contrasts_v1,generated_fact_061,POST4_TURNING,DELTA_PREDICATE,0.015310883522033691
gen4_native_mamba_phase_f_pair_level_contrasts_v1,generated_fact_062,POST4_TURNING,DELTA_PREDICATE,-0.029773950576782227
gen4_native_mamba_phase_f_pair_level_contrasts_v1,generated_fact_063,POST4_TURNING,DELTA_PREDICATE,0.001573801040649414
gen4_native_mamba_phase_f_pair_level_contrasts_v1,generated_fact_064,POST4_TURNING,DELTA_PREDICATE,0.0071201324462890625
gen4_native_mamba_phase_f_pair_level_contrasts_v1,generated_fact_065,POST4_TURNING,DELTA_PREDICATE,-0.006886720657348633
gen4_native_mamba_phase_f_pair_level_contrasts_v1,generated_fact_066,POST4_TURNING,DELTA_PREDICATE,0.009006023406982422
gen4_native_mamba_phase_f_pair_level_contrasts_v1,generated_fact_067,POST4_TURNING,DELTA_PREDICATE,-0.0034912824630737305
gen4_native_mamba_phase_f_pair_level_contrasts_v1,generated_fact_068,POST4_TURNING,DELTA_PREDICATE,0.032140254974365234
gen4_native_mamba_phase_f_pair_level_contrasts_v1,generated_fact_069,POST4_TURNING,DELTA_PREDICATE,-0.043006300926208496
gen4_native_mamba_phase_f_pair_level_contrasts_v1,generated_fact_070,POST4_TURNING,DELTA_PREDICATE,0.01165163516998291
gen4_native_mamba_phase_f_pair_level_contrasts_v1,generated_fact_071,POST4_TURNING,DELTA_PREDICATE,0.011960387229919434
gen4_native_mamba_phase_f_pair_level_contrasts_v1,generated_fact_072,POST4_TURNING,DELTA_PREDICATE,8.761882781982422e-05
gen4_native_mamba_phase_f_pair_level_contrasts_v1,generated_fact_073,POST4_TURNING,DELTA_PREDICATE,0.022173523902893066
gen4_native_mamba_phase_f_pair_level_contrasts_v1,generated_fact_074,POST4_TURNING,DELTA_PREDICATE,-0.009420037269592285
gen4_native_mamba_phase_f_pair_level_contrasts_v1,generated_fact_075,POST4_TURNING,DELTA_PREDICATE,0.020517706871032715
gen4_native_mamba_phase_f_pair_level_contrasts_v1,generated_fact_076,POST4_TURNING,DELTA_PREDICATE,-0.03375053405761719
gen4_native_mamba_phase_f_pair_level_contrasts_v1,generated_fact_077,POST4_TURNING,DELTA_PREDICATE,0.013818621635437012
gen4_native_mamba_phase_f_pair_level_contrasts_v1,generated_fact_078,POST4_TURNING,DELTA_PREDICATE,0.007257938385009766
gen4_native_mamba_phase_f_pair_level_contrasts_v1,generated_fact_079,POST4_TURNING,DELTA_PREDICATE,-0.0010303258895874023
gen4_native_mamba_phase_f_pair_level_contrasts_v1,generated_fact_080,POST4_TURNING,DELTA_PREDICATE,0.03609514236450195
gen4_native_mamba_phase_f_pair_level_contrasts_v1,generated_fact_081,POST4_TURNING,DELTA_PREDICATE,-0.007958173751831055
gen4_native_mamba_phase_f_pair_level_contrasts_v1,generated_fact_082,POST4_TURNING,DELTA_PREDICATE,-0.0009804964065551758
gen4_native_mamba_phase_f_pair_level_contrasts_v1,generated_fact_083,POST4_TURNING,DELTA_PREDICATE,-0.016617298126220703
gen4_native_mamba_phase_f_pair_level_contrasts_v1,generated_fact_084,POST4_TURNING,DELTA_PREDICATE,0.0036112070083618164
gen4_native_mamba_phase_f_pair_level_contrasts_v1,generated_fact_085,POST4_TURNING,DELTA_PREDICATE,0.009087443351745605
gen4_native_mamba_phase_f_pair_level_contrasts_v1,generated_fact_086,POST4_TURNING,DELTA_PREDICATE,0.004275202751159668
gen4_native_mamba_phase_f_pair_level_contrasts_v1,generated_fact_087,POST4_TURNING,DELTA_PREDICATE,0.013907551765441895
gen4_native_mamba_phase_f_pair_level_contrasts_v1,generated_fact_088,POST4_TURNING,DELTA_PREDICATE,-0.006690859794616699
gen4_native_mamba_phase_f_pair_level_contrasts_v1,generated_fact_089,POST4_TURNING,DELTA_PREDICATE,-0.000759124755859375
gen4_native_mamba_phase_f_pair_level_contrasts_v1,generated_fact_090,POST4_TURNING,DELTA_PREDICATE,-0.04536151885986328
gen4_native_mamba_phase_f_pair_level_contrasts_v1,generated_fact_091,POST4_TURNING,DELTA_PREDICATE,0.00931239128112793
gen4_native_mamba_phase_f_pair_level_contrasts_v1,generated_fact_092,POST4_TURNING,DELTA_PREDICATE,0.0083160400390625
gen4_native_mamba_phase_f_pair_level_contrasts_v1,generated_fact_093,POST4_TURNING,DELTA_PREDICATE,-0.004055619239807129
gen4_native_mamba_phase_f_pair_level_contrasts_v1,generated_fact_094,POST4_TURNING,DELTA_PREDICATE,0.0021452903747558594
gen4_native_mamba_phase_f_pair_level_contrasts_v1,generated_fact_095,POST4_TURNING,DELTA_PREDICATE,-0.012902379035949707
gen4_native_mamba_phase_f_pair_level_contrasts_v1,generated_fact_096,POST4_TURNING,DELTA_PREDICATE,0.0051708221435546875
gen4_native_mamba_phase_f_pair_level_contrasts_v1,generated_fact_097,POST4_TURNING,DELTA_PREDICATE,-0.038754940032958984
gen4_native_mamba_phase_f_pair_level_contrasts_v1,generated_fact_098,POST4_TURNING,DELTA_PREDICATE,0.006827354431152344
gen4_native_mamba_phase_f_pair_level_contrasts_v1,generated_fact_099,POST4_TURNING,DELTA_PREDICATE,0.005230903625488281
gen4_native_mamba_phase_f_pair_level_contrasts_v1,generated_fact_100,POST4_TURNING,DELTA_PREDICATE,-0.004869580268859863
gen4_native_mamba_phase_f_pair_level_contrasts_v1,generated_fact_101,POST4_TURNING,DELTA_PREDICATE,0.008005261421203613
gen4_native_mamba_phase_f_pair_level_contrasts_v1,generated_fact_102,POST4_TURNING,DELTA_PREDICATE,-0.003582596778869629
gen4_native_mamba_phase_f_pair_level_contrasts_v1,generated_fact_103,POST4_TURNING,DELTA_PREDICATE,0.014803051948547363
gen4_native_mamba_phase_f_pair_level_contrasts_v1,generated_fact_104,POST4_TURNING,DELTA_PREDICATE,-0.0269089937210083
gen4_native_mamba_phase_f_pair_level_contrasts_v1,generated_fact_105,POST4_TURNING,DELTA_PREDICATE,0.008295416831970215
gen4_native_mamba_phase_f_pair_level_contrasts_v1,generated_fact_106,POST4_TURNING,DELTA_PREDICATE,0.0035628080368041992
gen4_native_mamba_phase_f_pair_level_contrasts_v1,generated_fact_107,POST4_TURNING,DELTA_PREDICATE,-0.018745899200439453
gen4_native_mamba_phase_f_pair_level_contrasts_v1,generated_fact_108,POST4_TURNING,DELTA_PREDICATE,0.0049887895584106445
gen4_native_mamba_phase_f_pair_level_contrasts_v1,generated_fact_109,POST4_TURNING,DELTA_PREDICATE,-0.0049626827239990234
gen4_native_mamba_phase_f_pair_level_contrasts_v1,generated_fact_110,POST4_TURNING,DELTA_PREDICATE,0.02973175048828125
gen4_native_mamba_phase_f_pair_level_contrasts_v1,generated_fact_111,POST4_TURNING,DELTA_PREDICATE,-0.04535627365112305
gen4_native_mamba_phase_f_pair_level_contrasts_v1,generated_fact_112,POST4_TURNING,DELTA_PREDICATE,0.013009071350097656
gen4_native_mamba_phase_f_pair_level_contrasts_v1,generated_fact_113,POST4_TURNING,DELTA_PREDICATE,0.007763028144836426
gen4_native_mamba_phase_f_pair_level_contrasts_v1,generated_fact_114,POST4_TURNING,DELTA_PREDICATE,0.0010532140731811523
gen4_native_mamba_phase_f_pair_level_contrasts_v1,generated_fact_115,POST4_TURNING,DELTA_PREDICATE,0.01819002628326416
gen4_native_mamba_phase_f_pair_level_contrasts_v1,generated_fact_116,POST4_TURNING,DELTA_PREDICATE,-0.006149411201477051
gen4_native_mamba_phase_f_pair_level_contrasts_v1,generated_fact_117,POST4_TURNING,DELTA_PREDICATE,0.01838099956512451
gen4_native_mamba_phase_f_pair_level_contrasts_v1,generated_fact_118,POST4_TURNING,DELTA_PREDICATE,-0.03590059280395508
gen4_native_mamba_phase_f_pair_level_contrasts_v1,generated_fact_119,POST4_TURNING,DELTA_PREDICATE,0.0132673978805542
gen4_native_mamba_phase_f_pair_level_contrasts_v1,generated_fact_120,POST4_TURNING,DELTA_PREDICATE,0.01375114917755127
gen4_native_mamba_phase_f_pair_level_contrasts_v1,generated_fact_121,POST4_TURNING,DELTA_PREDICATE,0.002045750617980957
gen4_native_mamba_phase_f_pair_level_contrasts_v1,generated_fact_122,POST4_TURNING,DELTA_PREDICATE,0.03559160232543945
gen4_native_mamba_phase_f_pair_level_contrasts_v1,generated_fact_123,POST4_TURNING,DELTA_PREDICATE,-0.010235190391540527
gen4_native_mamba_phase_f_pair_level_contrasts_v1,generated_fact_124,POST4_TURNING,DELTA_PREDICATE,-0.0034461021423339844
gen4_native_mamba_phase_f_pair_level_contrasts_v1,generated_fact_125,POST4_TURNING,DELTA_PREDICATE,-0.02055513858795166
gen4_native_mamba_phase_f_pair_level_contrasts_v1,generated_fact_126,POST4_TURNING,DELTA_PREDICATE,0.003580331802368164
gen4_native_mamba_phase_f_pair_level_contrasts_v1,generated_fact_127,POST4_TURNING,DELTA_PREDICATE,0.014943957328796387
gen4_native_mamba_phase_f_pair_level_contrasts_v1,generated_fact_128,POST4_TURNING,DELTA_PREDICATE,0.006699323654174805
gen4_native_mamba_phase_f_pair_level_contrasts_v1,generated_fact_129,POST4_TURNING,DELTA_PREDICATE,0.012597084045410156
gen4_native_mamba_phase_f_pair_level_contrasts_v1,generated_fact_130,POST4_TURNING,DELTA_PREDICATE,-0.0023435354232788086
gen4_native_mamba_phase_f_pair_level_contrasts_v1,generated_fact_131,POST4_TURNING,DELTA_PREDICATE,-0.0018593072891235352
gen4_native_mamba_phase_f_pair_level_contrasts_v1,generated_fact_132,POST4_TURNING,DELTA_PREDICATE,-0.04247641563415527
gen4_native_mamba_phase_f_pair_level_contrasts_v1,generated_fact_133,POST4_TURNING,DELTA_PREDICATE,0.009932637214660645
gen4_native_mamba_phase_f_pair_level_contrasts_v1,generated_fact_134,POST4_TURNING,DELTA_PREDICATE,0.004621982574462891
gen4_native_mamba_phase_f_pair_level_contrasts_v1,generated_fact_135,POST4_TURNING,DELTA_PREDICATE,0.003985762596130371
gen4_native_mamba_phase_f_pair_level_contrasts_v1,generated_fact_136,POST4_TURNING,DELTA_PREDICATE,-0.0029140710830688477
gen4_native_mamba_phase_f_pair_level_contrasts_v1,generated_fact_137,POST4_TURNING,DELTA_PREDICATE,-0.009096503257751465
gen4_native_mamba_phase_f_pair_level_contrasts_v1,generated_fact_138,POST4_TURNING,DELTA_PREDICATE,0.009337186813354492
gen4_native_mamba_phase_f_pair_level_contrasts_v1,generated_fact_139,POST4_TURNING,DELTA_PREDICATE,-0.041585445404052734
gen4_native_mamba_phase_f_pair_level_contrasts_v1,generated_fact_140,POST4_TURNING,DELTA_PREDICATE,0.010774731636047363
gen4_native_mamba_phase_f_pair_level_contrasts_v1,generated_fact_141,POST4_TURNING,DELTA_PREDICATE,0.0042574405670166016
gen4_native_mamba_phase_f_pair_level_contrasts_v1,generated_fact_142,POST4_TURNING,DELTA_PREDICATE,0.0008629560470581055
gen4_native_mamba_phase_f_pair_level_contrasts_v1,generated_fact_143,POST4_TURNING,DELTA_PREDICATE,0.0037621259689331055
gen4_native_mamba_phase_f_pair_level_contrasts_v1,generated_fact_144,POST4_TURNING,DELTA_PREDICATE,-0.009271860122680664
gen4_native_mamba_phase_f_pair_level_contrasts_v1,generated_fact_145,POST4_TURNING,DELTA_PREDICATE,0.015282630920410156
gen4_native_mamba_phase_f_pair_level_contrasts_v1,generated_fact_146,POST4_TURNING,DELTA_PREDICATE,-0.029918193817138672
gen4_native_mamba_phase_f_pair_level_contrasts_v1,generated_fact_147,POST4_TURNING,DELTA_PREDICATE,0.0014804601669311523
gen4_native_mamba_phase_f_pair_level_contrasts_v1,generated_fact_148,POST4_TURNING,DELTA_PREDICATE,0.007165670394897461
gen4_native_mamba_phase_f_pair_level_contrasts_v1,generated_fact_149,POST4_TURNING,DELTA_PREDICATE,-0.007321357727050781
gen4_native_mamba_phase_f_pair_level_contrasts_v1,generated_fact_150,POST4_TURNING,DELTA_PREDICATE,0.009186863899230957
gen4_native_mamba_phase_f_pair_level_contrasts_v1,generated_fact_151,POST4_TURNING,DELTA_PREDICATE,-0.0032776594161987305
gen4_native_mamba_phase_f_pair_level_contrasts_v1,generated_fact_152,POST4_TURNING,DELTA_PREDICATE,0.0319972038269043
gen4_native_mamba_phase_f_pair_level_contrasts_v1,generated_fact_153,POST4_TURNING,DELTA_PREDICATE,-0.04256260395050049
gen4_native_mamba_phase_f_pair_level_contrasts_v1,generated_fact_154,POST4_TURNING,DELTA_PREDICATE,0.01159369945526123
gen4_native_mamba_phase_f_pair_level_contrasts_v1,generated_fact_155,POST4_TURNING,DELTA_PREDICATE,0.011839032173156738
gen4_native_mamba_phase_f_pair_level_contrasts_v1,generated_fact_156,POST4_TURNING,DELTA_PREDICATE,0.00018215179443359375
gen4_native_mamba_phase_f_pair_level_contrasts_v1,generated_fact_157,POST4_TURNING,DELTA_PREDICATE,0.021849870681762695
gen4_native_mamba_phase_f_pair_level_contrasts_v1,generated_fact_158,POST4_TURNING,DELTA_PREDICATE,-0.009538888931274414
gen4_native_mamba_phase_f_pair_level_contrasts_v1,generated_fact_159,POST4_TURNING,DELTA_PREDICATE,0.0207899808883667
gen4_native_mamba_phase_f_pair_level_contrasts_v1,generated_fact_160,POST4_TURNING,DELTA_PREDICATE,-0.03419089317321777
gen4_native_mamba_phase_f_pair_level_contrasts_v1,generated_fact_161,POST4_TURNING,DELTA_PREDICATE,0.014095544815063477
gen4_native_mamba_phase_f_pair_level_contrasts_v1,generated_fact_162,POST4_TURNING,DELTA_PREDICATE,0.0069141387939453125
gen4_native_mamba_phase_f_pair_level_contrasts_v1,generated_fact_163,POST4_TURNING,DELTA_PREDICATE,-0.0010296106338500977
gen4_native_mamba_phase_f_pair_level_contrasts_v1,generated_fact_164,POST4_TURNING,DELTA_PREDICATE,0.035713791847229004
gen4_native_mamba_phase_f_pair_level_contrasts_v1,generated_fact_165,POST4_TURNING,DELTA_PREDICATE,-0.00784146785736084
gen4_native_mamba_phase_f_pair_level_contrasts_v1,generated_fact_166,POST4_TURNING,DELTA_PREDICATE,-0.0007784366607666016
gen4_native_mamba_phase_f_pair_level_contrasts_v1,generated_fact_167,POST4_TURNING,DELTA_PREDICATE,-0.016514897346496582
gen4_native_mamba_phase_f_pair_level_contrasts_v1,generated_fact_168,POST4_TURNING,DELTA_PREDICATE,0.003931403160095215
gen4_native_mamba_phase_f_pair_level_contrasts_v1,generated_fact_169,POST4_TURNING,DELTA_PREDICATE,0.009298563003540039
gen4_native_mamba_phase_f_pair_level_contrasts_v1,generated_fact_170,POST4_TURNING,DELTA_PREDICATE,0.004252314567565918
gen4_native_mamba_phase_f_pair_level_contrasts_v1,generated_fact_171,POST4_TURNING,DELTA_PREDICATE,0.013979077339172363
gen4_native_mamba_phase_f_pair_level_contrasts_v1,generated_fact_172,POST4_TURNING,DELTA_PREDICATE,-0.006616353988647461
gen4_native_mamba_phase_f_pair_level_contrasts_v1,generated_fact_173,POST4_TURNING,DELTA_PREDICATE,-0.0007039308547973633
gen4_native_mamba_phase_f_pair_level_contrasts_v1,generated_fact_174,POST4_TURNING,DELTA_PREDICATE,-0.045273661613464355
gen4_native_mamba_phase_f_pair_level_contrasts_v1,generated_fact_175,POST4_TURNING,DELTA_PREDICATE,0.009514927864074707
gen4_native_mamba_phase_f_pair_level_contrasts_v1,generated_fact_176,POST4_TURNING,DELTA_PREDICATE,0.0083693265914917
gen4_native_mamba_phase_f_pair_level_contrasts_v1,generated_fact_177,POST4_TURNING,DELTA_PREDICATE,-0.003380298614501953
gen4_native_mamba_phase_f_pair_level_contrasts_v1,generated_fact_178,POST4_TURNING,DELTA_PREDICATE,0.00211334228515625
gen4_native_mamba_phase_f_pair_level_contrasts_v1,generated_fact_179,POST4_TURNING,DELTA_PREDICATE,-0.012826204299926758
gen4_native_mamba_phase_f_pair_level_contrasts_v1,generated_fact_180,POST4_TURNING,DELTA_PREDICATE,0.005253314971923828
gen4_native_mamba_phase_f_pair_level_contrasts_v1,generated_fact_181,POST4_TURNING,DELTA_PREDICATE,-0.03876292705535889
gen4_native_mamba_phase_f_pair_level_contrasts_v1,generated_fact_182,POST4_TURNING,DELTA_PREDICATE,0.0065784454345703125
gen4_native_mamba_phase_f_pair_level_contrasts_v1,generated_fact_183,POST4_TURNING,DELTA_PREDICATE,0.005390167236328125
gen4_native_mamba_phase_f_pair_level_contrasts_v1,generated_fact_184,POST4_TURNING,DELTA_PREDICATE,-0.005063533782958984
gen4_native_mamba_phase_f_pair_level_contrasts_v1,generated_fact_185,POST4_TURNING,DELTA_PREDICATE,0.007921218872070312
gen4_native_mamba_phase_f_pair_level_contrasts_v1,generated_fact_186,POST4_TURNING,DELTA_PREDICATE,-0.002834320068359375
gen4_native_mamba_phase_f_pair_level_contrasts_v1,generated_fact_187,POST4_TURNING,DELTA_PREDICATE,0.014585137367248535
gen4_native_mamba_phase_f_pair_level_contrasts_v1,generated_fact_188,POST4_TURNING,DELTA_PREDICATE,-0.026564836502075195
gen4_native_mamba_phase_f_pair_level_contrasts_v1,generated_fact_189,POST4_TURNING,DELTA_PREDICATE,0.00789189338684082
gen4_native_mamba_phase_f_pair_level_contrasts_v1,generated_fact_190,POST4_TURNING,DELTA_PREDICATE,0.003939509391784668
gen4_native_mamba_phase_f_pair_level_contrasts_v1,generated_fact_191,POST4_TURNING,DELTA_PREDICATE,-0.018578290939331055
gen4_native_mamba_phase_f_pair_level_contrasts_v1,generated_fact_192,POST4_TURNING,DELTA_PREDICATE,0.005240917205810547
gen4_native_mamba_phase_f_pair_level_contrasts_v1,generated_fact_193,POST4_TURNING,DELTA_PREDICATE,-0.004564046859741211
gen4_native_mamba_phase_f_pair_level_contrasts_v1,generated_fact_194,POST4_TURNING,DELTA_PREDICATE,0.029775261878967285
gen4_native_mamba_phase_f_pair_level_contrasts_v1,generated_fact_195,POST4_TURNING,DELTA_PREDICATE,-0.045990824699401855
gen4_native_mamba_phase_f_pair_level_contrasts_v1,generated_fact_196,POST4_TURNING,DELTA_PREDICATE,0.012900710105895996
gen4_native_mamba_phase_f_pair_level_contrasts_v1,generated_fact_197,POST4_TURNING,DELTA_PREDICATE,0.007769107818603516
gen4_native_mamba_phase_f_pair_level_contrasts_v1,generated_fact_198,POST4_TURNING,DELTA_PREDICATE,0.0015316009521484375
gen4_native_mamba_phase_f_pair_level_contrasts_v1,generated_fact_199,POST4_TURNING,DELTA_PREDICATE,0.018192410469055176
gen4_native_mamba_phase_f_pair_level_contrasts_v1,generated_fact_200,POST4_TURNING,DELTA_PREDICATE,-0.005999922752380371
gen4_native_mamba_phase_f_pair_level_contrasts_v1,generated_fact_201,POST4_TURNING,DELTA_PREDICATE,0.01849973201751709
gen4_native_mamba_phase_f_pair_level_contrasts_v1,generated_fact_202,POST4_TURNING,DELTA_PREDICATE,-0.03585660457611084
gen4_native_mamba_phase_f_pair_level_contrasts_v1,generated_fact_203,POST4_TURNING,DELTA_PREDICATE,0.013121604919433594
gen4_native_mamba_phase_f_pair_level_contrasts_v1,generated_fact_204,POST4_TURNING,DELTA_PREDICATE,0.0138397216796875
gen4_native_mamba_phase_f_pair_level_contrasts_v1,generated_fact_205,POST4_TURNING,DELTA_PREDICATE,0.001572251319885254
gen4_native_mamba_phase_f_pair_level_contrasts_v1,generated_fact_206,POST4_TURNING,DELTA_PREDICATE,0.035279273986816406
gen4_native_mamba_phase_f_pair_level_contrasts_v1,generated_fact_207,POST4_TURNING,DELTA_PREDICATE,-0.009794116020202637
gen4_native_mamba_phase_f_pair_level_contrasts_v1,generated_fact_208,POST4_TURNING,DELTA_PREDICATE,-0.0035653114318847656
gen4_native_mamba_phase_f_pair_level_contrasts_v1,generated_fact_209,POST4_TURNING,DELTA_PREDICATE,-0.020390868186950684
gen4_native_mamba_phase_f_pair_level_contrasts_v1,generated_fact_210,POST4_TURNING,DELTA_PREDICATE,0.0034064054489135742
gen4_native_mamba_phase_f_pair_level_contrasts_v1,generated_fact_211,POST4_TURNING,DELTA_PREDICATE,0.014944076538085938
gen4_native_mamba_phase_f_pair_level_contrasts_v1,generated_fact_212,POST4_TURNING,DELTA_PREDICATE,0.006812095642089844
gen4_native_mamba_phase_f_pair_level_contrasts_v1,generated_fact_213,POST4_TURNING,DELTA_PREDICATE,0.01254892349243164
gen4_native_mamba_phase_f_pair_level_contrasts_v1,generated_fact_214,POST4_TURNING,DELTA_PREDICATE,-0.0025931596755981445
gen4_native_mamba_phase_f_pair_level_contrasts_v1,generated_fact_215,POST4_TURNING,DELTA_PREDICATE,-0.0016508102416992188
gen4_native_mamba_phase_f_pair_level_contrasts_v1,generated_fact_216,POST4_TURNING,DELTA_PREDICATE,-0.04277074337005615
gen4_native_mamba_phase_f_pair_level_contrasts_v1,generated_fact_217,POST4_TURNING,DELTA_PREDICATE,0.010005831718444824
gen4_native_mamba_phase_f_pair_level_contrasts_v1,generated_fact_218,POST4_TURNING,DELTA_PREDICATE,0.004710555076599121
gen4_native_mamba_phase_f_pair_level_contrasts_v1,generated_fact_219,POST4_TURNING,DELTA_PREDICATE,0.004060506820678711
gen4_native_mamba_phase_f_pair_level_contrasts_v1,generated_fact_220,POST4_TURNING,DELTA_PREDICATE,-0.0029189586639404297
gen4_native_mamba_phase_f_pair_level_contrasts_v1,generated_fact_221,POST4_TURNING,DELTA_PREDICATE,-0.009160399436950684
gen4_native_mamba_phase_f_pair_level_contrasts_v1,generated_fact_222,POST4_TURNING,DELTA_PREDICATE,0.009606003761291504
gen4_native_mamba_phase_f_pair_level_contrasts_v1,generated_fact_223,POST4_TURNING,DELTA_PREDICATE,-0.04184579849243164
gen4_native_mamba_phase_f_pair_level_contrasts_v1,generated_fact_224,POST4_TURNING,DELTA_PREDICATE,0.010740041732788086
gen4_native_mamba_phase_f_pair_level_contrasts_v1,generated_fact_225,POST4_TURNING,DELTA_PREDICATE,0.0047643184661865234
gen4_native_mamba_phase_f_pair_level_contrasts_v1,generated_fact_226,POST4_TURNING,DELTA_PREDICATE,0.0011082887649536133
gen4_native_mamba_phase_f_pair_level_contrasts_v1,generated_fact_227,POST4_TURNING,DELTA_PREDICATE,0.003533482551574707
gen4_native_mamba_phase_f_pair_level_contrasts_v1,generated_fact_228,POST4_TURNING,DELTA_PREDICATE,-0.009070634841918945
gen4_native_mamba_phase_f_pair_level_contrasts_v1,generated_fact_229,POST4_TURNING,DELTA_PREDICATE,0.01527714729309082
gen4_native_mamba_phase_f_pair_level_contrasts_v1,generated_fact_230,POST4_TURNING,DELTA_PREDICATE,-0.029660463333129883
gen4_native_mamba_phase_f_pair_level_contrasts_v1,generated_fact_231,POST4_TURNING,DELTA_PREDICATE,0.0014383792877197266
gen4_native_mamba_phase_f_pair_level_contrasts_v1,generated_fact_232,POST4_TURNING,DELTA_PREDICATE,0.007035732269287109
gen4_native_mamba_phase_f_pair_level_contrasts_v1,generated_fact_233,POST4_TURNING,DELTA_PREDICATE,-0.006898641586303711
gen4_native_mamba_phase_f_pair_level_contrasts_v1,generated_fact_234,POST4_TURNING,DELTA_PREDICATE,0.008706212043762207
gen4_native_mamba_phase_f_pair_level_contrasts_v1,generated_fact_235,POST4_TURNING,DELTA_PREDICATE,-0.0034159421920776367
gen4_native_mamba_phase_f_pair_level_contrasts_v1,generated_fact_236,POST4_TURNING,DELTA_PREDICATE,0.03191709518432617
gen4_native_mamba_phase_f_pair_level_contrasts_v1,generated_fact_237,POST4_TURNING,DELTA_PREDICATE,-0.0427473783493042
gen4_native_mamba_phase_f_pair_level_contrasts_v1,generated_fact_238,POST4_TURNING,DELTA_PREDICATE,0.011576175689697266
gen4_native_mamba_phase_f_pair_level_contrasts_v1,generated_fact_239,POST4_TURNING,DELTA_PREDICATE,0.011932015419006348
gen4_native_mamba_phase_f_pair_level_contrasts_v1,generated_fact_240,POST4_TURNING,DELTA_PREDICATE,0.0002332925796508789
gen4_native_mamba_phase_f_pair_level_contrasts_v1,generated_fact_241,POST4_TURNING,DELTA_PREDICATE,0.02176380157470703
gen4_native_mamba_phase_f_pair_level_contrasts_v1,generated_fact_242,POST4_TURNING,DELTA_PREDICATE,-0.009311914443969727
gen4_native_mamba_phase_f_pair_level_contrasts_v1,generated_fact_243,POST4_TURNING,DELTA_PREDICATE,0.02038395404815674
gen4_native_mamba_phase_f_pair_level_contrasts_v1,generated_fact_244,POST4_TURNING,DELTA_PREDICATE,-0.033731698989868164
gen4_native_mamba_phase_f_pair_level_contrasts_v1,generated_fact_245,POST4_TURNING,DELTA_PREDICATE,0.013669610023498535
gen4_native_mamba_phase_f_pair_level_contrasts_v1,generated_fact_246,POST4_TURNING,DELTA_PREDICATE,0.007200002670288086
gen4_native_mamba_phase_f_pair_level_contrasts_v1,generated_fact_247,POST4_TURNING,DELTA_PREDICATE,-0.0011811256408691406
gen4_native_mamba_phase_f_pair_level_contrasts_v1,generated_fact_248,POST4_TURNING,DELTA_PREDICATE,0.03599238395690918
gen4_native_mamba_phase_f_pair_level_contrasts_v1,generated_fact_249,POST4_TURNING,DELTA_PREDICATE,-0.007712602615356445
gen4_native_mamba_phase_f_pair_level_contrasts_v1,generated_fact_250,POST4_TURNING,DELTA_PREDICATE,-0.0010279417037963867
gen4_native_mamba_phase_f_pair_level_contrasts_v1,generated_fact_251,POST4_TURNING,DELTA_PREDICATE,-0.01664280891418457
gen4_native_mamba_phase_f_pair_level_contrasts_v1,generated_fact_252,POST4_TURNING,DELTA_PREDICATE,0.0037888288497924805
gen4_native_mamba_phase_f_pair_level_contrasts_v1,generated_fact_253,POST4_TURNING,DELTA_PREDICATE,0.00913858413696289
gen4_native_mamba_phase_f_pair_level_contrasts_v1,generated_fact_254,POST4_TURNING,DELTA_PREDICATE,0.004393100738525391
gen4_native_mamba_phase_f_pair_level_contrasts_v1,generated_fact_255,POST4_TURNING,DELTA_PREDICATE,0.013984918594360352
gen4_native_mamba_phase_f_pair_level_contrasts_v1,generated_fact_256,POST4_TURNING,DELTA_PREDICATE,-0.006561279296875
gen4_native_mamba_phase_f_pair_level_contrasts_v1,generated_fact_257,POST4_TURNING,DELTA_PREDICATE,-0.000838160514831543
gen4_native_mamba_phase_f_pair_level_contrasts_v1,generated_fact_258,POST4_TURNING,DELTA_PREDICATE,-0.04555308818817139
gen4_native_mamba_phase_f_pair_level_contrasts_v1,generated_fact_259,POST4_TURNING,DELTA_PREDICATE,0.009155750274658203
gen4_native_mamba_phase_f_pair_level_contrasts_v1,generated_fact_260,POST4_TURNING,DELTA_PREDICATE,0.00830984115600586
gen4_native_mamba_phase_f_pair_level_contrasts_v1,generated_fact_261,POST4_TURNING,DELTA_PREDICATE,-0.003951072692871094
gen4_native_mamba_phase_f_pair_level_contrasts_v1,generated_fact_262,POST4_TURNING,DELTA_PREDICATE,0.001885533332824707
gen4_native_mamba_phase_f_pair_level_contrasts_v1,generated_fact_263,POST4_TURNING,DELTA_PREDICATE,-0.01281583309173584
gen4_native_mamba_phase_f_pair_level_contrasts_v1,generated_fact_264,POST4_TURNING,DELTA_PREDICATE,0.005060315132141113
gen4_native_mamba_phase_f_pair_level_contrasts_v1,generated_fact_265,POST4_TURNING,DELTA_PREDICATE,-0.038568854331970215
gen4_native_mamba_phase_f_pair_level_contrasts_v1,generated_fact_266,POST4_TURNING,DELTA_PREDICATE,0.0067185163497924805
gen4_native_mamba_phase_f_pair_level_contrasts_v1,generated_fact_267,POST4_TURNING,DELTA_PREDICATE,0.005133390426635742
gen4_native_mamba_phase_f_pair_level_contrasts_v1,generated_fact_268,POST4_TURNING,DELTA_PREDICATE,-0.005230545997619629
gen4_native_mamba_phase_f_pair_level_contrasts_v1,generated_fact_269,POST4_TURNING,DELTA_PREDICATE,0.007750272750854492
gen4_native_mamba_phase_f_pair_level_contrasts_v1,generated_fact_270,POST4_TURNING,DELTA_PREDICATE,-0.0033038854598999023
gen4_native_mamba_phase_f_pair_level_contrasts_v1,generated_fact_271,POST4_TURNING,DELTA_PREDICATE,0.014971137046813965
gen4_native_mamba_phase_f_pair_level_contrasts_v1,generated_fact_272,POST4_TURNING,DELTA_PREDICATE,-0.027026891708374023
gen4_native_mamba_phase_f_pair_level_contrasts_v1,generated_fact_273,POST4_TURNING,DELTA_PREDICATE,0.008037209510803223
gen4_native_mamba_phase_f_pair_level_contrasts_v1,generated_fact_274,POST4_TURNING,DELTA_PREDICATE,0.0036706924438476562
gen4_native_mamba_phase_f_pair_level_contrasts_v1,generated_fact_275,POST4_TURNING,DELTA_PREDICATE,-0.018790006637573242
gen4_native_mamba_phase_f_pair_level_contrasts_v1,generated_fact_276,POST4_TURNING,DELTA_PREDICATE,0.004912257194519043
gen4_native_mamba_phase_f_pair_level_contrasts_v1,generated_fact_277,POST4_TURNING,DELTA_PREDICATE,-0.0047539472579956055
gen4_native_mamba_phase_f_pair_level_contrasts_v1,generated_fact_278,POST4_TURNING,DELTA_PREDICATE,0.029756665229797363
gen4_native_mamba_phase_f_pair_level_contrasts_v1,generated_fact_279,POST4_TURNING,DELTA_PREDICATE,-0.0455930233001709
gen4_native_mamba_phase_f_pair_level_contrasts_v1,generated_fact_280,POST4_TURNING,DELTA_PREDICATE,0.012952089309692383
gen4_native_mamba_phase_f_pair_level_contrasts_v1,generated_fact_281,POST4_TURNING,DELTA_PREDICATE,0.007721662521362305
gen4_native_mamba_phase_f_pair_level_contrasts_v1,generated_fact_282,POST4_TURNING,DELTA_PREDICATE,0.0009367465972900391
gen4_native_mamba_phase_f_pair_level_contrasts_v1,generated_fact_283,POST4_TURNING,DELTA_PREDICATE,0.018119096755981445
gen4_native_mamba_phase_f_pair_level_contrasts_v1,generated_fact_284,POST4_TURNING,DELTA_PREDICATE,-0.006137251853942871
gen4_native_mamba_phase_f_pair_level_contrasts_v1,generated_fact_285,POST4_TURNING,DELTA_PREDICATE,0.018407344818115234
gen4_native_mamba_phase_f_pair_level_contrasts_v1,generated_fact_286,POST4_TURNING,DELTA_PREDICATE,-0.03597104549407959
gen4_native_mamba_phase_f_pair_level_contrasts_v1,generated_fact_287,POST4_TURNING,DELTA_PREDICATE,0.013337373733520508
gen4_native_mamba_phase_f_pair_level_contrasts_v1,generated_fact_288,POST4_TURNING,DELTA_PREDICATE,0.013782739639282227
gen4_native_mamba_phase_f_pair_level_contrasts_v1,generated_fact_289,POST4_TURNING,DELTA_PREDICATE,0.0021376609802246094
gen4_native_mamba_phase_f_pair_level_contrasts_v1,generated_fact_290,POST4_TURNING,DELTA_PREDICATE,0.035599470138549805
gen4_native_mamba_phase_f_pair_level_contrasts_v1,generated_fact_291,POST4_TURNING,DELTA_PREDICATE,-0.010143637657165527
gen4_native_mamba_phase_f_pair_level_contrasts_v1,generated_fact_292,POST4_TURNING,DELTA_PREDICATE,-0.0035212039947509766
gen4_native_mamba_phase_f_pair_level_contrasts_v1,generated_fact_293,POST4_TURNING,DELTA_PREDICATE,-0.020539522171020508
gen4_native_mamba_phase_f_pair_level_contrasts_v1,generated_fact_294,POST4_TURNING,DELTA_PREDICATE,0.00371396541595459
gen4_native_mamba_phase_f_pair_level_contrasts_v1,generated_fact_295,POST4_TURNING,DELTA_PREDICATE,0.015079975128173828
gen4_native_mamba_phase_f_pair_level_contrasts_v1,generated_fact_296,POST4_TURNING,DELTA_PREDICATE,0.006687641143798828
gen4_native_mamba_phase_f_pair_level_contrasts_v1,generated_fact_297,POST4_TURNING,DELTA_PREDICATE,0.012599706649780273
gen4_native_mamba_phase_f_pair_level_contrasts_v1,generated_fact_298,POST4_TURNING,DELTA_PREDICATE,-0.0022853612899780273
gen4_native_mamba_phase_f_pair_level_contrasts_v1,generated_fact_299,POST4_TURNING,DELTA_PREDICATE,-0.0019948482513427734
gen4_native_mamba_phase_f_pair_level_contrasts_v1,generated_fact_300,POST4_TURNING,DELTA_PREDICATE,-0.042441725730895996
gen4_native_mamba_phase_f_pair_level_contrasts_v1,glacier_study,POST4_TURNING,DELTA_PREDICATE,-0.006922721862792969
gen4_native_mamba_phase_f_pair_level_contrasts_v1,harbor_upgrade,POST4_TURNING,DELTA_PREDICATE,0.03168892860412598
gen4_native_mamba_phase_f_pair_level_contrasts_v1,jazz_archive,POST4_TURNING,DELTA_PREDICATE,-0.004430651664733887
gen4_native_mamba_phase_f_pair_level_contrasts_v1,language_program,POST4_TURNING,DELTA_PREDICATE,0.0168917179107666
gen4_native_mamba_phase_f_pair_level_contrasts_v1,library_digitization,POST4_TURNING,DELTA_PREDICATE,0.03274822235107422
gen4_native_mamba_phase_f_pair_level_contrasts_v1,market_renovation,POST4_TURNING,DELTA_PREDICATE,-0.015500545501708984
gen4_native_mamba_phase_f_pair_level_contrasts_v1,museum_purchase,POST4_TURNING,DELTA_PREDICATE,-0.03619086742401123
gen4_native_mamba_phase_f_pair_level_contrasts_v1,opera_premiere,POST4_TURNING,DELTA_PREDICATE,-0.024731993675231934
gen4_native_mamba_phase_f_pair_level_contrasts_v1,orion_approval,POST4_TURNING,DELTA_PREDICATE,0.05903458595275879
gen4_native_mamba_phase_f_pair_level_contrasts_v1,poetry_prize,POST4_TURNING,DELTA_PREDICATE,0.052634596824645996
gen4_native_mamba_phase_f_pair_level_contrasts_v1,railway_restoration,POST4_TURNING,DELTA_PREDICATE,-0.011828899383544922
gen4_native_mamba_phase_f_pair_level_contrasts_v1,reef_protection,POST4_TURNING,DELTA_PREDICATE,0.04113566875457764
gen4_native_mamba_phase_f_pair_level_contrasts_v1,robotics_championship,POST4_TURNING,DELTA_PREDICATE,-0.015134572982788086
gen4_native_mamba_phase_f_pair_level_contrasts_v1,satellite_launch,POST4_TURNING,DELTA_PREDICATE,-0.023743033409118652
gen4_native_mamba_phase_f_pair_level_contrasts_v1,school_opening,POST4_TURNING,DELTA_PREDICATE,0.009119272232055664
gen4_native_mamba_phase_f_pair_level_contrasts_v1,solar_farm_contract,POST4_TURNING,DELTA_PREDICATE,0.015607357025146484
gen4_native_mamba_phase_f_pair_level_contrasts_v1,theater_restoration,POST4_TURNING,DELTA_PREDICATE,0.010615825653076172
gen4_native_mamba_phase_f_pair_level_contrasts_v1,treaty_signature,POST4_TURNING,DELTA_PREDICATE,0.0312882661819458
gen4_native_mamba_phase_f_pair_level_contrasts_v1,vaccine_delivery,POST4_TURNING,DELTA_PREDICATE,0.011846065521240234
gen4_native_mamba_phase_f_pair_level_contrasts_v1,volcano_observatory,POST4_TURNING,DELTA_PREDICATE,0.03585362434387207
gen4_native_mamba_phase_f_pair_level_contrasts_v1,wetland_restoration,POST4_TURNING,DELTA_PREDICATE,0.00391995906829834
gen4_native_mamba_phase_f_pair_level_contrasts_v1,archive_release,POST4_TURNING,INTERACTION_TITLE_NAME,0.0020751953125
gen4_native_mamba_phase_f_pair_level_contrasts_v1,bridge_opening,POST4_TURNING,INTERACTION_TITLE_NAME,0.007907867431640625
gen4_native_mamba_phase_f_pair_level_contrasts_v1,canal_reopening,POST4_TURNING,INTERACTION_TITLE_NAME,-0.019983410835266113
gen4_native_mamba_phase_f_pair_level_contrasts_v1,clinic_expansion,POST4_TURNING,INTERACTION_TITLE_NAME,0.0006731748580932617
gen4_native_mamba_phase_f_pair_level_contrasts_v1,dam_inspection,POST4_TURNING,INTERACTION_TITLE_NAME,-0.0019464492797851562
gen4_native_mamba_phase_f_pair_level_contrasts_v1,ferry_launch,POST4_TURNING,INTERACTION_TITLE_NAME,0.011021614074707031
gen4_native_mamba_phase_f_pair_level_contrasts_v1,festival_selection,POST4_TURNING,INTERACTION_TITLE_NAME,0.022144317626953125
gen4_native_mamba_phase_f_pair_level_contrasts_v1,forest_mapping,POST4_TURNING,INTERACTION_TITLE_NAME,0.013683795928955078
gen4_native_mamba_phase_f_pair_level_contrasts_v1,garden_award,POST4_TURNING,INTERACTION_TITLE_NAME,-0.013551950454711914
gen4_native_mamba_phase_f_pair_level_contrasts_v1,generated_fact_031,POST4_TURNING,INTERACTION_TITLE_NAME,0.0024660825729370117
gen4_native_mamba_phase_f_pair_level_contrasts_v1,generated_fact_032,POST4_TURNING,INTERACTION_TITLE_NAME,-0.017699241638183594
gen4_native_mamba_phase_f_pair_level_contrasts_v1,generated_fact_033,POST4_TURNING,INTERACTION_TITLE_NAME,-0.014623641967773438
gen4_native_mamba_phase_f_pair_level_contrasts_v1,generated_fact_034,POST4_TURNING,INTERACTION_TITLE_NAME,0.005891203880310059
gen4_native_mamba_phase_f_pair_level_contrasts_v1,generated_fact_035,POST4_TURNING,INTERACTION_TITLE_NAME,-0.010066628456115723
gen4_native_mamba_phase_f_pair_level_contrasts_v1,generated_fact_036,POST4_TURNING,INTERACTION_TITLE_NAME,-0.010526537895202637
gen4_native_mamba_phase_f_pair_level_contrasts_v1,generated_fact_037,POST4_TURNING,INTERACTION_TITLE_NAME,-0.014722228050231934
gen4_native_mamba_phase_f_pair_level_contrasts_v1,generated_fact_038,POST4_TURNING,INTERACTION_TITLE_NAME,0.005197286605834961
gen4_native_mamba_phase_f_pair_level_contrasts_v1,generated_fact_039,POST4_TURNING,INTERACTION_TITLE_NAME,0.017996668815612793
gen4_native_mamba_phase_f_pair_level_contrasts_v1,generated_fact_040,POST4_TURNING,INTERACTION_TITLE_NAME,-0.020370960235595703
gen4_native_mamba_phase_f_pair_level_contrasts_v1,generated_fact_041,POST4_TURNING,INTERACTION_TITLE_NAME,0.0029114484786987305
gen4_native_mamba_phase_f_pair_level_contrasts_v1,generated_fact_042,POST4_TURNING,INTERACTION_TITLE_NAME,0.017391562461853027
gen4_native_mamba_phase_f_pair_level_contrasts_v1,generated_fact_043,POST4_TURNING,INTERACTION_TITLE_NAME,0.0016906261444091797
gen4_native_mamba_phase_f_pair_level_contrasts_v1,generated_fact_044,POST4_TURNING,INTERACTION_TITLE_NAME,-0.017525076866149902
gen4_native_mamba_phase_f_pair_level_contrasts_v1,generated_fact_045,POST4_TURNING,INTERACTION_TITLE_NAME,-0.01387166976928711
gen4_native_mamba_phase_f_pair_level_contrasts_v1,generated_fact_046,POST4_TURNING,INTERACTION_TITLE_NAME,0.005814075469970703
gen4_native_mamba_phase_f_pair_level_contrasts_v1,generated_fact_047,POST4_TURNING,INTERACTION_TITLE_NAME,-0.009524941444396973
gen4_native_mamba_phase_f_pair_level_contrasts_v1,generated_fact_048,POST4_TURNING,INTERACTION_TITLE_NAME,-0.011238336563110352
gen4_native_mamba_phase_f_pair_level_contrasts_v1,generated_fact_049,POST4_TURNING,INTERACTION_TITLE_NAME,-0.014410853385925293
gen4_native_mamba_phase_f_pair_level_contrasts_v1,generated_fact_050,POST4_TURNING,INTERACTION_TITLE_NAME,0.004608035087585449
gen4_native_mamba_phase_f_pair_level_contrasts_v1,generated_fact_051,POST4_TURNING,INTERACTION_TITLE_NAME,0.0188368558883667
gen4_native_mamba_phase_f_pair_level_contrasts_v1,generated_fact_052,POST4_TURNING,INTERACTION_TITLE_NAME,-0.020943284034729004
gen4_native_mamba_phase_f_pair_level_contrasts_v1,generated_fact_053,POST4_TURNING,INTERACTION_TITLE_NAME,0.0028679370880126953
gen4_native_mamba_phase_f_pair_level_contrasts_v1,generated_fact_054,POST4_TURNING,INTERACTION_TITLE_NAME,0.017578840255737305
gen4_native_mamba_phase_f_pair_level_contrasts_v1,generated_fact_055,POST4_TURNING,INTERACTION_TITLE_NAME,0.0023193359375
gen4_native_mamba_phase_f_pair_level_contrasts_v1,generated_fact_056,POST4_TURNING,INTERACTION_TITLE_NAME,-0.01783168315887451
gen4_native_mamba_phase_f_pair_level_contrasts_v1,generated_fact_057,POST4_TURNING,INTERACTION_TITLE_NAME,-0.01486659049987793
gen4_native_mamba_phase_f_pair_level_contrasts_v1,generated_fact_058,POST4_TURNING,INTERACTION_TITLE_NAME,0.0060585737228393555
gen4_native_mamba_phase_f_pair_level_contrasts_v1,generated_fact_059,POST4_TURNING,INTERACTION_TITLE_NAME,-0.009851336479187012
gen4_native_mamba_phase_f_pair_level_contrasts_v1,generated_fact_060,POST4_TURNING,INTERACTION_TITLE_NAME,-0.010975003242492676
gen4_native_mamba_phase_f_pair_level_contrasts_v1,generated_fact_061,POST4_TURNING,INTERACTION_TITLE_NAME,-0.015090346336364746
gen4_native_mamba_phase_f_pair_level_contrasts_v1,generated_fact_062,POST4_TURNING,INTERACTION_TITLE_NAME,0.005185961723327637
gen4_native_mamba_phase_f_pair_level_contrasts_v1,generated_fact_063,POST4_TURNING,INTERACTION_TITLE_NAME,0.018207907676696777
gen4_native_mamba_phase_f_pair_level_contrasts_v1,generated_fact_064,POST4_TURNING,INTERACTION_TITLE_NAME,-0.020247697830200195
gen4_native_mamba_phase_f_pair_level_contrasts_v1,generated_fact_065,POST4_TURNING,INTERACTION_TITLE_NAME,0.0027539730072021484
gen4_native_mamba_phase_f_pair_level_contrasts_v1,generated_fact_066,POST4_TURNING,INTERACTION_TITLE_NAME,0.01804029941558838
gen4_native_mamba_phase_f_pair_level_contrasts_v1,generated_fact_067,POST4_TURNING,INTERACTION_TITLE_NAME,0.0018814802169799805
gen4_native_mamba_phase_f_pair_level_contrasts_v1,generated_fact_068,POST4_TURNING,INTERACTION_TITLE_NAME,-0.017436981201171875
gen4_native_mamba_phase_f_pair_level_contrasts_v1,generated_fact_069,POST4_TURNING,INTERACTION_TITLE_NAME,-0.014171957969665527
gen4_native_mamba_phase_f_pair_level_contrasts_v1,generated_fact_070,POST4_TURNING,INTERACTION_TITLE_NAME,0.006024360656738281
gen4_native_mamba_phase_f_pair_level_contrasts_v1,generated_fact_071,POST4_TURNING,INTERACTION_TITLE_NAME,-0.009708881378173828
gen4_native_mamba_phase_f_pair_level_contrasts_v1,generated_fact_072,POST4_TURNING,INTERACTION_TITLE_NAME,-0.010883092880249023
gen4_native_mamba_phase_f_pair_level_contrasts_v1,generated_fact_073,POST4_TURNING,INTERACTION_TITLE_NAME,-0.014600872993469238
gen4_native_mamba_phase_f_pair_level_contrasts_v1,generated_fact_074,POST4_TURNING,INTERACTION_TITLE_NAME,0.004859447479248047
gen4_native_mamba_phase_f_pair_level_contrasts_v1,generated_fact_075,POST4_TURNING,INTERACTION_TITLE_NAME,0.019035816192626953
gen4_native_mamba_phase_f_pair_level_contrasts_v1,generated_fact_076,POST4_TURNING,INTERACTION_TITLE_NAME,-0.02073085308074951
gen4_native_mamba_phase_f_pair_level_contrasts_v1,generated_fact_077,POST4_TURNING,INTERACTION_TITLE_NAME,0.0027495622634887695
gen4_native_mamba_phase_f_pair_level_contrasts_v1,generated_fact_078,POST4_TURNING,INTERACTION_TITLE_NAME,0.017064332962036133
gen4_native_mamba_phase_f_pair_level_contrasts_v1,generated_fact_079,POST4_TURNING,INTERACTION_TITLE_NAME,0.002399921417236328
gen4_native_mamba_phase_f_pair_level_contrasts_v1,generated_fact_080,POST4_TURNING,INTERACTION_TITLE_NAME,-0.0180281400680542
gen4_native_mamba_phase_f_pair_level_contrasts_v1,generated_fact_081,POST4_TURNING,INTERACTION_TITLE_NAME,-0.014780998229980469
gen4_native_mamba_phase_f_pair_level_contrasts_v1,generated_fact_082,POST4_TURNING,INTERACTION_TITLE_NAME,0.006021261215209961
gen4_native_mamba_phase_f_pair_level_contrasts_v1,generated_fact_083,POST4_TURNING,INTERACTION_TITLE_NAME,-0.010236740112304688
gen4_native_mamba_phase_f_pair_level_contrasts_v1,generated_fact_084,POST4_TURNING,INTERACTION_TITLE_NAME,-0.010935187339782715
gen4_native_mamba_phase_f_pair_level_contrasts_v1,generated_fact_085,POST4_TURNING,INTERACTION_TITLE_NAME,-0.014744400978088379
gen4_native_mamba_phase_f_pair_level_contrasts_v1,generated_fact_086,POST4_TURNING,INTERACTION_TITLE_NAME,0.005215764045715332
gen4_native_mamba_phase_f_pair_level_contrasts_v1,generated_fact_087,POST4_TURNING,INTERACTION_TITLE_NAME,0.01901841163635254
gen4_native_mamba_phase_f_pair_level_contrasts_v1,generated_fact_088,POST4_TURNING,INTERACTION_TITLE_NAME,-0.02037966251373291
gen4_native_mamba_phase_f_pair_level_contrasts_v1,generated_fact_089,POST4_TURNING,INTERACTION_TITLE_NAME,0.0032988786697387695
gen4_native_mamba_phase_f_pair_level_contrasts_v1,generated_fact_090,POST4_TURNING,INTERACTION_TITLE_NAME,0.017287015914916992
gen4_native_mamba_phase_f_pair_level_contrasts_v1,generated_fact_091,POST4_TURNING,INTERACTION_TITLE_NAME,0.002118229866027832
gen4_native_mamba_phase_f_pair_level_contrasts_v1,generated_fact_092,POST4_TURNING,INTERACTION_TITLE_NAME,-0.01729273796081543
gen4_native_mamba_phase_f_pair_level_contrasts_v1,generated_fact_093,POST4_TURNING,INTERACTION_TITLE_NAME,-0.014414668083190918
gen4_native_mamba_phase_f_pair_level_contrasts_v1,generated_fact_094,POST4_TURNING,INTERACTION_TITLE_NAME,0.0060263872146606445
gen4_native_mamba_phase_f_pair_level_contrasts_v1,generated_fact_095,POST4_TURNING,INTERACTION_TITLE_NAME,-0.010217666625976562
gen4_native_mamba_phase_f_pair_level_contrasts_v1,generated_fact_096,POST4_TURNING,INTERACTION_TITLE_NAME,-0.011222243309020996
gen4_native_mamba_phase_f_pair_level_contrasts_v1,generated_fact_097,POST4_TURNING,INTERACTION_TITLE_NAME,-0.014330148696899414
gen4_native_mamba_phase_f_pair_level_contrasts_v1,generated_fact_098,POST4_TURNING,INTERACTION_TITLE_NAME,0.004579782485961914
gen4_native_mamba_phase_f_pair_level_contrasts_v1,generated_fact_099,POST4_TURNING,INTERACTION_TITLE_NAME,0.01903688907623291
gen4_native_mamba_phase_f_pair_level_contrasts_v1,generated_fact_100,POST4_TURNING,INTERACTION_TITLE_NAME,-0.02109527587890625
gen4_native_mamba_phase_f_pair_level_contrasts_v1,generated_fact_101,POST4_TURNING,INTERACTION_TITLE_NAME,0.002821683883666992
gen4_native_mamba_phase_f_pair_level_contrasts_v1,generated_fact_102,POST4_TURNING,INTERACTION_TITLE_NAME,0.016971230506896973
gen4_native_mamba_phase_f_pair_level_contrasts_v1,generated_fact_103,POST4_TURNING,INTERACTION_TITLE_NAME,0.001740097999572754
gen4_native_mamba_phase_f_pair_level_contrasts_v1,generated_fact_104,POST4_TURNING,INTERACTION_TITLE_NAME,-0.017655134201049805
gen4_native_mamba_phase_f_pair_level_contrasts_v1,generated_fact_105,POST4_TURNING,INTERACTION_TITLE_NAME,-0.014586806297302246
gen4_native_mamba_phase_f_pair_level_contrasts_v1,generated_fact_106,POST4_TURNING,INTERACTION_TITLE_NAME,0.006339430809020996
gen4_native_mamba_phase_f_pair_level_contrasts_v1,generated_fact_107,POST4_TURNING,INTERACTION_TITLE_NAME,-0.010143876075744629
gen4_native_mamba_phase_f_pair_level_contrasts_v1,generated_fact_108,POST4_TURNING,INTERACTION_TITLE_NAME,-0.01051187515258789
gen4_native_mamba_phase_f_pair_level_contrasts_v1,generated_fact_109,POST4_TURNING,INTERACTION_TITLE_NAME,-0.014442086219787598
gen4_native_mamba_phase_f_pair_level_contrasts_v1,generated_fact_110,POST4_TURNING,INTERACTION_TITLE_NAME,0.005474090576171875
gen4_native_mamba_phase_f_pair_level_contrasts_v1,generated_fact_111,POST4_TURNING,INTERACTION_TITLE_NAME,0.018419861793518066
gen4_native_mamba_phase_f_pair_level_contrasts_v1,generated_fact_112,POST4_TURNING,INTERACTION_TITLE_NAME,-0.020556092262268066
gen4_native_mamba_phase_f_pair_level_contrasts_v1,generated_fact_113,POST4_TURNING,INTERACTION_TITLE_NAME,0.003066539764404297
gen4_native_mamba_phase_f_pair_level_contrasts_v1,generated_fact_114,POST4_TURNING,INTERACTION_TITLE_NAME,0.017977237701416016
gen4_native_mamba_phase_f_pair_level_contrasts_v1,generated_fact_115,POST4_TURNING,INTERACTION_TITLE_NAME,0.001814723014831543
gen4_native_mamba_phase_f_pair_level_contrasts_v1,generated_fact_116,POST4_TURNING,INTERACTION_TITLE_NAME,-0.017193078994750977
gen4_native_mamba_phase_f_pair_level_contrasts_v1,generated_fact_117,POST4_TURNING,INTERACTION_TITLE_NAME,-0.014332771301269531
gen4_native_mamba_phase_f_pair_level_contrasts_v1,generated_fact_118,POST4_TURNING,INTERACTION_TITLE_NAME,0.005746722221374512
gen4_native_mamba_phase_f_pair_level_contrasts_v1,generated_fact_119,POST4_TURNING,INTERACTION_TITLE_NAME,-0.009967684745788574
gen4_native_mamba_phase_f_pair_level_contrasts_v1,generated_fact_120,POST4_TURNING,INTERACTION_TITLE_NAME,-0.010838031768798828
gen4_native_mamba_phase_f_pair_level_contrasts_v1,generated_fact_121,POST4_TURNING,INTERACTION_TITLE_NAME,-0.014713764190673828
gen4_native_mamba_phase_f_pair_level_contrasts_v1,generated_fact_122,POST4_TURNING,INTERACTION_TITLE_NAME,0.004256010055541992
gen4_native_mamba_phase_f_pair_level_contrasts_v1,generated_fact_123,POST4_TURNING,INTERACTION_TITLE_NAME,0.018389344215393066
gen4_native_mamba_phase_f_pair_level_contrasts_v1,generated_fact_124,POST4_TURNING,INTERACTION_TITLE_NAME,-0.0205690860748291
gen4_native_mamba_phase_f_pair_level_contrasts_v1,generated_fact_125,POST4_TURNING,INTERACTION_TITLE_NAME,0.0031000375747680664
gen4_native_mamba_phase_f_pair_level_contrasts_v1,generated_fact_126,POST4_TURNING,INTERACTION_TITLE_NAME,0.01748204231262207
gen4_native_mamba_phase_f_pair_level_contrasts_v1,generated_fact_127,POST4_TURNING,INTERACTION_TITLE_NAME,0.001795649528503418
gen4_native_mamba_phase_f_pair_level_contrasts_v1,generated_fact_128,POST4_TURNING,INTERACTION_TITLE_NAME,-0.017845630645751953
gen4_native_mamba_phase_f_pair_level_contrasts_v1,generated_fact_129,POST4_TURNING,INTERACTION_TITLE_NAME,-0.0144270658493042
gen4_native_mamba_phase_f_pair_level_contrasts_v1,generated_fact_130,POST4_TURNING,INTERACTION_TITLE_NAME,0.005753636360168457
gen4_native_mamba_phase_f_pair_level_contrasts_v1,generated_fact_131,POST4_TURNING,INTERACTION_TITLE_NAME,-0.00964510440826416
gen4_native_mamba_phase_f_pair_level_contrasts_v1,generated_fact_132,POST4_TURNING,INTERACTION_TITLE_NAME,-0.010721325874328613
gen4_native_mamba_phase_f_pair_level_contrasts_v1,generated_fact_133,POST4_TURNING,INTERACTION_TITLE_NAME,-0.014727234840393066
gen4_native_mamba_phase_f_pair_level_contrasts_v1,generated_fact_134,POST4_TURNING,INTERACTION_TITLE_NAME,0.005541682243347168
gen4_native_mamba_phase_f_pair_level_contrasts_v1,generated_fact_135,POST4_TURNING,INTERACTION_TITLE_NAME,0.018201470375061035
gen4_native_mamba_phase_f_pair_level_contrasts_v1,generated_fact_136,POST4_TURNING,INTERACTION_TITLE_NAME,-0.020799875259399414
gen4_native_mamba_phase_f_pair_level_contrasts_v1,generated_fact_137,POST4_TURNING,INTERACTION_TITLE_NAME,0.003091573715209961
gen4_native_mamba_phase_f_pair_level_contrasts_v1,generated_fact_138,POST4_TURNING,INTERACTION_TITLE_NAME,0.01780712604522705
gen4_native_mamba_phase_f_pair_level_contrasts_v1,generated_fact_139,POST4_TURNING,INTERACTION_TITLE_NAME,0.001651763916015625
gen4_native_mamba_phase_f_pair_level_contrasts_v1,generated_fact_140,POST4_TURNING,INTERACTION_TITLE_NAME,-0.017546892166137695
gen4_native_mamba_phase_f_pair_level_contrasts_v1,generated_fact_141,POST4_TURNING,INTERACTION_TITLE_NAME,-0.014289259910583496
gen4_native_mamba_phase_f_pair_level_contrasts_v1,generated_fact_142,POST4_TURNING,INTERACTION_TITLE_NAME,0.006123185157775879
gen4_native_mamba_phase_f_pair_level_contrasts_v1,generated_fact_143,POST4_TURNING,INTERACTION_TITLE_NAME,-0.009730696678161621
gen4_native_mamba_phase_f_pair_level_contrasts_v1,generated_fact_144,POST4_TURNING,INTERACTION_TITLE_NAME,-0.011245489120483398
gen4_native_mamba_phase_f_pair_level_contrasts_v1,generated_fact_145,POST4_TURNING,INTERACTION_TITLE_NAME,-0.015008211135864258
gen4_native_mamba_phase_f_pair_level_contrasts_v1,generated_fact_146,POST4_TURNING,INTERACTION_TITLE_NAME,0.00423586368560791
gen4_native_mamba_phase_f_pair_level_contrasts_v1,generated_fact_147,POST4_TURNING,INTERACTION_TITLE_NAME,0.018503189086914062
gen4_native_mamba_phase_f_pair_level_contrasts_v1,generated_fact_148,POST4_TURNING,INTERACTION_TITLE_NAME,-0.02065742015838623
gen4_native_mamba_phase_f_pair_level_contrasts_v1,generated_fact_149,POST4_TURNING,INTERACTION_TITLE_NAME,0.0025197267532348633
gen4_native_mamba_phase_f_pair_level_contrasts_v1,generated_fact_150,POST4_TURNING,INTERACTION_TITLE_NAME,0.017935991287231445
gen4_native_mamba_phase_f_pair_level_contrasts_v1,generated_fact_151,POST4_TURNING,INTERACTION_TITLE_NAME,0.0020858049392700195
gen4_native_mamba_phase_f_pair_level_contrasts_v1,generated_fact_152,POST4_TURNING,INTERACTION_TITLE_NAME,-0.01772141456604004
gen4_native_mamba_phase_f_pair_level_contrasts_v1,generated_fact_153,POST4_TURNING,INTERACTION_TITLE_NAME,-0.015102028846740723
gen4_native_mamba_phase_f_pair_level_contrasts_v1,generated_fact_154,POST4_TURNING,INTERACTION_TITLE_NAME,0.0060846805572509766
gen4_native_mamba_phase_f_pair_level_contrasts_v1,generated_fact_155,POST4_TURNING,INTERACTION_TITLE_NAME,-0.009862542152404785
gen4_native_mamba_phase_f_pair_level_contrasts_v1,generated_fact_156,POST4_TURNING,INTERACTION_TITLE_NAME,-0.0106431245803833
gen4_native_mamba_phase_f_pair_level_contrasts_v1,generated_fact_157,POST4_TURNING,INTERACTION_TITLE_NAME,-0.014763236045837402
gen4_native_mamba_phase_f_pair_level_contrasts_v1,generated_fact_158,POST4_TURNING,INTERACTION_TITLE_NAME,0.005503296852111816
gen4_native_mamba_phase_f_pair_level_contrasts_v1,generated_fact_159,POST4_TURNING,INTERACTION_TITLE_NAME,0.018586397171020508
gen4_native_mamba_phase_f_pair_level_contrasts_v1,generated_fact_160,POST4_TURNING,INTERACTION_TITLE_NAME,-0.020816326141357422
gen4_native_mamba_phase_f_pair_level_contrasts_v1,generated_fact_161,POST4_TURNING,INTERACTION_TITLE_NAME,0.0028809309005737305
gen4_native_mamba_phase_f_pair_level_contrasts_v1,generated_fact_162,POST4_TURNING,INTERACTION_TITLE_NAME,0.017377257347106934
gen4_native_mamba_phase_f_pair_level_contrasts_v1,generated_fact_163,POST4_TURNING,INTERACTION_TITLE_NAME,0.0018450021743774414
gen4_native_mamba_phase_f_pair_level_contrasts_v1,generated_fact_164,POST4_TURNING,INTERACTION_TITLE_NAME,-0.017647743225097656
gen4_native_mamba_phase_f_pair_level_contrasts_v1,generated_fact_165,POST4_TURNING,INTERACTION_TITLE_NAME,-0.014330029487609863
gen4_native_mamba_phase_f_pair_level_contrasts_v1,generated_fact_166,POST4_TURNING,INTERACTION_TITLE_NAME,0.006158232688903809
gen4_native_mamba_phase_f_pair_level_contrasts_v1,generated_fact_167,POST4_TURNING,INTERACTION_TITLE_NAME,-0.010191559791564941
gen4_native_mamba_phase_f_pair_level_contrasts_v1,generated_fact_168,POST4_TURNING,INTERACTION_TITLE_NAME,-0.011032938957214355
gen4_native_mamba_phase_f_pair_level_contrasts_v1,generated_fact_169,POST4_TURNING,INTERACTION_TITLE_NAME,-0.014488816261291504
gen4_native_mamba_phase_f_pair_level_contrasts_v1,generated_fact_170,POST4_TURNING,INTERACTION_TITLE_NAME,0.004139900207519531
gen4_native_mamba_phase_f_pair_level_contrasts_v1,generated_fact_171,POST4_TURNING,INTERACTION_TITLE_NAME,0.019060373306274414
gen4_native_mamba_phase_f_pair_level_contrasts_v1,generated_fact_172,POST4_TURNING,INTERACTION_TITLE_NAME,-0.02057051658630371
gen4_native_mamba_phase_f_pair_level_contrasts_v1,generated_fact_173,POST4_TURNING,INTERACTION_TITLE_NAME,0.0030951499938964844
gen4_native_mamba_phase_f_pair_level_contrasts_v1,generated_fact_174,POST4_TURNING,INTERACTION_TITLE_NAME,0.01732778549194336
gen4_native_mamba_phase_f_pair_level_contrasts_v1,generated_fact_175,POST4_TURNING,INTERACTION_TITLE_NAME,0.002420783042907715
gen4_native_mamba_phase_f_pair_level_contrasts_v1,generated_fact_176,POST4_TURNING,INTERACTION_TITLE_NAME,-0.017540693283081055
gen4_native_mamba_phase_f_pair_level_contrasts_v1,generated_fact_177,POST4_TURNING,INTERACTION_TITLE_NAME,-0.015036821365356445
gen4_native_mamba_phase_f_pair_level_contrasts_v1,generated_fact_178,POST4_TURNING,INTERACTION_TITLE_NAME,0.005967140197753906
gen4_native_mamba_phase_f_pair_level_contrasts_v1,generated_fact_179,POST4_TURNING,INTERACTION_TITLE_NAME,-0.010154366493225098
gen4_native_mamba_phase_f_pair_level_contrasts_v1,generated_fact_180,POST4_TURNING,INTERACTION_TITLE_NAME,-0.010959982872009277
gen4_native_mamba_phase_f_pair_level_contrasts_v1,generated_fact_181,POST4_TURNING,INTERACTION_TITLE_NAME,-0.01429283618927002
gen4_native_mamba_phase_f_pair_level_contrasts_v1,generated_fact_182,POST4_TURNING,INTERACTION_TITLE_NAME,0.005329132080078125
gen4_native_mamba_phase_f_pair_level_contrasts_v1,generated_fact_183,POST4_TURNING,INTERACTION_TITLE_NAME,0.018648982048034668
gen4_native_mamba_phase_f_pair_level_contrasts_v1,generated_fact_184,POST4_TURNING,INTERACTION_TITLE_NAME,-0.02075958251953125
gen4_native_mamba_phase_f_pair_level_contrasts_v1,generated_fact_185,POST4_TURNING,INTERACTION_TITLE_NAME,0.0029053688049316406
gen4_native_mamba_phase_f_pair_level_contrasts_v1,generated_fact_186,POST4_TURNING,INTERACTION_TITLE_NAME,0.017323613166809082
gen4_native_mamba_phase_f_pair_level_contrasts_v1,generated_fact_187,POST4_TURNING,INTERACTION_TITLE_NAME,0.0014427900314331055
gen4_native_mamba_phase_f_pair_level_contrasts_v1,generated_fact_188,POST4_TURNING,INTERACTION_TITLE_NAME,-0.017317891120910645
gen4_native_mamba_phase_f_pair_level_contrasts_v1,generated_fact_189,POST4_TURNING,INTERACTION_TITLE_NAME,-0.0143660306930542
gen4_native_mamba_phase_f_pair_level_contrasts_v1,generated_fact_190,POST4_TURNING,INTERACTION_TITLE_NAME,0.006187319755554199
gen4_native_mamba_phase_f_pair_level_contrasts_v1,generated_fact_191,POST4_TURNING,INTERACTION_TITLE_NAME,-0.010059833526611328
gen4_native_mamba_phase_f_pair_level_contrasts_v1,generated_fact_192,POST4_TURNING,INTERACTION_TITLE_NAME,-0.010927915573120117
gen4_native_mamba_phase_f_pair_level_contrasts_v1,generated_fact_193,POST4_TURNING,INTERACTION_TITLE_NAME,-0.014000177383422852
gen4_native_mamba_phase_f_pair_level_contrasts_v1,generated_fact_194,POST4_TURNING,INTERACTION_TITLE_NAME,0.004352092742919922
gen4_native_mamba_phase_f_pair_level_contrasts_v1,generated_fact_195,POST4_TURNING,INTERACTION_TITLE_NAME,0.01862502098083496
gen4_native_mamba_phase_f_pair_level_contrasts_v1,generated_fact_196,POST4_TURNING,INTERACTION_TITLE_NAME,-0.020670056343078613
gen4_native_mamba_phase_f_pair_level_contrasts_v1,generated_fact_197,POST4_TURNING,INTERACTION_TITLE_NAME,0.002785801887512207
gen4_native_mamba_phase_f_pair_level_contrasts_v1,generated_fact_198,POST4_TURNING,INTERACTION_TITLE_NAME,0.017946481704711914
gen4_native_mamba_phase_f_pair_level_contrasts_v1,generated_fact_199,POST4_TURNING,INTERACTION_TITLE_NAME,0.00222170352935791
gen4_native_mamba_phase_f_pair_level_contrasts_v1,generated_fact_200,POST4_TURNING,INTERACTION_TITLE_NAME,-0.01767277717590332
gen4_native_mamba_phase_f_pair_level_contrasts_v1,generated_fact_201,POST4_TURNING,INTERACTION_TITLE_NAME,-0.014999032020568848
gen4_native_mamba_phase_f_pair_level_contrasts_v1,generated_fact_202,POST4_TURNING,INTERACTION_TITLE_NAME,0.005827546119689941
gen4_native_mamba_phase_f_pair_level_contrasts_v1,generated_fact_203,POST4_TURNING,INTERACTION_TITLE_NAME,-0.009976863861083984
gen4_native_mamba_phase_f_pair_level_contrasts_v1,generated_fact_204,POST4_TURNING,INTERACTION_TITLE_NAME,-0.010505914688110352
gen4_native_mamba_phase_f_pair_level_contrasts_v1,generated_fact_205,POST4_TURNING,INTERACTION_TITLE_NAME,-0.0148848295211792
gen4_native_mamba_phase_f_pair_level_contrasts_v1,generated_fact_206,POST4_TURNING,INTERACTION_TITLE_NAME,0.004882216453552246
gen4_native_mamba_phase_f_pair_level_contrasts_v1,generated_fact_207,POST4_TURNING,INTERACTION_TITLE_NAME,0.01810920238494873
gen4_native_mamba_phase_f_pair_level_contrasts_v1,generated_fact_208,POST4_TURNING,INTERACTION_TITLE_NAME,-0.020517349243164062
gen4_native_mamba_phase_f_pair_level_contrasts_v1,generated_fact_209,POST4_TURNING,INTERACTION_TITLE_NAME,0.0028357505798339844
gen4_native_mamba_phase_f_pair_level_contrasts_v1,generated_fact_210,POST4_TURNING,INTERACTION_TITLE_NAME,0.017499446868896484
gen4_native_mamba_phase_f_pair_level_contrasts_v1,generated_fact_211,POST4_TURNING,INTERACTION_TITLE_NAME,0.0014388561248779297
gen4_native_mamba_phase_f_pair_level_contrasts_v1,generated_fact_212,POST4_TURNING,INTERACTION_TITLE_NAME,-0.017474651336669922
gen4_native_mamba_phase_f_pair_level_contrasts_v1,generated_fact_213,POST4_TURNING,INTERACTION_TITLE_NAME,-0.014224052429199219
gen4_native_mamba_phase_f_pair_level_contrasts_v1,generated_fact_214,POST4_TURNING,INTERACTION_TITLE_NAME,0.00590062141418457
gen4_native_mamba_phase_f_pair_level_contrasts_v1,generated_fact_215,POST4_TURNING,INTERACTION_TITLE_NAME,-0.009446859359741211
gen4_native_mamba_phase_f_pair_level_contrasts_v1,generated_fact_216,POST4_TURNING,INTERACTION_TITLE_NAME,-0.011396169662475586
gen4_native_mamba_phase_f_pair_level_contrasts_v1,generated_fact_217,POST4_TURNING,INTERACTION_TITLE_NAME,-0.014390349388122559
gen4_native_mamba_phase_f_pair_level_contrasts_v1,generated_fact_218,POST4_TURNING,INTERACTION_TITLE_NAME,0.004500746726989746
gen4_native_mamba_phase_f_pair_level_contrasts_v1,generated_fact_219,POST4_TURNING,INTERACTION_TITLE_NAME,0.018642544746398926
gen4_native_mamba_phase_f_pair_level_contrasts_v1,generated_fact_220,POST4_TURNING,INTERACTION_TITLE_NAME,-0.021052241325378418
gen4_native_mamba_phase_f_pair_level_contrasts_v1,generated_fact_221,POST4_TURNING,INTERACTION_TITLE_NAME,0.0028350353240966797
gen4_native_mamba_phase_f_pair_level_contrasts_v1,generated_fact_222,POST4_TURNING,INTERACTION_TITLE_NAME,0.017764687538146973
gen4_native_mamba_phase_f_pair_level_contrasts_v1,generated_fact_223,POST4_TURNING,INTERACTION_TITLE_NAME,0.0019259452819824219
gen4_native_mamba_phase_f_pair_level_contrasts_v1,generated_fact_224,POST4_TURNING,INTERACTION_TITLE_NAME,-0.017825961112976074
gen4_native_mamba_phase_f_pair_level_contrasts_v1,generated_fact_225,POST4_TURNING,INTERACTION_TITLE_NAME,-0.01459205150604248
gen4_native_mamba_phase_f_pair_level_contrasts_v1,generated_fact_226,POST4_TURNING,INTERACTION_TITLE_NAME,0.005958914756774902
gen4_native_mamba_phase_f_pair_level_contrasts_v1,generated_fact_227,POST4_TURNING,INTERACTION_TITLE_NAME,-0.009795427322387695
gen4_native_mamba_phase_f_pair_level_contrasts_v1,generated_fact_228,POST4_TURNING,INTERACTION_TITLE_NAME,-0.010933995246887207
gen4_native_mamba_phase_f_pair_level_contrasts_v1,generated_fact_229,POST4_TURNING,INTERACTION_TITLE_NAME,-0.015009164810180664
gen4_native_mamba_phase_f_pair_level_contrasts_v1,generated_fact_230,POST4_TURNING,INTERACTION_TITLE_NAME,0.005239129066467285
gen4_native_mamba_phase_f_pair_level_contrasts_v1,generated_fact_231,POST4_TURNING,INTERACTION_TITLE_NAME,0.018231868743896484
gen4_native_mamba_phase_f_pair_level_contrasts_v1,generated_fact_232,POST4_TURNING,INTERACTION_TITLE_NAME,-0.020191550254821777
gen4_native_mamba_phase_f_pair_level_contrasts_v1,generated_fact_233,POST4_TURNING,INTERACTION_TITLE_NAME,0.002739429473876953
gen4_native_mamba_phase_f_pair_level_contrasts_v1,generated_fact_234,POST4_TURNING,INTERACTION_TITLE_NAME,0.01821446418762207
gen4_native_mamba_phase_f_pair_level_contrasts_v1,generated_fact_235,POST4_TURNING,INTERACTION_TITLE_NAME,0.0018204450607299805
gen4_native_mamba_phase_f_pair_level_contrasts_v1,generated_fact_236,POST4_TURNING,INTERACTION_TITLE_NAME,-0.01727592945098877
gen4_native_mamba_phase_f_pair_level_contrasts_v1,generated_fact_237,POST4_TURNING,INTERACTION_TITLE_NAME,-0.01422739028930664
gen4_native_mamba_phase_f_pair_level_contrasts_v1,generated_fact_238,POST4_TURNING,INTERACTION_TITLE_NAME,0.006165981292724609
gen4_native_mamba_phase_f_pair_level_contrasts_v1,generated_fact_239,POST4_TURNING,INTERACTION_TITLE_NAME,-0.00975644588470459
gen4_native_mamba_phase_f_pair_level_contrasts_v1,generated_fact_240,POST4_TURNING,INTERACTION_TITLE_NAME,-0.011093854904174805
gen4_native_mamba_phase_f_pair_level_contrasts_v1,generated_fact_241,POST4_TURNING,INTERACTION_TITLE_NAME,-0.014534831047058105
gen4_native_mamba_phase_f_pair_level_contrasts_v1,generated_fact_242,POST4_TURNING,INTERACTION_TITLE_NAME,0.00457763671875
gen4_native_mamba_phase_f_pair_level_contrasts_v1,generated_fact_243,POST4_TURNING,INTERACTION_TITLE_NAME,0.01868271827697754
gen4_native_mamba_phase_f_pair_level_contrasts_v1,generated_fact_244,POST4_TURNING,INTERACTION_TITLE_NAME,-0.020905256271362305
gen4_native_mamba_phase_f_pair_level_contrasts_v1,generated_fact_245,POST4_TURNING,INTERACTION_TITLE_NAME,0.002718329429626465
gen4_native_mamba_phase_f_pair_level_contrasts_v1,generated_fact_246,POST4_TURNING,INTERACTION_TITLE_NAME,0.01722705364227295
gen4_native_mamba_phase_f_pair_level_contrasts_v1,generated_fact_247,POST4_TURNING,INTERACTION_TITLE_NAME,0.0019937753677368164
gen4_native_mamba_phase_f_pair_level_contrasts_v1,generated_fact_248,POST4_TURNING,INTERACTION_TITLE_NAME,-0.017986774444580078
gen4_native_mamba_phase_f_pair_level_contrasts_v1,generated_fact_249,POST4_TURNING,INTERACTION_TITLE_NAME,-0.014827728271484375
gen4_native_mamba_phase_f_pair_level_contrasts_v1,generated_fact_250,POST4_TURNING,INTERACTION_TITLE_NAME,0.005919814109802246
gen4_native_mamba_phase_f_pair_level_contrasts_v1,generated_fact_251,POST4_TURNING,INTERACTION_TITLE_NAME,-0.010213375091552734
gen4_native_mamba_phase_f_pair_level_contrasts_v1,generated_fact_252,POST4_TURNING,INTERACTION_TITLE_NAME,-0.01100170612335205
gen4_native_mamba_phase_f_pair_level_contrasts_v1,generated_fact_253,POST4_TURNING,INTERACTION_TITLE_NAME,-0.014580011367797852
gen4_native_mamba_phase_f_pair_level_contrasts_v1,generated_fact_254,POST4_TURNING,INTERACTION_TITLE_NAME,0.004941821098327637
gen4_native_mamba_phase_f_pair_level_contrasts_v1,generated_fact_255,POST4_TURNING,INTERACTION_TITLE_NAME,0.01907491683959961
gen4_native_mamba_phase_f_pair_level_contrasts_v1,generated_fact_256,POST4_TURNING,INTERACTION_TITLE_NAME,-0.02033066749572754
gen4_native_mamba_phase_f_pair_level_contrasts_v1,generated_fact_257,POST4_TURNING,INTERACTION_TITLE_NAME,0.00320279598236084
gen4_native_mamba_phase_f_pair_level_contrasts_v1,generated_fact_258,POST4_TURNING,INTERACTION_TITLE_NAME,0.017468571662902832
gen4_native_mamba_phase_f_pair_level_contrasts_v1,generated_fact_259,POST4_TURNING,INTERACTION_TITLE_NAME,0.001880049705505371
gen4_native_mamba_phase_f_pair_level_contrasts_v1,generated_fact_260,POST4_TURNING,INTERACTION_TITLE_NAME,-0.017223000526428223
gen4_native_mamba_phase_f_pair_level_contrasts_v1,generated_fact_261,POST4_TURNING,INTERACTION_TITLE_NAME,-0.0146867036819458
gen4_native_mamba_phase_f_pair_level_contrasts_v1,generated_fact_262,POST4_TURNING,INTERACTION_TITLE_NAME,0.00604856014251709
gen4_native_mamba_phase_f_pair_level_contrasts_v1,generated_fact_263,POST4_TURNING,INTERACTION_TITLE_NAME,-0.01000070571899414
gen4_native_mamba_phase_f_pair_level_contrasts_v1,generated_fact_264,POST4_TURNING,INTERACTION_TITLE_NAME,-0.011113405227661133
gen4_native_mamba_phase_f_pair_level_contrasts_v1,generated_fact_265,POST4_TURNING,INTERACTION_TITLE_NAME,-0.01437079906463623
gen4_native_mamba_phase_f_pair_level_contrasts_v1,generated_fact_266,POST4_TURNING,INTERACTION_TITLE_NAME,0.004355430603027344
gen4_native_mamba_phase_f_pair_level_contrasts_v1,generated_fact_267,POST4_TURNING,INTERACTION_TITLE_NAME,0.018958687782287598
gen4_native_mamba_phase_f_pair_level_contrasts_v1,generated_fact_268,POST4_TURNING,INTERACTION_TITLE_NAME,-0.021180152893066406
gen4_native_mamba_phase_f_pair_level_contrasts_v1,generated_fact_269,POST4_TURNING,INTERACTION_TITLE_NAME,0.002486705780029297
gen4_native_mamba_phase_f_pair_level_contrasts_v1,generated_fact_270,POST4_TURNING,INTERACTION_TITLE_NAME,0.01723659038543701
gen4_native_mamba_phase_f_pair_level_contrasts_v1,generated_fact_271,POST4_TURNING,INTERACTION_TITLE_NAME,0.0018099546432495117
gen4_native_mamba_phase_f_pair_level_contrasts_v1,generated_fact_272,POST4_TURNING,INTERACTION_TITLE_NAME,-0.01770341396331787
gen4_native_mamba_phase_f_pair_level_contrasts_v1,generated_fact_273,POST4_TURNING,INTERACTION_TITLE_NAME,-0.014506340026855469
gen4_native_mamba_phase_f_pair_level_contrasts_v1,generated_fact_274,POST4_TURNING,INTERACTION_TITLE_NAME,0.006275773048400879
gen4_native_mamba_phase_f_pair_level_contrasts_v1,generated_fact_275,POST4_TURNING,INTERACTION_TITLE_NAME,-0.009861946105957031
gen4_native_mamba_phase_f_pair_level_contrasts_v1,generated_fact_276,POST4_TURNING,INTERACTION_TITLE_NAME,-0.010448932647705078
gen4_native_mamba_phase_f_pair_level_contrasts_v1,generated_fact_277,POST4_TURNING,INTERACTION_TITLE_NAME,-0.014347314834594727
gen4_native_mamba_phase_f_pair_level_contrasts_v1,generated_fact_278,POST4_TURNING,INTERACTION_TITLE_NAME,0.005310654640197754
gen4_native_mamba_phase_f_pair_level_contrasts_v1,generated_fact_279,POST4_TURNING,INTERACTION_TITLE_NAME,0.018305182456970215
gen4_native_mamba_phase_f_pair_level_contrasts_v1,generated_fact_280,POST4_TURNING,INTERACTION_TITLE_NAME,-0.02070295810699463
gen4_native_mamba_phase_f_pair_level_contrasts_v1,generated_fact_281,POST4_TURNING,INTERACTION_TITLE_NAME,0.002735733985900879
gen4_native_mamba_phase_f_pair_level_contrasts_v1,generated_fact_282,POST4_TURNING,INTERACTION_TITLE_NAME,0.018049955368041992
gen4_native_mamba_phase_f_pair_level_contrasts_v1,generated_fact_283,POST4_TURNING,INTERACTION_TITLE_NAME,0.001608133316040039
gen4_native_mamba_phase_f_pair_level_contrasts_v1,generated_fact_284,POST4_TURNING,INTERACTION_TITLE_NAME,-0.017191529273986816
gen4_native_mamba_phase_f_pair_level_contrasts_v1,generated_fact_285,POST4_TURNING,INTERACTION_TITLE_NAME,-0.014619112014770508
gen4_native_mamba_phase_f_pair_level_contrasts_v1,generated_fact_286,POST4_TURNING,INTERACTION_TITLE_NAME,0.005940794944763184
gen4_native_mamba_phase_f_pair_level_contrasts_v1,generated_fact_287,POST4_TURNING,INTERACTION_TITLE_NAME,-0.009870409965515137
gen4_native_mamba_phase_f_pair_level_contrasts_v1,generated_fact_288,POST4_TURNING,INTERACTION_TITLE_NAME,-0.010882377624511719
gen4_native_mamba_phase_f_pair_level_contrasts_v1,generated_fact_289,POST4_TURNING,INTERACTION_TITLE_NAME,-0.014505982398986816
gen4_native_mamba_phase_f_pair_level_contrasts_v1,generated_fact_290,POST4_TURNING,INTERACTION_TITLE_NAME,0.004100203514099121
gen4_native_mamba_phase_f_pair_level_contrasts_v1,generated_fact_291,POST4_TURNING,INTERACTION_TITLE_NAME,0.018364667892456055
gen4_native_mamba_phase_f_pair_level_contrasts_v1,generated_fact_292,POST4_TURNING,INTERACTION_TITLE_NAME,-0.020811915397644043
gen4_native_mamba_phase_f_pair_level_contrasts_v1,generated_fact_293,POST4_TURNING,INTERACTION_TITLE_NAME,0.002669215202331543
gen4_native_mamba_phase_f_pair_level_contrasts_v1,generated_fact_294,POST4_TURNING,INTERACTION_TITLE_NAME,0.017519593238830566
gen4_native_mamba_phase_f_pair_level_contrasts_v1,generated_fact_295,POST4_TURNING,INTERACTION_TITLE_NAME,0.0019387006759643555
gen4_native_mamba_phase_f_pair_level_contrasts_v1,generated_fact_296,POST4_TURNING,INTERACTION_TITLE_NAME,-0.01782834529876709
gen4_native_mamba_phase_f_pair_level_contrasts_v1,generated_fact_297,POST4_TURNING,INTERACTION_TITLE_NAME,-0.014513254165649414
gen4_native_mamba_phase_f_pair_level_contrasts_v1,generated_fact_298,POST4_TURNING,INTERACTION_TITLE_NAME,0.0058209896087646484
gen4_native_mamba_phase_f_pair_level_contrasts_v1,generated_fact_299,POST4_TURNING,INTERACTION_TITLE_NAME,-0.009626507759094238
gen4_native_mamba_phase_f_pair_level_contrasts_v1,generated_fact_300,POST4_TURNING,INTERACTION_TITLE_NAME,-0.011184334754943848
gen4_native_mamba_phase_f_pair_level_contrasts_v1,glacier_study,POST4_TURNING,INTERACTION_TITLE_NAME,0.005720853805541992
gen4_native_mamba_phase_f_pair_level_contrasts_v1,harbor_upgrade,POST4_TURNING,INTERACTION_TITLE_NAME,-0.024719595909118652
gen4_native_mamba_phase_f_pair_level_contrasts_v1,jazz_archive,POST4_TURNING,INTERACTION_TITLE_NAME,0.015984773635864258
gen4_native_mamba_phase_f_pair_level_contrasts_v1,language_program,POST4_TURNING,INTERACTION_TITLE_NAME,-0.010040879249572754
gen4_native_mamba_phase_f_pair_level_contrasts_v1,library_digitization,POST4_TURNING,INTERACTION_TITLE_NAME,0.011989235877990723
gen4_native_mamba_phase_f_pair_level_contrasts_v1,market_renovation,POST4_TURNING,INTERACTION_TITLE_NAME,-0.00955510139465332
gen4_native_mamba_phase_f_pair_level_contrasts_v1,museum_purchase,POST4_TURNING,INTERACTION_TITLE_NAME,-0.0067369937896728516
gen4_native_mamba_phase_f_pair_level_contrasts_v1,opera_premiere,POST4_TURNING,INTERACTION_TITLE_NAME,0.0012465715408325195
gen4_native_mamba_phase_f_pair_level_contrasts_v1,orion_approval,POST4_TURNING,INTERACTION_TITLE_NAME,0.004971623420715332
gen4_native_mamba_phase_f_pair_level_contrasts_v1,poetry_prize,POST4_TURNING,INTERACTION_TITLE_NAME,0.010768532752990723
gen4_native_mamba_phase_f_pair_level_contrasts_v1,railway_restoration,POST4_TURNING,INTERACTION_TITLE_NAME,-0.009530901908874512
gen4_native_mamba_phase_f_pair_level_contrasts_v1,reef_protection,POST4_TURNING,INTERACTION_TITLE_NAME,0.0004119873046875
gen4_native_mamba_phase_f_pair_level_contrasts_v1,robotics_championship,POST4_TURNING,INTERACTION_TITLE_NAME,0.0011826753616333008
gen4_native_mamba_phase_f_pair_level_contrasts_v1,satellite_launch,POST4_TURNING,INTERACTION_TITLE_NAME,-0.008226871490478516
gen4_native_mamba_phase_f_pair_level_contrasts_v1,school_opening,POST4_TURNING,INTERACTION_TITLE_NAME,0.010662674903869629
gen4_native_mamba_phase_f_pair_level_contrasts_v1,solar_farm_contract,POST4_TURNING,INTERACTION_TITLE_NAME,0.03879594802856445
gen4_native_mamba_phase_f_pair_level_contrasts_v1,theater_restoration,POST4_TURNING,INTERACTION_TITLE_NAME,0.007184267044067383
gen4_native_mamba_phase_f_pair_level_contrasts_v1,treaty_signature,POST4_TURNING,INTERACTION_TITLE_NAME,0.006798863410949707
gen4_native_mamba_phase_f_pair_level_contrasts_v1,vaccine_delivery,POST4_TURNING,INTERACTION_TITLE_NAME,-0.0224531888961792
gen4_native_mamba_phase_f_pair_level_contrasts_v1,volcano_observatory,POST4_TURNING,INTERACTION_TITLE_NAME,0.0035344362258911133
gen4_native_mamba_phase_f_pair_level_contrasts_v1,wetland_restoration,POST4_TURNING,INTERACTION_TITLE_NAME,-0.010703802108764648
gen4_native_mamba_phase_f_pair_level_contrasts_v1,archive_release,POST4_PATH_EFFICIENCY,DELTA_TITLE,-0.09466486625506548
gen4_native_mamba_phase_f_pair_level_contrasts_v1,bridge_opening,POST4_PATH_EFFICIENCY,DELTA_TITLE,-0.00262994694446822
gen4_native_mamba_phase_f_pair_level_contrasts_v1,canal_reopening,POST4_PATH_EFFICIENCY,DELTA_TITLE,-0.0012917418726553498
gen4_native_mamba_phase_f_pair_level_contrasts_v1,clinic_expansion,POST4_PATH_EFFICIENCY,DELTA_TITLE,-0.059193948327356305
gen4_native_mamba_phase_f_pair_level_contrasts_v1,dam_inspection,POST4_PATH_EFFICIENCY,DELTA_TITLE,0.04026327021906717
gen4_native_mamba_phase_f_pair_level_contrasts_v1,ferry_launch,POST4_PATH_EFFICIENCY,DELTA_TITLE,-0.05330765570069573
gen4_native_mamba_phase_f_pair_level_contrasts_v1,festival_selection,POST4_PATH_EFFICIENCY,DELTA_TITLE,-0.07255647579579877
gen4_native_mamba_phase_f_pair_level_contrasts_v1,forest_mapping,POST4_PATH_EFFICIENCY,DELTA_TITLE,-0.020238205953686916
gen4_native_mamba_phase_f_pair_level_contrasts_v1,garden_award,POST4_PATH_EFFICIENCY,DELTA_TITLE,-0.015562583315898437
gen4_native_mamba_phase_f_pair_level_contrasts_v1,generated_fact_031,POST4_PATH_EFFICIENCY,DELTA_TITLE,-0.022990666423818307
gen4_native_mamba_phase_f_pair_level_contrasts_v1,generated_fact_032,POST4_PATH_EFFICIENCY,DELTA_TITLE,-0.06850484542402002
gen4_native_mamba_phase_f_pair_level_contrasts_v1,generated_fact_033,POST4_PATH_EFFICIENCY,DELTA_TITLE,-0.06027050913455112
gen4_native_mamba_phase_f_pair_level_contrasts_v1,generated_fact_034,POST4_PATH_EFFICIENCY,DELTA_TITLE,-0.025134006676281184
gen4_native_mamba_phase_f_pair_level_contrasts_v1,generated_fact_035,POST4_PATH_EFFICIENCY,DELTA_TITLE,0.04891112636921652
gen4_native_mamba_phase_f_pair_level_contrasts_v1,generated_fact_036,POST4_PATH_EFFICIENCY,DELTA_TITLE,0.05830699330941197
gen4_native_mamba_phase_f_pair_level_contrasts_v1,generated_fact_037,POST4_PATH_EFFICIENCY,DELTA_TITLE,-0.0141931470635141
gen4_native_mamba_phase_f_pair_level_contrasts_v1,generated_fact_038,POST4_PATH_EFFICIENCY,DELTA_TITLE,-0.06858272991935177
gen4_native_mamba_phase_f_pair_level_contrasts_v1,generated_fact_039,POST4_PATH_EFFICIENCY,DELTA_TITLE,-0.11387821140062865
gen4_native_mamba_phase_f_pair_level_contrasts_v1,generated_fact_040,POST4_PATH_EFFICIENCY,DELTA_TITLE,0.012178865560030616
gen4_native_mamba_phase_f_pair_level_contrasts_v1,generated_fact_041,POST4_PATH_EFFICIENCY,DELTA_TITLE,0.12893779302015873
gen4_native_mamba_phase_f_pair_level_contrasts_v1,generated_fact_042,POST4_PATH_EFFICIENCY,DELTA_TITLE,0.06930884685644412
gen4_native_mamba_phase_f_pair_level_contrasts_v1,generated_fact_043,POST4_PATH_EFFICIENCY,DELTA_TITLE,-0.02162136613345822
gen4_native_mamba_phase_f_pair_level_contrasts_v1,generated_fact_044,POST4_PATH_EFFICIENCY,DELTA_TITLE,-0.07747458137305707
gen4_native_mamba_phase_f_pair_level_contrasts_v1,generated_fact_045,POST4_PATH_EFFICIENCY,DELTA_TITLE,-0.06265251552546952
gen4_native_mamba_phase_f_pair_level_contrasts_v1,generated_fact_046,POST4_PATH_EFFICIENCY,DELTA_TITLE,-0.024674358668507645
gen4_native_mamba_phase_f_pair_level_contrasts_v1,generated_fact_047,POST4_PATH_EFFICIENCY,DELTA_TITLE,0.04703972110455773
gen4_native_mamba_phase_f_pair_level_contrasts_v1,generated_fact_048,POST4_PATH_EFFICIENCY,DELTA_TITLE,0.055085863151290326
gen4_native_mamba_phase_f_pair_level_contrasts_v1,generated_fact_049,POST4_PATH_EFFICIENCY,DELTA_TITLE,-0.014937708482884005
gen4_native_mamba_phase_f_pair_level_contrasts_v1,generated_fact_050,POST4_PATH_EFFICIENCY,DELTA_TITLE,-0.06516782322917036
gen4_native_mamba_phase_f_pair_level_contrasts_v1,generated_fact_051,POST4_PATH_EFFICIENCY,DELTA_TITLE,-0.12971244458712916
gen4_native_mamba_phase_f_pair_level_contrasts_v1,generated_fact_052,POST4_PATH_EFFICIENCY,DELTA_TITLE,0.01216193308485225
gen4_native_mamba_phase_f_pair_level_contrasts_v1,generated_fact_053,POST4_PATH_EFFICIENCY,DELTA_TITLE,0.1307492479762512
gen4_native_mamba_phase_f_pair_level_contrasts_v1,generated_fact_054,POST4_PATH_EFFICIENCY,DELTA_TITLE,0.07399650591478002
gen4_native_mamba_phase_f_pair_level_contrasts_v1,generated_fact_055,POST4_PATH_EFFICIENCY,DELTA_TITLE,-0.02228521976952552
gen4_native_mamba_phase_f_pair_level_contrasts_v1,generated_fact_056,POST4_PATH_EFFICIENCY,DELTA_TITLE,-0.06995240143534526
gen4_native_mamba_phase_f_pair_level_contrasts_v1,generated_fact_057,POST4_PATH_EFFICIENCY,DELTA_TITLE,-0.05730309858699456
gen4_native_mamba_phase_f_pair_level_contrasts_v1,generated_fact_058,POST4_PATH_EFFICIENCY,DELTA_TITLE,-0.02397899213656951
gen4_native_mamba_phase_f_pair_level_contrasts_v1,generated_fact_059,POST4_PATH_EFFICIENCY,DELTA_TITLE,0.05072579570954716
gen4_native_mamba_phase_f_pair_level_contrasts_v1,generated_fact_060,POST4_PATH_EFFICIENCY,DELTA_TITLE,0.05835865707297522
gen4_native_mamba_phase_f_pair_level_contrasts_v1,generated_fact_061,POST4_PATH_EFFICIENCY,DELTA_TITLE,-0.015383795638439168
gen4_native_mamba_phase_f_pair_level_contrasts_v1,generated_fact_062,POST4_PATH_EFFICIENCY,DELTA_TITLE,-0.06097931676071022
gen4_native_mamba_phase_f_pair_level_contrasts_v1,generated_fact_063,POST4_PATH_EFFICIENCY,DELTA_TITLE,-0.11744489895789073
gen4_native_mamba_phase_f_pair_level_contrasts_v1,generated_fact_064,POST4_PATH_EFFICIENCY,DELTA_TITLE,0.013017793691207535
gen4_native_mamba_phase_f_pair_level_contrasts_v1,generated_fact_065,POST4_PATH_EFFICIENCY,DELTA_TITLE,0.13558581020057103
gen4_native_mamba_phase_f_pair_level_contrasts_v1,generated_fact_066,POST4_PATH_EFFICIENCY,DELTA_TITLE,0.07450530327397148
gen4_native_mamba_phase_f_pair_level_contrasts_v1,generated_fact_067,POST4_PATH_EFFICIENCY,DELTA_TITLE,-0.02634873058484072
gen4_native_mamba_phase_f_pair_level_contrasts_v1,generated_fact_068,POST4_PATH_EFFICIENCY,DELTA_TITLE,-0.07476667247831931
gen4_native_mamba_phase_f_pair_level_contrasts_v1,generated_fact_069,POST4_PATH_EFFICIENCY,DELTA_TITLE,-0.055458905816531456
gen4_native_mamba_phase_f_pair_level_contrasts_v1,generated_fact_070,POST4_PATH_EFFICIENCY,DELTA_TITLE,-0.024847912686272455
gen4_native_mamba_phase_f_pair_level_contrasts_v1,generated_fact_071,POST4_PATH_EFFICIENCY,DELTA_TITLE,0.04588245983073447
gen4_native_mamba_phase_f_pair_level_contrasts_v1,generated_fact_072,POST4_PATH_EFFICIENCY,DELTA_TITLE,0.06358583132823592
gen4_native_mamba_phase_f_pair_level_contrasts_v1,generated_fact_073,POST4_PATH_EFFICIENCY,DELTA_TITLE,-0.014528751081068103
gen4_native_mamba_phase_f_pair_level_contrasts_v1,generated_fact_074,POST4_PATH_EFFICIENCY,DELTA_TITLE,-0.060540888487589706
gen4_native_mamba_phase_f_pair_level_contrasts_v1,generated_fact_075,POST4_PATH_EFFICIENCY,DELTA_TITLE,-0.12407159918525312
gen4_native_mamba_phase_f_pair_level_contrasts_v1,generated_fact_076,POST4_PATH_EFFICIENCY,DELTA_TITLE,0.012249356831158631
gen4_native_mamba_phase_f_pair_level_contrasts_v1,generated_fact_077,POST4_PATH_EFFICIENCY,DELTA_TITLE,0.13166994122196318
gen4_native_mamba_phase_f_pair_level_contrasts_v1,generated_fact_078,POST4_PATH_EFFICIENCY,DELTA_TITLE,0.06815949380047609
gen4_native_mamba_phase_f_pair_level_contrasts_v1,generated_fact_079,POST4_PATH_EFFICIENCY,DELTA_TITLE,-0.022552173855736712
gen4_native_mamba_phase_f_pair_level_contrasts_v1,generated_fact_080,POST4_PATH_EFFICIENCY,DELTA_TITLE,-0.0763986461706126
gen4_native_mamba_phase_f_pair_level_contrasts_v1,generated_fact_081,POST4_PATH_EFFICIENCY,DELTA_TITLE,-0.05441455756227054
gen4_native_mamba_phase_f_pair_level_contrasts_v1,generated_fact_082,POST4_PATH_EFFICIENCY,DELTA_TITLE,-0.024323363549961508
gen4_native_mamba_phase_f_pair_level_contrasts_v1,generated_fact_083,POST4_PATH_EFFICIENCY,DELTA_TITLE,0.04793485688487875
gen4_native_mamba_phase_f_pair_level_contrasts_v1,generated_fact_084,POST4_PATH_EFFICIENCY,DELTA_TITLE,0.05869148879468883
gen4_native_mamba_phase_f_pair_level_contrasts_v1,generated_fact_085,POST4_PATH_EFFICIENCY,DELTA_TITLE,-0.014511024340725653
gen4_native_mamba_phase_f_pair_level_contrasts_v1,generated_fact_086,POST4_PATH_EFFICIENCY,DELTA_TITLE,-0.06855734708011207
gen4_native_mamba_phase_f_pair_level_contrasts_v1,generated_fact_087,POST4_PATH_EFFICIENCY,DELTA_TITLE,-0.1232638174277515
gen4_native_mamba_phase_f_pair_level_contrasts_v1,generated_fact_088,POST4_PATH_EFFICIENCY,DELTA_TITLE,0.012504210957863582
gen4_native_mamba_phase_f_pair_level_contrasts_v1,generated_fact_089,POST4_PATH_EFFICIENCY,DELTA_TITLE,0.1334041802065592
gen4_native_mamba_phase_f_pair_level_contrasts_v1,generated_fact_090,POST4_PATH_EFFICIENCY,DELTA_TITLE,0.07072557038963428
gen4_native_mamba_phase_f_pair_level_contrasts_v1,generated_fact_091,POST4_PATH_EFFICIENCY,DELTA_TITLE,-0.023196590150938168
gen4_native_mamba_phase_f_pair_level_contrasts_v1,generated_fact_092,POST4_PATH_EFFICIENCY,DELTA_TITLE,-0.07218240238006468
gen4_native_mamba_phase_f_pair_level_contrasts_v1,generated_fact_093,POST4_PATH_EFFICIENCY,DELTA_TITLE,-0.06718674843052286
gen4_native_mamba_phase_f_pair_level_contrasts_v1,generated_fact_094,POST4_PATH_EFFICIENCY,DELTA_TITLE,-0.025083285523402665
gen4_native_mamba_phase_f_pair_level_contrasts_v1,generated_fact_095,POST4_PATH_EFFICIENCY,DELTA_TITLE,0.04851873932448131
gen4_native_mamba_phase_f_pair_level_contrasts_v1,generated_fact_096,POST4_PATH_EFFICIENCY,DELTA_TITLE,0.0696123834540533
gen4_native_mamba_phase_f_pair_level_contrasts_v1,generated_fact_097,POST4_PATH_EFFICIENCY,DELTA_TITLE,-0.015087671939279457
gen4_native_mamba_phase_f_pair_level_contrasts_v1,generated_fact_098,POST4_PATH_EFFICIENCY,DELTA_TITLE,-0.0635115280791691
gen4_native_mamba_phase_f_pair_level_contrasts_v1,generated_fact_099,POST4_PATH_EFFICIENCY,DELTA_TITLE,-0.11991234423275482
gen4_native_mamba_phase_f_pair_level_contrasts_v1,generated_fact_100,POST4_PATH_EFFICIENCY,DELTA_TITLE,0.012824644921089978
gen4_native_mamba_phase_f_pair_level_contrasts_v1,generated_fact_101,POST4_PATH_EFFICIENCY,DELTA_TITLE,0.13485945534376598
gen4_native_mamba_phase_f_pair_level_contrasts_v1,generated_fact_102,POST4_PATH_EFFICIENCY,DELTA_TITLE,0.06791375632931451
gen4_native_mamba_phase_f_pair_level_contrasts_v1,generated_fact_103,POST4_PATH_EFFICIENCY,DELTA_TITLE,-0.023354487662467227
gen4_native_mamba_phase_f_pair_level_contrasts_v1,generated_fact_104,POST4_PATH_EFFICIENCY,DELTA_TITLE,-0.06870986234813176
gen4_native_mamba_phase_f_pair_level_contrasts_v1,generated_fact_105,POST4_PATH_EFFICIENCY,DELTA_TITLE,-0.05989589771329035
gen4_native_mamba_phase_f_pair_level_contrasts_v1,generated_fact_106,POST4_PATH_EFFICIENCY,DELTA_TITLE,-0.02391578895427071
gen4_native_mamba_phase_f_pair_level_contrasts_v1,generated_fact_107,POST4_PATH_EFFICIENCY,DELTA_TITLE,0.05126934369350444
gen4_native_mamba_phase_f_pair_level_contrasts_v1,generated_fact_108,POST4_PATH_EFFICIENCY,DELTA_TITLE,0.06840499050543125
gen4_native_mamba_phase_f_pair_level_contrasts_v1,generated_fact_109,POST4_PATH_EFFICIENCY,DELTA_TITLE,-0.01742656144761462
gen4_native_mamba_phase_f_pair_level_contrasts_v1,generated_fact_110,POST4_PATH_EFFICIENCY,DELTA_TITLE,-0.06793825220252331
gen4_native_mamba_phase_f_pair_level_contrasts_v1,generated_fact_111,POST4_PATH_EFFICIENCY,DELTA_TITLE,-0.11832170646625445
gen4_native_mamba_phase_f_pair_level_contrasts_v1,generated_fact_112,POST4_PATH_EFFICIENCY,DELTA_TITLE,0.012675463149972144
gen4_native_mamba_phase_f_pair_level_contrasts_v1,generated_fact_113,POST4_PATH_EFFICIENCY,DELTA_TITLE,0.1302832793876723
gen4_native_mamba_phase_f_pair_level_contrasts_v1,generated_fact_114,POST4_PATH_EFFICIENCY,DELTA_TITLE,0.07256224303743314
gen4_native_mamba_phase_f_pair_level_contrasts_v1,generated_fact_115,POST4_PATH_EFFICIENCY,DELTA_TITLE,-0.023250872996131877
gen4_native_mamba_phase_f_pair_level_contrasts_v1,generated_fact_116,POST4_PATH_EFFICIENCY,DELTA_TITLE,-0.06939653309321037
gen4_native_mamba_phase_f_pair_level_contrasts_v1,generated_fact_117,POST4_PATH_EFFICIENCY,DELTA_TITLE,-0.059110601489919645
gen4_native_mamba_phase_f_pair_level_contrasts_v1,generated_fact_118,POST4_PATH_EFFICIENCY,DELTA_TITLE,-0.024743997686499708
gen4_native_mamba_phase_f_pair_level_contrasts_v1,generated_fact_119,POST4_PATH_EFFICIENCY,DELTA_TITLE,0.04728782263378439
gen4_native_mamba_phase_f_pair_level_contrasts_v1,generated_fact_120,POST4_PATH_EFFICIENCY,DELTA_TITLE,0.0586794719411145
gen4_native_mamba_phase_f_pair_level_contrasts_v1,generated_fact_121,POST4_PATH_EFFICIENCY,DELTA_TITLE,-0.01365785303865219
gen4_native_mamba_phase_f_pair_level_contrasts_v1,generated_fact_122,POST4_PATH_EFFICIENCY,DELTA_TITLE,-0.06920827434867644
gen4_native_mamba_phase_f_pair_level_contrasts_v1,generated_fact_123,POST4_PATH_EFFICIENCY,DELTA_TITLE,-0.11757515136775731
gen4_native_mamba_phase_f_pair_level_contrasts_v1,generated_fact_124,POST4_PATH_EFFICIENCY,DELTA_TITLE,0.012762442775788974
gen4_native_mamba_phase_f_pair_level_contrasts_v1,generated_fact_125,POST4_PATH_EFFICIENCY,DELTA_TITLE,0.12863288339687023
gen4_native_mamba_phase_f_pair_level_contrasts_v1,generated_fact_126,POST4_PATH_EFFICIENCY,DELTA_TITLE,0.06822457519215452
gen4_native_mamba_phase_f_pair_level_contrasts_v1,generated_fact_127,POST4_PATH_EFFICIENCY,DELTA_TITLE,-0.02214139685429739
gen4_native_mamba_phase_f_pair_level_contrasts_v1,generated_fact_128,POST4_PATH_EFFICIENCY,DELTA_TITLE,-0.0758123028000185
gen4_native_mamba_phase_f_pair_level_contrasts_v1,generated_fact_129,POST4_PATH_EFFICIENCY,DELTA_TITLE,-0.06684669775175966
gen4_native_mamba_phase_f_pair_level_contrasts_v1,generated_fact_130,POST4_PATH_EFFICIENCY,DELTA_TITLE,-0.02480068744905206
gen4_native_mamba_phase_f_pair_level_contrasts_v1,generated_fact_131,POST4_PATH_EFFICIENCY,DELTA_TITLE,0.049290354238200385
gen4_native_mamba_phase_f_pair_level_contrasts_v1,generated_fact_132,POST4_PATH_EFFICIENCY,DELTA_TITLE,0.057821096251325865
gen4_native_mamba_phase_f_pair_level_contrasts_v1,generated_fact_133,POST4_PATH_EFFICIENCY,DELTA_TITLE,-0.015448039453077989
gen4_native_mamba_phase_f_pair_level_contrasts_v1,generated_fact_134,POST4_PATH_EFFICIENCY,DELTA_TITLE,-0.06137685683367522
gen4_native_mamba_phase_f_pair_level_contrasts_v1,generated_fact_135,POST4_PATH_EFFICIENCY,DELTA_TITLE,-0.12609647275656616
gen4_native_mamba_phase_f_pair_level_contrasts_v1,generated_fact_136,POST4_PATH_EFFICIENCY,DELTA_TITLE,0.012020678996599143
gen4_native_mamba_phase_f_pair_level_contrasts_v1,generated_fact_137,POST4_PATH_EFFICIENCY,DELTA_TITLE,0.13306118857063065
gen4_native_mamba_phase_f_pair_level_contrasts_v1,generated_fact_138,POST4_PATH_EFFICIENCY,DELTA_TITLE,0.0746275440937007
gen4_native_mamba_phase_f_pair_level_contrasts_v1,generated_fact_139,POST4_PATH_EFFICIENCY,DELTA_TITLE,-0.022576978583741858
gen4_native_mamba_phase_f_pair_level_contrasts_v1,generated_fact_140,POST4_PATH_EFFICIENCY,DELTA_TITLE,-0.07026699783332246
gen4_native_mamba_phase_f_pair_level_contrasts_v1,generated_fact_141,POST4_PATH_EFFICIENCY,DELTA_TITLE,-0.05524571231296854
gen4_native_mamba_phase_f_pair_level_contrasts_v1,generated_fact_142,POST4_PATH_EFFICIENCY,DELTA_TITLE,-0.023597234090679986
gen4_native_mamba_phase_f_pair_level_contrasts_v1,generated_fact_143,POST4_PATH_EFFICIENCY,DELTA_TITLE,0.04718874359053765
gen4_native_mamba_phase_f_pair_level_contrasts_v1,generated_fact_144,POST4_PATH_EFFICIENCY,DELTA_TITLE,0.05395993153125256
gen4_native_mamba_phase_f_pair_level_contrasts_v1,generated_fact_145,POST4_PATH_EFFICIENCY,DELTA_TITLE,-0.014407948344632882
gen4_native_mamba_phase_f_pair_level_contrasts_v1,generated_fact_146,POST4_PATH_EFFICIENCY,DELTA_TITLE,-0.061596519051787035
gen4_native_mamba_phase_f_pair_level_contrasts_v1,generated_fact_147,POST4_PATH_EFFICIENCY,DELTA_TITLE,-0.12293058535932683
gen4_native_mamba_phase_f_pair_level_contrasts_v1,generated_fact_148,POST4_PATH_EFFICIENCY,DELTA_TITLE,0.012990448819172606
gen4_native_mamba_phase_f_pair_level_contrasts_v1,generated_fact_149,POST4_PATH_EFFICIENCY,DELTA_TITLE,0.13317139551296703
gen4_native_mamba_phase_f_pair_level_contrasts_v1,generated_fact_150,POST4_PATH_EFFICIENCY,DELTA_TITLE,0.07480148389927155
gen4_native_mamba_phase_f_pair_level_contrasts_v1,generated_fact_151,POST4_PATH_EFFICIENCY,DELTA_TITLE,-0.025626777747881635
gen4_native_mamba_phase_f_pair_level_contrasts_v1,generated_fact_152,POST4_PATH_EFFICIENCY,DELTA_TITLE,-0.07626398582504007
gen4_native_mamba_phase_f_pair_level_contrasts_v1,generated_fact_153,POST4_PATH_EFFICIENCY,DELTA_TITLE,-0.05935051735188335
gen4_native_mamba_phase_f_pair_level_contrasts_v1,generated_fact_154,POST4_PATH_EFFICIENCY,DELTA_TITLE,-0.024734454972070163
gen4_native_mamba_phase_f_pair_level_contrasts_v1,generated_fact_155,POST4_PATH_EFFICIENCY,DELTA_TITLE,0.04779712376052647
gen4_native_mamba_phase_f_pair_level_contrasts_v1,generated_fact_156,POST4_PATH_EFFICIENCY,DELTA_TITLE,0.0629972175174659
gen4_native_mamba_phase_f_pair_level_contrasts_v1,generated_fact_157,POST4_PATH_EFFICIENCY,DELTA_TITLE,-0.015483681585895859
gen4_native_mamba_phase_f_pair_level_contrasts_v1,generated_fact_158,POST4_PATH_EFFICIENCY,DELTA_TITLE,-0.06075997794345889
gen4_native_mamba_phase_f_pair_level_contrasts_v1,generated_fact_159,POST4_PATH_EFFICIENCY,DELTA_TITLE,-0.12006008106821936
gen4_native_mamba_phase_f_pair_level_contrasts_v1,generated_fact_160,POST4_PATH_EFFICIENCY,DELTA_TITLE,0.011540802809928308
gen4_native_mamba_phase_f_pair_level_contrasts_v1,generated_fact_161,POST4_PATH_EFFICIENCY,DELTA_TITLE,0.1319364584063828
gen4_native_mamba_phase_f_pair_level_contrasts_v1,generated_fact_162,POST4_PATH_EFFICIENCY,DELTA_TITLE,0.06959146329159127
gen4_native_mamba_phase_f_pair_level_contrasts_v1,generated_fact_163,POST4_PATH_EFFICIENCY,DELTA_TITLE,-0.02213308517807644
gen4_native_mamba_phase_f_pair_level_contrasts_v1,generated_fact_164,POST4_PATH_EFFICIENCY,DELTA_TITLE,-0.07725330948191034
gen4_native_mamba_phase_f_pair_level_contrasts_v1,generated_fact_165,POST4_PATH_EFFICIENCY,DELTA_TITLE,-0.05578453644515163
gen4_native_mamba_phase_f_pair_level_contrasts_v1,generated_fact_166,POST4_PATH_EFFICIENCY,DELTA_TITLE,-0.024418718495028913
gen4_native_mamba_phase_f_pair_level_contrasts_v1,generated_fact_167,POST4_PATH_EFFICIENCY,DELTA_TITLE,0.04623977076175034
gen4_native_mamba_phase_f_pair_level_contrasts_v1,generated_fact_168,POST4_PATH_EFFICIENCY,DELTA_TITLE,0.05816030833352087
gen4_native_mamba_phase_f_pair_level_contrasts_v1,generated_fact_169,POST4_PATH_EFFICIENCY,DELTA_TITLE,-0.013723369861758039
gen4_native_mamba_phase_f_pair_level_contrasts_v1,generated_fact_170,POST4_PATH_EFFICIENCY,DELTA_TITLE,-0.06867731244955722
gen4_native_mamba_phase_f_pair_level_contrasts_v1,generated_fact_171,POST4_PATH_EFFICIENCY,DELTA_TITLE,-0.1285259808568764
gen4_native_mamba_phase_f_pair_level_contrasts_v1,generated_fact_172,POST4_PATH_EFFICIENCY,DELTA_TITLE,0.012918915005219689
gen4_native_mamba_phase_f_pair_level_contrasts_v1,generated_fact_173,POST4_PATH_EFFICIENCY,DELTA_TITLE,0.13211674844611704
gen4_native_mamba_phase_f_pair_level_contrasts_v1,generated_fact_174,POST4_PATH_EFFICIENCY,DELTA_TITLE,0.06867743650256336
gen4_native_mamba_phase_f_pair_level_contrasts_v1,generated_fact_175,POST4_PATH_EFFICIENCY,DELTA_TITLE,-0.02232737613968444
gen4_native_mamba_phase_f_pair_level_contrasts_v1,generated_fact_176,POST4_PATH_EFFICIENCY,DELTA_TITLE,-0.0707995681714641
gen4_native_mamba_phase_f_pair_level_contrasts_v1,generated_fact_177,POST4_PATH_EFFICIENCY,DELTA_TITLE,-0.06950429454026502
gen4_native_mamba_phase_f_pair_level_contrasts_v1,generated_fact_178,POST4_PATH_EFFICIENCY,DELTA_TITLE,-0.024994884717119914
gen4_native_mamba_phase_f_pair_level_contrasts_v1,generated_fact_179,POST4_PATH_EFFICIENCY,DELTA_TITLE,0.05022031373023672
gen4_native_mamba_phase_f_pair_level_contrasts_v1,generated_fact_180,POST4_PATH_EFFICIENCY,DELTA_TITLE,0.06956157446349881
gen4_native_mamba_phase_f_pair_level_contrasts_v1,generated_fact_181,POST4_PATH_EFFICIENCY,DELTA_TITLE,-0.01406777815480792
gen4_native_mamba_phase_f_pair_level_contrasts_v1,generated_fact_182,POST4_PATH_EFFICIENCY,DELTA_TITLE,-0.06296123860054798
gen4_native_mamba_phase_f_pair_level_contrasts_v1,generated_fact_183,POST4_PATH_EFFICIENCY,DELTA_TITLE,-0.11730456408556439
gen4_native_mamba_phase_f_pair_level_contrasts_v1,generated_fact_184,POST4_PATH_EFFICIENCY,DELTA_TITLE,0.012900437761700356
gen4_native_mamba_phase_f_pair_level_contrasts_v1,generated_fact_185,POST4_PATH_EFFICIENCY,DELTA_TITLE,0.1351289251580417
gen4_native_mamba_phase_f_pair_level_contrasts_v1,generated_fact_186,POST4_PATH_EFFICIENCY,DELTA_TITLE,0.0678422949799401
gen4_native_mamba_phase_f_pair_level_contrasts_v1,generated_fact_187,POST4_PATH_EFFICIENCY,DELTA_TITLE,-0.022592452842290223
gen4_native_mamba_phase_f_pair_level_contrasts_v1,generated_fact_188,POST4_PATH_EFFICIENCY,DELTA_TITLE,-0.0697756740184533
gen4_native_mamba_phase_f_pair_level_contrasts_v1,generated_fact_189,POST4_PATH_EFFICIENCY,DELTA_TITLE,-0.05775675375440076
gen4_native_mamba_phase_f_pair_level_contrasts_v1,generated_fact_190,POST4_PATH_EFFICIENCY,DELTA_TITLE,-0.02436757385974042
gen4_native_mamba_phase_f_pair_level_contrasts_v1,generated_fact_191,POST4_PATH_EFFICIENCY,DELTA_TITLE,0.050235939725636
gen4_native_mamba_phase_f_pair_level_contrasts_v1,generated_fact_192,POST4_PATH_EFFICIENCY,DELTA_TITLE,0.068665852521554
gen4_native_mamba_phase_f_pair_level_contrasts_v1,generated_fact_193,POST4_PATH_EFFICIENCY,DELTA_TITLE,-0.016302836270238763
gen4_native_mamba_phase_f_pair_level_contrasts_v1,generated_fact_194,POST4_PATH_EFFICIENCY,DELTA_TITLE,-0.06867762416351708
gen4_native_mamba_phase_f_pair_level_contrasts_v1,generated_fact_195,POST4_PATH_EFFICIENCY,DELTA_TITLE,-0.12232230135109212
gen4_native_mamba_phase_f_pair_level_contrasts_v1,generated_fact_196,POST4_PATH_EFFICIENCY,DELTA_TITLE,0.012858693468435711
gen4_native_mamba_phase_f_pair_level_contrasts_v1,generated_fact_197,POST4_PATH_EFFICIENCY,DELTA_TITLE,0.12915037378896882
gen4_native_mamba_phase_f_pair_level_contrasts_v1,generated_fact_198,POST4_PATH_EFFICIENCY,DELTA_TITLE,0.07211432485617436
gen4_native_mamba_phase_f_pair_level_contrasts_v1,generated_fact_199,POST4_PATH_EFFICIENCY,DELTA_TITLE,-0.023373586700424
gen4_native_mamba_phase_f_pair_level_contrasts_v1,generated_fact_200,POST4_PATH_EFFICIENCY,DELTA_TITLE,-0.06918974306651632
gen4_native_mamba_phase_f_pair_level_contrasts_v1,generated_fact_201,POST4_PATH_EFFICIENCY,DELTA_TITLE,-0.06435310737162758
gen4_native_mamba_phase_f_pair_level_contrasts_v1,generated_fact_202,POST4_PATH_EFFICIENCY,DELTA_TITLE,-0.024790435679447387
gen4_native_mamba_phase_f_pair_level_contrasts_v1,generated_fact_203,POST4_PATH_EFFICIENCY,DELTA_TITLE,0.04949018725739063
gen4_native_mamba_phase_f_pair_level_contrasts_v1,generated_fact_204,POST4_PATH_EFFICIENCY,DELTA_TITLE,0.05716576572624077
gen4_native_mamba_phase_f_pair_level_contrasts_v1,generated_fact_205,POST4_PATH_EFFICIENCY,DELTA_TITLE,-0.01450203790118082
gen4_native_mamba_phase_f_pair_level_contrasts_v1,generated_fact_206,POST4_PATH_EFFICIENCY,DELTA_TITLE,-0.0694391408415353
gen4_native_mamba_phase_f_pair_level_contrasts_v1,generated_fact_207,POST4_PATH_EFFICIENCY,DELTA_TITLE,-0.11535389199850954
gen4_native_mamba_phase_f_pair_level_contrasts_v1,generated_fact_208,POST4_PATH_EFFICIENCY,DELTA_TITLE,0.012663351452655958
gen4_native_mamba_phase_f_pair_level_contrasts_v1,generated_fact_209,POST4_PATH_EFFICIENCY,DELTA_TITLE,0.1305951030757141
gen4_native_mamba_phase_f_pair_level_contrasts_v1,generated_fact_210,POST4_PATH_EFFICIENCY,DELTA_TITLE,0.06949473045459548
gen4_native_mamba_phase_f_pair_level_contrasts_v1,generated_fact_211,POST4_PATH_EFFICIENCY,DELTA_TITLE,-0.02211201808603741
gen4_native_mamba_phase_f_pair_level_contrasts_v1,generated_fact_212,POST4_PATH_EFFICIENCY,DELTA_TITLE,-0.0771213558217621
gen4_native_mamba_phase_f_pair_level_contrasts_v1,generated_fact_213,POST4_PATH_EFFICIENCY,DELTA_TITLE,-0.06533391603925026
gen4_native_mamba_phase_f_pair_level_contrasts_v1,generated_fact_214,POST4_PATH_EFFICIENCY,DELTA_TITLE,-0.024415168073109617
gen4_native_mamba_phase_f_pair_level_contrasts_v1,generated_fact_215,POST4_PATH_EFFICIENCY,DELTA_TITLE,0.04858324278039161
gen4_native_mamba_phase_f_pair_level_contrasts_v1,generated_fact_216,POST4_PATH_EFFICIENCY,DELTA_TITLE,0.05656418506169214
gen4_native_mamba_phase_f_pair_level_contrasts_v1,generated_fact_217,POST4_PATH_EFFICIENCY,DELTA_TITLE,-0.015034965238913067
gen4_native_mamba_phase_f_pair_level_contrasts_v1,generated_fact_218,POST4_PATH_EFFICIENCY,DELTA_TITLE,-0.06372822452986282
gen4_native_mamba_phase_f_pair_level_contrasts_v1,generated_fact_219,POST4_PATH_EFFICIENCY,DELTA_TITLE,-0.1309106173767582
gen4_native_mamba_phase_f_pair_level_contrasts_v1,generated_fact_220,POST4_PATH_EFFICIENCY,DELTA_TITLE,0.012296330167158087
gen4_native_mamba_phase_f_pair_level_contrasts_v1,generated_fact_221,POST4_PATH_EFFICIENCY,DELTA_TITLE,0.13199398433876613
gen4_native_mamba_phase_f_pair_level_contrasts_v1,generated_fact_222,POST4_PATH_EFFICIENCY,DELTA_TITLE,0.0734728319557908
gen4_native_mamba_phase_f_pair_level_contrasts_v1,generated_fact_223,POST4_PATH_EFFICIENCY,DELTA_TITLE,-0.02181140001737264
gen4_native_mamba_phase_f_pair_level_contrasts_v1,generated_fact_224,POST4_PATH_EFFICIENCY,DELTA_TITLE,-0.06967676598217754
gen4_native_mamba_phase_f_pair_level_contrasts_v1,generated_fact_225,POST4_PATH_EFFICIENCY,DELTA_TITLE,-0.059058085246745606
gen4_native_mamba_phase_f_pair_level_contrasts_v1,generated_fact_226,POST4_PATH_EFFICIENCY,DELTA_TITLE,-0.024043129960608978
gen4_native_mamba_phase_f_pair_level_contrasts_v1,generated_fact_227,POST4_PATH_EFFICIENCY,DELTA_TITLE,0.0503441448832197
gen4_native_mamba_phase_f_pair_level_contrasts_v1,generated_fact_228,POST4_PATH_EFFICIENCY,DELTA_TITLE,0.055344378727698984
gen4_native_mamba_phase_f_pair_level_contrasts_v1,generated_fact_229,POST4_PATH_EFFICIENCY,DELTA_TITLE,-0.015707025678879938
gen4_native_mamba_phase_f_pair_level_contrasts_v1,generated_fact_230,POST4_PATH_EFFICIENCY,DELTA_TITLE,-0.06124031896946419
gen4_native_mamba_phase_f_pair_level_contrasts_v1,generated_fact_231,POST4_PATH_EFFICIENCY,DELTA_TITLE,-0.11853656012099906
gen4_native_mamba_phase_f_pair_level_contrasts_v1,generated_fact_232,POST4_PATH_EFFICIENCY,DELTA_TITLE,0.013007607808100008
gen4_native_mamba_phase_f_pair_level_contrasts_v1,generated_fact_233,POST4_PATH_EFFICIENCY,DELTA_TITLE,0.1357471816813689
gen4_native_mamba_phase_f_pair_level_contrasts_v1,generated_fact_234,POST4_PATH_EFFICIENCY,DELTA_TITLE,0.07486963289384035
gen4_native_mamba_phase_f_pair_level_contrasts_v1,generated_fact_235,POST4_PATH_EFFICIENCY,DELTA_TITLE,-0.0269469976461566
gen4_native_mamba_phase_f_pair_level_contrasts_v1,generated_fact_236,POST4_PATH_EFFICIENCY,DELTA_TITLE,-0.07536952654091683
gen4_native_mamba_phase_f_pair_level_contrasts_v1,generated_fact_237,POST4_PATH_EFFICIENCY,DELTA_TITLE,-0.055800936171321536
gen4_native_mamba_phase_f_pair_level_contrasts_v1,generated_fact_238,POST4_PATH_EFFICIENCY,DELTA_TITLE,-0.02422867650907018
gen4_native_mamba_phase_f_pair_level_contrasts_v1,generated_fact_239,POST4_PATH_EFFICIENCY,DELTA_TITLE,0.04655749549696436
gen4_native_mamba_phase_f_pair_level_contrasts_v1,generated_fact_240,POST4_PATH_EFFICIENCY,DELTA_TITLE,0.06374543031241059
gen4_native_mamba_phase_f_pair_level_contrasts_v1,generated_fact_241,POST4_PATH_EFFICIENCY,DELTA_TITLE,-0.014851736513545322
gen4_native_mamba_phase_f_pair_level_contrasts_v1,generated_fact_242,POST4_PATH_EFFICIENCY,DELTA_TITLE,-0.06156088220690964
gen4_native_mamba_phase_f_pair_level_contrasts_v1,generated_fact_243,POST4_PATH_EFFICIENCY,DELTA_TITLE,-0.12397205599890299
gen4_native_mamba_phase_f_pair_level_contrasts_v1,generated_fact_244,POST4_PATH_EFFICIENCY,DELTA_TITLE,0.012156273421293051
gen4_native_mamba_phase_f_pair_level_contrasts_v1,generated_fact_245,POST4_PATH_EFFICIENCY,DELTA_TITLE,0.13247807201510414
gen4_native_mamba_phase_f_pair_level_contrasts_v1,generated_fact_246,POST4_PATH_EFFICIENCY,DELTA_TITLE,0.06822449246410345
gen4_native_mamba_phase_f_pair_level_contrasts_v1,generated_fact_247,POST4_PATH_EFFICIENCY,DELTA_TITLE,-0.02196106949011728
gen4_native_mamba_phase_f_pair_level_contrasts_v1,generated_fact_248,POST4_PATH_EFFICIENCY,DELTA_TITLE,-0.07642416300278432
gen4_native_mamba_phase_f_pair_level_contrasts_v1,generated_fact_249,POST4_PATH_EFFICIENCY,DELTA_TITLE,-0.05697081488523781
gen4_native_mamba_phase_f_pair_level_contrasts_v1,generated_fact_250,POST4_PATH_EFFICIENCY,DELTA_TITLE,-0.02410851727360941
gen4_native_mamba_phase_f_pair_level_contrasts_v1,generated_fact_251,POST4_PATH_EFFICIENCY,DELTA_TITLE,0.0488861518550468
gen4_native_mamba_phase_f_pair_level_contrasts_v1,generated_fact_252,POST4_PATH_EFFICIENCY,DELTA_TITLE,0.05982481822056701
gen4_native_mamba_phase_f_pair_level_contrasts_v1,generated_fact_253,POST4_PATH_EFFICIENCY,DELTA_TITLE,-0.014940975608808305
gen4_native_mamba_phase_f_pair_level_contrasts_v1,generated_fact_254,POST4_PATH_EFFICIENCY,DELTA_TITLE,-0.06799689540978454
gen4_native_mamba_phase_f_pair_level_contrasts_v1,generated_fact_255,POST4_PATH_EFFICIENCY,DELTA_TITLE,-0.12186885444799533
gen4_native_mamba_phase_f_pair_level_contrasts_v1,generated_fact_256,POST4_PATH_EFFICIENCY,DELTA_TITLE,0.012616216279214276
gen4_native_mamba_phase_f_pair_level_contrasts_v1,generated_fact_257,POST4_PATH_EFFICIENCY,DELTA_TITLE,0.13224907411987957
gen4_native_mamba_phase_f_pair_level_contrasts_v1,generated_fact_258,POST4_PATH_EFFICIENCY,DELTA_TITLE,0.06998901216436137
gen4_native_mamba_phase_f_pair_level_contrasts_v1,generated_fact_259,POST4_PATH_EFFICIENCY,DELTA_TITLE,-0.023509478873168455
gen4_native_mamba_phase_f_pair_level_contrasts_v1,generated_fact_260,POST4_PATH_EFFICIENCY,DELTA_TITLE,-0.0706422231086114
gen4_native_mamba_phase_f_pair_level_contrasts_v1,generated_fact_261,POST4_PATH_EFFICIENCY,DELTA_TITLE,-0.06597625206114144
gen4_native_mamba_phase_f_pair_level_contrasts_v1,generated_fact_262,POST4_PATH_EFFICIENCY,DELTA_TITLE,-0.024689410991442506
gen4_native_mamba_phase_f_pair_level_contrasts_v1,generated_fact_263,POST4_PATH_EFFICIENCY,DELTA_TITLE,0.04889017785887201
gen4_native_mamba_phase_f_pair_level_contrasts_v1,generated_fact_264,POST4_PATH_EFFICIENCY,DELTA_TITLE,0.06744257059383962
gen4_native_mamba_phase_f_pair_level_contrasts_v1,generated_fact_265,POST4_PATH_EFFICIENCY,DELTA_TITLE,-0.014588778660781787
gen4_native_mamba_phase_f_pair_level_contrasts_v1,generated_fact_266,POST4_PATH_EFFICIENCY,DELTA_TITLE,-0.06297261630727624
gen4_native_mamba_phase_f_pair_level_contrasts_v1,generated_fact_267,POST4_PATH_EFFICIENCY,DELTA_TITLE,-0.1228529170834049
gen4_native_mamba_phase_f_pair_level_contrasts_v1,generated_fact_268,POST4_PATH_EFFICIENCY,DELTA_TITLE,0.013091438533396005
gen4_native_mamba_phase_f_pair_level_contrasts_v1,generated_fact_269,POST4_PATH_EFFICIENCY,DELTA_TITLE,0.13525967987976262
gen4_native_mamba_phase_f_pair_level_contrasts_v1,generated_fact_270,POST4_PATH_EFFICIENCY,DELTA_TITLE,0.06772105406100593
gen4_native_mamba_phase_f_pair_level_contrasts_v1,generated_fact_271,POST4_PATH_EFFICIENCY,DELTA_TITLE,-0.022470976159612244
gen4_native_mamba_phase_f_pair_level_contrasts_v1,generated_fact_272,POST4_PATH_EFFICIENCY,DELTA_TITLE,-0.06880211858019886
gen4_native_mamba_phase_f_pair_level_contrasts_v1,generated_fact_273,POST4_PATH_EFFICIENCY,DELTA_TITLE,-0.05998964163684661
gen4_native_mamba_phase_f_pair_level_contrasts_v1,generated_fact_274,POST4_PATH_EFFICIENCY,DELTA_TITLE,-0.024361174348037973
gen4_native_mamba_phase_f_pair_level_contrasts_v1,generated_fact_275,POST4_PATH_EFFICIENCY,DELTA_TITLE,0.05267249405658225
gen4_native_mamba_phase_f_pair_level_contrasts_v1,generated_fact_276,POST4_PATH_EFFICIENCY,DELTA_TITLE,0.06961627229023015
gen4_native_mamba_phase_f_pair_level_contrasts_v1,generated_fact_277,POST4_PATH_EFFICIENCY,DELTA_TITLE,-0.017121871402225375
gen4_native_mamba_phase_f_pair_level_contrasts_v1,generated_fact_278,POST4_PATH_EFFICIENCY,DELTA_TITLE,-0.06822805250059688
gen4_native_mamba_phase_f_pair_level_contrasts_v1,generated_fact_279,POST4_PATH_EFFICIENCY,DELTA_TITLE,-0.11614188367541839
gen4_native_mamba_phase_f_pair_level_contrasts_v1,generated_fact_280,POST4_PATH_EFFICIENCY,DELTA_TITLE,0.012417412834518693
gen4_native_mamba_phase_f_pair_level_contrasts_v1,generated_fact_281,POST4_PATH_EFFICIENCY,DELTA_TITLE,0.13078929897299546
gen4_native_mamba_phase_f_pair_level_contrasts_v1,generated_fact_282,POST4_PATH_EFFICIENCY,DELTA_TITLE,0.07155725047818023
gen4_native_mamba_phase_f_pair_level_contrasts_v1,generated_fact_283,POST4_PATH_EFFICIENCY,DELTA_TITLE,-0.023033509058843216
gen4_native_mamba_phase_f_pair_level_contrasts_v1,generated_fact_284,POST4_PATH_EFFICIENCY,DELTA_TITLE,-0.06905052085997859
gen4_native_mamba_phase_f_pair_level_contrasts_v1,generated_fact_285,POST4_PATH_EFFICIENCY,DELTA_TITLE,-0.06039330605520998
gen4_native_mamba_phase_f_pair_level_contrasts_v1,generated_fact_286,POST4_PATH_EFFICIENCY,DELTA_TITLE,-0.024844307833545964
gen4_native_mamba_phase_f_pair_level_contrasts_v1,generated_fact_287,POST4_PATH_EFFICIENCY,DELTA_TITLE,0.04711369779098723
gen4_native_mamba_phase_f_pair_level_contrasts_v1,generated_fact_288,POST4_PATH_EFFICIENCY,DELTA_TITLE,0.056761949592716965
gen4_native_mamba_phase_f_pair_level_contrasts_v1,generated_fact_289,POST4_PATH_EFFICIENCY,DELTA_TITLE,-0.014634731423859515
gen4_native_mamba_phase_f_pair_level_contrasts_v1,generated_fact_290,POST4_PATH_EFFICIENCY,DELTA_TITLE,-0.06908108461090662
gen4_native_mamba_phase_f_pair_level_contrasts_v1,generated_fact_291,POST4_PATH_EFFICIENCY,DELTA_TITLE,-0.1199979520508831
gen4_native_mamba_phase_f_pair_level_contrasts_v1,generated_fact_292,POST4_PATH_EFFICIENCY,DELTA_TITLE,0.012902747466587594
gen4_native_mamba_phase_f_pair_level_contrasts_v1,generated_fact_293,POST4_PATH_EFFICIENCY,DELTA_TITLE,0.12897505269744303
gen4_native_mamba_phase_f_pair_level_contrasts_v1,generated_fact_294,POST4_PATH_EFFICIENCY,DELTA_TITLE,0.06981068361313214
gen4_native_mamba_phase_f_pair_level_contrasts_v1,generated_fact_295,POST4_PATH_EFFICIENCY,DELTA_TITLE,-0.022143668190258925
gen4_native_mamba_phase_f_pair_level_contrasts_v1,generated_fact_296,POST4_PATH_EFFICIENCY,DELTA_TITLE,-0.07697655826709937
gen4_native_mamba_phase_f_pair_level_contrasts_v1,generated_fact_297,POST4_PATH_EFFICIENCY,DELTA_TITLE,-0.06778301213935711
gen4_native_mamba_phase_f_pair_level_contrasts_v1,generated_fact_298,POST4_PATH_EFFICIENCY,DELTA_TITLE,-0.024355575282907604
gen4_native_mamba_phase_f_pair_level_contrasts_v1,generated_fact_299,POST4_PATH_EFFICIENCY,DELTA_TITLE,0.04987578393683367
gen4_native_mamba_phase_f_pair_level_contrasts_v1,generated_fact_300,POST4_PATH_EFFICIENCY,DELTA_TITLE,0.057965708441560626
gen4_native_mamba_phase_f_pair_level_contrasts_v1,glacier_study,POST4_PATH_EFFICIENCY,DELTA_TITLE,-0.014894696702315802
gen4_native_mamba_phase_f_pair_level_contrasts_v1,harbor_upgrade,POST4_PATH_EFFICIENCY,DELTA_TITLE,0.013969591914136603
gen4_native_mamba_phase_f_pair_level_contrasts_v1,jazz_archive,POST4_PATH_EFFICIENCY,DELTA_TITLE,0.02803719912596514
gen4_native_mamba_phase_f_pair_level_contrasts_v1,language_program,POST4_PATH_EFFICIENCY,DELTA_TITLE,-0.0005432270591214095
gen4_native_mamba_phase_f_pair_level_contrasts_v1,library_digitization,POST4_PATH_EFFICIENCY,DELTA_TITLE,-0.07915905729886807
gen4_native_mamba_phase_f_pair_level_contrasts_v1,market_renovation,POST4_PATH_EFFICIENCY,DELTA_TITLE,0.04331801496162252
gen4_native_mamba_phase_f_pair_level_contrasts_v1,museum_purchase,POST4_PATH_EFFICIENCY,DELTA_TITLE,-0.04936303089307231
gen4_native_mamba_phase_f_pair_level_contrasts_v1,opera_premiere,POST4_PATH_EFFICIENCY,DELTA_TITLE,0.012986142639510423
gen4_native_mamba_phase_f_pair_level_contrasts_v1,orion_approval,POST4_PATH_EFFICIENCY,DELTA_TITLE,0.007791490744286089
gen4_native_mamba_phase_f_pair_level_contrasts_v1,poetry_prize,POST4_PATH_EFFICIENCY,DELTA_TITLE,0.0206816558653512
gen4_native_mamba_phase_f_pair_level_contrasts_v1,railway_restoration,POST4_PATH_EFFICIENCY,DELTA_TITLE,0.029121265182160128
gen4_native_mamba_phase_f_pair_level_contrasts_v1,reef_protection,POST4_PATH_EFFICIENCY,DELTA_TITLE,-0.04257768191650024
gen4_native_mamba_phase_f_pair_level_contrasts_v1,robotics_championship,POST4_PATH_EFFICIENCY,DELTA_TITLE,0.08198352824332944
gen4_native_mamba_phase_f_pair_level_contrasts_v1,satellite_launch,POST4_PATH_EFFICIENCY,DELTA_TITLE,0.0434826911518183
gen4_native_mamba_phase_f_pair_level_contrasts_v1,school_opening,POST4_PATH_EFFICIENCY,DELTA_TITLE,-0.13757519119042333
gen4_native_mamba_phase_f_pair_level_contrasts_v1,solar_farm_contract,POST4_PATH_EFFICIENCY,DELTA_TITLE,0.03655494527135894
gen4_native_mamba_phase_f_pair_level_contrasts_v1,theater_restoration,POST4_PATH_EFFICIENCY,DELTA_TITLE,-0.018497005728438543
gen4_native_mamba_phase_f_pair_level_contrasts_v1,treaty_signature,POST4_PATH_EFFICIENCY,DELTA_TITLE,0.018294675096728774
gen4_native_mamba_phase_f_pair_level_contrasts_v1,vaccine_delivery,POST4_PATH_EFFICIENCY,DELTA_TITLE,-0.034468087520266255
gen4_native_mamba_phase_f_pair_level_contrasts_v1,volcano_observatory,POST4_PATH_EFFICIENCY,DELTA_TITLE,-0.018359506443555274
gen4_native_mamba_phase_f_pair_level_contrasts_v1,wetland_restoration,POST4_PATH_EFFICIENCY,DELTA_TITLE,0.008665553971160922
gen4_native_mamba_phase_f_pair_level_contrasts_v1,archive_release,POST4_PATH_EFFICIENCY,DELTA_NAME,0.010925970194755441
gen4_native_mamba_phase_f_pair_level_contrasts_v1,bridge_opening,POST4_PATH_EFFICIENCY,DELTA_NAME,0.007087475544760857
gen4_native_mamba_phase_f_pair_level_contrasts_v1,canal_reopening,POST4_PATH_EFFICIENCY,DELTA_NAME,-0.009939130585943867
gen4_native_mamba_phase_f_pair_level_contrasts_v1,clinic_expansion,POST4_PATH_EFFICIENCY,DELTA_NAME,-0.003856330678540132
gen4_native_mamba_phase_f_pair_level_contrasts_v1,dam_inspection,POST4_PATH_EFFICIENCY,DELTA_NAME,0.0001331039330434991
gen4_native_mamba_phase_f_pair_level_contrasts_v1,ferry_launch,POST4_PATH_EFFICIENCY,DELTA_NAME,-0.010691917092958692
gen4_native_mamba_phase_f_pair_level_contrasts_v1,festival_selection,POST4_PATH_EFFICIENCY,DELTA_NAME,0.004778701060350665
gen4_native_mamba_phase_f_pair_level_contrasts_v1,forest_mapping,POST4_PATH_EFFICIENCY,DELTA_NAME,0.012312520908404678
gen4_native_mamba_phase_f_pair_level_contrasts_v1,garden_award,POST4_PATH_EFFICIENCY,DELTA_NAME,0.003217756767047053
gen4_native_mamba_phase_f_pair_level_contrasts_v1,generated_fact_031,POST4_PATH_EFFICIENCY,DELTA_NAME,0.00708477551775144
gen4_native_mamba_phase_f_pair_level_contrasts_v1,generated_fact_032,POST4_PATH_EFFICIENCY,DELTA_NAME,-0.006823314136479464
gen4_native_mamba_phase_f_pair_level_contrasts_v1,generated_fact_033,POST4_PATH_EFFICIENCY,DELTA_NAME,0.011796917898779291
gen4_native_mamba_phase_f_pair_level_contrasts_v1,generated_fact_034,POST4_PATH_EFFICIENCY,DELTA_NAME,0.002292092142517743
gen4_native_mamba_phase_f_pair_level_contrasts_v1,generated_fact_035,POST4_PATH_EFFICIENCY,DELTA_NAME,0.004424711096111866
gen4_native_mamba_phase_f_pair_level_contrasts_v1,generated_fact_036,POST4_PATH_EFFICIENCY,DELTA_NAME,-0.016163640936859736
gen4_native_mamba_phase_f_pair_level_contrasts_v1,generated_fact_037,POST4_PATH_EFFICIENCY,DELTA_NAME,0.008333888524324207
gen4_native_mamba_phase_f_pair_level_contrasts_v1,generated_fact_038,POST4_PATH_EFFICIENCY,DELTA_NAME,-0.019517842656771145
gen4_native_mamba_phase_f_pair_level_contrasts_v1,generated_fact_039,POST4_PATH_EFFICIENCY,DELTA_NAME,0.005235936866815172
gen4_native_mamba_phase_f_pair_level_contrasts_v1,generated_fact_040,POST4_PATH_EFFICIENCY,DELTA_NAME,-0.0018841263621324211
gen4_native_mamba_phase_f_pair_level_contrasts_v1,generated_fact_041,POST4_PATH_EFFICIENCY,DELTA_NAME,0.03208850863229823
gen4_native_mamba_phase_f_pair_level_contrasts_v1,generated_fact_042,POST4_PATH_EFFICIENCY,DELTA_NAME,-0.0046056438223950336
gen4_native_mamba_phase_f_pair_level_contrasts_v1,generated_fact_043,POST4_PATH_EFFICIENCY,DELTA_NAME,0.006530444836816696
gen4_native_mamba_phase_f_pair_level_contrasts_v1,generated_fact_044,POST4_PATH_EFFICIENCY,DELTA_NAME,-0.007009733778135463
gen4_native_mamba_phase_f_pair_level_contrasts_v1,generated_fact_045,POST4_PATH_EFFICIENCY,DELTA_NAME,0.011933308208412097
gen4_native_mamba_phase_f_pair_level_contrasts_v1,generated_fact_046,POST4_PATH_EFFICIENCY,DELTA_NAME,0.002667699946785951
gen4_native_mamba_phase_f_pair_level_contrasts_v1,generated_fact_047,POST4_PATH_EFFICIENCY,DELTA_NAME,0.0043480682316486274
gen4_native_mamba_phase_f_pair_level_contrasts_v1,generated_fact_048,POST4_PATH_EFFICIENCY,DELTA_NAME,-0.016016363609519302
gen4_native_mamba_phase_f_pair_level_contrasts_v1,generated_fact_049,POST4_PATH_EFFICIENCY,DELTA_NAME,0.008245156687964883
gen4_native_mamba_phase_f_pair_level_contrasts_v1,generated_fact_050,POST4_PATH_EFFICIENCY,DELTA_NAME,-0.019575934284827068
gen4_native_mamba_phase_f_pair_level_contrasts_v1,generated_fact_051,POST4_PATH_EFFICIENCY,DELTA_NAME,0.004920847342592738
gen4_native_mamba_phase_f_pair_level_contrasts_v1,generated_fact_052,POST4_PATH_EFFICIENCY,DELTA_NAME,-0.0023299916738610538
gen4_native_mamba_phase_f_pair_level_contrasts_v1,generated_fact_053,POST4_PATH_EFFICIENCY,DELTA_NAME,0.032254649988489814
gen4_native_mamba_phase_f_pair_level_contrasts_v1,generated_fact_054,POST4_PATH_EFFICIENCY,DELTA_NAME,-0.004379757761177716
gen4_native_mamba_phase_f_pair_level_contrasts_v1,generated_fact_055,POST4_PATH_EFFICIENCY,DELTA_NAME,0.006673104734129631
gen4_native_mamba_phase_f_pair_level_contrasts_v1,generated_fact_056,POST4_PATH_EFFICIENCY,DELTA_NAME,-0.006852170623258824
gen4_native_mamba_phase_f_pair_level_contrasts_v1,generated_fact_057,POST4_PATH_EFFICIENCY,DELTA_NAME,0.011732850402445816
gen4_native_mamba_phase_f_pair_level_contrasts_v1,generated_fact_058,POST4_PATH_EFFICIENCY,DELTA_NAME,0.002182388001335911
gen4_native_mamba_phase_f_pair_level_contrasts_v1,generated_fact_059,POST4_PATH_EFFICIENCY,DELTA_NAME,0.004599422544318887
gen4_native_mamba_phase_f_pair_level_contrasts_v1,generated_fact_060,POST4_PATH_EFFICIENCY,DELTA_NAME,-0.016156313917935705
gen4_native_mamba_phase_f_pair_level_contrasts_v1,generated_fact_061,POST4_PATH_EFFICIENCY,DELTA_NAME,0.008531842592591932
gen4_native_mamba_phase_f_pair_level_contrasts_v1,generated_fact_062,POST4_PATH_EFFICIENCY,DELTA_NAME,-0.019270083796262383
gen4_native_mamba_phase_f_pair_level_contrasts_v1,generated_fact_063,POST4_PATH_EFFICIENCY,DELTA_NAME,0.005374382364893016
gen4_native_mamba_phase_f_pair_level_contrasts_v1,generated_fact_064,POST4_PATH_EFFICIENCY,DELTA_NAME,-0.002207079916567156
gen4_native_mamba_phase_f_pair_level_contrasts_v1,generated_fact_065,POST4_PATH_EFFICIENCY,DELTA_NAME,0.03223212629297634
gen4_native_mamba_phase_f_pair_level_contrasts_v1,generated_fact_066,POST4_PATH_EFFICIENCY,DELTA_NAME,-0.00427620475309981
gen4_native_mamba_phase_f_pair_level_contrasts_v1,generated_fact_067,POST4_PATH_EFFICIENCY,DELTA_NAME,0.006613979302767081
gen4_native_mamba_phase_f_pair_level_contrasts_v1,generated_fact_068,POST4_PATH_EFFICIENCY,DELTA_NAME,-0.007064881885748775
gen4_native_mamba_phase_f_pair_level_contrasts_v1,generated_fact_069,POST4_PATH_EFFICIENCY,DELTA_NAME,0.011724628710406193
gen4_native_mamba_phase_f_pair_level_contrasts_v1,generated_fact_070,POST4_PATH_EFFICIENCY,DELTA_NAME,0.0029987587363352053
gen4_native_mamba_phase_f_pair_level_contrasts_v1,generated_fact_071,POST4_PATH_EFFICIENCY,DELTA_NAME,0.004207589356016284
gen4_native_mamba_phase_f_pair_level_contrasts_v1,generated_fact_072,POST4_PATH_EFFICIENCY,DELTA_NAME,-0.016129344112976285
gen4_native_mamba_phase_f_pair_level_contrasts_v1,generated_fact_073,POST4_PATH_EFFICIENCY,DELTA_NAME,0.008162284240251283
gen4_native_mamba_phase_f_pair_level_contrasts_v1,generated_fact_074,POST4_PATH_EFFICIENCY,DELTA_NAME,-0.019653306947337024
gen4_native_mamba_phase_f_pair_level_contrasts_v1,generated_fact_075,POST4_PATH_EFFICIENCY,DELTA_NAME,0.005138056364731525
gen4_native_mamba_phase_f_pair_level_contrasts_v1,generated_fact_076,POST4_PATH_EFFICIENCY,DELTA_NAME,-0.0020857678731761586
gen4_native_mamba_phase_f_pair_level_contrasts_v1,generated_fact_077,POST4_PATH_EFFICIENCY,DELTA_NAME,0.03249842640331052
gen4_native_mamba_phase_f_pair_level_contrasts_v1,generated_fact_078,POST4_PATH_EFFICIENCY,DELTA_NAME,-0.004508089094963197
gen4_native_mamba_phase_f_pair_level_contrasts_v1,generated_fact_079,POST4_PATH_EFFICIENCY,DELTA_NAME,0.006582733077901248
gen4_native_mamba_phase_f_pair_level_contrasts_v1,generated_fact_080,POST4_PATH_EFFICIENCY,DELTA_NAME,-0.0067182250916946185
gen4_native_mamba_phase_f_pair_level_contrasts_v1,generated_fact_081,POST4_PATH_EFFICIENCY,DELTA_NAME,0.011709569707618606
gen4_native_mamba_phase_f_pair_level_contrasts_v1,generated_fact_082,POST4_PATH_EFFICIENCY,DELTA_NAME,0.002482322725192443
gen4_native_mamba_phase_f_pair_level_contrasts_v1,generated_fact_083,POST4_PATH_EFFICIENCY,DELTA_NAME,0.004153257534304788
gen4_native_mamba_phase_f_pair_level_contrasts_v1,generated_fact_084,POST4_PATH_EFFICIENCY,DELTA_NAME,-0.016291861674452013
gen4_native_mamba_phase_f_pair_level_contrasts_v1,generated_fact_085,POST4_PATH_EFFICIENCY,DELTA_NAME,0.0083186161138889
gen4_native_mamba_phase_f_pair_level_contrasts_v1,generated_fact_086,POST4_PATH_EFFICIENCY,DELTA_NAME,-0.01907818386690857
gen4_native_mamba_phase_f_pair_level_contrasts_v1,generated_fact_087,POST4_PATH_EFFICIENCY,DELTA_NAME,0.005548601790406227
gen4_native_mamba_phase_f_pair_level_contrasts_v1,generated_fact_088,POST4_PATH_EFFICIENCY,DELTA_NAME,-0.0020594524044107443
gen4_native_mamba_phase_f_pair_level_contrasts_v1,generated_fact_089,POST4_PATH_EFFICIENCY,DELTA_NAME,0.032261342225580636
gen4_native_mamba_phase_f_pair_level_contrasts_v1,generated_fact_090,POST4_PATH_EFFICIENCY,DELTA_NAME,-0.004176284757930804
gen4_native_mamba_phase_f_pair_level_contrasts_v1,generated_fact_091,POST4_PATH_EFFICIENCY,DELTA_NAME,0.006326979971064017
gen4_native_mamba_phase_f_pair_level_contrasts_v1,generated_fact_092,POST4_PATH_EFFICIENCY,DELTA_NAME,-0.0068328777191310475
gen4_native_mamba_phase_f_pair_level_contrasts_v1,generated_fact_093,POST4_PATH_EFFICIENCY,DELTA_NAME,0.011362064069431466
gen4_native_mamba_phase_f_pair_level_contrasts_v1,generated_fact_094,POST4_PATH_EFFICIENCY,DELTA_NAME,0.0028562883691009566
gen4_native_mamba_phase_f_pair_level_contrasts_v1,generated_fact_095,POST4_PATH_EFFICIENCY,DELTA_NAME,0.0040972957351747
gen4_native_mamba_phase_f_pair_level_contrasts_v1,generated_fact_096,POST4_PATH_EFFICIENCY,DELTA_NAME,-0.016122273197925807
gen4_native_mamba_phase_f_pair_level_contrasts_v1,generated_fact_097,POST4_PATH_EFFICIENCY,DELTA_NAME,0.008201229458935977
gen4_native_mamba_phase_f_pair_level_contrasts_v1,generated_fact_098,POST4_PATH_EFFICIENCY,DELTA_NAME,-0.019405413041584607
gen4_native_mamba_phase_f_pair_level_contrasts_v1,generated_fact_099,POST4_PATH_EFFICIENCY,DELTA_NAME,0.004918461275826069
gen4_native_mamba_phase_f_pair_level_contrasts_v1,generated_fact_100,POST4_PATH_EFFICIENCY,DELTA_NAME,-0.0017969429706429785
gen4_native_mamba_phase_f_pair_level_contrasts_v1,generated_fact_101,POST4_PATH_EFFICIENCY,DELTA_NAME,0.03272611368830636
gen4_native_mamba_phase_f_pair_level_contrasts_v1,generated_fact_102,POST4_PATH_EFFICIENCY,DELTA_NAME,-0.004656396207614544
gen4_native_mamba_phase_f_pair_level_contrasts_v1,generated_fact_103,POST4_PATH_EFFICIENCY,DELTA_NAME,0.0065858178746106
gen4_native_mamba_phase_f_pair_level_contrasts_v1,generated_fact_104,POST4_PATH_EFFICIENCY,DELTA_NAME,-0.006732058316938461
gen4_native_mamba_phase_f_pair_level_contrasts_v1,generated_fact_105,POST4_PATH_EFFICIENCY,DELTA_NAME,0.011850735426338854
gen4_native_mamba_phase_f_pair_level_contrasts_v1,generated_fact_106,POST4_PATH_EFFICIENCY,DELTA_NAME,0.00236335459710052
gen4_native_mamba_phase_f_pair_level_contrasts_v1,generated_fact_107,POST4_PATH_EFFICIENCY,DELTA_NAME,0.004345386547023655
gen4_native_mamba_phase_f_pair_level_contrasts_v1,generated_fact_108,POST4_PATH_EFFICIENCY,DELTA_NAME,-0.015965167626311727
gen4_native_mamba_phase_f_pair_level_contrasts_v1,generated_fact_109,POST4_PATH_EFFICIENCY,DELTA_NAME,0.008252948626880696
gen4_native_mamba_phase_f_pair_level_contrasts_v1,generated_fact_110,POST4_PATH_EFFICIENCY,DELTA_NAME,-0.01930614021891397
gen4_native_mamba_phase_f_pair_level_contrasts_v1,generated_fact_111,POST4_PATH_EFFICIENCY,DELTA_NAME,0.0056059729093085875
gen4_native_mamba_phase_f_pair_level_contrasts_v1,generated_fact_112,POST4_PATH_EFFICIENCY,DELTA_NAME,-0.001964490042673961
gen4_native_mamba_phase_f_pair_level_contrasts_v1,generated_fact_113,POST4_PATH_EFFICIENCY,DELTA_NAME,0.03218953349422943
gen4_native_mamba_phase_f_pair_level_contrasts_v1,generated_fact_114,POST4_PATH_EFFICIENCY,DELTA_NAME,-0.00426208721314647
gen4_native_mamba_phase_f_pair_level_contrasts_v1,generated_fact_115,POST4_PATH_EFFICIENCY,DELTA_NAME,0.006721021573891928
gen4_native_mamba_phase_f_pair_level_contrasts_v1,generated_fact_116,POST4_PATH_EFFICIENCY,DELTA_NAME,-0.00680422943414577
gen4_native_mamba_phase_f_pair_level_contrasts_v1,generated_fact_117,POST4_PATH_EFFICIENCY,DELTA_NAME,0.011593539944192321
gen4_native_mamba_phase_f_pair_level_contrasts_v1,generated_fact_118,POST4_PATH_EFFICIENCY,DELTA_NAME,0.002610839743457438
gen4_native_mamba_phase_f_pair_level_contrasts_v1,generated_fact_119,POST4_PATH_EFFICIENCY,DELTA_NAME,0.004330584342259303
gen4_native_mamba_phase_f_pair_level_contrasts_v1,generated_fact_120,POST4_PATH_EFFICIENCY,DELTA_NAME,-0.016170656999118238
gen4_native_mamba_phase_f_pair_level_contrasts_v1,generated_fact_121,POST4_PATH_EFFICIENCY,DELTA_NAME,0.008224657315407558
gen4_native_mamba_phase_f_pair_level_contrasts_v1,generated_fact_122,POST4_PATH_EFFICIENCY,DELTA_NAME,-0.019488112153671522
gen4_native_mamba_phase_f_pair_level_contrasts_v1,generated_fact_123,POST4_PATH_EFFICIENCY,DELTA_NAME,0.004850578726981969
gen4_native_mamba_phase_f_pair_level_contrasts_v1,generated_fact_124,POST4_PATH_EFFICIENCY,DELTA_NAME,-0.0017839959683176865
gen4_native_mamba_phase_f_pair_level_contrasts_v1,generated_fact_125,POST4_PATH_EFFICIENCY,DELTA_NAME,0.032250879662998444
gen4_native_mamba_phase_f_pair_level_contrasts_v1,generated_fact_126,POST4_PATH_EFFICIENCY,DELTA_NAME,-0.004490307764591028
gen4_native_mamba_phase_f_pair_level_contrasts_v1,generated_fact_127,POST4_PATH_EFFICIENCY,DELTA_NAME,0.006688474670946243
gen4_native_mamba_phase_f_pair_level_contrasts_v1,generated_fact_128,POST4_PATH_EFFICIENCY,DELTA_NAME,-0.006851793242796944
gen4_native_mamba_phase_f_pair_level_contrasts_v1,generated_fact_129,POST4_PATH_EFFICIENCY,DELTA_NAME,0.011921561133086012
gen4_native_mamba_phase_f_pair_level_contrasts_v1,generated_fact_130,POST4_PATH_EFFICIENCY,DELTA_NAME,0.0023651457780013985
gen4_native_mamba_phase_f_pair_level_contrasts_v1,generated_fact_131,POST4_PATH_EFFICIENCY,DELTA_NAME,0.004436354688478583
gen4_native_mamba_phase_f_pair_level_contrasts_v1,generated_fact_132,POST4_PATH_EFFICIENCY,DELTA_NAME,-0.015844602438142064
gen4_native_mamba_phase_f_pair_level_contrasts_v1,generated_fact_133,POST4_PATH_EFFICIENCY,DELTA_NAME,0.008140212452402817
gen4_native_mamba_phase_f_pair_level_contrasts_v1,generated_fact_134,POST4_PATH_EFFICIENCY,DELTA_NAME,-0.019337098962157517
gen4_native_mamba_phase_f_pair_level_contrasts_v1,generated_fact_135,POST4_PATH_EFFICIENCY,DELTA_NAME,0.0052122116665751506
gen4_native_mamba_phase_f_pair_level_contrasts_v1,generated_fact_136,POST4_PATH_EFFICIENCY,DELTA_NAME,-0.002396945988591914
gen4_native_mamba_phase_f_pair_level_contrasts_v1,generated_fact_137,POST4_PATH_EFFICIENCY,DELTA_NAME,0.0320018964396282
gen4_native_mamba_phase_f_pair_level_contrasts_v1,generated_fact_138,POST4_PATH_EFFICIENCY,DELTA_NAME,-0.0043720435249597345
gen4_native_mamba_phase_f_pair_level_contrasts_v1,generated_fact_139,POST4_PATH_EFFICIENCY,DELTA_NAME,0.006291442164769068
gen4_native_mamba_phase_f_pair_level_contrasts_v1,generated_fact_140,POST4_PATH_EFFICIENCY,DELTA_NAME,-0.006932060335908874
gen4_native_mamba_phase_f_pair_level_contrasts_v1,generated_fact_141,POST4_PATH_EFFICIENCY,DELTA_NAME,0.011467175505903981
gen4_native_mamba_phase_f_pair_level_contrasts_v1,generated_fact_142,POST4_PATH_EFFICIENCY,DELTA_NAME,0.0024992576449514026
gen4_native_mamba_phase_f_pair_level_contrasts_v1,generated_fact_143,POST4_PATH_EFFICIENCY,DELTA_NAME,0.004510627638327325
gen4_native_mamba_phase_f_pair_level_contrasts_v1,generated_fact_144,POST4_PATH_EFFICIENCY,DELTA_NAME,-0.016216881410900608
gen4_native_mamba_phase_f_pair_level_contrasts_v1,generated_fact_145,POST4_PATH_EFFICIENCY,DELTA_NAME,0.008397064438901036
gen4_native_mamba_phase_f_pair_level_contrasts_v1,generated_fact_146,POST4_PATH_EFFICIENCY,DELTA_NAME,-0.019246580491611598
gen4_native_mamba_phase_f_pair_level_contrasts_v1,generated_fact_147,POST4_PATH_EFFICIENCY,DELTA_NAME,0.005113196598872771
gen4_native_mamba_phase_f_pair_level_contrasts_v1,generated_fact_148,POST4_PATH_EFFICIENCY,DELTA_NAME,-0.002181739126880855
gen4_native_mamba_phase_f_pair_level_contrasts_v1,generated_fact_149,POST4_PATH_EFFICIENCY,DELTA_NAME,0.03241399878380852
gen4_native_mamba_phase_f_pair_level_contrasts_v1,generated_fact_150,POST4_PATH_EFFICIENCY,DELTA_NAME,-0.004155912548697682
gen4_native_mamba_phase_f_pair_level_contrasts_v1,generated_fact_151,POST4_PATH_EFFICIENCY,DELTA_NAME,0.006811486889274243
gen4_native_mamba_phase_f_pair_level_contrasts_v1,generated_fact_152,POST4_PATH_EFFICIENCY,DELTA_NAME,-0.006957388688494992
gen4_native_mamba_phase_f_pair_level_contrasts_v1,generated_fact_153,POST4_PATH_EFFICIENCY,DELTA_NAME,0.012003439583715303
gen4_native_mamba_phase_f_pair_level_contrasts_v1,generated_fact_154,POST4_PATH_EFFICIENCY,DELTA_NAME,0.0024515639935913103
gen4_native_mamba_phase_f_pair_level_contrasts_v1,generated_fact_155,POST4_PATH_EFFICIENCY,DELTA_NAME,0.004388343639052994
gen4_native_mamba_phase_f_pair_level_contrasts_v1,generated_fact_156,POST4_PATH_EFFICIENCY,DELTA_NAME,-0.015912769196652132
gen4_native_mamba_phase_f_pair_level_contrasts_v1,generated_fact_157,POST4_PATH_EFFICIENCY,DELTA_NAME,0.008245737817093701
gen4_native_mamba_phase_f_pair_level_contrasts_v1,generated_fact_158,POST4_PATH_EFFICIENCY,DELTA_NAME,-0.01959503252271616
gen4_native_mamba_phase_f_pair_level_contrasts_v1,generated_fact_159,POST4_PATH_EFFICIENCY,DELTA_NAME,0.005455356240620712
gen4_native_mamba_phase_f_pair_level_contrasts_v1,generated_fact_160,POST4_PATH_EFFICIENCY,DELTA_NAME,-0.0022211322265442424
gen4_native_mamba_phase_f_pair_level_contrasts_v1,generated_fact_161,POST4_PATH_EFFICIENCY,DELTA_NAME,0.03237631472431379
gen4_native_mamba_phase_f_pair_level_contrasts_v1,generated_fact_162,POST4_PATH_EFFICIENCY,DELTA_NAME,-0.004391985086929895
gen4_native_mamba_phase_f_pair_level_contrasts_v1,generated_fact_163,POST4_PATH_EFFICIENCY,DELTA_NAME,0.006320072832365575
gen4_native_mamba_phase_f_pair_level_contrasts_v1,generated_fact_164,POST4_PATH_EFFICIENCY,DELTA_NAME,-0.006821755792140727
gen4_native_mamba_phase_f_pair_level_contrasts_v1,generated_fact_165,POST4_PATH_EFFICIENCY,DELTA_NAME,0.011566663597681881
gen4_native_mamba_phase_f_pair_level_contrasts_v1,generated_fact_166,POST4_PATH_EFFICIENCY,DELTA_NAME,0.0029130226573368945
gen4_native_mamba_phase_f_pair_level_contrasts_v1,generated_fact_167,POST4_PATH_EFFICIENCY,DELTA_NAME,0.004093798300224827
gen4_native_mamba_phase_f_pair_level_contrasts_v1,generated_fact_168,POST4_PATH_EFFICIENCY,DELTA_NAME,-0.01622036564136181
gen4_native_mamba_phase_f_pair_level_contrasts_v1,generated_fact_169,POST4_PATH_EFFICIENCY,DELTA_NAME,0.008225536998840599
gen4_native_mamba_phase_f_pair_level_contrasts_v1,generated_fact_170,POST4_PATH_EFFICIENCY,DELTA_NAME,-0.01928662436219536
gen4_native_mamba_phase_f_pair_level_contrasts_v1,generated_fact_171,POST4_PATH_EFFICIENCY,DELTA_NAME,0.005236153268744215
gen4_native_mamba_phase_f_pair_level_contrasts_v1,generated_fact_172,POST4_PATH_EFFICIENCY,DELTA_NAME,-0.0019604065690632666
gen4_native_mamba_phase_f_pair_level_contrasts_v1,generated_fact_173,POST4_PATH_EFFICIENCY,DELTA_NAME,0.032370842674612044
gen4_native_mamba_phase_f_pair_level_contrasts_v1,generated_fact_174,POST4_PATH_EFFICIENCY,DELTA_NAME,-0.0042618497922344845
gen4_native_mamba_phase_f_pair_level_contrasts_v1,generated_fact_175,POST4_PATH_EFFICIENCY,DELTA_NAME,0.006702032145901149
gen4_native_mamba_phase_f_pair_level_contrasts_v1,generated_fact_176,POST4_PATH_EFFICIENCY,DELTA_NAME,-0.006770293220322798
gen4_native_mamba_phase_f_pair_level_contrasts_v1,generated_fact_177,POST4_PATH_EFFICIENCY,DELTA_NAME,0.011502136845498445
gen4_native_mamba_phase_f_pair_level_contrasts_v1,generated_fact_178,POST4_PATH_EFFICIENCY,DELTA_NAME,0.002426968456722356
gen4_native_mamba_phase_f_pair_level_contrasts_v1,generated_fact_179,POST4_PATH_EFFICIENCY,DELTA_NAME,0.00436455546791531
gen4_native_mamba_phase_f_pair_level_contrasts_v1,generated_fact_180,POST4_PATH_EFFICIENCY,DELTA_NAME,-0.01614257540847991
gen4_native_mamba_phase_f_pair_level_contrasts_v1,generated_fact_181,POST4_PATH_EFFICIENCY,DELTA_NAME,0.008308478537219333
gen4_native_mamba_phase_f_pair_level_contrasts_v1,generated_fact_182,POST4_PATH_EFFICIENCY,DELTA_NAME,-0.019331344190048227
gen4_native_mamba_phase_f_pair_level_contrasts_v1,generated_fact_183,POST4_PATH_EFFICIENCY,DELTA_NAME,0.005289747982820003
gen4_native_mamba_phase_f_pair_level_contrasts_v1,generated_fact_184,POST4_PATH_EFFICIENCY,DELTA_NAME,-0.001881717984092146
gen4_native_mamba_phase_f_pair_level_contrasts_v1,generated_fact_185,POST4_PATH_EFFICIENCY,DELTA_NAME,0.03256177064721266
gen4_native_mamba_phase_f_pair_level_contrasts_v1,generated_fact_186,POST4_PATH_EFFICIENCY,DELTA_NAME,-0.004553131814573619
gen4_native_mamba_phase_f_pair_level_contrasts_v1,generated_fact_187,POST4_PATH_EFFICIENCY,DELTA_NAME,0.006459976434597281
gen4_native_mamba_phase_f_pair_level_contrasts_v1,generated_fact_188,POST4_PATH_EFFICIENCY,DELTA_NAME,-0.006860598073253121
gen4_native_mamba_phase_f_pair_level_contrasts_v1,generated_fact_189,POST4_PATH_EFFICIENCY,DELTA_NAME,0.011717118034730745
gen4_native_mamba_phase_f_pair_level_contrasts_v1,generated_fact_190,POST4_PATH_EFFICIENCY,DELTA_NAME,0.0027279170023479793
gen4_native_mamba_phase_f_pair_level_contrasts_v1,generated_fact_191,POST4_PATH_EFFICIENCY,DELTA_NAME,0.0041990652896950476
gen4_native_mamba_phase_f_pair_level_contrasts_v1,generated_fact_192,POST4_PATH_EFFICIENCY,DELTA_NAME,-0.016086251273406904
gen4_native_mamba_phase_f_pair_level_contrasts_v1,generated_fact_193,POST4_PATH_EFFICIENCY,DELTA_NAME,0.008212746943569604
gen4_native_mamba_phase_f_pair_level_contrasts_v1,generated_fact_194,POST4_PATH_EFFICIENCY,DELTA_NAME,-0.019379063804160324
gen4_native_mamba_phase_f_pair_level_contrasts_v1,generated_fact_195,POST4_PATH_EFFICIENCY,DELTA_NAME,0.005418046794712639
gen4_native_mamba_phase_f_pair_level_contrasts_v1,generated_fact_196,POST4_PATH_EFFICIENCY,DELTA_NAME,-0.0019060088708959255
gen4_native_mamba_phase_f_pair_level_contrasts_v1,generated_fact_197,POST4_PATH_EFFICIENCY,DELTA_NAME,0.03234631830029833
gen4_native_mamba_phase_f_pair_level_contrasts_v1,generated_fact_198,POST4_PATH_EFFICIENCY,DELTA_NAME,-0.004337163480111428
gen4_native_mamba_phase_f_pair_level_contrasts_v1,generated_fact_199,POST4_PATH_EFFICIENCY,DELTA_NAME,0.0069142562168083566
gen4_native_mamba_phase_f_pair_level_contrasts_v1,generated_fact_200,POST4_PATH_EFFICIENCY,DELTA_NAME,-0.006727475334637689
gen4_native_mamba_phase_f_pair_level_contrasts_v1,generated_fact_201,POST4_PATH_EFFICIENCY,DELTA_NAME,0.011715610983426217
gen4_native_mamba_phase_f_pair_level_contrasts_v1,generated_fact_202,POST4_PATH_EFFICIENCY,DELTA_NAME,0.002354216218637628
gen4_native_mamba_phase_f_pair_level_contrasts_v1,generated_fact_203,POST4_PATH_EFFICIENCY,DELTA_NAME,0.004412067963352029
gen4_native_mamba_phase_f_pair_level_contrasts_v1,generated_fact_204,POST4_PATH_EFFICIENCY,DELTA_NAME,-0.01620646273043913
gen4_native_mamba_phase_f_pair_level_contrasts_v1,generated_fact_205,POST4_PATH_EFFICIENCY,DELTA_NAME,0.008181259676108499
gen4_native_mamba_phase_f_pair_level_contrasts_v1,generated_fact_206,POST4_PATH_EFFICIENCY,DELTA_NAME,-0.01940956826780421
gen4_native_mamba_phase_f_pair_level_contrasts_v1,generated_fact_207,POST4_PATH_EFFICIENCY,DELTA_NAME,0.005191621896927123
gen4_native_mamba_phase_f_pair_level_contrasts_v1,generated_fact_208,POST4_PATH_EFFICIENCY,DELTA_NAME,-0.0018665610154016132
gen4_native_mamba_phase_f_pair_level_contrasts_v1,generated_fact_209,POST4_PATH_EFFICIENCY,DELTA_NAME,0.031994513469370434
gen4_native_mamba_phase_f_pair_level_contrasts_v1,generated_fact_210,POST4_PATH_EFFICIENCY,DELTA_NAME,-0.004348036627163654
gen4_native_mamba_phase_f_pair_level_contrasts_v1,generated_fact_211,POST4_PATH_EFFICIENCY,DELTA_NAME,0.0065853164873003744
gen4_native_mamba_phase_f_pair_level_contrasts_v1,generated_fact_212,POST4_PATH_EFFICIENCY,DELTA_NAME,-0.0069561933858824365
gen4_native_mamba_phase_f_pair_level_contrasts_v1,generated_fact_213,POST4_PATH_EFFICIENCY,DELTA_NAME,0.011813276268938855
gen4_native_mamba_phase_f_pair_level_contrasts_v1,generated_fact_214,POST4_PATH_EFFICIENCY,DELTA_NAME,0.002570014076389293
gen4_native_mamba_phase_f_pair_level_contrasts_v1,generated_fact_215,POST4_PATH_EFFICIENCY,DELTA_NAME,0.004459532608579619
gen4_native_mamba_phase_f_pair_level_contrasts_v1,generated_fact_216,POST4_PATH_EFFICIENCY,DELTA_NAME,-0.01604093185508315
gen4_native_mamba_phase_f_pair_level_contrasts_v1,generated_fact_217,POST4_PATH_EFFICIENCY,DELTA_NAME,0.008121403440590091
gen4_native_mamba_phase_f_pair_level_contrasts_v1,generated_fact_218,POST4_PATH_EFFICIENCY,DELTA_NAME,-0.019537606578680478
gen4_native_mamba_phase_f_pair_level_contrasts_v1,generated_fact_219,POST4_PATH_EFFICIENCY,DELTA_NAME,0.004945893600203033
gen4_native_mamba_phase_f_pair_level_contrasts_v1,generated_fact_220,POST4_PATH_EFFICIENCY,DELTA_NAME,-0.002411600139787584
gen4_native_mamba_phase_f_pair_level_contrasts_v1,generated_fact_221,POST4_PATH_EFFICIENCY,DELTA_NAME,0.032212484497290306
gen4_native_mamba_phase_f_pair_level_contrasts_v1,generated_fact_222,POST4_PATH_EFFICIENCY,DELTA_NAME,-0.004324932479704335
gen4_native_mamba_phase_f_pair_level_contrasts_v1,generated_fact_223,POST4_PATH_EFFICIENCY,DELTA_NAME,0.006673073421135711
gen4_native_mamba_phase_f_pair_level_contrasts_v1,generated_fact_224,POST4_PATH_EFFICIENCY,DELTA_NAME,-0.0068682150187514
gen4_native_mamba_phase_f_pair_level_contrasts_v1,generated_fact_225,POST4_PATH_EFFICIENCY,DELTA_NAME,0.01175513534163597
gen4_native_mamba_phase_f_pair_level_contrasts_v1,generated_fact_226,POST4_PATH_EFFICIENCY,DELTA_NAME,0.002173997188525567
gen4_native_mamba_phase_f_pair_level_contrasts_v1,generated_fact_227,POST4_PATH_EFFICIENCY,DELTA_NAME,0.004713934604442083
gen4_native_mamba_phase_f_pair_level_contrasts_v1,generated_fact_228,POST4_PATH_EFFICIENCY,DELTA_NAME,-0.016176169899747184
gen4_native_mamba_phase_f_pair_level_contrasts_v1,generated_fact_229,POST4_PATH_EFFICIENCY,DELTA_NAME,0.00846535002309362
gen4_native_mamba_phase_f_pair_level_contrasts_v1,generated_fact_230,POST4_PATH_EFFICIENCY,DELTA_NAME,-0.019168811615776438
gen4_native_mamba_phase_f_pair_level_contrasts_v1,generated_fact_231,POST4_PATH_EFFICIENCY,DELTA_NAME,0.005366463929684151
gen4_native_mamba_phase_f_pair_level_contrasts_v1,generated_fact_232,POST4_PATH_EFFICIENCY,DELTA_NAME,-0.0021689267524162004
gen4_native_mamba_phase_f_pair_level_contrasts_v1,generated_fact_233,POST4_PATH_EFFICIENCY,DELTA_NAME,0.03222916275661941
gen4_native_mamba_phase_f_pair_level_contrasts_v1,generated_fact_234,POST4_PATH_EFFICIENCY,DELTA_NAME,-0.004205796150107632
gen4_native_mamba_phase_f_pair_level_contrasts_v1,generated_fact_235,POST4_PATH_EFFICIENCY,DELTA_NAME,0.006543528383498809
gen4_native_mamba_phase_f_pair_level_contrasts_v1,generated_fact_236,POST4_PATH_EFFICIENCY,DELTA_NAME,-0.006900790165587478
gen4_native_mamba_phase_f_pair_level_contrasts_v1,generated_fact_237,POST4_PATH_EFFICIENCY,DELTA_NAME,0.011703466257356354
gen4_native_mamba_phase_f_pair_level_contrasts_v1,generated_fact_238,POST4_PATH_EFFICIENCY,DELTA_NAME,0.002750470130155558
gen4_native_mamba_phase_f_pair_level_contrasts_v1,generated_fact_239,POST4_PATH_EFFICIENCY,DELTA_NAME,0.004392405231541496
gen4_native_mamba_phase_f_pair_level_contrasts_v1,generated_fact_240,POST4_PATH_EFFICIENCY,DELTA_NAME,-0.01602019572194735
gen4_native_mamba_phase_f_pair_level_contrasts_v1,generated_fact_241,POST4_PATH_EFFICIENCY,DELTA_NAME,0.00799364850283496
gen4_native_mamba_phase_f_pair_level_contrasts_v1,generated_fact_242,POST4_PATH_EFFICIENCY,DELTA_NAME,-0.019591571611648595
gen4_native_mamba_phase_f_pair_level_contrasts_v1,generated_fact_243,POST4_PATH_EFFICIENCY,DELTA_NAME,0.005158557849299361
gen4_native_mamba_phase_f_pair_level_contrasts_v1,generated_fact_244,POST4_PATH_EFFICIENCY,DELTA_NAME,-0.002129740480182607
gen4_native_mamba_phase_f_pair_level_contrasts_v1,generated_fact_245,POST4_PATH_EFFICIENCY,DELTA_NAME,0.03253841906820476
gen4_native_mamba_phase_f_pair_level_contrasts_v1,generated_fact_246,POST4_PATH_EFFICIENCY,DELTA_NAME,-0.0044850958417869125
gen4_native_mamba_phase_f_pair_level_contrasts_v1,generated_fact_247,POST4_PATH_EFFICIENCY,DELTA_NAME,0.0064956420801280945
gen4_native_mamba_phase_f_pair_level_contrasts_v1,generated_fact_248,POST4_PATH_EFFICIENCY,DELTA_NAME,-0.006724130002859208
gen4_native_mamba_phase_f_pair_level_contrasts_v1,generated_fact_249,POST4_PATH_EFFICIENCY,DELTA_NAME,0.011749340332579405
gen4_native_mamba_phase_f_pair_level_contrasts_v1,generated_fact_250,POST4_PATH_EFFICIENCY,DELTA_NAME,0.0025247911713246474
gen4_native_mamba_phase_f_pair_level_contrasts_v1,generated_fact_251,POST4_PATH_EFFICIENCY,DELTA_NAME,0.004266769599071851
gen4_native_mamba_phase_f_pair_level_contrasts_v1,generated_fact_252,POST4_PATH_EFFICIENCY,DELTA_NAME,-0.016313625774986185
gen4_native_mamba_phase_f_pair_level_contrasts_v1,generated_fact_253,POST4_PATH_EFFICIENCY,DELTA_NAME,0.008290141527633188
gen4_native_mamba_phase_f_pair_level_contrasts_v1,generated_fact_254,POST4_PATH_EFFICIENCY,DELTA_NAME,-0.01918930003782049
gen4_native_mamba_phase_f_pair_level_contrasts_v1,generated_fact_255,POST4_PATH_EFFICIENCY,DELTA_NAME,0.005517827921620588
gen4_native_mamba_phase_f_pair_level_contrasts_v1,generated_fact_256,POST4_PATH_EFFICIENCY,DELTA_NAME,-0.001916259875808124
gen4_native_mamba_phase_f_pair_level_contrasts_v1,generated_fact_257,POST4_PATH_EFFICIENCY,DELTA_NAME,0.03218386123399253
gen4_native_mamba_phase_f_pair_level_contrasts_v1,generated_fact_258,POST4_PATH_EFFICIENCY,DELTA_NAME,-0.004278998440299997
gen4_native_mamba_phase_f_pair_level_contrasts_v1,generated_fact_259,POST4_PATH_EFFICIENCY,DELTA_NAME,0.00623805755014234
gen4_native_mamba_phase_f_pair_level_contrasts_v1,generated_fact_260,POST4_PATH_EFFICIENCY,DELTA_NAME,-0.0068043527226980816
gen4_native_mamba_phase_f_pair_level_contrasts_v1,generated_fact_261,POST4_PATH_EFFICIENCY,DELTA_NAME,0.01134919595937206
gen4_native_mamba_phase_f_pair_level_contrasts_v1,generated_fact_262,POST4_PATH_EFFICIENCY,DELTA_NAME,0.002817857909271637
gen4_native_mamba_phase_f_pair_level_contrasts_v1,generated_fact_263,POST4_PATH_EFFICIENCY,DELTA_NAME,0.004357020742591922
gen4_native_mamba_phase_f_pair_level_contrasts_v1,generated_fact_264,POST4_PATH_EFFICIENCY,DELTA_NAME,-0.01627134555644233
gen4_native_mamba_phase_f_pair_level_contrasts_v1,generated_fact_265,POST4_PATH_EFFICIENCY,DELTA_NAME,0.008114271590269173
gen4_native_mamba_phase_f_pair_level_contrasts_v1,generated_fact_266,POST4_PATH_EFFICIENCY,DELTA_NAME,-0.01943743819014787
gen4_native_mamba_phase_f_pair_level_contrasts_v1,generated_fact_267,POST4_PATH_EFFICIENCY,DELTA_NAME,0.004891803659444971
gen4_native_mamba_phase_f_pair_level_contrasts_v1,generated_fact_268,POST4_PATH_EFFICIENCY,DELTA_NAME,-0.0017992078763047203
gen4_native_mamba_phase_f_pair_level_contrasts_v1,generated_fact_269,POST4_PATH_EFFICIENCY,DELTA_NAME,0.03273057469094515
gen4_native_mamba_phase_f_pair_level_contrasts_v1,generated_fact_270,POST4_PATH_EFFICIENCY,DELTA_NAME,-0.004415542157368779
gen4_native_mamba_phase_f_pair_level_contrasts_v1,generated_fact_271,POST4_PATH_EFFICIENCY,DELTA_NAME,0.006513684825675381
gen4_native_mamba_phase_f_pair_level_contrasts_v1,generated_fact_272,POST4_PATH_EFFICIENCY,DELTA_NAME,-0.006823527066321555
gen4_native_mamba_phase_f_pair_level_contrasts_v1,generated_fact_273,POST4_PATH_EFFICIENCY,DELTA_NAME,0.011937980404954474
gen4_native_mamba_phase_f_pair_level_contrasts_v1,generated_fact_274,POST4_PATH_EFFICIENCY,DELTA_NAME,0.0022339650195651872
gen4_native_mamba_phase_f_pair_level_contrasts_v1,generated_fact_275,POST4_PATH_EFFICIENCY,DELTA_NAME,0.004499663949298127
gen4_native_mamba_phase_f_pair_level_contrasts_v1,generated_fact_276,POST4_PATH_EFFICIENCY,DELTA_NAME,-0.01598071028134107
gen4_native_mamba_phase_f_pair_level_contrasts_v1,generated_fact_277,POST4_PATH_EFFICIENCY,DELTA_NAME,0.008213316164189965
gen4_native_mamba_phase_f_pair_level_contrasts_v1,generated_fact_278,POST4_PATH_EFFICIENCY,DELTA_NAME,-0.01932964512401336
gen4_native_mamba_phase_f_pair_level_contrasts_v1,generated_fact_279,POST4_PATH_EFFICIENCY,DELTA_NAME,0.005536818767575613
gen4_native_mamba_phase_f_pair_level_contrasts_v1,generated_fact_280,POST4_PATH_EFFICIENCY,DELTA_NAME,-0.0020783027596325
gen4_native_mamba_phase_f_pair_level_contrasts_v1,generated_fact_281,POST4_PATH_EFFICIENCY,DELTA_NAME,0.032169880717779875
gen4_native_mamba_phase_f_pair_level_contrasts_v1,generated_fact_282,POST4_PATH_EFFICIENCY,DELTA_NAME,-0.00432853001662048
gen4_native_mamba_phase_f_pair_level_contrasts_v1,generated_fact_283,POST4_PATH_EFFICIENCY,DELTA_NAME,0.006666347746843382
gen4_native_mamba_phase_f_pair_level_contrasts_v1,generated_fact_284,POST4_PATH_EFFICIENCY,DELTA_NAME,-0.006825969305819524
gen4_native_mamba_phase_f_pair_level_contrasts_v1,generated_fact_285,POST4_PATH_EFFICIENCY,DELTA_NAME,0.011562986250008678
gen4_native_mamba_phase_f_pair_level_contrasts_v1,generated_fact_286,POST4_PATH_EFFICIENCY,DELTA_NAME,0.0026910004856139924
gen4_native_mamba_phase_f_pair_level_contrasts_v1,generated_fact_287,POST4_PATH_EFFICIENCY,DELTA_NAME,0.004291652914744926
gen4_native_mamba_phase_f_pair_level_contrasts_v1,generated_fact_288,POST4_PATH_EFFICIENCY,DELTA_NAME,-0.016212543707710414
gen4_native_mamba_phase_f_pair_level_contrasts_v1,generated_fact_289,POST4_PATH_EFFICIENCY,DELTA_NAME,0.00816676129976257
gen4_native_mamba_phase_f_pair_level_contrasts_v1,generated_fact_290,POST4_PATH_EFFICIENCY,DELTA_NAME,-0.01949877173801634
gen4_native_mamba_phase_f_pair_level_contrasts_v1,generated_fact_291,POST4_PATH_EFFICIENCY,DELTA_NAME,0.0050928877549785145
gen4_native_mamba_phase_f_pair_level_contrasts_v1,generated_fact_292,POST4_PATH_EFFICIENCY,DELTA_NAME,-0.001896545546516637
gen4_native_mamba_phase_f_pair_level_contrasts_v1,generated_fact_293,POST4_PATH_EFFICIENCY,DELTA_NAME,0.032366476018055756
gen4_native_mamba_phase_f_pair_level_contrasts_v1,generated_fact_294,POST4_PATH_EFFICIENCY,DELTA_NAME,-0.004444941575697081
gen4_native_mamba_phase_f_pair_level_contrasts_v1,generated_fact_295,POST4_PATH_EFFICIENCY,DELTA_NAME,0.0067058129141894796
gen4_native_mamba_phase_f_pair_level_contrasts_v1,generated_fact_296,POST4_PATH_EFFICIENCY,DELTA_NAME,-0.006947977015774209
gen4_native_mamba_phase_f_pair_level_contrasts_v1,generated_fact_297,POST4_PATH_EFFICIENCY,DELTA_NAME,0.011982870703728776
gen4_native_mamba_phase_f_pair_level_contrasts_v1,generated_fact_298,POST4_PATH_EFFICIENCY,DELTA_NAME,0.0021152210670575267
gen4_native_mamba_phase_f_pair_level_contrasts_v1,generated_fact_299,POST4_PATH_EFFICIENCY,DELTA_NAME,0.004472370604841791
gen4_native_mamba_phase_f_pair_level_contrasts_v1,generated_fact_300,POST4_PATH_EFFICIENCY,DELTA_NAME,-0.015789780555179322
gen4_native_mamba_phase_f_pair_level_contrasts_v1,glacier_study,POST4_PATH_EFFICIENCY,DELTA_NAME,0.007301113042076257
gen4_native_mamba_phase_f_pair_level_contrasts_v1,harbor_upgrade,POST4_PATH_EFFICIENCY,DELTA_NAME,-0.001988360117348653
gen4_native_mamba_phase_f_pair_level_contrasts_v1,jazz_archive,POST4_PATH_EFFICIENCY,DELTA_NAME,-0.006470650228771413
gen4_native_mamba_phase_f_pair_level_contrasts_v1,language_program,POST4_PATH_EFFICIENCY,DELTA_NAME,0.020938861798304342
gen4_native_mamba_phase_f_pair_level_contrasts_v1,library_digitization,POST4_PATH_EFFICIENCY,DELTA_NAME,-0.012382887852319502
gen4_native_mamba_phase_f_pair_level_contrasts_v1,market_renovation,POST4_PATH_EFFICIENCY,DELTA_NAME,0.01978105091161031
gen4_native_mamba_phase_f_pair_level_contrasts_v1,museum_purchase,POST4_PATH_EFFICIENCY,DELTA_NAME,0.006356331450903807
gen4_native_mamba_phase_f_pair_level_contrasts_v1,opera_premiere,POST4_PATH_EFFICIENCY,DELTA_NAME,-0.0006563904435245571
gen4_native_mamba_phase_f_pair_level_contrasts_v1,orion_approval,POST4_PATH_EFFICIENCY,DELTA_NAME,-0.0059794627555577184
gen4_native_mamba_phase_f_pair_level_contrasts_v1,poetry_prize,POST4_PATH_EFFICIENCY,DELTA_NAME,-0.0054081629316051205
gen4_native_mamba_phase_f_pair_level_contrasts_v1,railway_restoration,POST4_PATH_EFFICIENCY,DELTA_NAME,0.004152149526359117
gen4_native_mamba_phase_f_pair_level_contrasts_v1,reef_protection,POST4_PATH_EFFICIENCY,DELTA_NAME,-0.01648823353587814
gen4_native_mamba_phase_f_pair_level_contrasts_v1,robotics_championship,POST4_PATH_EFFICIENCY,DELTA_NAME,-0.0036785429600151853
gen4_native_mamba_phase_f_pair_level_contrasts_v1,satellite_launch,POST4_PATH_EFFICIENCY,DELTA_NAME,-0.004304810869073861
gen4_native_mamba_phase_f_pair_level_contrasts_v1,school_opening,POST4_PATH_EFFICIENCY,DELTA_NAME,0.006991946967617069
gen4_native_mamba_phase_f_pair_level_contrasts_v1,solar_farm_contract,POST4_PATH_EFFICIENCY,DELTA_NAME,-0.013792896805076116
gen4_native_mamba_phase_f_pair_level_contrasts_v1,theater_restoration,POST4_PATH_EFFICIENCY,DELTA_NAME,0.008871826783337644
gen4_native_mamba_phase_f_pair_level_contrasts_v1,treaty_signature,POST4_PATH_EFFICIENCY,DELTA_NAME,0.019747487770904237
gen4_native_mamba_phase_f_pair_level_contrasts_v1,vaccine_delivery,POST4_PATH_EFFICIENCY,DELTA_NAME,0.0029912524272376895
gen4_native_mamba_phase_f_pair_level_contrasts_v1,volcano_observatory,POST4_PATH_EFFICIENCY,DELTA_NAME,0.00656176997415131
gen4_native_mamba_phase_f_pair_level_contrasts_v1,wetland_restoration,POST4_PATH_EFFICIENCY,DELTA_NAME,0.02123669071235268
gen4_native_mamba_phase_f_pair_level_contrasts_v1,archive_release,POST4_PATH_EFFICIENCY,DELTA_ROLE,0.004042979984305972
gen4_native_mamba_phase_f_pair_level_contrasts_v1,bridge_opening,POST4_PATH_EFFICIENCY,DELTA_ROLE,-0.004319735474358433
gen4_native_mamba_phase_f_pair_level_contrasts_v1,canal_reopening,POST4_PATH_EFFICIENCY,DELTA_ROLE,0.011606755844781491
gen4_native_mamba_phase_f_pair_level_contrasts_v1,clinic_expansion,POST4_PATH_EFFICIENCY,DELTA_ROLE,0.015758112749104436
gen4_native_mamba_phase_f_pair_level_contrasts_v1,dam_inspection,POST4_PATH_EFFICIENCY,DELTA_ROLE,0.0011421726951687527
gen4_native_mamba_phase_f_pair_level_contrasts_v1,ferry_launch,POST4_PATH_EFFICIENCY,DELTA_ROLE,-0.008215878896905116
gen4_native_mamba_phase_f_pair_level_contrasts_v1,festival_selection,POST4_PATH_EFFICIENCY,DELTA_ROLE,0.0002565865485946728
gen4_native_mamba_phase_f_pair_level_contrasts_v1,forest_mapping,POST4_PATH_EFFICIENCY,DELTA_ROLE,2.7857165024069985e-05
gen4_native_mamba_phase_f_pair_level_contrasts_v1,garden_award,POST4_PATH_EFFICIENCY,DELTA_ROLE,0.0023467061034816994
gen4_native_mamba_phase_f_pair_level_contrasts_v1,generated_fact_031,POST4_PATH_EFFICIENCY,DELTA_ROLE,-8.031985260070762e-05
gen4_native_mamba_phase_f_pair_level_contrasts_v1,generated_fact_032,POST4_PATH_EFFICIENCY,DELTA_ROLE,-0.00355426240447404
gen4_native_mamba_phase_f_pair_level_contrasts_v1,generated_fact_033,POST4_PATH_EFFICIENCY,DELTA_ROLE,-0.0033242081848328664
gen4_native_mamba_phase_f_pair_level_contrasts_v1,generated_fact_034,POST4_PATH_EFFICIENCY,DELTA_ROLE,-0.00218764915387043
gen4_native_mamba_phase_f_pair_level_contrasts_v1,generated_fact_035,POST4_PATH_EFFICIENCY,DELTA_ROLE,0.008572048818445421
gen4_native_mamba_phase_f_pair_level_contrasts_v1,generated_fact_036,POST4_PATH_EFFICIENCY,DELTA_ROLE,0.007839136582080408
gen4_native_mamba_phase_f_pair_level_contrasts_v1,generated_fact_037,POST4_PATH_EFFICIENCY,DELTA_ROLE,0.003109144054936175
gen4_native_mamba_phase_f_pair_level_contrasts_v1,generated_fact_038,POST4_PATH_EFFICIENCY,DELTA_ROLE,-0.0030026583529156325
gen4_native_mamba_phase_f_pair_level_contrasts_v1,generated_fact_039,POST4_PATH_EFFICIENCY,DELTA_ROLE,-0.006964862025530483
gen4_native_mamba_phase_f_pair_level_contrasts_v1,generated_fact_040,POST4_PATH_EFFICIENCY,DELTA_ROLE,0.0015246986781749516
gen4_native_mamba_phase_f_pair_level_contrasts_v1,generated_fact_041,POST4_PATH_EFFICIENCY,DELTA_ROLE,-0.005184771904601371
gen4_native_mamba_phase_f_pair_level_contrasts_v1,generated_fact_042,POST4_PATH_EFFICIENCY,DELTA_ROLE,0.013318510904971714
gen4_native_mamba_phase_f_pair_level_contrasts_v1,generated_fact_043,POST4_PATH_EFFICIENCY,DELTA_ROLE,0.001550978922201407
gen4_native_mamba_phase_f_pair_level_contrasts_v1,generated_fact_044,POST4_PATH_EFFICIENCY,DELTA_ROLE,-0.016839915277092388
gen4_native_mamba_phase_f_pair_level_contrasts_v1,generated_fact_045,POST4_PATH_EFFICIENCY,DELTA_ROLE,-0.004999075090616922
gen4_native_mamba_phase_f_pair_level_contrasts_v1,generated_fact_046,POST4_PATH_EFFICIENCY,DELTA_ROLE,-0.004673322876212083
gen4_native_mamba_phase_f_pair_level_contrasts_v1,generated_fact_047,POST4_PATH_EFFICIENCY,DELTA_ROLE,0.005375345951435573
gen4_native_mamba_phase_f_pair_level_contrasts_v1,generated_fact_048,POST4_PATH_EFFICIENCY,DELTA_ROLE,0.008366495094464799
gen4_native_mamba_phase_f_pair_level_contrasts_v1,generated_fact_049,POST4_PATH_EFFICIENCY,DELTA_ROLE,0.001275441582509862
gen4_native_mamba_phase_f_pair_level_contrasts_v1,generated_fact_050,POST4_PATH_EFFICIENCY,DELTA_ROLE,-0.0014315556428045606
gen4_native_mamba_phase_f_pair_level_contrasts_v1,generated_fact_051,POST4_PATH_EFFICIENCY,DELTA_ROLE,-0.0037814486544410775
gen4_native_mamba_phase_f_pair_level_contrasts_v1,generated_fact_052,POST4_PATH_EFFICIENCY,DELTA_ROLE,-0.0030847157232522515
gen4_native_mamba_phase_f_pair_level_contrasts_v1,generated_fact_053,POST4_PATH_EFFICIENCY,DELTA_ROLE,0.003881513578334328
gen4_native_mamba_phase_f_pair_level_contrasts_v1,generated_fact_054,POST4_PATH_EFFICIENCY,DELTA_ROLE,0.005347906949798031
gen4_native_mamba_phase_f_pair_level_contrasts_v1,generated_fact_055,POST4_PATH_EFFICIENCY,DELTA_ROLE,0.0075515885563144924
gen4_native_mamba_phase_f_pair_level_contrasts_v1,generated_fact_056,POST4_PATH_EFFICIENCY,DELTA_ROLE,-0.00547394291961123
gen4_native_mamba_phase_f_pair_level_contrasts_v1,generated_fact_057,POST4_PATH_EFFICIENCY,DELTA_ROLE,-0.006432135889117951
gen4_native_mamba_phase_f_pair_level_contrasts_v1,generated_fact_058,POST4_PATH_EFFICIENCY,DELTA_ROLE,-0.008523190186596974
gen4_native_mamba_phase_f_pair_level_contrasts_v1,generated_fact_059,POST4_PATH_EFFICIENCY,DELTA_ROLE,0.019608437805169188
gen4_native_mamba_phase_f_pair_level_contrasts_v1,generated_fact_060,POST4_PATH_EFFICIENCY,DELTA_ROLE,0.0071068991993033515
gen4_native_mamba_phase_f_pair_level_contrasts_v1,generated_fact_061,POST4_PATH_EFFICIENCY,DELTA_ROLE,-0.002382858646392927
gen4_native_mamba_phase_f_pair_level_contrasts_v1,generated_fact_062,POST4_PATH_EFFICIENCY,DELTA_ROLE,0.0014755001847466809
gen4_native_mamba_phase_f_pair_level_contrasts_v1,generated_fact_063,POST4_PATH_EFFICIENCY,DELTA_ROLE,-0.015470029386483397
gen4_native_mamba_phase_f_pair_level_contrasts_v1,generated_fact_064,POST4_PATH_EFFICIENCY,DELTA_ROLE,-0.003505773472774143
gen4_native_mamba_phase_f_pair_level_contrasts_v1,generated_fact_065,POST4_PATH_EFFICIENCY,DELTA_ROLE,0.01796245787761558
gen4_native_mamba_phase_f_pair_level_contrasts_v1,generated_fact_066,POST4_PATH_EFFICIENCY,DELTA_ROLE,0.005656685915503612
gen4_native_mamba_phase_f_pair_level_contrasts_v1,generated_fact_067,POST4_PATH_EFFICIENCY,DELTA_ROLE,0.00405615833318046
gen4_native_mamba_phase_f_pair_level_contrasts_v1,generated_fact_068,POST4_PATH_EFFICIENCY,DELTA_ROLE,-0.0011924989514798257
gen4_native_mamba_phase_f_pair_level_contrasts_v1,generated_fact_069,POST4_PATH_EFFICIENCY,DELTA_ROLE,-0.007172533447030061
gen4_native_mamba_phase_f_pair_level_contrasts_v1,generated_fact_070,POST4_PATH_EFFICIENCY,DELTA_ROLE,-0.0008319410104102865
gen4_native_mamba_phase_f_pair_level_contrasts_v1,generated_fact_071,POST4_PATH_EFFICIENCY,DELTA_ROLE,0.0042091278510580366
gen4_native_mamba_phase_f_pair_level_contrasts_v1,generated_fact_072,POST4_PATH_EFFICIENCY,DELTA_ROLE,0.006897395712098964
gen4_native_mamba_phase_f_pair_level_contrasts_v1,generated_fact_073,POST4_PATH_EFFICIENCY,DELTA_ROLE,0.000625955246687071
gen4_native_mamba_phase_f_pair_level_contrasts_v1,generated_fact_074,POST4_PATH_EFFICIENCY,DELTA_ROLE,-0.0008201797036817005
gen4_native_mamba_phase_f_pair_level_contrasts_v1,generated_fact_075,POST4_PATH_EFFICIENCY,DELTA_ROLE,-0.004631999992857128
gen4_native_mamba_phase_f_pair_level_contrasts_v1,generated_fact_076,POST4_PATH_EFFICIENCY,DELTA_ROLE,-0.002448272207857094
gen4_native_mamba_phase_f_pair_level_contrasts_v1,generated_fact_077,POST4_PATH_EFFICIENCY,DELTA_ROLE,0.0088447718840311
gen4_native_mamba_phase_f_pair_level_contrasts_v1,generated_fact_078,POST4_PATH_EFFICIENCY,DELTA_ROLE,0.006285366325638253
gen4_native_mamba_phase_f_pair_level_contrasts_v1,generated_fact_079,POST4_PATH_EFFICIENCY,DELTA_ROLE,0.0017361747654044968
gen4_native_mamba_phase_f_pair_level_contrasts_v1,generated_fact_080,POST4_PATH_EFFICIENCY,DELTA_ROLE,-0.007893725764992365
gen4_native_mamba_phase_f_pair_level_contrasts_v1,generated_fact_081,POST4_PATH_EFFICIENCY,DELTA_ROLE,-0.0062885419555333555
gen4_native_mamba_phase_f_pair_level_contrasts_v1,generated_fact_082,POST4_PATH_EFFICIENCY,DELTA_ROLE,0.002122586513365665
gen4_native_mamba_phase_f_pair_level_contrasts_v1,generated_fact_083,POST4_PATH_EFFICIENCY,DELTA_ROLE,-0.0019238712584335738
gen4_native_mamba_phase_f_pair_level_contrasts_v1,generated_fact_084,POST4_PATH_EFFICIENCY,DELTA_ROLE,0.014495536254591546
gen4_native_mamba_phase_f_pair_level_contrasts_v1,generated_fact_085,POST4_PATH_EFFICIENCY,DELTA_ROLE,0.002921245672002415
gen4_native_mamba_phase_f_pair_level_contrasts_v1,generated_fact_086,POST4_PATH_EFFICIENCY,DELTA_ROLE,-0.014648675777228948
gen4_native_mamba_phase_f_pair_level_contrasts_v1,generated_fact_087,POST4_PATH_EFFICIENCY,DELTA_ROLE,-0.007307325939695242
gen4_native_mamba_phase_f_pair_level_contrasts_v1,generated_fact_088,POST4_PATH_EFFICIENCY,DELTA_ROLE,-0.005576946650836856
gen4_native_mamba_phase_f_pair_level_contrasts_v1,generated_fact_089,POST4_PATH_EFFICIENCY,DELTA_ROLE,0.0058701378931751425
gen4_native_mamba_phase_f_pair_level_contrasts_v1,generated_fact_090,POST4_PATH_EFFICIENCY,DELTA_ROLE,0.008545525603626258
gen4_native_mamba_phase_f_pair_level_contrasts_v1,generated_fact_091,POST4_PATH_EFFICIENCY,DELTA_ROLE,0.0008939696769428851
gen4_native_mamba_phase_f_pair_level_contrasts_v1,generated_fact_092,POST4_PATH_EFFICIENCY,DELTA_ROLE,-0.003273851229642022
gen4_native_mamba_phase_f_pair_level_contrasts_v1,generated_fact_093,POST4_PATH_EFFICIENCY,DELTA_ROLE,-0.00086858631286163
gen4_native_mamba_phase_f_pair_level_contrasts_v1,generated_fact_094,POST4_PATH_EFFICIENCY,DELTA_ROLE,-0.0019741384510356674
gen4_native_mamba_phase_f_pair_level_contrasts_v1,generated_fact_095,POST4_PATH_EFFICIENCY,DELTA_ROLE,0.0027217542614153545
gen4_native_mamba_phase_f_pair_level_contrasts_v1,generated_fact_096,POST4_PATH_EFFICIENCY,DELTA_ROLE,0.0056050860919396595
gen4_native_mamba_phase_f_pair_level_contrasts_v1,generated_fact_097,POST4_PATH_EFFICIENCY,DELTA_ROLE,0.009822016622847984
gen4_native_mamba_phase_f_pair_level_contrasts_v1,generated_fact_098,POST4_PATH_EFFICIENCY,DELTA_ROLE,-0.002554544745328846
gen4_native_mamba_phase_f_pair_level_contrasts_v1,generated_fact_099,POST4_PATH_EFFICIENCY,DELTA_ROLE,-0.006865355602403811
gen4_native_mamba_phase_f_pair_level_contrasts_v1,generated_fact_100,POST4_PATH_EFFICIENCY,DELTA_ROLE,-0.00848616899525434
gen4_native_mamba_phase_f_pair_level_contrasts_v1,generated_fact_101,POST4_PATH_EFFICIENCY,DELTA_ROLE,0.01761356982823753
gen4_native_mamba_phase_f_pair_level_contrasts_v1,generated_fact_102,POST4_PATH_EFFICIENCY,DELTA_ROLE,0.0066125142630624745
gen4_native_mamba_phase_f_pair_level_contrasts_v1,generated_fact_103,POST4_PATH_EFFICIENCY,DELTA_ROLE,-0.0017156196335425533
gen4_native_mamba_phase_f_pair_level_contrasts_v1,generated_fact_104,POST4_PATH_EFFICIENCY,DELTA_ROLE,0.001805876755532676
gen4_native_mamba_phase_f_pair_level_contrasts_v1,generated_fact_105,POST4_PATH_EFFICIENCY,DELTA_ROLE,-0.012463632142113379
gen4_native_mamba_phase_f_pair_level_contrasts_v1,generated_fact_106,POST4_PATH_EFFICIENCY,DELTA_ROLE,-0.002257387594895688
gen4_native_mamba_phase_f_pair_level_contrasts_v1,generated_fact_107,POST4_PATH_EFFICIENCY,DELTA_ROLE,0.019313125041971912
gen4_native_mamba_phase_f_pair_level_contrasts_v1,generated_fact_108,POST4_PATH_EFFICIENCY,DELTA_ROLE,0.007974118605761582
gen4_native_mamba_phase_f_pair_level_contrasts_v1,generated_fact_109,POST4_PATH_EFFICIENCY,DELTA_ROLE,0.005556739372127306
gen4_native_mamba_phase_f_pair_level_contrasts_v1,generated_fact_110,POST4_PATH_EFFICIENCY,DELTA_ROLE,0.00032594093615961883
gen4_native_mamba_phase_f_pair_level_contrasts_v1,generated_fact_111,POST4_PATH_EFFICIENCY,DELTA_ROLE,-0.010514160621746649
gen4_native_mamba_phase_f_pair_level_contrasts_v1,generated_fact_112,POST4_PATH_EFFICIENCY,DELTA_ROLE,-0.0011601206494165073
gen4_native_mamba_phase_f_pair_level_contrasts_v1,generated_fact_113,POST4_PATH_EFFICIENCY,DELTA_ROLE,0.004417439504136089
gen4_native_mamba_phase_f_pair_level_contrasts_v1,generated_fact_114,POST4_PATH_EFFICIENCY,DELTA_ROLE,0.003898685027324267
gen4_native_mamba_phase_f_pair_level_contrasts_v1,generated_fact_115,POST4_PATH_EFFICIENCY,DELTA_ROLE,-4.4704390726679755e-05
gen4_native_mamba_phase_f_pair_level_contrasts_v1,generated_fact_116,POST4_PATH_EFFICIENCY,DELTA_ROLE,-0.003300177849681729
gen4_native_mamba_phase_f_pair_level_contrasts_v1,generated_fact_117,POST4_PATH_EFFICIENCY,DELTA_ROLE,-0.0032882238523740392
gen4_native_mamba_phase_f_pair_level_contrasts_v1,generated_fact_118,POST4_PATH_EFFICIENCY,DELTA_ROLE,-0.0021528913741469258
gen4_native_mamba_phase_f_pair_level_contrasts_v1,generated_fact_119,POST4_PATH_EFFICIENCY,DELTA_ROLE,0.008627982772211273
gen4_native_mamba_phase_f_pair_level_contrasts_v1,generated_fact_120,POST4_PATH_EFFICIENCY,DELTA_ROLE,0.007673654682024023
gen4_native_mamba_phase_f_pair_level_contrasts_v1,generated_fact_121,POST4_PATH_EFFICIENCY,DELTA_ROLE,0.003279264896378309
gen4_native_mamba_phase_f_pair_level_contrasts_v1,generated_fact_122,POST4_PATH_EFFICIENCY,DELTA_ROLE,-0.0032750006989893943
gen4_native_mamba_phase_f_pair_level_contrasts_v1,generated_fact_123,POST4_PATH_EFFICIENCY,DELTA_ROLE,-0.006973794382278686
gen4_native_mamba_phase_f_pair_level_contrasts_v1,generated_fact_124,POST4_PATH_EFFICIENCY,DELTA_ROLE,0.001529541139824675
gen4_native_mamba_phase_f_pair_level_contrasts_v1,generated_fact_125,POST4_PATH_EFFICIENCY,DELTA_ROLE,-0.00488975766760158
gen4_native_mamba_phase_f_pair_level_contrasts_v1,generated_fact_126,POST4_PATH_EFFICIENCY,DELTA_ROLE,0.013234617904936075
gen4_native_mamba_phase_f_pair_level_contrasts_v1,generated_fact_127,POST4_PATH_EFFICIENCY,DELTA_ROLE,0.001661920437414477
gen4_native_mamba_phase_f_pair_level_contrasts_v1,generated_fact_128,POST4_PATH_EFFICIENCY,DELTA_ROLE,-0.01699311513319296
gen4_native_mamba_phase_f_pair_level_contrasts_v1,generated_fact_129,POST4_PATH_EFFICIENCY,DELTA_ROLE,-0.0048178670176758365
gen4_native_mamba_phase_f_pair_level_contrasts_v1,generated_fact_130,POST4_PATH_EFFICIENCY,DELTA_ROLE,-0.004748489561497371
gen4_native_mamba_phase_f_pair_level_contrasts_v1,generated_fact_131,POST4_PATH_EFFICIENCY,DELTA_ROLE,0.005639273534078781
gen4_native_mamba_phase_f_pair_level_contrasts_v1,generated_fact_132,POST4_PATH_EFFICIENCY,DELTA_ROLE,0.008409703575950889
gen4_native_mamba_phase_f_pair_level_contrasts_v1,generated_fact_133,POST4_PATH_EFFICIENCY,DELTA_ROLE,0.0012712277010007433
gen4_native_mamba_phase_f_pair_level_contrasts_v1,generated_fact_134,POST4_PATH_EFFICIENCY,DELTA_ROLE,-0.0011137971633312649
gen4_native_mamba_phase_f_pair_level_contrasts_v1,generated_fact_135,POST4_PATH_EFFICIENCY,DELTA_ROLE,-0.003880241588761102
gen4_native_mamba_phase_f_pair_level_contrasts_v1,generated_fact_136,POST4_PATH_EFFICIENCY,DELTA_ROLE,-0.00309539709186446
gen4_native_mamba_phase_f_pair_level_contrasts_v1,generated_fact_137,POST4_PATH_EFFICIENCY,DELTA_ROLE,0.0038284109503016195
gen4_native_mamba_phase_f_pair_level_contrasts_v1,generated_fact_138,POST4_PATH_EFFICIENCY,DELTA_ROLE,0.005346717621546426
gen4_native_mamba_phase_f_pair_level_contrasts_v1,generated_fact_139,POST4_PATH_EFFICIENCY,DELTA_ROLE,0.007456019416482995
gen4_native_mamba_phase_f_pair_level_contrasts_v1,generated_fact_140,POST4_PATH_EFFICIENCY,DELTA_ROLE,-0.005319499844826214
gen4_native_mamba_phase_f_pair_level_contrasts_v1,generated_fact_141,POST4_PATH_EFFICIENCY,DELTA_ROLE,-0.006476629475597073
gen4_native_mamba_phase_f_pair_level_contrasts_v1,generated_fact_142,POST4_PATH_EFFICIENCY,DELTA_ROLE,-0.008397332495274634
gen4_native_mamba_phase_f_pair_level_contrasts_v1,generated_fact_143,POST4_PATH_EFFICIENCY,DELTA_ROLE,0.019547267044268846
gen4_native_mamba_phase_f_pair_level_contrasts_v1,generated_fact_144,POST4_PATH_EFFICIENCY,DELTA_ROLE,0.00696435776616261
gen4_native_mamba_phase_f_pair_level_contrasts_v1,generated_fact_145,POST4_PATH_EFFICIENCY,DELTA_ROLE,-0.0023198515948750775
gen4_native_mamba_phase_f_pair_level_contrasts_v1,generated_fact_146,POST4_PATH_EFFICIENCY,DELTA_ROLE,0.0013876101903025906
gen4_native_mamba_phase_f_pair_level_contrasts_v1,generated_fact_147,POST4_PATH_EFFICIENCY,DELTA_ROLE,-0.015549765633916413
gen4_native_mamba_phase_f_pair_level_contrasts_v1,generated_fact_148,POST4_PATH_EFFICIENCY,DELTA_ROLE,-0.003469071251347655
gen4_native_mamba_phase_f_pair_level_contrasts_v1,generated_fact_149,POST4_PATH_EFFICIENCY,DELTA_ROLE,0.01819682271926909
gen4_native_mamba_phase_f_pair_level_contrasts_v1,generated_fact_150,POST4_PATH_EFFICIENCY,DELTA_ROLE,0.005453863224497313
gen4_native_mamba_phase_f_pair_level_contrasts_v1,generated_fact_151,POST4_PATH_EFFICIENCY,DELTA_ROLE,0.004186142859259778
gen4_native_mamba_phase_f_pair_level_contrasts_v1,generated_fact_152,POST4_PATH_EFFICIENCY,DELTA_ROLE,-0.0015405006475769367
gen4_native_mamba_phase_f_pair_level_contrasts_v1,generated_fact_153,POST4_PATH_EFFICIENCY,DELTA_ROLE,-0.007104190739395444
gen4_native_mamba_phase_f_pair_level_contrasts_v1,generated_fact_154,POST4_PATH_EFFICIENCY,DELTA_ROLE,-0.0009098289013650951
gen4_native_mamba_phase_f_pair_level_contrasts_v1,generated_fact_155,POST4_PATH_EFFICIENCY,DELTA_ROLE,0.00421821155627089
gen4_native_mamba_phase_f_pair_level_contrasts_v1,generated_fact_156,POST4_PATH_EFFICIENCY,DELTA_ROLE,0.006925413681789339
gen4_native_mamba_phase_f_pair_level_contrasts_v1,generated_fact_157,POST4_PATH_EFFICIENCY,DELTA_ROLE,0.0006304762298350863
gen4_native_mamba_phase_f_pair_level_contrasts_v1,generated_fact_158,POST4_PATH_EFFICIENCY,DELTA_ROLE,-0.0006475112284346496
gen4_native_mamba_phase_f_pair_level_contrasts_v1,generated_fact_159,POST4_PATH_EFFICIENCY,DELTA_ROLE,-0.004521228997850513
gen4_native_mamba_phase_f_pair_level_contrasts_v1,generated_fact_160,POST4_PATH_EFFICIENCY,DELTA_ROLE,-0.0024943706332838933
gen4_native_mamba_phase_f_pair_level_contrasts_v1,generated_fact_161,POST4_PATH_EFFICIENCY,DELTA_ROLE,0.008576699232702378
gen4_native_mamba_phase_f_pair_level_contrasts_v1,generated_fact_162,POST4_PATH_EFFICIENCY,DELTA_ROLE,0.006353425389026834
gen4_native_mamba_phase_f_pair_level_contrasts_v1,generated_fact_163,POST4_PATH_EFFICIENCY,DELTA_ROLE,0.0017141794029820745
gen4_native_mamba_phase_f_pair_level_contrasts_v1,generated_fact_164,POST4_PATH_EFFICIENCY,DELTA_ROLE,-0.007740514343616223
gen4_native_mamba_phase_f_pair_level_contrasts_v1,generated_fact_165,POST4_PATH_EFFICIENCY,DELTA_ROLE,-0.00633635978822833
gen4_native_mamba_phase_f_pair_level_contrasts_v1,generated_fact_166,POST4_PATH_EFFICIENCY,DELTA_ROLE,0.002328911532142708
gen4_native_mamba_phase_f_pair_level_contrasts_v1,generated_fact_167,POST4_PATH_EFFICIENCY,DELTA_ROLE,-0.001743915890334402
gen4_native_mamba_phase_f_pair_level_contrasts_v1,generated_fact_168,POST4_PATH_EFFICIENCY,DELTA_ROLE,0.014318452166690254
gen4_native_mamba_phase_f_pair_level_contrasts_v1,generated_fact_169,POST4_PATH_EFFICIENCY,DELTA_ROLE,0.003063801139518707
gen4_native_mamba_phase_f_pair_level_contrasts_v1,generated_fact_170,POST4_PATH_EFFICIENCY,DELTA_ROLE,-0.014692242505975728
gen4_native_mamba_phase_f_pair_level_contrasts_v1,generated_fact_171,POST4_PATH_EFFICIENCY,DELTA_ROLE,-0.007368414927150513
gen4_native_mamba_phase_f_pair_level_contrasts_v1,generated_fact_172,POST4_PATH_EFFICIENCY,DELTA_ROLE,-0.005535041315026357
gen4_native_mamba_phase_f_pair_level_contrasts_v1,generated_fact_173,POST4_PATH_EFFICIENCY,DELTA_ROLE,0.006283722030637817
gen4_native_mamba_phase_f_pair_level_contrasts_v1,generated_fact_174,POST4_PATH_EFFICIENCY,DELTA_ROLE,0.008409048138992126
gen4_native_mamba_phase_f_pair_level_contrasts_v1,generated_fact_175,POST4_PATH_EFFICIENCY,DELTA_ROLE,0.0008591410768158947
gen4_native_mamba_phase_f_pair_level_contrasts_v1,generated_fact_176,POST4_PATH_EFFICIENCY,DELTA_ROLE,-0.0034449081956406946
gen4_native_mamba_phase_f_pair_level_contrasts_v1,generated_fact_177,POST4_PATH_EFFICIENCY,DELTA_ROLE,-0.0007381471290998642
gen4_native_mamba_phase_f_pair_level_contrasts_v1,generated_fact_178,POST4_PATH_EFFICIENCY,DELTA_ROLE,-0.0020948423071125988
gen4_native_mamba_phase_f_pair_level_contrasts_v1,generated_fact_179,POST4_PATH_EFFICIENCY,DELTA_ROLE,0.002645980466155662
gen4_native_mamba_phase_f_pair_level_contrasts_v1,generated_fact_180,POST4_PATH_EFFICIENCY,DELTA_ROLE,0.005667132049343215
gen4_native_mamba_phase_f_pair_level_contrasts_v1,generated_fact_181,POST4_PATH_EFFICIENCY,DELTA_ROLE,0.00984520389955762
gen4_native_mamba_phase_f_pair_level_contrasts_v1,generated_fact_182,POST4_PATH_EFFICIENCY,DELTA_ROLE,-0.00234907697718012
gen4_native_mamba_phase_f_pair_level_contrasts_v1,generated_fact_183,POST4_PATH_EFFICIENCY,DELTA_ROLE,-0.006849880800725627
gen4_native_mamba_phase_f_pair_level_contrasts_v1,generated_fact_184,POST4_PATH_EFFICIENCY,DELTA_ROLE,-0.008801271435450508
gen4_native_mamba_phase_f_pair_level_contrasts_v1,generated_fact_185,POST4_PATH_EFFICIENCY,DELTA_ROLE,0.01751226621403018
gen4_native_mamba_phase_f_pair_level_contrasts_v1,generated_fact_186,POST4_PATH_EFFICIENCY,DELTA_ROLE,0.006682841395047545
gen4_native_mamba_phase_f_pair_level_contrasts_v1,generated_fact_187,POST4_PATH_EFFICIENCY,DELTA_ROLE,-0.001680863418234424
gen4_native_mamba_phase_f_pair_level_contrasts_v1,generated_fact_188,POST4_PATH_EFFICIENCY,DELTA_ROLE,0.0018770792205743403
gen4_native_mamba_phase_f_pair_level_contrasts_v1,generated_fact_189,POST4_PATH_EFFICIENCY,DELTA_ROLE,-0.012495792685009888
gen4_native_mamba_phase_f_pair_level_contrasts_v1,generated_fact_190,POST4_PATH_EFFICIENCY,DELTA_ROLE,-0.0021418447512128735
gen4_native_mamba_phase_f_pair_level_contrasts_v1,generated_fact_191,POST4_PATH_EFFICIENCY,DELTA_ROLE,0.0193150869219475
gen4_native_mamba_phase_f_pair_level_contrasts_v1,generated_fact_192,POST4_PATH_EFFICIENCY,DELTA_ROLE,0.007860676098231822
gen4_native_mamba_phase_f_pair_level_contrasts_v1,generated_fact_193,POST4_PATH_EFFICIENCY,DELTA_ROLE,0.005740001134751704
gen4_native_mamba_phase_f_pair_level_contrasts_v1,generated_fact_194,POST4_PATH_EFFICIENCY,DELTA_ROLE,0.0002640391429670208
gen4_native_mamba_phase_f_pair_level_contrasts_v1,generated_fact_195,POST4_PATH_EFFICIENCY,DELTA_ROLE,-0.010619694760664544
gen4_native_mamba_phase_f_pair_level_contrasts_v1,generated_fact_196,POST4_PATH_EFFICIENCY,DELTA_ROLE,-0.0010418034067545823
gen4_native_mamba_phase_f_pair_level_contrasts_v1,generated_fact_197,POST4_PATH_EFFICIENCY,DELTA_ROLE,0.004534143126287027
gen4_native_mamba_phase_f_pair_level_contrasts_v1,generated_fact_198,POST4_PATH_EFFICIENCY,DELTA_ROLE,0.0036855079360759158
gen4_native_mamba_phase_f_pair_level_contrasts_v1,generated_fact_199,POST4_PATH_EFFICIENCY,DELTA_ROLE,-1.8015405074844892e-05
gen4_native_mamba_phase_f_pair_level_contrasts_v1,generated_fact_200,POST4_PATH_EFFICIENCY,DELTA_ROLE,-0.0035822120079647135
gen4_native_mamba_phase_f_pair_level_contrasts_v1,generated_fact_201,POST4_PATH_EFFICIENCY,DELTA_ROLE,-0.0033683827155721047
gen4_native_mamba_phase_f_pair_level_contrasts_v1,generated_fact_202,POST4_PATH_EFFICIENCY,DELTA_ROLE,-0.002199607963368766
gen4_native_mamba_phase_f_pair_level_contrasts_v1,generated_fact_203,POST4_PATH_EFFICIENCY,DELTA_ROLE,0.00863234559754994
gen4_native_mamba_phase_f_pair_level_contrasts_v1,generated_fact_204,POST4_PATH_EFFICIENCY,DELTA_ROLE,0.007770907736277088
gen4_native_mamba_phase_f_pair_level_contrasts_v1,generated_fact_205,POST4_PATH_EFFICIENCY,DELTA_ROLE,0.003182299442879677
gen4_native_mamba_phase_f_pair_level_contrasts_v1,generated_fact_206,POST4_PATH_EFFICIENCY,DELTA_ROLE,-0.0029345559356653284
gen4_native_mamba_phase_f_pair_level_contrasts_v1,generated_fact_207,POST4_PATH_EFFICIENCY,DELTA_ROLE,-0.0069088866047909425
gen4_native_mamba_phase_f_pair_level_contrasts_v1,generated_fact_208,POST4_PATH_EFFICIENCY,DELTA_ROLE,0.0014840114985244512
gen4_native_mamba_phase_f_pair_level_contrasts_v1,generated_fact_209,POST4_PATH_EFFICIENCY,DELTA_ROLE,-0.005159245549729852
gen4_native_mamba_phase_f_pair_level_contrasts_v1,generated_fact_210,POST4_PATH_EFFICIENCY,DELTA_ROLE,0.013313336464790437
gen4_native_mamba_phase_f_pair_level_contrasts_v1,generated_fact_211,POST4_PATH_EFFICIENCY,DELTA_ROLE,0.0016543515210954984
gen4_native_mamba_phase_f_pair_level_contrasts_v1,generated_fact_212,POST4_PATH_EFFICIENCY,DELTA_ROLE,-0.016988958514074615
gen4_native_mamba_phase_f_pair_level_contrasts_v1,generated_fact_213,POST4_PATH_EFFICIENCY,DELTA_ROLE,-0.004911991974447583
gen4_native_mamba_phase_f_pair_level_contrasts_v1,generated_fact_214,POST4_PATH_EFFICIENCY,DELTA_ROLE,-0.004615084389496316
gen4_native_mamba_phase_f_pair_level_contrasts_v1,generated_fact_215,POST4_PATH_EFFICIENCY,DELTA_ROLE,0.005465111763356234
gen4_native_mamba_phase_f_pair_level_contrasts_v1,generated_fact_216,POST4_PATH_EFFICIENCY,DELTA_ROLE,0.008361335176156004
gen4_native_mamba_phase_f_pair_level_contrasts_v1,generated_fact_217,POST4_PATH_EFFICIENCY,DELTA_ROLE,0.001427150438100877
gen4_native_mamba_phase_f_pair_level_contrasts_v1,generated_fact_218,POST4_PATH_EFFICIENCY,DELTA_ROLE,-0.0012748705674834326
gen4_native_mamba_phase_f_pair_level_contrasts_v1,generated_fact_219,POST4_PATH_EFFICIENCY,DELTA_ROLE,-0.0037870724277587753
gen4_native_mamba_phase_f_pair_level_contrasts_v1,generated_fact_220,POST4_PATH_EFFICIENCY,DELTA_ROLE,-0.00304663481708195
gen4_native_mamba_phase_f_pair_level_contrasts_v1,generated_fact_221,POST4_PATH_EFFICIENCY,DELTA_ROLE,0.0039371880744048515
gen4_native_mamba_phase_f_pair_level_contrasts_v1,generated_fact_222,POST4_PATH_EFFICIENCY,DELTA_ROLE,0.0053308520318715025
gen4_native_mamba_phase_f_pair_level_contrasts_v1,generated_fact_223,POST4_PATH_EFFICIENCY,DELTA_ROLE,0.007594445677305772
gen4_native_mamba_phase_f_pair_level_contrasts_v1,generated_fact_224,POST4_PATH_EFFICIENCY,DELTA_ROLE,-0.005463145224967159
gen4_native_mamba_phase_f_pair_level_contrasts_v1,generated_fact_225,POST4_PATH_EFFICIENCY,DELTA_ROLE,-0.006354213083152982
gen4_native_mamba_phase_f_pair_level_contrasts_v1,generated_fact_226,POST4_PATH_EFFICIENCY,DELTA_ROLE,-0.008574579001391525
gen4_native_mamba_phase_f_pair_level_contrasts_v1,generated_fact_227,POST4_PATH_EFFICIENCY,DELTA_ROLE,0.01964461108425941
gen4_native_mamba_phase_f_pair_level_contrasts_v1,generated_fact_228,POST4_PATH_EFFICIENCY,DELTA_ROLE,0.007039625724107101
gen4_native_mamba_phase_f_pair_level_contrasts_v1,generated_fact_229,POST4_PATH_EFFICIENCY,DELTA_ROLE,-0.002196274805161935
gen4_native_mamba_phase_f_pair_level_contrasts_v1,generated_fact_230,POST4_PATH_EFFICIENCY,DELTA_ROLE,0.0013746818643181058
gen4_native_mamba_phase_f_pair_level_contrasts_v1,generated_fact_231,POST4_PATH_EFFICIENCY,DELTA_ROLE,-0.01544336202662
gen4_native_mamba_phase_f_pair_level_contrasts_v1,generated_fact_232,POST4_PATH_EFFICIENCY,DELTA_ROLE,-0.0035533611871672033
gen4_native_mamba_phase_f_pair_level_contrasts_v1,generated_fact_233,POST4_PATH_EFFICIENCY,DELTA_ROLE,0.01799558012857838
gen4_native_mamba_phase_f_pair_level_contrasts_v1,generated_fact_234,POST4_PATH_EFFICIENCY,DELTA_ROLE,0.0057014183109117544
gen4_native_mamba_phase_f_pair_level_contrasts_v1,generated_fact_235,POST4_PATH_EFFICIENCY,DELTA_ROLE,0.004099484247117868
gen4_native_mamba_phase_f_pair_level_contrasts_v1,generated_fact_236,POST4_PATH_EFFICIENCY,DELTA_ROLE,-0.001174369743491055
gen4_native_mamba_phase_f_pair_level_contrasts_v1,generated_fact_237,POST4_PATH_EFFICIENCY,DELTA_ROLE,-0.007128003998748911
gen4_native_mamba_phase_f_pair_level_contrasts_v1,generated_fact_238,POST4_PATH_EFFICIENCY,DELTA_ROLE,-0.0009098237047894253
gen4_native_mamba_phase_f_pair_level_contrasts_v1,generated_fact_239,POST4_PATH_EFFICIENCY,DELTA_ROLE,0.004224175109474537
gen4_native_mamba_phase_f_pair_level_contrasts_v1,generated_fact_240,POST4_PATH_EFFICIENCY,DELTA_ROLE,0.006871001236815999
gen4_native_mamba_phase_f_pair_level_contrasts_v1,generated_fact_241,POST4_PATH_EFFICIENCY,DELTA_ROLE,0.0007713019180652925
gen4_native_mamba_phase_f_pair_level_contrasts_v1,generated_fact_242,POST4_PATH_EFFICIENCY,DELTA_ROLE,-0.000796850667358906
gen4_native_mamba_phase_f_pair_level_contrasts_v1,generated_fact_243,POST4_PATH_EFFICIENCY,DELTA_ROLE,-0.004510982180126133
gen4_native_mamba_phase_f_pair_level_contrasts_v1,generated_fact_244,POST4_PATH_EFFICIENCY,DELTA_ROLE,-0.00244395556284821
gen4_native_mamba_phase_f_pair_level_contrasts_v1,generated_fact_245,POST4_PATH_EFFICIENCY,DELTA_ROLE,0.008847329511607271
gen4_native_mamba_phase_f_pair_level_contrasts_v1,generated_fact_246,POST4_PATH_EFFICIENCY,DELTA_ROLE,0.006264489705141152
gen4_native_mamba_phase_f_pair_level_contrasts_v1,generated_fact_247,POST4_PATH_EFFICIENCY,DELTA_ROLE,0.0017555218470622358
gen4_native_mamba_phase_f_pair_level_contrasts_v1,generated_fact_248,POST4_PATH_EFFICIENCY,DELTA_ROLE,-0.008007459808174078
gen4_native_mamba_phase_f_pair_level_contrasts_v1,generated_fact_249,POST4_PATH_EFFICIENCY,DELTA_ROLE,-0.0062096326466809515
gen4_native_mamba_phase_f_pair_level_contrasts_v1,generated_fact_250,POST4_PATH_EFFICIENCY,DELTA_ROLE,0.002163482594071564
gen4_native_mamba_phase_f_pair_level_contrasts_v1,generated_fact_251,POST4_PATH_EFFICIENCY,DELTA_ROLE,-0.0018294293987160537
gen4_native_mamba_phase_f_pair_level_contrasts_v1,generated_fact_252,POST4_PATH_EFFICIENCY,DELTA_ROLE,0.014469157276913502
gen4_native_mamba_phase_f_pair_level_contrasts_v1,generated_fact_253,POST4_PATH_EFFICIENCY,DELTA_ROLE,0.0029425426166718727
gen4_native_mamba_phase_f_pair_level_contrasts_v1,generated_fact_254,POST4_PATH_EFFICIENCY,DELTA_ROLE,-0.014606120093534736
gen4_native_mamba_phase_f_pair_level_contrasts_v1,generated_fact_255,POST4_PATH_EFFICIENCY,DELTA_ROLE,-0.007299303936432633
gen4_native_mamba_phase_f_pair_level_contrasts_v1,generated_fact_256,POST4_PATH_EFFICIENCY,DELTA_ROLE,-0.0055756774879335835
gen4_native_mamba_phase_f_pair_level_contrasts_v1,generated_fact_257,POST4_PATH_EFFICIENCY,DELTA_ROLE,0.005950639004434766
gen4_native_mamba_phase_f_pair_level_contrasts_v1,generated_fact_258,POST4_PATH_EFFICIENCY,DELTA_ROLE,0.00851993870893264
gen4_native_mamba_phase_f_pair_level_contrasts_v1,generated_fact_259,POST4_PATH_EFFICIENCY,DELTA_ROLE,0.0009581766427472771
gen4_native_mamba_phase_f_pair_level_contrasts_v1,generated_fact_260,POST4_PATH_EFFICIENCY,DELTA_ROLE,-0.003281584213020272
gen4_native_mamba_phase_f_pair_level_contrasts_v1,generated_fact_261,POST4_PATH_EFFICIENCY,DELTA_ROLE,-0.0007923852043618673
gen4_native_mamba_phase_f_pair_level_contrasts_v1,generated_fact_262,POST4_PATH_EFFICIENCY,DELTA_ROLE,-0.0020175409401740896
gen4_native_mamba_phase_f_pair_level_contrasts_v1,generated_fact_263,POST4_PATH_EFFICIENCY,DELTA_ROLE,0.002741814552647215
gen4_native_mamba_phase_f_pair_level_contrasts_v1,generated_fact_264,POST4_PATH_EFFICIENCY,DELTA_ROLE,0.005600573955179988
gen4_native_mamba_phase_f_pair_level_contrasts_v1,generated_fact_265,POST4_PATH_EFFICIENCY,DELTA_ROLE,0.009947583775977209
gen4_native_mamba_phase_f_pair_level_contrasts_v1,generated_fact_266,POST4_PATH_EFFICIENCY,DELTA_ROLE,-0.002501718407301623
gen4_native_mamba_phase_f_pair_level_contrasts_v1,generated_fact_267,POST4_PATH_EFFICIENCY,DELTA_ROLE,-0.0068014181618581415
gen4_native_mamba_phase_f_pair_level_contrasts_v1,generated_fact_268,POST4_PATH_EFFICIENCY,DELTA_ROLE,-0.008633324160192468
gen4_native_mamba_phase_f_pair_level_contrasts_v1,generated_fact_269,POST4_PATH_EFFICIENCY,DELTA_ROLE,0.01782116218546953
gen4_native_mamba_phase_f_pair_level_contrasts_v1,generated_fact_270,POST4_PATH_EFFICIENCY,DELTA_ROLE,0.006586818562277275
gen4_native_mamba_phase_f_pair_level_contrasts_v1,generated_fact_271,POST4_PATH_EFFICIENCY,DELTA_ROLE,-0.0017695763344088289
gen4_native_mamba_phase_f_pair_level_contrasts_v1,generated_fact_272,POST4_PATH_EFFICIENCY,DELTA_ROLE,0.0017724246966906998
gen4_native_mamba_phase_f_pair_level_contrasts_v1,generated_fact_273,POST4_PATH_EFFICIENCY,DELTA_ROLE,-0.012411062428846542
gen4_native_mamba_phase_f_pair_level_contrasts_v1,generated_fact_274,POST4_PATH_EFFICIENCY,DELTA_ROLE,-0.0022536035859963
gen4_native_mamba_phase_f_pair_level_contrasts_v1,generated_fact_275,POST4_PATH_EFFICIENCY,DELTA_ROLE,0.019328027854888685
gen4_native_mamba_phase_f_pair_level_contrasts_v1,generated_fact_276,POST4_PATH_EFFICIENCY,DELTA_ROLE,0.007966298787706994
gen4_native_mamba_phase_f_pair_level_contrasts_v1,generated_fact_277,POST4_PATH_EFFICIENCY,DELTA_ROLE,0.005550133684770975
gen4_native_mamba_phase_f_pair_level_contrasts_v1,generated_fact_278,POST4_PATH_EFFICIENCY,DELTA_ROLE,0.0004462637432500194
gen4_native_mamba_phase_f_pair_level_contrasts_v1,generated_fact_279,POST4_PATH_EFFICIENCY,DELTA_ROLE,-0.010459581388391703
gen4_native_mamba_phase_f_pair_level_contrasts_v1,generated_fact_280,POST4_PATH_EFFICIENCY,DELTA_ROLE,-0.0011830847878748219
gen4_native_mamba_phase_f_pair_level_contrasts_v1,generated_fact_281,POST4_PATH_EFFICIENCY,DELTA_ROLE,0.004392609839374173
gen4_native_mamba_phase_f_pair_level_contrasts_v1,generated_fact_282,POST4_PATH_EFFICIENCY,DELTA_ROLE,0.00393760109011837
gen4_native_mamba_phase_f_pair_level_contrasts_v1,generated_fact_283,POST4_PATH_EFFICIENCY,DELTA_ROLE,-0.00012857649964997941
gen4_native_mamba_phase_f_pair_level_contrasts_v1,generated_fact_284,POST4_PATH_EFFICIENCY,DELTA_ROLE,-0.0032139864348456615
gen4_native_mamba_phase_f_pair_level_contrasts_v1,generated_fact_285,POST4_PATH_EFFICIENCY,DELTA_ROLE,-0.003346969929897914
gen4_native_mamba_phase_f_pair_level_contrasts_v1,generated_fact_286,POST4_PATH_EFFICIENCY,DELTA_ROLE,-0.0020766220962092907
gen4_native_mamba_phase_f_pair_level_contrasts_v1,generated_fact_287,POST4_PATH_EFFICIENCY,DELTA_ROLE,0.008714657391038438
gen4_native_mamba_phase_f_pair_level_contrasts_v1,generated_fact_288,POST4_PATH_EFFICIENCY,DELTA_ROLE,0.0076549993214951595
gen4_native_mamba_phase_f_pair_level_contrasts_v1,generated_fact_289,POST4_PATH_EFFICIENCY,DELTA_ROLE,0.003168811041512176
gen4_native_mamba_phase_f_pair_level_contrasts_v1,generated_fact_290,POST4_PATH_EFFICIENCY,DELTA_ROLE,-0.003266522950087336
gen4_native_mamba_phase_f_pair_level_contrasts_v1,generated_fact_291,POST4_PATH_EFFICIENCY,DELTA_ROLE,-0.006929740048486344
gen4_native_mamba_phase_f_pair_level_contrasts_v1,generated_fact_292,POST4_PATH_EFFICIENCY,DELTA_ROLE,0.0015331981227735825
gen4_native_mamba_phase_f_pair_level_contrasts_v1,generated_fact_293,POST4_PATH_EFFICIENCY,DELTA_ROLE,-0.004780162401636812
gen4_native_mamba_phase_f_pair_level_contrasts_v1,generated_fact_294,POST4_PATH_EFFICIENCY,DELTA_ROLE,0.013115265548853616
gen4_native_mamba_phase_f_pair_level_contrasts_v1,generated_fact_295,POST4_PATH_EFFICIENCY,DELTA_ROLE,0.001718392329523366
gen4_native_mamba_phase_f_pair_level_contrasts_v1,generated_fact_296,POST4_PATH_EFFICIENCY,DELTA_ROLE,-0.017066462617428224
gen4_native_mamba_phase_f_pair_level_contrasts_v1,generated_fact_297,POST4_PATH_EFFICIENCY,DELTA_ROLE,-0.004810364407356271
gen4_native_mamba_phase_f_pair_level_contrasts_v1,generated_fact_298,POST4_PATH_EFFICIENCY,DELTA_ROLE,-0.004861899264732905
gen4_native_mamba_phase_f_pair_level_contrasts_v1,generated_fact_299,POST4_PATH_EFFICIENCY,DELTA_ROLE,0.00561268595812342
gen4_native_mamba_phase_f_pair_level_contrasts_v1,generated_fact_300,POST4_PATH_EFFICIENCY,DELTA_ROLE,0.008435779876090121
gen4_native_mamba_phase_f_pair_level_contrasts_v1,glacier_study,POST4_PATH_EFFICIENCY,DELTA_ROLE,-0.0062180089947936334
gen4_native_mamba_phase_f_pair_level_contrasts_v1,harbor_upgrade,POST4_PATH_EFFICIENCY,DELTA_ROLE,0.009432117315870459
gen4_native_mamba_phase_f_pair_level_contrasts_v1,jazz_archive,POST4_PATH_EFFICIENCY,DELTA_ROLE,-0.005181356477760746
gen4_native_mamba_phase_f_pair_level_contrasts_v1,language_program,POST4_PATH_EFFICIENCY,DELTA_ROLE,-0.008032844958748675
gen4_native_mamba_phase_f_pair_level_contrasts_v1,library_digitization,POST4_PATH_EFFICIENCY,DELTA_ROLE,0.007660667962828438
gen4_native_mamba_phase_f_pair_level_contrasts_v1,market_renovation,POST4_PATH_EFFICIENCY,DELTA_ROLE,-0.00828643395136569
gen4_native_mamba_phase_f_pair_level_contrasts_v1,museum_purchase,POST4_PATH_EFFICIENCY,DELTA_ROLE,-0.0036320139075225466
gen4_native_mamba_phase_f_pair_level_contrasts_v1,opera_premiere,POST4_PATH_EFFICIENCY,DELTA_ROLE,0.006997735773310643
gen4_native_mamba_phase_f_pair_level_contrasts_v1,orion_approval,POST4_PATH_EFFICIENCY,DELTA_ROLE,-0.019739297329213867
gen4_native_mamba_phase_f_pair_level_contrasts_v1,poetry_prize,POST4_PATH_EFFICIENCY,DELTA_ROLE,-0.002886546314506133
gen4_native_mamba_phase_f_pair_level_contrasts_v1,railway_restoration,POST4_PATH_EFFICIENCY,DELTA_ROLE,-0.014963253911953078
gen4_native_mamba_phase_f_pair_level_contrasts_v1,reef_protection,POST4_PATH_EFFICIENCY,DELTA_ROLE,0.00865218019571573
gen4_native_mamba_phase_f_pair_level_contrasts_v1,robotics_championship,POST4_PATH_EFFICIENCY,DELTA_ROLE,0.023327678067687707
gen4_native_mamba_phase_f_pair_level_contrasts_v1,satellite_launch,POST4_PATH_EFFICIENCY,DELTA_ROLE,-0.005463242251121214
gen4_native_mamba_phase_f_pair_level_contrasts_v1,school_opening,POST4_PATH_EFFICIENCY,DELTA_ROLE,0.0001450273263591817
gen4_native_mamba_phase_f_pair_level_contrasts_v1,solar_farm_contract,POST4_PATH_EFFICIENCY,DELTA_ROLE,-0.0023471890662139505
gen4_native_mamba_phase_f_pair_level_contrasts_v1,theater_restoration,POST4_PATH_EFFICIENCY,DELTA_ROLE,-0.007149385027215349
gen4_native_mamba_phase_f_pair_level_contrasts_v1,treaty_signature,POST4_PATH_EFFICIENCY,DELTA_ROLE,0.004492530015405505
gen4_native_mamba_phase_f_pair_level_contrasts_v1,vaccine_delivery,POST4_PATH_EFFICIENCY,DELTA_ROLE,1.1903624457798578e-05
gen4_native_mamba_phase_f_pair_level_contrasts_v1,volcano_observatory,POST4_PATH_EFFICIENCY,DELTA_ROLE,-0.01063214726487327
gen4_native_mamba_phase_f_pair_level_contrasts_v1,wetland_restoration,POST4_PATH_EFFICIENCY,DELTA_ROLE,0.01369596330649031
gen4_native_mamba_phase_f_pair_level_contrasts_v1,archive_release,POST4_PATH_EFFICIENCY,DELTA_PREDICATE,-0.04634177211187723
gen4_native_mamba_phase_f_pair_level_contrasts_v1,bridge_opening,POST4_PATH_EFFICIENCY,DELTA_PREDICATE,0.02694472562410638
gen4_native_mamba_phase_f_pair_level_contrasts_v1,canal_reopening,POST4_PATH_EFFICIENCY,DELTA_PREDICATE,0.009084683088687207
gen4_native_mamba_phase_f_pair_level_contrasts_v1,clinic_expansion,POST4_PATH_EFFICIENCY,DELTA_PREDICATE,0.015018681190641425
gen4_native_mamba_phase_f_pair_level_contrasts_v1,dam_inspection,POST4_PATH_EFFICIENCY,DELTA_PREDICATE,-0.006236232133380648
gen4_native_mamba_phase_f_pair_level_contrasts_v1,ferry_launch,POST4_PATH_EFFICIENCY,DELTA_PREDICATE,0.031181935650425707
gen4_native_mamba_phase_f_pair_level_contrasts_v1,festival_selection,POST4_PATH_EFFICIENCY,DELTA_PREDICATE,0.04190868343825527
gen4_native_mamba_phase_f_pair_level_contrasts_v1,forest_mapping,POST4_PATH_EFFICIENCY,DELTA_PREDICATE,0.027864836901901113
gen4_native_mamba_phase_f_pair_level_contrasts_v1,garden_award,POST4_PATH_EFFICIENCY,DELTA_PREDICATE,-0.013324249881011718
gen4_native_mamba_phase_f_pair_level_contrasts_v1,generated_fact_031,POST4_PATH_EFFICIENCY,DELTA_PREDICATE,0.0107990841850783
gen4_native_mamba_phase_f_pair_level_contrasts_v1,generated_fact_032,POST4_PATH_EFFICIENCY,DELTA_PREDICATE,0.032567183230853225
gen4_native_mamba_phase_f_pair_level_contrasts_v1,generated_fact_033,POST4_PATH_EFFICIENCY,DELTA_PREDICATE,0.01423261144303234
gen4_native_mamba_phase_f_pair_level_contrasts_v1,generated_fact_034,POST4_PATH_EFFICIENCY,DELTA_PREDICATE,-0.0038522882183625873
gen4_native_mamba_phase_f_pair_level_contrasts_v1,generated_fact_035,POST4_PATH_EFFICIENCY,DELTA_PREDICATE,0.00838863341105861
gen4_native_mamba_phase_f_pair_level_contrasts_v1,generated_fact_036,POST4_PATH_EFFICIENCY,DELTA_PREDICATE,0.00269320918641075
gen4_native_mamba_phase_f_pair_level_contrasts_v1,generated_fact_037,POST4_PATH_EFFICIENCY,DELTA_PREDICATE,0.025091420230241024
gen4_native_mamba_phase_f_pair_level_contrasts_v1,generated_fact_038,POST4_PATH_EFFICIENCY,DELTA_PREDICATE,-0.008694953066774369
gen4_native_mamba_phase_f_pair_level_contrasts_v1,generated_fact_039,POST4_PATH_EFFICIENCY,DELTA_PREDICATE,0.02734949586490637
gen4_native_mamba_phase_f_pair_level_contrasts_v1,generated_fact_040,POST4_PATH_EFFICIENCY,DELTA_PREDICATE,0.005580995437814373
gen4_native_mamba_phase_f_pair_level_contrasts_v1,generated_fact_041,POST4_PATH_EFFICIENCY,DELTA_PREDICATE,-0.006518006237705265
gen4_native_mamba_phase_f_pair_level_contrasts_v1,generated_fact_042,POST4_PATH_EFFICIENCY,DELTA_PREDICATE,0.00881591400103926
gen4_native_mamba_phase_f_pair_level_contrasts_v1,generated_fact_043,POST4_PATH_EFFICIENCY,DELTA_PREDICATE,-0.010244765670944678
gen4_native_mamba_phase_f_pair_level_contrasts_v1,generated_fact_044,POST4_PATH_EFFICIENCY,DELTA_PREDICATE,0.026869003873798147
gen4_native_mamba_phase_f_pair_level_contrasts_v1,generated_fact_045,POST4_PATH_EFFICIENCY,DELTA_PREDICATE,0.013518805718385929
gen4_native_mamba_phase_f_pair_level_contrasts_v1,generated_fact_046,POST4_PATH_EFFICIENCY,DELTA_PREDICATE,0.022611954407091295
gen4_native_mamba_phase_f_pair_level_contrasts_v1,generated_fact_047,POST4_PATH_EFFICIENCY,DELTA_PREDICATE,0.019830711169929516
gen4_native_mamba_phase_f_pair_level_contrasts_v1,generated_fact_048,POST4_PATH_EFFICIENCY,DELTA_PREDICATE,-0.004701099328696667
gen4_native_mamba_phase_f_pair_level_contrasts_v1,generated_fact_049,POST4_PATH_EFFICIENCY,DELTA_PREDICATE,0.012572101001855351
gen4_native_mamba_phase_f_pair_level_contrasts_v1,generated_fact_050,POST4_PATH_EFFICIENCY,DELTA_PREDICATE,0.0054040912760777715
gen4_native_mamba_phase_f_pair_level_contrasts_v1,generated_fact_051,POST4_PATH_EFFICIENCY,DELTA_PREDICATE,0.02532162490973855
gen4_native_mamba_phase_f_pair_level_contrasts_v1,generated_fact_052,POST4_PATH_EFFICIENCY,DELTA_PREDICATE,0.030317480916786654
gen4_native_mamba_phase_f_pair_level_contrasts_v1,generated_fact_053,POST4_PATH_EFFICIENCY,DELTA_PREDICATE,0.038044648469163334
gen4_native_mamba_phase_f_pair_level_contrasts_v1,generated_fact_054,POST4_PATH_EFFICIENCY,DELTA_PREDICATE,0.005898915864338661
gen4_native_mamba_phase_f_pair_level_contrasts_v1,generated_fact_055,POST4_PATH_EFFICIENCY,DELTA_PREDICATE,-0.006329805998572968
gen4_native_mamba_phase_f_pair_level_contrasts_v1,generated_fact_056,POST4_PATH_EFFICIENCY,DELTA_PREDICATE,0.027051502229817004
gen4_native_mamba_phase_f_pair_level_contrasts_v1,generated_fact_057,POST4_PATH_EFFICIENCY,DELTA_PREDICATE,0.02047977565189535
gen4_native_mamba_phase_f_pair_level_contrasts_v1,generated_fact_058,POST4_PATH_EFFICIENCY,DELTA_PREDICATE,0.02575004909132511
gen4_native_mamba_phase_f_pair_level_contrasts_v1,generated_fact_059,POST4_PATH_EFFICIENCY,DELTA_PREDICATE,0.00804157676038214
gen4_native_mamba_phase_f_pair_level_contrasts_v1,generated_fact_060,POST4_PATH_EFFICIENCY,DELTA_PREDICATE,0.01850337274243624
gen4_native_mamba_phase_f_pair_level_contrasts_v1,generated_fact_061,POST4_PATH_EFFICIENCY,DELTA_PREDICATE,0.012009274008464244
gen4_native_mamba_phase_f_pair_level_contrasts_v1,generated_fact_062,POST4_PATH_EFFICIENCY,DELTA_PREDICATE,-0.02150046549771334
gen4_native_mamba_phase_f_pair_level_contrasts_v1,generated_fact_063,POST4_PATH_EFFICIENCY,DELTA_PREDICATE,0.014301793392394346
gen4_native_mamba_phase_f_pair_level_contrasts_v1,generated_fact_064,POST4_PATH_EFFICIENCY,DELTA_PREDICATE,0.0034957338634599155
gen4_native_mamba_phase_f_pair_level_contrasts_v1,generated_fact_065,POST4_PATH_EFFICIENCY,DELTA_PREDICATE,0.025987102620095348
gen4_native_mamba_phase_f_pair_level_contrasts_v1,generated_fact_066,POST4_PATH_EFFICIENCY,DELTA_PREDICATE,0.014240320488828229
gen4_native_mamba_phase_f_pair_level_contrasts_v1,generated_fact_067,POST4_PATH_EFFICIENCY,DELTA_PREDICATE,0.03431956326566066
gen4_native_mamba_phase_f_pair_level_contrasts_v1,generated_fact_068,POST4_PATH_EFFICIENCY,DELTA_PREDICATE,0.007126473204272066
gen4_native_mamba_phase_f_pair_level_contrasts_v1,generated_fact_069,POST4_PATH_EFFICIENCY,DELTA_PREDICATE,-0.005356464770636116
gen4_native_mamba_phase_f_pair_level_contrasts_v1,generated_fact_070,POST4_PATH_EFFICIENCY,DELTA_PREDICATE,0.00877989051135375
gen4_native_mamba_phase_f_pair_level_contrasts_v1,generated_fact_071,POST4_PATH_EFFICIENCY,DELTA_PREDICATE,0.01030838333055678
gen4_native_mamba_phase_f_pair_level_contrasts_v1,generated_fact_072,POST4_PATH_EFFICIENCY,DELTA_PREDICATE,0.03040165112951171
gen4_native_mamba_phase_f_pair_level_contrasts_v1,generated_fact_073,POST4_PATH_EFFICIENCY,DELTA_PREDICATE,0.014734149132876406
gen4_native_mamba_phase_f_pair_level_contrasts_v1,generated_fact_074,POST4_PATH_EFFICIENCY,DELTA_PREDICATE,0.03328677789385032
gen4_native_mamba_phase_f_pair_level_contrasts_v1,generated_fact_075,POST4_PATH_EFFICIENCY,DELTA_PREDICATE,0.015095512446117287
gen4_native_mamba_phase_f_pair_level_contrasts_v1,generated_fact_076,POST4_PATH_EFFICIENCY,DELTA_PREDICATE,-0.0024129033445313697
gen4_native_mamba_phase_f_pair_level_contrasts_v1,generated_fact_077,POST4_PATH_EFFICIENCY,DELTA_PREDICATE,0.005855415866150515
gen4_native_mamba_phase_f_pair_level_contrasts_v1,generated_fact_078,POST4_PATH_EFFICIENCY,DELTA_PREDICATE,0.0003675102205221159
gen4_native_mamba_phase_f_pair_level_contrasts_v1,generated_fact_079,POST4_PATH_EFFICIENCY,DELTA_PREDICATE,0.024369030675054304
gen4_native_mamba_phase_f_pair_level_contrasts_v1,generated_fact_080,POST4_PATH_EFFICIENCY,DELTA_PREDICATE,-0.0003758769988462807
gen4_native_mamba_phase_f_pair_level_contrasts_v1,generated_fact_081,POST4_PATH_EFFICIENCY,DELTA_PREDICATE,0.03066757980186885
gen4_native_mamba_phase_f_pair_level_contrasts_v1,generated_fact_082,POST4_PATH_EFFICIENCY,DELTA_PREDICATE,0.004204285795781526
gen4_native_mamba_phase_f_pair_level_contrasts_v1,generated_fact_083,POST4_PATH_EFFICIENCY,DELTA_PREDICATE,-0.006251711480776245
gen4_native_mamba_phase_f_pair_level_contrasts_v1,generated_fact_084,POST4_PATH_EFFICIENCY,DELTA_PREDICATE,0.011114448848138947
gen4_native_mamba_phase_f_pair_level_contrasts_v1,generated_fact_085,POST4_PATH_EFFICIENCY,DELTA_PREDICATE,-0.004972364258388762
gen4_native_mamba_phase_f_pair_level_contrasts_v1,generated_fact_086,POST4_PATH_EFFICIENCY,DELTA_PREDICATE,0.02877356573012041
gen4_native_mamba_phase_f_pair_level_contrasts_v1,generated_fact_087,POST4_PATH_EFFICIENCY,DELTA_PREDICATE,0.011201985674428871
gen4_native_mamba_phase_f_pair_level_contrasts_v1,generated_fact_088,POST4_PATH_EFFICIENCY,DELTA_PREDICATE,0.02103888665650744
gen4_native_mamba_phase_f_pair_level_contrasts_v1,generated_fact_089,POST4_PATH_EFFICIENCY,DELTA_PREDICATE,0.021093309561120932
gen4_native_mamba_phase_f_pair_level_contrasts_v1,generated_fact_090,POST4_PATH_EFFICIENCY,DELTA_PREDICATE,-0.007126416449685979
gen4_native_mamba_phase_f_pair_level_contrasts_v1,generated_fact_091,POST4_PATH_EFFICIENCY,DELTA_PREDICATE,0.010401478782363971
gen4_native_mamba_phase_f_pair_level_contrasts_v1,generated_fact_092,POST4_PATH_EFFICIENCY,DELTA_PREDICATE,0.006379947388659435
gen4_native_mamba_phase_f_pair_level_contrasts_v1,generated_fact_093,POST4_PATH_EFFICIENCY,DELTA_PREDICATE,0.026642843158415197
gen4_native_mamba_phase_f_pair_level_contrasts_v1,generated_fact_094,POST4_PATH_EFFICIENCY,DELTA_PREDICATE,0.02384648647275156
gen4_native_mamba_phase_f_pair_level_contrasts_v1,generated_fact_095,POST4_PATH_EFFICIENCY,DELTA_PREDICATE,0.04579275943069305
gen4_native_mamba_phase_f_pair_level_contrasts_v1,generated_fact_096,POST4_PATH_EFFICIENCY,DELTA_PREDICATE,0.006492259107705622
gen4_native_mamba_phase_f_pair_level_contrasts_v1,generated_fact_097,POST4_PATH_EFFICIENCY,DELTA_PREDICATE,-0.003762738194626525
gen4_native_mamba_phase_f_pair_level_contrasts_v1,generated_fact_098,POST4_PATH_EFFICIENCY,DELTA_PREDICATE,0.02655894590226804
gen4_native_mamba_phase_f_pair_level_contrasts_v1,generated_fact_099,POST4_PATH_EFFICIENCY,DELTA_PREDICATE,0.021584426606343687
gen4_native_mamba_phase_f_pair_level_contrasts_v1,generated_fact_100,POST4_PATH_EFFICIENCY,DELTA_PREDICATE,0.023759727101859585
gen4_native_mamba_phase_f_pair_level_contrasts_v1,generated_fact_101,POST4_PATH_EFFICIENCY,DELTA_PREDICATE,0.007804452566742559
gen4_native_mamba_phase_f_pair_level_contrasts_v1,generated_fact_102,POST4_PATH_EFFICIENCY,DELTA_PREDICATE,0.018787263713308022
gen4_native_mamba_phase_f_pair_level_contrasts_v1,generated_fact_103,POST4_PATH_EFFICIENCY,DELTA_PREDICATE,0.003640238192645251
gen4_native_mamba_phase_f_pair_level_contrasts_v1,generated_fact_104,POST4_PATH_EFFICIENCY,DELTA_PREDICATE,-0.02322429490039163
gen4_native_mamba_phase_f_pair_level_contrasts_v1,generated_fact_105,POST4_PATH_EFFICIENCY,DELTA_PREDICATE,0.013082836049684299
gen4_native_mamba_phase_f_pair_level_contrasts_v1,generated_fact_106,POST4_PATH_EFFICIENCY,DELTA_PREDICATE,0.004017728314891833
gen4_native_mamba_phase_f_pair_level_contrasts_v1,generated_fact_107,POST4_PATH_EFFICIENCY,DELTA_PREDICATE,0.028443714858678693
gen4_native_mamba_phase_f_pair_level_contrasts_v1,generated_fact_108,POST4_PATH_EFFICIENCY,DELTA_PREDICATE,0.01753753712445877
gen4_native_mamba_phase_f_pair_level_contrasts_v1,generated_fact_109,POST4_PATH_EFFICIENCY,DELTA_PREDICATE,0.031514479444041565
gen4_native_mamba_phase_f_pair_level_contrasts_v1,generated_fact_110,POST4_PATH_EFFICIENCY,DELTA_PREDICATE,0.004643624438760374
gen4_native_mamba_phase_f_pair_level_contrasts_v1,generated_fact_111,POST4_PATH_EFFICIENCY,DELTA_PREDICATE,-0.007795053374414274
gen4_native_mamba_phase_f_pair_level_contrasts_v1,generated_fact_112,POST4_PATH_EFFICIENCY,DELTA_PREDICATE,0.012641069492673407
gen4_native_mamba_phase_f_pair_level_contrasts_v1,generated_fact_113,POST4_PATH_EFFICIENCY,DELTA_PREDICATE,0.01568384331536049
gen4_native_mamba_phase_f_pair_level_contrasts_v1,generated_fact_114,POST4_PATH_EFFICIENCY,DELTA_PREDICATE,0.029194298858888912
gen4_native_mamba_phase_f_pair_level_contrasts_v1,generated_fact_115,POST4_PATH_EFFICIENCY,DELTA_PREDICATE,0.010737220862705177
gen4_native_mamba_phase_f_pair_level_contrasts_v1,generated_fact_116,POST4_PATH_EFFICIENCY,DELTA_PREDICATE,0.03296801182452497
gen4_native_mamba_phase_f_pair_level_contrasts_v1,generated_fact_117,POST4_PATH_EFFICIENCY,DELTA_PREDICATE,0.014206115185913193
gen4_native_mamba_phase_f_pair_level_contrasts_v1,generated_fact_118,POST4_PATH_EFFICIENCY,DELTA_PREDICATE,-0.004491643268998535
gen4_native_mamba_phase_f_pair_level_contrasts_v1,generated_fact_119,POST4_PATH_EFFICIENCY,DELTA_PREDICATE,0.008459726281853541
gen4_native_mamba_phase_f_pair_level_contrasts_v1,generated_fact_120,POST4_PATH_EFFICIENCY,DELTA_PREDICATE,0.0028634970159478468
gen4_native_mamba_phase_f_pair_level_contrasts_v1,generated_fact_121,POST4_PATH_EFFICIENCY,DELTA_PREDICATE,0.02499249142041976
gen4_native_mamba_phase_f_pair_level_contrasts_v1,generated_fact_122,POST4_PATH_EFFICIENCY,DELTA_PREDICATE,-0.008559964812522691
gen4_native_mamba_phase_f_pair_level_contrasts_v1,generated_fact_123,POST4_PATH_EFFICIENCY,DELTA_PREDICATE,0.02722839601014554
gen4_native_mamba_phase_f_pair_level_contrasts_v1,generated_fact_124,POST4_PATH_EFFICIENCY,DELTA_PREDICATE,0.0051275881804422885
gen4_native_mamba_phase_f_pair_level_contrasts_v1,generated_fact_125,POST4_PATH_EFFICIENCY,DELTA_PREDICATE,-0.006500435162460461
gen4_native_mamba_phase_f_pair_level_contrasts_v1,generated_fact_126,POST4_PATH_EFFICIENCY,DELTA_PREDICATE,0.008491655404583964
gen4_native_mamba_phase_f_pair_level_contrasts_v1,generated_fact_127,POST4_PATH_EFFICIENCY,DELTA_PREDICATE,-0.010154223720124256
gen4_native_mamba_phase_f_pair_level_contrasts_v1,generated_fact_128,POST4_PATH_EFFICIENCY,DELTA_PREDICATE,0.026926576119190526
gen4_native_mamba_phase_f_pair_level_contrasts_v1,generated_fact_129,POST4_PATH_EFFICIENCY,DELTA_PREDICATE,0.013410492706982136
gen4_native_mamba_phase_f_pair_level_contrasts_v1,generated_fact_130,POST4_PATH_EFFICIENCY,DELTA_PREDICATE,0.022829147100595637
gen4_native_mamba_phase_f_pair_level_contrasts_v1,generated_fact_131,POST4_PATH_EFFICIENCY,DELTA_PREDICATE,0.019863722150807395
gen4_native_mamba_phase_f_pair_level_contrasts_v1,generated_fact_132,POST4_PATH_EFFICIENCY,DELTA_PREDICATE,-0.00499341445128848
gen4_native_mamba_phase_f_pair_level_contrasts_v1,generated_fact_133,POST4_PATH_EFFICIENCY,DELTA_PREDICATE,0.012822742001914023
gen4_native_mamba_phase_f_pair_level_contrasts_v1,generated_fact_134,POST4_PATH_EFFICIENCY,DELTA_PREDICATE,0.005658625127637595
gen4_native_mamba_phase_f_pair_level_contrasts_v1,generated_fact_135,POST4_PATH_EFFICIENCY,DELTA_PREDICATE,0.025875951938483577
gen4_native_mamba_phase_f_pair_level_contrasts_v1,generated_fact_136,POST4_PATH_EFFICIENCY,DELTA_PREDICATE,0.030366913468810763
gen4_native_mamba_phase_f_pair_level_contrasts_v1,generated_fact_137,POST4_PATH_EFFICIENCY,DELTA_PREDICATE,0.03765299909426467
gen4_native_mamba_phase_f_pair_level_contrasts_v1,generated_fact_138,POST4_PATH_EFFICIENCY,DELTA_PREDICATE,0.005782606369558796
gen4_native_mamba_phase_f_pair_level_contrasts_v1,generated_fact_139,POST4_PATH_EFFICIENCY,DELTA_PREDICATE,-0.006551667739706224
gen4_native_mamba_phase_f_pair_level_contrasts_v1,generated_fact_140,POST4_PATH_EFFICIENCY,DELTA_PREDICATE,0.02712815611461944
gen4_native_mamba_phase_f_pair_level_contrasts_v1,generated_fact_141,POST4_PATH_EFFICIENCY,DELTA_PREDICATE,0.021010264371894904
gen4_native_mamba_phase_f_pair_level_contrasts_v1,generated_fact_142,POST4_PATH_EFFICIENCY,DELTA_PREDICATE,0.0263949801030241
gen4_native_mamba_phase_f_pair_level_contrasts_v1,generated_fact_143,POST4_PATH_EFFICIENCY,DELTA_PREDICATE,0.008024185627196534
gen4_native_mamba_phase_f_pair_level_contrasts_v1,generated_fact_144,POST4_PATH_EFFICIENCY,DELTA_PREDICATE,0.01847629671242984
gen4_native_mamba_phase_f_pair_level_contrasts_v1,generated_fact_145,POST4_PATH_EFFICIENCY,DELTA_PREDICATE,0.012180598338414839
gen4_native_mamba_phase_f_pair_level_contrasts_v1,generated_fact_146,POST4_PATH_EFFICIENCY,DELTA_PREDICATE,-0.02161447293559221
gen4_native_mamba_phase_f_pair_level_contrasts_v1,generated_fact_147,POST4_PATH_EFFICIENCY,DELTA_PREDICATE,0.01423716494720384
gen4_native_mamba_phase_f_pair_level_contrasts_v1,generated_fact_148,POST4_PATH_EFFICIENCY,DELTA_PREDICATE,0.0031896485946827924
gen4_native_mamba_phase_f_pair_level_contrasts_v1,generated_fact_149,POST4_PATH_EFFICIENCY,DELTA_PREDICATE,0.02605911257780913
gen4_native_mamba_phase_f_pair_level_contrasts_v1,generated_fact_150,POST4_PATH_EFFICIENCY,DELTA_PREDICATE,0.01429135644484436
gen4_native_mamba_phase_f_pair_level_contrasts_v1,generated_fact_151,POST4_PATH_EFFICIENCY,DELTA_PREDICATE,0.03450264675017095
gen4_native_mamba_phase_f_pair_level_contrasts_v1,generated_fact_152,POST4_PATH_EFFICIENCY,DELTA_PREDICATE,0.007399189071481849
gen4_native_mamba_phase_f_pair_level_contrasts_v1,generated_fact_153,POST4_PATH_EFFICIENCY,DELTA_PREDICATE,-0.005381332120898252
gen4_native_mamba_phase_f_pair_level_contrasts_v1,generated_fact_154,POST4_PATH_EFFICIENCY,DELTA_PREDICATE,0.008625121193887586
gen4_native_mamba_phase_f_pair_level_contrasts_v1,generated_fact_155,POST4_PATH_EFFICIENCY,DELTA_PREDICATE,0.01011831906177435
gen4_native_mamba_phase_f_pair_level_contrasts_v1,generated_fact_156,POST4_PATH_EFFICIENCY,DELTA_PREDICATE,0.03031566918163975
gen4_native_mamba_phase_f_pair_level_contrasts_v1,generated_fact_157,POST4_PATH_EFFICIENCY,DELTA_PREDICATE,0.014825166277633639
gen4_native_mamba_phase_f_pair_level_contrasts_v1,generated_fact_158,POST4_PATH_EFFICIENCY,DELTA_PREDICATE,0.03363171680197191
gen4_native_mamba_phase_f_pair_level_contrasts_v1,generated_fact_159,POST4_PATH_EFFICIENCY,DELTA_PREDICATE,0.015439036290035901
gen4_native_mamba_phase_f_pair_level_contrasts_v1,generated_fact_160,POST4_PATH_EFFICIENCY,DELTA_PREDICATE,-0.0023031261980419604
gen4_native_mamba_phase_f_pair_level_contrasts_v1,generated_fact_161,POST4_PATH_EFFICIENCY,DELTA_PREDICATE,0.005776281729842514
gen4_native_mamba_phase_f_pair_level_contrasts_v1,generated_fact_162,POST4_PATH_EFFICIENCY,DELTA_PREDICATE,0.0004957138465846445
gen4_native_mamba_phase_f_pair_level_contrasts_v1,generated_fact_163,POST4_PATH_EFFICIENCY,DELTA_PREDICATE,0.02416825617213958
gen4_native_mamba_phase_f_pair_level_contrasts_v1,generated_fact_164,POST4_PATH_EFFICIENCY,DELTA_PREDICATE,0.00011254998779242076
gen4_native_mamba_phase_f_pair_level_contrasts_v1,generated_fact_165,POST4_PATH_EFFICIENCY,DELTA_PREDICATE,0.031235199042602302
gen4_native_mamba_phase_f_pair_level_contrasts_v1,generated_fact_166,POST4_PATH_EFFICIENCY,DELTA_PREDICATE,0.004213235783570579
gen4_native_mamba_phase_f_pair_level_contrasts_v1,generated_fact_167,POST4_PATH_EFFICIENCY,DELTA_PREDICATE,-0.006416610959755875
gen4_native_mamba_phase_f_pair_level_contrasts_v1,generated_fact_168,POST4_PATH_EFFICIENCY,DELTA_PREDICATE,0.011110074619430033
gen4_native_mamba_phase_f_pair_level_contrasts_v1,generated_fact_169,POST4_PATH_EFFICIENCY,DELTA_PREDICATE,-0.005199212921511209
gen4_native_mamba_phase_f_pair_level_contrasts_v1,generated_fact_170,POST4_PATH_EFFICIENCY,DELTA_PREDICATE,0.028513818122777312
gen4_native_mamba_phase_f_pair_level_contrasts_v1,generated_fact_171,POST4_PATH_EFFICIENCY,DELTA_PREDICATE,0.011277477911683709
gen4_native_mamba_phase_f_pair_level_contrasts_v1,generated_fact_172,POST4_PATH_EFFICIENCY,DELTA_PREDICATE,0.021349793797160455
gen4_native_mamba_phase_f_pair_level_contrasts_v1,generated_fact_173,POST4_PATH_EFFICIENCY,DELTA_PREDICATE,0.02131074198373767
gen4_native_mamba_phase_f_pair_level_contrasts_v1,generated_fact_174,POST4_PATH_EFFICIENCY,DELTA_PREDICATE,-0.00769931096392118
gen4_native_mamba_phase_f_pair_level_contrasts_v1,generated_fact_175,POST4_PATH_EFFICIENCY,DELTA_PREDICATE,0.010345565720137007
gen4_native_mamba_phase_f_pair_level_contrasts_v1,generated_fact_176,POST4_PATH_EFFICIENCY,DELTA_PREDICATE,0.00674032757115528
gen4_native_mamba_phase_f_pair_level_contrasts_v1,generated_fact_177,POST4_PATH_EFFICIENCY,DELTA_PREDICATE,0.026887677773868413
gen4_native_mamba_phase_f_pair_level_contrasts_v1,generated_fact_178,POST4_PATH_EFFICIENCY,DELTA_PREDICATE,0.0239535032098126
gen4_native_mamba_phase_f_pair_level_contrasts_v1,generated_fact_179,POST4_PATH_EFFICIENCY,DELTA_PREDICATE,0.04576944604605193
gen4_native_mamba_phase_f_pair_level_contrasts_v1,generated_fact_180,POST4_PATH_EFFICIENCY,DELTA_PREDICATE,0.006533973235885171
gen4_native_mamba_phase_f_pair_level_contrasts_v1,generated_fact_181,POST4_PATH_EFFICIENCY,DELTA_PREDICATE,-0.004062430661166572
gen4_native_mamba_phase_f_pair_level_contrasts_v1,generated_fact_182,POST4_PATH_EFFICIENCY,DELTA_PREDICATE,0.026493045867866105
gen4_native_mamba_phase_f_pair_level_contrasts_v1,generated_fact_183,POST4_PATH_EFFICIENCY,DELTA_PREDICATE,0.021600548237375672
gen4_native_mamba_phase_f_pair_level_contrasts_v1,generated_fact_184,POST4_PATH_EFFICIENCY,DELTA_PREDICATE,0.02411402402968188
gen4_native_mamba_phase_f_pair_level_contrasts_v1,generated_fact_185,POST4_PATH_EFFICIENCY,DELTA_PREDICATE,0.008176401756093354
gen4_native_mamba_phase_f_pair_level_contrasts_v1,generated_fact_186,POST4_PATH_EFFICIENCY,DELTA_PREDICATE,0.01874402723214208
gen4_native_mamba_phase_f_pair_level_contrasts_v1,generated_fact_187,POST4_PATH_EFFICIENCY,DELTA_PREDICATE,0.0036354953492857556
gen4_native_mamba_phase_f_pair_level_contrasts_v1,generated_fact_188,POST4_PATH_EFFICIENCY,DELTA_PREDICATE,-0.02324467317358836
gen4_native_mamba_phase_f_pair_level_contrasts_v1,generated_fact_189,POST4_PATH_EFFICIENCY,DELTA_PREDICATE,0.01335256503485499
gen4_native_mamba_phase_f_pair_level_contrasts_v1,generated_fact_190,POST4_PATH_EFFICIENCY,DELTA_PREDICATE,0.003968488492375188
gen4_native_mamba_phase_f_pair_level_contrasts_v1,generated_fact_191,POST4_PATH_EFFICIENCY,DELTA_PREDICATE,0.0288251299050144
gen4_native_mamba_phase_f_pair_level_contrasts_v1,generated_fact_192,POST4_PATH_EFFICIENCY,DELTA_PREDICATE,0.017490553519275975
gen4_native_mamba_phase_f_pair_level_contrasts_v1,generated_fact_193,POST4_PATH_EFFICIENCY,DELTA_PREDICATE,0.030654856555620558
gen4_native_mamba_phase_f_pair_level_contrasts_v1,generated_fact_194,POST4_PATH_EFFICIENCY,DELTA_PREDICATE,0.004688536998173787
gen4_native_mamba_phase_f_pair_level_contrasts_v1,generated_fact_195,POST4_PATH_EFFICIENCY,DELTA_PREDICATE,-0.007168362339199208
gen4_native_mamba_phase_f_pair_level_contrasts_v1,generated_fact_196,POST4_PATH_EFFICIENCY,DELTA_PREDICATE,0.012641238731345483
gen4_native_mamba_phase_f_pair_level_contrasts_v1,generated_fact_197,POST4_PATH_EFFICIENCY,DELTA_PREDICATE,0.01610987035019501
gen4_native_mamba_phase_f_pair_level_contrasts_v1,generated_fact_198,POST4_PATH_EFFICIENCY,DELTA_PREDICATE,0.02958008706971743
gen4_native_mamba_phase_f_pair_level_contrasts_v1,generated_fact_199,POST4_PATH_EFFICIENCY,DELTA_PREDICATE,0.010675970580380167
gen4_native_mamba_phase_f_pair_level_contrasts_v1,generated_fact_200,POST4_PATH_EFFICIENCY,DELTA_PREDICATE,0.03263515648237442
gen4_native_mamba_phase_f_pair_level_contrasts_v1,generated_fact_201,POST4_PATH_EFFICIENCY,DELTA_PREDICATE,0.014391937328510518
gen4_native_mamba_phase_f_pair_level_contrasts_v1,generated_fact_202,POST4_PATH_EFFICIENCY,DELTA_PREDICATE,-0.004060543448338838
gen4_native_mamba_phase_f_pair_level_contrasts_v1,generated_fact_203,POST4_PATH_EFFICIENCY,DELTA_PREDICATE,0.008396976529440214
gen4_native_mamba_phase_f_pair_level_contrasts_v1,generated_fact_204,POST4_PATH_EFFICIENCY,DELTA_PREDICATE,0.00259643823792971
gen4_native_mamba_phase_f_pair_level_contrasts_v1,generated_fact_205,POST4_PATH_EFFICIENCY,DELTA_PREDICATE,0.025141921186321525
gen4_native_mamba_phase_f_pair_level_contrasts_v1,generated_fact_206,POST4_PATH_EFFICIENCY,DELTA_PREDICATE,-0.008618323267434724
gen4_native_mamba_phase_f_pair_level_contrasts_v1,generated_fact_207,POST4_PATH_EFFICIENCY,DELTA_PREDICATE,0.027445371296705212
gen4_native_mamba_phase_f_pair_level_contrasts_v1,generated_fact_208,POST4_PATH_EFFICIENCY,DELTA_PREDICATE,0.005578986745211734
gen4_native_mamba_phase_f_pair_level_contrasts_v1,generated_fact_209,POST4_PATH_EFFICIENCY,DELTA_PREDICATE,-0.006512807083923822
gen4_native_mamba_phase_f_pair_level_contrasts_v1,generated_fact_210,POST4_PATH_EFFICIENCY,DELTA_PREDICATE,0.008723611881055526
gen4_native_mamba_phase_f_pair_level_contrasts_v1,generated_fact_211,POST4_PATH_EFFICIENCY,DELTA_PREDICATE,-0.010276877646080929
gen4_native_mamba_phase_f_pair_level_contrasts_v1,generated_fact_212,POST4_PATH_EFFICIENCY,DELTA_PREDICATE,0.026997656914584223
gen4_native_mamba_phase_f_pair_level_contrasts_v1,generated_fact_213,POST4_PATH_EFFICIENCY,DELTA_PREDICATE,0.013586411170441848
gen4_native_mamba_phase_f_pair_level_contrasts_v1,generated_fact_214,POST4_PATH_EFFICIENCY,DELTA_PREDICATE,0.022785308998223397
gen4_native_mamba_phase_f_pair_level_contrasts_v1,generated_fact_215,POST4_PATH_EFFICIENCY,DELTA_PREDICATE,0.0199779195887006
gen4_native_mamba_phase_f_pair_level_contrasts_v1,generated_fact_216,POST4_PATH_EFFICIENCY,DELTA_PREDICATE,-0.004813781316299226
gen4_native_mamba_phase_f_pair_level_contrasts_v1,generated_fact_217,POST4_PATH_EFFICIENCY,DELTA_PREDICATE,0.012443770414694688
gen4_native_mamba_phase_f_pair_level_contrasts_v1,generated_fact_218,POST4_PATH_EFFICIENCY,DELTA_PREDICATE,0.005515851882608613
gen4_native_mamba_phase_f_pair_level_contrasts_v1,generated_fact_219,POST4_PATH_EFFICIENCY,DELTA_PREDICATE,0.02530346605432726
gen4_native_mamba_phase_f_pair_level_contrasts_v1,generated_fact_220,POST4_PATH_EFFICIENCY,DELTA_PREDICATE,0.030398172668546664
gen4_native_mamba_phase_f_pair_level_contrasts_v1,generated_fact_221,POST4_PATH_EFFICIENCY,DELTA_PREDICATE,0.038207077638705955
gen4_native_mamba_phase_f_pair_level_contrasts_v1,generated_fact_222,POST4_PATH_EFFICIENCY,DELTA_PREDICATE,0.005804653824482309
gen4_native_mamba_phase_f_pair_level_contrasts_v1,generated_fact_223,POST4_PATH_EFFICIENCY,DELTA_PREDICATE,-0.006438702324456369
gen4_native_mamba_phase_f_pair_level_contrasts_v1,generated_fact_224,POST4_PATH_EFFICIENCY,DELTA_PREDICATE,0.027006717386240164
gen4_native_mamba_phase_f_pair_level_contrasts_v1,generated_fact_225,POST4_PATH_EFFICIENCY,DELTA_PREDICATE,0.02043758239642851
gen4_native_mamba_phase_f_pair_level_contrasts_v1,generated_fact_226,POST4_PATH_EFFICIENCY,DELTA_PREDICATE,0.025949898376196878
gen4_native_mamba_phase_f_pair_level_contrasts_v1,generated_fact_227,POST4_PATH_EFFICIENCY,DELTA_PREDICATE,0.00824939553131021
gen4_native_mamba_phase_f_pair_level_contrasts_v1,generated_fact_228,POST4_PATH_EFFICIENCY,DELTA_PREDICATE,0.01873014881378221
gen4_native_mamba_phase_f_pair_level_contrasts_v1,generated_fact_229,POST4_PATH_EFFICIENCY,DELTA_PREDICATE,0.01206552650017445
gen4_native_mamba_phase_f_pair_level_contrasts_v1,generated_fact_230,POST4_PATH_EFFICIENCY,DELTA_PREDICATE,-0.02156987385644199
gen4_native_mamba_phase_f_pair_level_contrasts_v1,generated_fact_231,POST4_PATH_EFFICIENCY,DELTA_PREDICATE,0.014177802134758777
gen4_native_mamba_phase_f_pair_level_contrasts_v1,generated_fact_232,POST4_PATH_EFFICIENCY,DELTA_PREDICATE,0.0034778813650018225
gen4_native_mamba_phase_f_pair_level_contrasts_v1,generated_fact_233,POST4_PATH_EFFICIENCY,DELTA_PREDICATE,0.02606846010843078
gen4_native_mamba_phase_f_pair_level_contrasts_v1,generated_fact_234,POST4_PATH_EFFICIENCY,DELTA_PREDICATE,0.014472598617045418
gen4_native_mamba_phase_f_pair_level_contrasts_v1,generated_fact_235,POST4_PATH_EFFICIENCY,DELTA_PREDICATE,0.034518217647695026
gen4_native_mamba_phase_f_pair_level_contrasts_v1,generated_fact_236,POST4_PATH_EFFICIENCY,DELTA_PREDICATE,0.0071787911544472505
gen4_native_mamba_phase_f_pair_level_contrasts_v1,generated_fact_237,POST4_PATH_EFFICIENCY,DELTA_PREDICATE,-0.005476880178181154
gen4_native_mamba_phase_f_pair_level_contrasts_v1,generated_fact_238,POST4_PATH_EFFICIENCY,DELTA_PREDICATE,0.008926551861150989
gen4_native_mamba_phase_f_pair_level_contrasts_v1,generated_fact_239,POST4_PATH_EFFICIENCY,DELTA_PREDICATE,0.010083742251393357
gen4_native_mamba_phase_f_pair_level_contrasts_v1,generated_fact_240,POST4_PATH_EFFICIENCY,DELTA_PREDICATE,0.030503333453252124
gen4_native_mamba_phase_f_pair_level_contrasts_v1,generated_fact_241,POST4_PATH_EFFICIENCY,DELTA_PREDICATE,0.014969516347536793
gen4_native_mamba_phase_f_pair_level_contrasts_v1,generated_fact_242,POST4_PATH_EFFICIENCY,DELTA_PREDICATE,0.033371113651401385
gen4_native_mamba_phase_f_pair_level_contrasts_v1,generated_fact_243,POST4_PATH_EFFICIENCY,DELTA_PREDICATE,0.015199448813076444
gen4_native_mamba_phase_f_pair_level_contrasts_v1,generated_fact_244,POST4_PATH_EFFICIENCY,DELTA_PREDICATE,-0.0026006350922798127
gen4_native_mamba_phase_f_pair_level_contrasts_v1,generated_fact_245,POST4_PATH_EFFICIENCY,DELTA_PREDICATE,0.005902853582675227
gen4_native_mamba_phase_f_pair_level_contrasts_v1,generated_fact_246,POST4_PATH_EFFICIENCY,DELTA_PREDICATE,0.0004535347543269119
gen4_native_mamba_phase_f_pair_level_contrasts_v1,generated_fact_247,POST4_PATH_EFFICIENCY,DELTA_PREDICATE,0.024546748472216107
gen4_native_mamba_phase_f_pair_level_contrasts_v1,generated_fact_248,POST4_PATH_EFFICIENCY,DELTA_PREDICATE,-1.3820177926504584e-05
gen4_native_mamba_phase_f_pair_level_contrasts_v1,generated_fact_249,POST4_PATH_EFFICIENCY,DELTA_PREDICATE,0.030701966598063124
gen4_native_mamba_phase_f_pair_level_contrasts_v1,generated_fact_250,POST4_PATH_EFFICIENCY,DELTA_PREDICATE,0.004007847906086381
gen4_native_mamba_phase_f_pair_level_contrasts_v1,generated_fact_251,POST4_PATH_EFFICIENCY,DELTA_PREDICATE,-0.00641635718577227
gen4_native_mamba_phase_f_pair_level_contrasts_v1,generated_fact_252,POST4_PATH_EFFICIENCY,DELTA_PREDICATE,0.01113723058732169
gen4_native_mamba_phase_f_pair_level_contrasts_v1,generated_fact_253,POST4_PATH_EFFICIENCY,DELTA_PREDICATE,-0.004879075161819846
gen4_native_mamba_phase_f_pair_level_contrasts_v1,generated_fact_254,POST4_PATH_EFFICIENCY,DELTA_PREDICATE,0.028804997666287135
gen4_native_mamba_phase_f_pair_level_contrasts_v1,generated_fact_255,POST4_PATH_EFFICIENCY,DELTA_PREDICATE,0.01118025408835599
gen4_native_mamba_phase_f_pair_level_contrasts_v1,generated_fact_256,POST4_PATH_EFFICIENCY,DELTA_PREDICATE,0.02105839839332374
gen4_native_mamba_phase_f_pair_level_contrasts_v1,generated_fact_257,POST4_PATH_EFFICIENCY,DELTA_PREDICATE,0.021074470843799042
gen4_native_mamba_phase_f_pair_level_contrasts_v1,generated_fact_258,POST4_PATH_EFFICIENCY,DELTA_PREDICATE,-0.006899204841104567
gen4_native_mamba_phase_f_pair_level_contrasts_v1,generated_fact_259,POST4_PATH_EFFICIENCY,DELTA_PREDICATE,0.010455236977149895
gen4_native_mamba_phase_f_pair_level_contrasts_v1,generated_fact_260,POST4_PATH_EFFICIENCY,DELTA_PREDICATE,0.006312532820689609
gen4_native_mamba_phase_f_pair_level_contrasts_v1,generated_fact_261,POST4_PATH_EFFICIENCY,DELTA_PREDICATE,0.026886756591572136
gen4_native_mamba_phase_f_pair_level_contrasts_v1,generated_fact_262,POST4_PATH_EFFICIENCY,DELTA_PREDICATE,0.02398901040370849
gen4_native_mamba_phase_f_pair_level_contrasts_v1,generated_fact_263,POST4_PATH_EFFICIENCY,DELTA_PREDICATE,0.045983209860583574
gen4_native_mamba_phase_f_pair_level_contrasts_v1,generated_fact_264,POST4_PATH_EFFICIENCY,DELTA_PREDICATE,0.006591850518052611
gen4_native_mamba_phase_f_pair_level_contrasts_v1,generated_fact_265,POST4_PATH_EFFICIENCY,DELTA_PREDICATE,-0.004110107738603597
gen4_native_mamba_phase_f_pair_level_contrasts_v1,generated_fact_266,POST4_PATH_EFFICIENCY,DELTA_PREDICATE,0.026701650414185263
gen4_native_mamba_phase_f_pair_level_contrasts_v1,generated_fact_267,POST4_PATH_EFFICIENCY,DELTA_PREDICATE,0.021450544115745984
gen4_native_mamba_phase_f_pair_level_contrasts_v1,generated_fact_268,POST4_PATH_EFFICIENCY,DELTA_PREDICATE,0.023900757585692545
gen4_native_mamba_phase_f_pair_level_contrasts_v1,generated_fact_269,POST4_PATH_EFFICIENCY,DELTA_PREDICATE,0.008002782312362955
gen4_native_mamba_phase_f_pair_level_contrasts_v1,generated_fact_270,POST4_PATH_EFFICIENCY,DELTA_PREDICATE,0.01872453050325118
gen4_native_mamba_phase_f_pair_level_contrasts_v1,generated_fact_271,POST4_PATH_EFFICIENCY,DELTA_PREDICATE,0.0035451492816748753
gen4_native_mamba_phase_f_pair_level_contrasts_v1,generated_fact_272,POST4_PATH_EFFICIENCY,DELTA_PREDICATE,-0.023158896768779247
gen4_native_mamba_phase_f_pair_level_contrasts_v1,generated_fact_273,POST4_PATH_EFFICIENCY,DELTA_PREDICATE,0.013235790599372688
gen4_native_mamba_phase_f_pair_level_contrasts_v1,generated_fact_274,POST4_PATH_EFFICIENCY,DELTA_PREDICATE,0.003838893600890625
gen4_native_mamba_phase_f_pair_level_contrasts_v1,generated_fact_275,POST4_PATH_EFFICIENCY,DELTA_PREDICATE,0.028458149618526496
gen4_native_mamba_phase_f_pair_level_contrasts_v1,generated_fact_276,POST4_PATH_EFFICIENCY,DELTA_PREDICATE,0.017546362772800972
gen4_native_mamba_phase_f_pair_level_contrasts_v1,generated_fact_277,POST4_PATH_EFFICIENCY,DELTA_PREDICATE,0.03172832951938814
gen4_native_mamba_phase_f_pair_level_contrasts_v1,generated_fact_278,POST4_PATH_EFFICIENCY,DELTA_PREDICATE,0.004772465478028731
gen4_native_mamba_phase_f_pair_level_contrasts_v1,generated_fact_279,POST4_PATH_EFFICIENCY,DELTA_PREDICATE,-0.0074354943887193214
gen4_native_mamba_phase_f_pair_level_contrasts_v1,generated_fact_280,POST4_PATH_EFFICIENCY,DELTA_PREDICATE,0.012703882522036691
gen4_native_mamba_phase_f_pair_level_contrasts_v1,generated_fact_281,POST4_PATH_EFFICIENCY,DELTA_PREDICATE,0.01564182169613909
gen4_native_mamba_phase_f_pair_level_contrasts_v1,generated_fact_282,POST4_PATH_EFFICIENCY,DELTA_PREDICATE,0.029399128616342807
gen4_native_mamba_phase_f_pair_level_contrasts_v1,generated_fact_283,POST4_PATH_EFFICIENCY,DELTA_PREDICATE,0.010747736076088976
gen4_native_mamba_phase_f_pair_level_contrasts_v1,generated_fact_284,POST4_PATH_EFFICIENCY,DELTA_PREDICATE,0.03292117006757411
gen4_native_mamba_phase_f_pair_level_contrasts_v1,generated_fact_285,POST4_PATH_EFFICIENCY,DELTA_PREDICATE,0.014290746601710258
gen4_native_mamba_phase_f_pair_level_contrasts_v1,generated_fact_286,POST4_PATH_EFFICIENCY,DELTA_PREDICATE,-0.00455595632947281
gen4_native_mamba_phase_f_pair_level_contrasts_v1,generated_fact_287,POST4_PATH_EFFICIENCY,DELTA_PREDICATE,0.008392772952215855
gen4_native_mamba_phase_f_pair_level_contrasts_v1,generated_fact_288,POST4_PATH_EFFICIENCY,DELTA_PREDICATE,0.002952123442844512
gen4_native_mamba_phase_f_pair_level_contrasts_v1,generated_fact_289,POST4_PATH_EFFICIENCY,DELTA_PREDICATE,0.025034166000611147
gen4_native_mamba_phase_f_pair_level_contrasts_v1,generated_fact_290,POST4_PATH_EFFICIENCY,DELTA_PREDICATE,-0.00842008245015985
gen4_native_mamba_phase_f_pair_level_contrasts_v1,generated_fact_291,POST4_PATH_EFFICIENCY,DELTA_PREDICATE,0.027304725691045362
gen4_native_mamba_phase_f_pair_level_contrasts_v1,generated_fact_292,POST4_PATH_EFFICIENCY,DELTA_PREDICATE,0.0053507608763176395
gen4_native_mamba_phase_f_pair_level_contrasts_v1,generated_fact_293,POST4_PATH_EFFICIENCY,DELTA_PREDICATE,-0.006461500580265567
gen4_native_mamba_phase_f_pair_level_contrasts_v1,generated_fact_294,POST4_PATH_EFFICIENCY,DELTA_PREDICATE,0.00848508168972667
gen4_native_mamba_phase_f_pair_level_contrasts_v1,generated_fact_295,POST4_PATH_EFFICIENCY,DELTA_PREDICATE,-0.010019731982541524
gen4_native_mamba_phase_f_pair_level_contrasts_v1,generated_fact_296,POST4_PATH_EFFICIENCY,DELTA_PREDICATE,0.02700300428888569
gen4_native_mamba_phase_f_pair_level_contrasts_v1,generated_fact_297,POST4_PATH_EFFICIENCY,DELTA_PREDICATE,0.013554565427566168
gen4_native_mamba_phase_f_pair_level_contrasts_v1,generated_fact_298,POST4_PATH_EFFICIENCY,DELTA_PREDICATE,0.02292602998396953
gen4_native_mamba_phase_f_pair_level_contrasts_v1,generated_fact_299,POST4_PATH_EFFICIENCY,DELTA_PREDICATE,0.020040968956803518
gen4_native_mamba_phase_f_pair_level_contrasts_v1,generated_fact_300,POST4_PATH_EFFICIENCY,DELTA_PREDICATE,-0.004861698341586285
gen4_native_mamba_phase_f_pair_level_contrasts_v1,glacier_study,POST4_PATH_EFFICIENCY,DELTA_PREDICATE,-0.02119903588404909
gen4_native_mamba_phase_f_pair_level_contrasts_v1,harbor_upgrade,POST4_PATH_EFFICIENCY,DELTA_PREDICATE,0.005656773851775598
gen4_native_mamba_phase_f_pair_level_contrasts_v1,jazz_archive,POST4_PATH_EFFICIENCY,DELTA_PREDICATE,0.03419927494644864
gen4_native_mamba_phase_f_pair_level_contrasts_v1,language_program,POST4_PATH_EFFICIENCY,DELTA_PREDICATE,-0.009310326578015449
gen4_native_mamba_phase_f_pair_level_contrasts_v1,library_digitization,POST4_PATH_EFFICIENCY,DELTA_PREDICATE,0.08051971711069028
gen4_native_mamba_phase_f_pair_level_contrasts_v1,market_renovation,POST4_PATH_EFFICIENCY,DELTA_PREDICATE,0.03820419271411085
gen4_native_mamba_phase_f_pair_level_contrasts_v1,museum_purchase,POST4_PATH_EFFICIENCY,DELTA_PREDICATE,-0.009956197363085006
gen4_native_mamba_phase_f_pair_level_contrasts_v1,opera_premiere,POST4_PATH_EFFICIENCY,DELTA_PREDICATE,-0.046582661647356194
gen4_native_mamba_phase_f_pair_level_contrasts_v1,orion_approval,POST4_PATH_EFFICIENCY,DELTA_PREDICATE,0.01241148500756667
gen4_native_mamba_phase_f_pair_level_contrasts_v1,poetry_prize,POST4_PATH_EFFICIENCY,DELTA_PREDICATE,0.012331703450204012
gen4_native_mamba_phase_f_pair_level_contrasts_v1,railway_restoration,POST4_PATH_EFFICIENCY,DELTA_PREDICATE,0.036874569512861666
gen4_native_mamba_phase_f_pair_level_contrasts_v1,reef_protection,POST4_PATH_EFFICIENCY,DELTA_PREDICATE,0.014482166940956498
gen4_native_mamba_phase_f_pair_level_contrasts_v1,robotics_championship,POST4_PATH_EFFICIENCY,DELTA_PREDICATE,0.0450221456418905
gen4_native_mamba_phase_f_pair_level_contrasts_v1,satellite_launch,POST4_PATH_EFFICIENCY,DELTA_PREDICATE,0.015754191007564033
gen4_native_mamba_phase_f_pair_level_contrasts_v1,school_opening,POST4_PATH_EFFICIENCY,DELTA_PREDICATE,0.019516982324515042
gen4_native_mamba_phase_f_pair_level_contrasts_v1,solar_farm_contract,POST4_PATH_EFFICIENCY,DELTA_PREDICATE,-0.015810449356360612
gen4_native_mamba_phase_f_pair_level_contrasts_v1,theater_restoration,POST4_PATH_EFFICIENCY,DELTA_PREDICATE,0.012169145809672821
gen4_native_mamba_phase_f_pair_level_contrasts_v1,treaty_signature,POST4_PATH_EFFICIENCY,DELTA_PREDICATE,-0.002195788657844644
gen4_native_mamba_phase_f_pair_level_contrasts_v1,vaccine_delivery,POST4_PATH_EFFICIENCY,DELTA_PREDICATE,0.018818882474157084
gen4_native_mamba_phase_f_pair_level_contrasts_v1,volcano_observatory,POST4_PATH_EFFICIENCY,DELTA_PREDICATE,0.03989496576510476
gen4_native_mamba_phase_f_pair_level_contrasts_v1,wetland_restoration,POST4_PATH_EFFICIENCY,DELTA_PREDICATE,0.0034196143952828217
gen4_native_mamba_phase_f_pair_level_contrasts_v1,archive_release,POST4_PATH_EFFICIENCY,INTERACTION_TITLE_NAME,-0.0007374048634128938
gen4_native_mamba_phase_f_pair_level_contrasts_v1,bridge_opening,POST4_PATH_EFFICIENCY,INTERACTION_TITLE_NAME,-0.006999641707750193
gen4_native_mamba_phase_f_pair_level_contrasts_v1,canal_reopening,POST4_PATH_EFFICIENCY,INTERACTION_TITLE_NAME,0.0035935821102845433
gen4_native_mamba_phase_f_pair_level_contrasts_v1,clinic_expansion,POST4_PATH_EFFICIENCY,INTERACTION_TITLE_NAME,0.0026798695426807906
gen4_native_mamba_phase_f_pair_level_contrasts_v1,dam_inspection,POST4_PATH_EFFICIENCY,INTERACTION_TITLE_NAME,0.0019471148396827398
gen4_native_mamba_phase_f_pair_level_contrasts_v1,ferry_launch,POST4_PATH_EFFICIENCY,INTERACTION_TITLE_NAME,-0.008159076303872803
gen4_native_mamba_phase_f_pair_level_contrasts_v1,festival_selection,POST4_PATH_EFFICIENCY,INTERACTION_TITLE_NAME,-0.004009746258871516
gen4_native_mamba_phase_f_pair_level_contrasts_v1,forest_mapping,POST4_PATH_EFFICIENCY,INTERACTION_TITLE_NAME,0.0060481863455476015
gen4_native_mamba_phase_f_pair_level_contrasts_v1,garden_award,POST4_PATH_EFFICIENCY,INTERACTION_TITLE_NAME,-0.0059159659287158495
gen4_native_mamba_phase_f_pair_level_contrasts_v1,generated_fact_031,POST4_PATH_EFFICIENCY,INTERACTION_TITLE_NAME,-0.005101844505983111
gen4_native_mamba_phase_f_pair_level_contrasts_v1,generated_fact_032,POST4_PATH_EFFICIENCY,INTERACTION_TITLE_NAME,-0.004519632454247746
gen4_native_mamba_phase_f_pair_level_contrasts_v1,generated_fact_033,POST4_PATH_EFFICIENCY,INTERACTION_TITLE_NAME,0.0012324004892283469
gen4_native_mamba_phase_f_pair_level_contrasts_v1,generated_fact_034,POST4_PATH_EFFICIENCY,INTERACTION_TITLE_NAME,0.0037681858026342163
gen4_native_mamba_phase_f_pair_level_contrasts_v1,generated_fact_035,POST4_PATH_EFFICIENCY,INTERACTION_TITLE_NAME,0.007966548134684115
gen4_native_mamba_phase_f_pair_level_contrasts_v1,generated_fact_036,POST4_PATH_EFFICIENCY,INTERACTION_TITLE_NAME,0.017112476228813733
gen4_native_mamba_phase_f_pair_level_contrasts_v1,generated_fact_037,POST4_PATH_EFFICIENCY,INTERACTION_TITLE_NAME,-0.005699602662780301
gen4_native_mamba_phase_f_pair_level_contrasts_v1,generated_fact_038,POST4_PATH_EFFICIENCY,INTERACTION_TITLE_NAME,0.025403117319728552
gen4_native_mamba_phase_f_pair_level_contrasts_v1,generated_fact_039,POST4_PATH_EFFICIENCY,INTERACTION_TITLE_NAME,-0.000815812946879324
gen4_native_mamba_phase_f_pair_level_contrasts_v1,generated_fact_040,POST4_PATH_EFFICIENCY,INTERACTION_TITLE_NAME,-0.0032135987944491573
gen4_native_mamba_phase_f_pair_level_contrasts_v1,generated_fact_041,POST4_PATH_EFFICIENCY,INTERACTION_TITLE_NAME,-0.012762339876537299
gen4_native_mamba_phase_f_pair_level_contrasts_v1,generated_fact_042,POST4_PATH_EFFICIENCY,INTERACTION_TITLE_NAME,0.0013430927881109
gen4_native_mamba_phase_f_pair_level_contrasts_v1,generated_fact_043,POST4_PATH_EFFICIENCY,INTERACTION_TITLE_NAME,-0.00435636016239338
gen4_native_mamba_phase_f_pair_level_contrasts_v1,generated_fact_044,POST4_PATH_EFFICIENCY,INTERACTION_TITLE_NAME,-0.004256065377323981
gen4_native_mamba_phase_f_pair_level_contrasts_v1,generated_fact_045,POST4_PATH_EFFICIENCY,INTERACTION_TITLE_NAME,0.0010795831759513597
gen4_native_mamba_phase_f_pair_level_contrasts_v1,generated_fact_046,POST4_PATH_EFFICIENCY,INTERACTION_TITLE_NAME,0.003597021783952381
gen4_native_mamba_phase_f_pair_level_contrasts_v1,generated_fact_047,POST4_PATH_EFFICIENCY,INTERACTION_TITLE_NAME,0.00793529616137123
gen4_native_mamba_phase_f_pair_level_contrasts_v1,generated_fact_048,POST4_PATH_EFFICIENCY,INTERACTION_TITLE_NAME,0.017074390748853585
gen4_native_mamba_phase_f_pair_level_contrasts_v1,generated_fact_049,POST4_PATH_EFFICIENCY,INTERACTION_TITLE_NAME,-0.005921798296068814
gen4_native_mamba_phase_f_pair_level_contrasts_v1,generated_fact_050,POST4_PATH_EFFICIENCY,INTERACTION_TITLE_NAME,0.025396875700541277
gen4_native_mamba_phase_f_pair_level_contrasts_v1,generated_fact_051,POST4_PATH_EFFICIENCY,INTERACTION_TITLE_NAME,-0.0008089781321244938
gen4_native_mamba_phase_f_pair_level_contrasts_v1,generated_fact_052,POST4_PATH_EFFICIENCY,INTERACTION_TITLE_NAME,-0.003002284489411422
gen4_native_mamba_phase_f_pair_level_contrasts_v1,generated_fact_053,POST4_PATH_EFFICIENCY,INTERACTION_TITLE_NAME,-0.012587417081816932
gen4_native_mamba_phase_f_pair_level_contrasts_v1,generated_fact_054,POST4_PATH_EFFICIENCY,INTERACTION_TITLE_NAME,0.0011620638638717429
gen4_native_mamba_phase_f_pair_level_contrasts_v1,generated_fact_055,POST4_PATH_EFFICIENCY,INTERACTION_TITLE_NAME,-0.0051046690293423125
gen4_native_mamba_phase_f_pair_level_contrasts_v1,generated_fact_056,POST4_PATH_EFFICIENCY,INTERACTION_TITLE_NAME,-0.0044777520263883375
gen4_native_mamba_phase_f_pair_level_contrasts_v1,generated_fact_057,POST4_PATH_EFFICIENCY,INTERACTION_TITLE_NAME,0.0011768265332351424
gen4_native_mamba_phase_f_pair_level_contrasts_v1,generated_fact_058,POST4_PATH_EFFICIENCY,INTERACTION_TITLE_NAME,0.004088087197220314
gen4_native_mamba_phase_f_pair_level_contrasts_v1,generated_fact_059,POST4_PATH_EFFICIENCY,INTERACTION_TITLE_NAME,0.0077011401282777725
gen4_native_mamba_phase_f_pair_level_contrasts_v1,generated_fact_060,POST4_PATH_EFFICIENCY,INTERACTION_TITLE_NAME,0.017256960616268358
gen4_native_mamba_phase_f_pair_level_contrasts_v1,generated_fact_061,POST4_PATH_EFFICIENCY,INTERACTION_TITLE_NAME,-0.005873579701055065
gen4_native_mamba_phase_f_pair_level_contrasts_v1,generated_fact_062,POST4_PATH_EFFICIENCY,INTERACTION_TITLE_NAME,0.025022156371525273
gen4_native_mamba_phase_f_pair_level_contrasts_v1,generated_fact_063,POST4_PATH_EFFICIENCY,INTERACTION_TITLE_NAME,-0.00102176551394223
gen4_native_mamba_phase_f_pair_level_contrasts_v1,generated_fact_064,POST4_PATH_EFFICIENCY,INTERACTION_TITLE_NAME,-0.0032309613965937345
gen4_native_mamba_phase_f_pair_level_contrasts_v1,generated_fact_065,POST4_PATH_EFFICIENCY,INTERACTION_TITLE_NAME,-0.012816663426965247
gen4_native_mamba_phase_f_pair_level_contrasts_v1,generated_fact_066,POST4_PATH_EFFICIENCY,INTERACTION_TITLE_NAME,0.0010536914829441524
gen4_native_mamba_phase_f_pair_level_contrasts_v1,generated_fact_067,POST4_PATH_EFFICIENCY,INTERACTION_TITLE_NAME,-0.004589478319075635
gen4_native_mamba_phase_f_pair_level_contrasts_v1,generated_fact_068,POST4_PATH_EFFICIENCY,INTERACTION_TITLE_NAME,-0.0044465262797665495
gen4_native_mamba_phase_f_pair_level_contrasts_v1,generated_fact_069,POST4_PATH_EFFICIENCY,INTERACTION_TITLE_NAME,0.001327117185646487
gen4_native_mamba_phase_f_pair_level_contrasts_v1,generated_fact_070,POST4_PATH_EFFICIENCY,INTERACTION_TITLE_NAME,0.003162111355979491
gen4_native_mamba_phase_f_pair_level_contrasts_v1,generated_fact_071,POST4_PATH_EFFICIENCY,INTERACTION_TITLE_NAME,0.007954897523611726
gen4_native_mamba_phase_f_pair_level_contrasts_v1,generated_fact_072,POST4_PATH_EFFICIENCY,INTERACTION_TITLE_NAME,0.017122411414471683
gen4_native_mamba_phase_f_pair_level_contrasts_v1,generated_fact_073,POST4_PATH_EFFICIENCY,INTERACTION_TITLE_NAME,-0.00601116474005936
gen4_native_mamba_phase_f_pair_level_contrasts_v1,generated_fact_074,POST4_PATH_EFFICIENCY,INTERACTION_TITLE_NAME,0.025315514462982303
gen4_native_mamba_phase_f_pair_level_contrasts_v1,generated_fact_075,POST4_PATH_EFFICIENCY,INTERACTION_TITLE_NAME,-0.001173603574633586
gen4_native_mamba_phase_f_pair_level_contrasts_v1,generated_fact_076,POST4_PATH_EFFICIENCY,INTERACTION_TITLE_NAME,-0.0029505528336719045
gen4_native_mamba_phase_f_pair_level_contrasts_v1,generated_fact_077,POST4_PATH_EFFICIENCY,INTERACTION_TITLE_NAME,-0.01281076279188248
gen4_native_mamba_phase_f_pair_level_contrasts_v1,generated_fact_078,POST4_PATH_EFFICIENCY,INTERACTION_TITLE_NAME,0.0012398652894111128
gen4_native_mamba_phase_f_pair_level_contrasts_v1,generated_fact_079,POST4_PATH_EFFICIENCY,INTERACTION_TITLE_NAME,-0.004794519861257951
gen4_native_mamba_phase_f_pair_level_contrasts_v1,generated_fact_080,POST4_PATH_EFFICIENCY,INTERACTION_TITLE_NAME,-0.004632222718180534
gen4_native_mamba_phase_f_pair_level_contrasts_v1,generated_fact_081,POST4_PATH_EFFICIENCY,INTERACTION_TITLE_NAME,0.0013000220124653739
gen4_native_mamba_phase_f_pair_level_contrasts_v1,generated_fact_082,POST4_PATH_EFFICIENCY,INTERACTION_TITLE_NAME,0.003916363054047467
gen4_native_mamba_phase_f_pair_level_contrasts_v1,generated_fact_083,POST4_PATH_EFFICIENCY,INTERACTION_TITLE_NAME,0.008114041681463957
gen4_native_mamba_phase_f_pair_level_contrasts_v1,generated_fact_084,POST4_PATH_EFFICIENCY,INTERACTION_TITLE_NAME,0.017299378112188846
gen4_native_mamba_phase_f_pair_level_contrasts_v1,generated_fact_085,POST4_PATH_EFFICIENCY,INTERACTION_TITLE_NAME,-0.005855620961264296
gen4_native_mamba_phase_f_pair_level_contrasts_v1,generated_fact_086,POST4_PATH_EFFICIENCY,INTERACTION_TITLE_NAME,0.024878978446231825
gen4_native_mamba_phase_f_pair_level_contrasts_v1,generated_fact_087,POST4_PATH_EFFICIENCY,INTERACTION_TITLE_NAME,-0.0014984194919936966
gen4_native_mamba_phase_f_pair_level_contrasts_v1,generated_fact_088,POST4_PATH_EFFICIENCY,INTERACTION_TITLE_NAME,-0.0032042582813498477
gen4_native_mamba_phase_f_pair_level_contrasts_v1,generated_fact_089,POST4_PATH_EFFICIENCY,INTERACTION_TITLE_NAME,-0.013103673777523028
gen4_native_mamba_phase_f_pair_level_contrasts_v1,generated_fact_090,POST4_PATH_EFFICIENCY,INTERACTION_TITLE_NAME,0.0007340080266293181
gen4_native_mamba_phase_f_pair_level_contrasts_v1,generated_fact_091,POST4_PATH_EFFICIENCY,INTERACTION_TITLE_NAME,-0.004404990719509394
gen4_native_mamba_phase_f_pair_level_contrasts_v1,generated_fact_092,POST4_PATH_EFFICIENCY,INTERACTION_TITLE_NAME,-0.004587165011601557
gen4_native_mamba_phase_f_pair_level_contrasts_v1,generated_fact_093,POST4_PATH_EFFICIENCY,INTERACTION_TITLE_NAME,0.0015548252693272646
gen4_native_mamba_phase_f_pair_level_contrasts_v1,generated_fact_094,POST4_PATH_EFFICIENCY,INTERACTION_TITLE_NAME,0.0034028954196949623
gen4_native_mamba_phase_f_pair_level_contrasts_v1,generated_fact_095,POST4_PATH_EFFICIENCY,INTERACTION_TITLE_NAME,0.007981744522597367
gen4_native_mamba_phase_f_pair_level_contrasts_v1,generated_fact_096,POST4_PATH_EFFICIENCY,INTERACTION_TITLE_NAME,0.017113089932256853
gen4_native_mamba_phase_f_pair_level_contrasts_v1,generated_fact_097,POST4_PATH_EFFICIENCY,INTERACTION_TITLE_NAME,-0.006083298508741453
gen4_native_mamba_phase_f_pair_level_contrasts_v1,generated_fact_098,POST4_PATH_EFFICIENCY,INTERACTION_TITLE_NAME,0.025238470828239268
gen4_native_mamba_phase_f_pair_level_contrasts_v1,generated_fact_099,POST4_PATH_EFFICIENCY,INTERACTION_TITLE_NAME,-0.0009861055541603991
gen4_native_mamba_phase_f_pair_level_contrasts_v1,generated_fact_100,POST4_PATH_EFFICIENCY,INTERACTION_TITLE_NAME,-0.003235365851261718
gen4_native_mamba_phase_f_pair_level_contrasts_v1,generated_fact_101,POST4_PATH_EFFICIENCY,INTERACTION_TITLE_NAME,-0.012700097003606081
gen4_native_mamba_phase_f_pair_level_contrasts_v1,generated_fact_102,POST4_PATH_EFFICIENCY,INTERACTION_TITLE_NAME,0.0012428771970396935
gen4_native_mamba_phase_f_pair_level_contrasts_v1,generated_fact_103,POST4_PATH_EFFICIENCY,INTERACTION_TITLE_NAME,-0.004828165996077327
gen4_native_mamba_phase_f_pair_level_contrasts_v1,generated_fact_104,POST4_PATH_EFFICIENCY,INTERACTION_TITLE_NAME,-0.004631291357608702
gen4_native_mamba_phase_f_pair_level_contrasts_v1,generated_fact_105,POST4_PATH_EFFICIENCY,INTERACTION_TITLE_NAME,0.000937833534659982
gen4_native_mamba_phase_f_pair_level_contrasts_v1,generated_fact_106,POST4_PATH_EFFICIENCY,INTERACTION_TITLE_NAME,0.0036514420428253036
gen4_native_mamba_phase_f_pair_level_contrasts_v1,generated_fact_107,POST4_PATH_EFFICIENCY,INTERACTION_TITLE_NAME,0.00783935326362023
gen4_native_mamba_phase_f_pair_level_contrasts_v1,generated_fact_108,POST4_PATH_EFFICIENCY,INTERACTION_TITLE_NAME,0.016864409228048882
gen4_native_mamba_phase_f_pair_level_contrasts_v1,generated_fact_109,POST4_PATH_EFFICIENCY,INTERACTION_TITLE_NAME,-0.005872048970318955
gen4_native_mamba_phase_f_pair_level_contrasts_v1,generated_fact_110,POST4_PATH_EFFICIENCY,INTERACTION_TITLE_NAME,0.02507368470886251
gen4_native_mamba_phase_f_pair_level_contrasts_v1,generated_fact_111,POST4_PATH_EFFICIENCY,INTERACTION_TITLE_NAME,-0.001026057513276557
gen4_native_mamba_phase_f_pair_level_contrasts_v1,generated_fact_112,POST4_PATH_EFFICIENCY,INTERACTION_TITLE_NAME,-0.0034147705329028444
gen4_native_mamba_phase_f_pair_level_contrasts_v1,generated_fact_113,POST4_PATH_EFFICIENCY,INTERACTION_TITLE_NAME,-0.0128143622366505
gen4_native_mamba_phase_f_pair_level_contrasts_v1,generated_fact_114,POST4_PATH_EFFICIENCY,INTERACTION_TITLE_NAME,0.0009637575606261106
gen4_native_mamba_phase_f_pair_level_contrasts_v1,generated_fact_115,POST4_PATH_EFFICIENCY,INTERACTION_TITLE_NAME,-0.00448966779966925
gen4_native_mamba_phase_f_pair_level_contrasts_v1,generated_fact_116,POST4_PATH_EFFICIENCY,INTERACTION_TITLE_NAME,-0.0046553096211317535
gen4_native_mamba_phase_f_pair_level_contrasts_v1,generated_fact_117,POST4_PATH_EFFICIENCY,INTERACTION_TITLE_NAME,0.0014365557400936035
gen4_native_mamba_phase_f_pair_level_contrasts_v1,generated_fact_118,POST4_PATH_EFFICIENCY,INTERACTION_TITLE_NAME,0.0035370922560201135
gen4_native_mamba_phase_f_pair_level_contrasts_v1,generated_fact_119,POST4_PATH_EFFICIENCY,INTERACTION_TITLE_NAME,0.007914504926361754
gen4_native_mamba_phase_f_pair_level_contrasts_v1,generated_fact_120,POST4_PATH_EFFICIENCY,INTERACTION_TITLE_NAME,0.01700406875694155
gen4_native_mamba_phase_f_pair_level_contrasts_v1,generated_fact_121,POST4_PATH_EFFICIENCY,INTERACTION_TITLE_NAME,-0.00586307791529439
gen4_native_mamba_phase_f_pair_level_contrasts_v1,generated_fact_122,POST4_PATH_EFFICIENCY,INTERACTION_TITLE_NAME,0.025459160592616936
gen4_native_mamba_phase_f_pair_level_contrasts_v1,generated_fact_123,POST4_PATH_EFFICIENCY,INTERACTION_TITLE_NAME,-0.0006973973385660526
gen4_native_mamba_phase_f_pair_level_contrasts_v1,generated_fact_124,POST4_PATH_EFFICIENCY,INTERACTION_TITLE_NAME,-0.003254062891784759
gen4_native_mamba_phase_f_pair_level_contrasts_v1,generated_fact_125,POST4_PATH_EFFICIENCY,INTERACTION_TITLE_NAME,-0.01254081531275858
gen4_native_mamba_phase_f_pair_level_contrasts_v1,generated_fact_126,POST4_PATH_EFFICIENCY,INTERACTION_TITLE_NAME,0.001205572335279681
gen4_native_mamba_phase_f_pair_level_contrasts_v1,generated_fact_127,POST4_PATH_EFFICIENCY,INTERACTION_TITLE_NAME,-0.004743819695541662
gen4_native_mamba_phase_f_pair_level_contrasts_v1,generated_fact_128,POST4_PATH_EFFICIENCY,INTERACTION_TITLE_NAME,-0.00430774987691096
gen4_native_mamba_phase_f_pair_level_contrasts_v1,generated_fact_129,POST4_PATH_EFFICIENCY,INTERACTION_TITLE_NAME,0.0007699208228784671
gen4_native_mamba_phase_f_pair_level_contrasts_v1,generated_fact_130,POST4_PATH_EFFICIENCY,INTERACTION_TITLE_NAME,0.003867653250561598
gen4_native_mamba_phase_f_pair_level_contrasts_v1,generated_fact_131,POST4_PATH_EFFICIENCY,INTERACTION_TITLE_NAME,0.007870320713070866
gen4_native_mamba_phase_f_pair_level_contrasts_v1,generated_fact_132,POST4_PATH_EFFICIENCY,INTERACTION_TITLE_NAME,0.01697874264926691
gen4_native_mamba_phase_f_pair_level_contrasts_v1,generated_fact_133,POST4_PATH_EFFICIENCY,INTERACTION_TITLE_NAME,-0.005728110815574339
gen4_native_mamba_phase_f_pair_level_contrasts_v1,generated_fact_134,POST4_PATH_EFFICIENCY,INTERACTION_TITLE_NAME,0.025114178900395523
gen4_native_mamba_phase_f_pair_level_contrasts_v1,generated_fact_135,POST4_PATH_EFFICIENCY,INTERACTION_TITLE_NAME,-0.0008955971737598656
gen4_native_mamba_phase_f_pair_level_contrasts_v1,generated_fact_136,POST4_PATH_EFFICIENCY,INTERACTION_TITLE_NAME,-0.0029680078508476093
gen4_native_mamba_phase_f_pair_level_contrasts_v1,generated_fact_137,POST4_PATH_EFFICIENCY,INTERACTION_TITLE_NAME,-0.012674120332959948
gen4_native_mamba_phase_f_pair_level_contrasts_v1,generated_fact_138,POST4_PATH_EFFICIENCY,INTERACTION_TITLE_NAME,0.0012541424934097156
gen4_native_mamba_phase_f_pair_level_contrasts_v1,generated_fact_139,POST4_PATH_EFFICIENCY,INTERACTION_TITLE_NAME,-0.004514747849971967
gen4_native_mamba_phase_f_pair_level_contrasts_v1,generated_fact_140,POST4_PATH_EFFICIENCY,INTERACTION_TITLE_NAME,-0.004417858722351786
gen4_native_mamba_phase_f_pair_level_contrasts_v1,generated_fact_141,POST4_PATH_EFFICIENCY,INTERACTION_TITLE_NAME,0.0014745500435848213
gen4_native_mamba_phase_f_pair_level_contrasts_v1,generated_fact_142,POST4_PATH_EFFICIENCY,INTERACTION_TITLE_NAME,0.003669808361474347
gen4_native_mamba_phase_f_pair_level_contrasts_v1,generated_fact_143,POST4_PATH_EFFICIENCY,INTERACTION_TITLE_NAME,0.007564343881329816
gen4_native_mamba_phase_f_pair_level_contrasts_v1,generated_fact_144,POST4_PATH_EFFICIENCY,INTERACTION_TITLE_NAME,0.017102850502797695
gen4_native_mamba_phase_f_pair_level_contrasts_v1,generated_fact_145,POST4_PATH_EFFICIENCY,INTERACTION_TITLE_NAME,-0.006007225756675616
gen4_native_mamba_phase_f_pair_level_contrasts_v1,generated_fact_146,POST4_PATH_EFFICIENCY,INTERACTION_TITLE_NAME,0.025139235513657487
gen4_native_mamba_phase_f_pair_level_contrasts_v1,generated_fact_147,POST4_PATH_EFFICIENCY,INTERACTION_TITLE_NAME,-0.0010676925971337958
gen4_native_mamba_phase_f_pair_level_contrasts_v1,generated_fact_148,POST4_PATH_EFFICIENCY,INTERACTION_TITLE_NAME,-0.003050874683427296
gen4_native_mamba_phase_f_pair_level_contrasts_v1,generated_fact_149,POST4_PATH_EFFICIENCY,INTERACTION_TITLE_NAME,-0.012623895527419049
gen4_native_mamba_phase_f_pair_level_contrasts_v1,generated_fact_150,POST4_PATH_EFFICIENCY,INTERACTION_TITLE_NAME,0.0009168077972545596
gen4_native_mamba_phase_f_pair_level_contrasts_v1,generated_fact_151,POST4_PATH_EFFICIENCY,INTERACTION_TITLE_NAME,-0.004965254340448533
gen4_native_mamba_phase_f_pair_level_contrasts_v1,generated_fact_152,POST4_PATH_EFFICIENCY,INTERACTION_TITLE_NAME,-0.004375618773340084
gen4_native_mamba_phase_f_pair_level_contrasts_v1,generated_fact_153,POST4_PATH_EFFICIENCY,INTERACTION_TITLE_NAME,0.0010972534184108262
gen4_native_mamba_phase_f_pair_level_contrasts_v1,generated_fact_154,POST4_PATH_EFFICIENCY,INTERACTION_TITLE_NAME,0.0034960148085721454
gen4_native_mamba_phase_f_pair_level_contrasts_v1,generated_fact_155,POST4_PATH_EFFICIENCY,INTERACTION_TITLE_NAME,0.007917642518051382
gen4_native_mamba_phase_f_pair_level_contrasts_v1,generated_fact_156,POST4_PATH_EFFICIENCY,INTERACTION_TITLE_NAME,0.017101258979027534
gen4_native_mamba_phase_f_pair_level_contrasts_v1,generated_fact_157,POST4_PATH_EFFICIENCY,INTERACTION_TITLE_NAME,-0.006033295892832802
gen4_native_mamba_phase_f_pair_level_contrasts_v1,generated_fact_158,POST4_PATH_EFFICIENCY,INTERACTION_TITLE_NAME,0.02510815480684392
gen4_native_mamba_phase_f_pair_level_contrasts_v1,generated_fact_159,POST4_PATH_EFFICIENCY,INTERACTION_TITLE_NAME,-0.0010631948324521523
gen4_native_mamba_phase_f_pair_level_contrasts_v1,generated_fact_160,POST4_PATH_EFFICIENCY,INTERACTION_TITLE_NAME,-0.003062793184574808
gen4_native_mamba_phase_f_pair_level_contrasts_v1,generated_fact_161,POST4_PATH_EFFICIENCY,INTERACTION_TITLE_NAME,-0.013033050333405627
gen4_native_mamba_phase_f_pair_level_contrasts_v1,generated_fact_162,POST4_PATH_EFFICIENCY,INTERACTION_TITLE_NAME,0.0012698496942899484
gen4_native_mamba_phase_f_pair_level_contrasts_v1,generated_fact_163,POST4_PATH_EFFICIENCY,INTERACTION_TITLE_NAME,-0.004233651913320591
gen4_native_mamba_phase_f_pair_level_contrasts_v1,generated_fact_164,POST4_PATH_EFFICIENCY,INTERACTION_TITLE_NAME,-0.004647953883416822
gen4_native_mamba_phase_f_pair_level_contrasts_v1,generated_fact_165,POST4_PATH_EFFICIENCY,INTERACTION_TITLE_NAME,0.0015413258155396736
gen4_native_mamba_phase_f_pair_level_contrasts_v1,generated_fact_166,POST4_PATH_EFFICIENCY,INTERACTION_TITLE_NAME,0.0036142638021996465
gen4_native_mamba_phase_f_pair_level_contrasts_v1,generated_fact_167,POST4_PATH_EFFICIENCY,INTERACTION_TITLE_NAME,0.00802462873746912
gen4_native_mamba_phase_f_pair_level_contrasts_v1,generated_fact_168,POST4_PATH_EFFICIENCY,INTERACTION_TITLE_NAME,0.017101417708390743
gen4_native_mamba_phase_f_pair_level_contrasts_v1,generated_fact_169,POST4_PATH_EFFICIENCY,INTERACTION_TITLE_NAME,-0.006132107062686187
gen4_native_mamba_phase_f_pair_level_contrasts_v1,generated_fact_170,POST4_PATH_EFFICIENCY,INTERACTION_TITLE_NAME,0.025184611206197638
gen4_native_mamba_phase_f_pair_level_contrasts_v1,generated_fact_171,POST4_PATH_EFFICIENCY,INTERACTION_TITLE_NAME,-0.0015719245542889504
gen4_native_mamba_phase_f_pair_level_contrasts_v1,generated_fact_172,POST4_PATH_EFFICIENCY,INTERACTION_TITLE_NAME,-0.0032623594867874917
gen4_native_mamba_phase_f_pair_level_contrasts_v1,generated_fact_173,POST4_PATH_EFFICIENCY,INTERACTION_TITLE_NAME,-0.012740645584424337
gen4_native_mamba_phase_f_pair_level_contrasts_v1,generated_fact_174,POST4_PATH_EFFICIENCY,INTERACTION_TITLE_NAME,0.0009714191699916608
gen4_native_mamba_phase_f_pair_level_contrasts_v1,generated_fact_175,POST4_PATH_EFFICIENCY,INTERACTION_TITLE_NAME,-0.004813431200456408
gen4_native_mamba_phase_f_pair_level_contrasts_v1,generated_fact_176,POST4_PATH_EFFICIENCY,INTERACTION_TITLE_NAME,-0.004659694221243904
gen4_native_mamba_phase_f_pair_level_contrasts_v1,generated_fact_177,POST4_PATH_EFFICIENCY,INTERACTION_TITLE_NAME,0.0014254874498096926
gen4_native_mamba_phase_f_pair_level_contrasts_v1,generated_fact_178,POST4_PATH_EFFICIENCY,INTERACTION_TITLE_NAME,0.0036220905888483257
gen4_native_mamba_phase_f_pair_level_contrasts_v1,generated_fact_179,POST4_PATH_EFFICIENCY,INTERACTION_TITLE_NAME,0.007762436477933954
gen4_native_mamba_phase_f_pair_level_contrasts_v1,generated_fact_180,POST4_PATH_EFFICIENCY,INTERACTION_TITLE_NAME,0.01719298084190224
gen4_native_mamba_phase_f_pair_level_contrasts_v1,generated_fact_181,POST4_PATH_EFFICIENCY,INTERACTION_TITLE_NAME,-0.0059821817417544665
gen4_native_mamba_phase_f_pair_level_contrasts_v1,generated_fact_182,POST4_PATH_EFFICIENCY,INTERACTION_TITLE_NAME,0.025004100758252656
gen4_native_mamba_phase_f_pair_level_contrasts_v1,generated_fact_183,POST4_PATH_EFFICIENCY,INTERACTION_TITLE_NAME,-0.0009297070445907218
gen4_native_mamba_phase_f_pair_level_contrasts_v1,generated_fact_184,POST4_PATH_EFFICIENCY,INTERACTION_TITLE_NAME,-0.0033004309705252366
gen4_native_mamba_phase_f_pair_level_contrasts_v1,generated_fact_185,POST4_PATH_EFFICIENCY,INTERACTION_TITLE_NAME,-0.012751930501748887
gen4_native_mamba_phase_f_pair_level_contrasts_v1,generated_fact_186,POST4_PATH_EFFICIENCY,INTERACTION_TITLE_NAME,0.001251029486549371
gen4_native_mamba_phase_f_pair_level_contrasts_v1,generated_fact_187,POST4_PATH_EFFICIENCY,INTERACTION_TITLE_NAME,-0.004388970325212793
gen4_native_mamba_phase_f_pair_level_contrasts_v1,generated_fact_188,POST4_PATH_EFFICIENCY,INTERACTION_TITLE_NAME,-0.004587587378562907
gen4_native_mamba_phase_f_pair_level_contrasts_v1,generated_fact_189,POST4_PATH_EFFICIENCY,INTERACTION_TITLE_NAME,0.0013799819982323047
gen4_native_mamba_phase_f_pair_level_contrasts_v1,generated_fact_190,POST4_PATH_EFFICIENCY,INTERACTION_TITLE_NAME,0.0034585545707654375
gen4_native_mamba_phase_f_pair_level_contrasts_v1,generated_fact_191,POST4_PATH_EFFICIENCY,INTERACTION_TITLE_NAME,0.007820255878464244
gen4_native_mamba_phase_f_pair_level_contrasts_v1,generated_fact_192,POST4_PATH_EFFICIENCY,INTERACTION_TITLE_NAME,0.016854112902036367
gen4_native_mamba_phase_f_pair_level_contrasts_v1,generated_fact_193,POST4_PATH_EFFICIENCY,INTERACTION_TITLE_NAME,-0.006099941300139133
gen4_native_mamba_phase_f_pair_level_contrasts_v1,generated_fact_194,POST4_PATH_EFFICIENCY,INTERACTION_TITLE_NAME,0.025459547723260534
gen4_native_mamba_phase_f_pair_level_contrasts_v1,generated_fact_195,POST4_PATH_EFFICIENCY,INTERACTION_TITLE_NAME,-0.0011151666195623466
gen4_native_mamba_phase_f_pair_level_contrasts_v1,generated_fact_196,POST4_PATH_EFFICIENCY,INTERACTION_TITLE_NAME,-0.0033268727180651436
gen4_native_mamba_phase_f_pair_level_contrasts_v1,generated_fact_197,POST4_PATH_EFFICIENCY,INTERACTION_TITLE_NAME,-0.012640801310336958
gen4_native_mamba_phase_f_pair_level_contrasts_v1,generated_fact_198,POST4_PATH_EFFICIENCY,INTERACTION_TITLE_NAME,0.0008878752432720516
gen4_native_mamba_phase_f_pair_level_contrasts_v1,generated_fact_199,POST4_PATH_EFFICIENCY,INTERACTION_TITLE_NAME,-0.0049201259212618975
gen4_native_mamba_phase_f_pair_level_contrasts_v1,generated_fact_200,POST4_PATH_EFFICIENCY,INTERACTION_TITLE_NAME,-0.004672753976633803
gen4_native_mamba_phase_f_pair_level_contrasts_v1,generated_fact_201,POST4_PATH_EFFICIENCY,INTERACTION_TITLE_NAME,0.0011515535614479155
gen4_native_mamba_phase_f_pair_level_contrasts_v1,generated_fact_202,POST4_PATH_EFFICIENCY,INTERACTION_TITLE_NAME,0.0036922805214519294
gen4_native_mamba_phase_f_pair_level_contrasts_v1,generated_fact_203,POST4_PATH_EFFICIENCY,INTERACTION_TITLE_NAME,0.007908056526587326
gen4_native_mamba_phase_f_pair_level_contrasts_v1,generated_fact_204,POST4_PATH_EFFICIENCY,INTERACTION_TITLE_NAME,0.017033415064581336
gen4_native_mamba_phase_f_pair_level_contrasts_v1,generated_fact_205,POST4_PATH_EFFICIENCY,INTERACTION_TITLE_NAME,-0.005658698337933421
gen4_native_mamba_phase_f_pair_level_contrasts_v1,generated_fact_206,POST4_PATH_EFFICIENCY,INTERACTION_TITLE_NAME,0.025413663928345542
gen4_native_mamba_phase_f_pair_level_contrasts_v1,generated_fact_207,POST4_PATH_EFFICIENCY,INTERACTION_TITLE_NAME,-0.000835194959017016
gen4_native_mamba_phase_f_pair_level_contrasts_v1,generated_fact_208,POST4_PATH_EFFICIENCY,INTERACTION_TITLE_NAME,-0.0032887030254913907
gen4_native_mamba_phase_f_pair_level_contrasts_v1,generated_fact_209,POST4_PATH_EFFICIENCY,INTERACTION_TITLE_NAME,-0.012629360137294932
gen4_native_mamba_phase_f_pair_level_contrasts_v1,generated_fact_210,POST4_PATH_EFFICIENCY,INTERACTION_TITLE_NAME,0.0011686646739860196
gen4_native_mamba_phase_f_pair_level_contrasts_v1,generated_fact_211,POST4_PATH_EFFICIENCY,INTERACTION_TITLE_NAME,-0.004304575307429559
gen4_native_mamba_phase_f_pair_level_contrasts_v1,generated_fact_212,POST4_PATH_EFFICIENCY,INTERACTION_TITLE_NAME,-0.004197645538220773
gen4_native_mamba_phase_f_pair_level_contrasts_v1,generated_fact_213,POST4_PATH_EFFICIENCY,INTERACTION_TITLE_NAME,0.0013314022247765123
gen4_native_mamba_phase_f_pair_level_contrasts_v1,generated_fact_214,POST4_PATH_EFFICIENCY,INTERACTION_TITLE_NAME,0.0035647230629738402
gen4_native_mamba_phase_f_pair_level_contrasts_v1,generated_fact_215,POST4_PATH_EFFICIENCY,INTERACTION_TITLE_NAME,0.007847647513749723
gen4_native_mamba_phase_f_pair_level_contrasts_v1,generated_fact_216,POST4_PATH_EFFICIENCY,INTERACTION_TITLE_NAME,0.017054537621637167
gen4_native_mamba_phase_f_pair_level_contrasts_v1,generated_fact_217,POST4_PATH_EFFICIENCY,INTERACTION_TITLE_NAME,-0.0059895198102877245
gen4_native_mamba_phase_f_pair_level_contrasts_v1,generated_fact_218,POST4_PATH_EFFICIENCY,INTERACTION_TITLE_NAME,0.025456599721121687
gen4_native_mamba_phase_f_pair_level_contrasts_v1,generated_fact_219,POST4_PATH_EFFICIENCY,INTERACTION_TITLE_NAME,-0.0008363588678837464
gen4_native_mamba_phase_f_pair_level_contrasts_v1,generated_fact_220,POST4_PATH_EFFICIENCY,INTERACTION_TITLE_NAME,-0.002977678288548391
gen4_native_mamba_phase_f_pair_level_contrasts_v1,generated_fact_221,POST4_PATH_EFFICIENCY,INTERACTION_TITLE_NAME,-0.012498738585245972
gen4_native_mamba_phase_f_pair_level_contrasts_v1,generated_fact_222,POST4_PATH_EFFICIENCY,INTERACTION_TITLE_NAME,0.0011285496591662558
gen4_native_mamba_phase_f_pair_level_contrasts_v1,generated_fact_223,POST4_PATH_EFFICIENCY,INTERACTION_TITLE_NAME,-0.004922418955826846
gen4_native_mamba_phase_f_pair_level_contrasts_v1,generated_fact_224,POST4_PATH_EFFICIENCY,INTERACTION_TITLE_NAME,-0.004473881647497069
gen4_native_mamba_phase_f_pair_level_contrasts_v1,generated_fact_225,POST4_PATH_EFFICIENCY,INTERACTION_TITLE_NAME,0.0009858331762289119
gen4_native_mamba_phase_f_pair_level_contrasts_v1,generated_fact_226,POST4_PATH_EFFICIENCY,INTERACTION_TITLE_NAME,0.0039585799194190585
gen4_native_mamba_phase_f_pair_level_contrasts_v1,generated_fact_227,POST4_PATH_EFFICIENCY,INTERACTION_TITLE_NAME,0.0076117065688747765
gen4_native_mamba_phase_f_pair_level_contrasts_v1,generated_fact_228,POST4_PATH_EFFICIENCY,INTERACTION_TITLE_NAME,0.01713677362965299
gen4_native_mamba_phase_f_pair_level_contrasts_v1,generated_fact_229,POST4_PATH_EFFICIENCY,INTERACTION_TITLE_NAME,-0.005916490862442059
gen4_native_mamba_phase_f_pair_level_contrasts_v1,generated_fact_230,POST4_PATH_EFFICIENCY,INTERACTION_TITLE_NAME,0.024960158109578745
gen4_native_mamba_phase_f_pair_level_contrasts_v1,generated_fact_231,POST4_PATH_EFFICIENCY,INTERACTION_TITLE_NAME,-0.0010884737301686265
gen4_native_mamba_phase_f_pair_level_contrasts_v1,generated_fact_232,POST4_PATH_EFFICIENCY,INTERACTION_TITLE_NAME,-0.003262141687984166
gen4_native_mamba_phase_f_pair_level_contrasts_v1,generated_fact_233,POST4_PATH_EFFICIENCY,INTERACTION_TITLE_NAME,-0.012746200471667302
gen4_native_mamba_phase_f_pair_level_contrasts_v1,generated_fact_234,POST4_PATH_EFFICIENCY,INTERACTION_TITLE_NAME,0.0011280266970591923
gen4_native_mamba_phase_f_pair_level_contrasts_v1,generated_fact_235,POST4_PATH_EFFICIENCY,INTERACTION_TITLE_NAME,-0.004460099122749361
gen4_native_mamba_phase_f_pair_level_contrasts_v1,generated_fact_236,POST4_PATH_EFFICIENCY,INTERACTION_TITLE_NAME,-0.004424770128721389
gen4_native_mamba_phase_f_pair_level_contrasts_v1,generated_fact_237,POST4_PATH_EFFICIENCY,INTERACTION_TITLE_NAME,0.0014080323269182737
gen4_native_mamba_phase_f_pair_level_contrasts_v1,generated_fact_238,POST4_PATH_EFFICIENCY,INTERACTION_TITLE_NAME,0.003164701085502708
gen4_native_mamba_phase_f_pair_level_contrasts_v1,generated_fact_239,POST4_PATH_EFFICIENCY,INTERACTION_TITLE_NAME,0.007737299581182966
gen4_native_mamba_phase_f_pair_level_contrasts_v1,generated_fact_240,POST4_PATH_EFFICIENCY,INTERACTION_TITLE_NAME,0.017066381408456455
gen4_native_mamba_phase_f_pair_level_contrasts_v1,generated_fact_241,POST4_PATH_EFFICIENCY,INTERACTION_TITLE_NAME,-0.006033459321299062
gen4_native_mamba_phase_f_pair_level_contrasts_v1,generated_fact_242,POST4_PATH_EFFICIENCY,INTERACTION_TITLE_NAME,0.025306982456337557
gen4_native_mamba_phase_f_pair_level_contrasts_v1,generated_fact_243,POST4_PATH_EFFICIENCY,INTERACTION_TITLE_NAME,-0.001049513556626136
gen4_native_mamba_phase_f_pair_level_contrasts_v1,generated_fact_244,POST4_PATH_EFFICIENCY,INTERACTION_TITLE_NAME,-0.002978036010207241
gen4_native_mamba_phase_f_pair_level_contrasts_v1,generated_fact_245,POST4_PATH_EFFICIENCY,INTERACTION_TITLE_NAME,-0.01289461974951045
gen4_native_mamba_phase_f_pair_level_contrasts_v1,generated_fact_246,POST4_PATH_EFFICIENCY,INTERACTION_TITLE_NAME,0.0012537901239866867
gen4_native_mamba_phase_f_pair_level_contrasts_v1,generated_fact_247,POST4_PATH_EFFICIENCY,INTERACTION_TITLE_NAME,-0.0046024131638298105
gen4_native_mamba_phase_f_pair_level_contrasts_v1,generated_fact_248,POST4_PATH_EFFICIENCY,INTERACTION_TITLE_NAME,-0.004715855796932289
gen4_native_mamba_phase_f_pair_level_contrasts_v1,generated_fact_249,POST4_PATH_EFFICIENCY,INTERACTION_TITLE_NAME,0.001263555230066049
gen4_native_mamba_phase_f_pair_level_contrasts_v1,generated_fact_250,POST4_PATH_EFFICIENCY,INTERACTION_TITLE_NAME,0.003990189143295797
gen4_native_mamba_phase_f_pair_level_contrasts_v1,generated_fact_251,POST4_PATH_EFFICIENCY,INTERACTION_TITLE_NAME,0.008076245295289664
gen4_native_mamba_phase_f_pair_level_contrasts_v1,generated_fact_252,POST4_PATH_EFFICIENCY,INTERACTION_TITLE_NAME,0.017278844255109282
gen4_native_mamba_phase_f_pair_level_contrasts_v1,generated_fact_253,POST4_PATH_EFFICIENCY,INTERACTION_TITLE_NAME,-0.005861702008274294
gen4_native_mamba_phase_f_pair_level_contrasts_v1,generated_fact_254,POST4_PATH_EFFICIENCY,INTERACTION_TITLE_NAME,0.02500481327331655
gen4_native_mamba_phase_f_pair_level_contrasts_v1,generated_fact_255,POST4_PATH_EFFICIENCY,INTERACTION_TITLE_NAME,-0.0015447721350568266
gen4_native_mamba_phase_f_pair_level_contrasts_v1,generated_fact_256,POST4_PATH_EFFICIENCY,INTERACTION_TITLE_NAME,-0.0032955108939223265
gen4_native_mamba_phase_f_pair_level_contrasts_v1,generated_fact_257,POST4_PATH_EFFICIENCY,INTERACTION_TITLE_NAME,-0.013002935211171074
gen4_native_mamba_phase_f_pair_level_contrasts_v1,generated_fact_258,POST4_PATH_EFFICIENCY,INTERACTION_TITLE_NAME,0.0009479844239701496
gen4_native_mamba_phase_f_pair_level_contrasts_v1,generated_fact_259,POST4_PATH_EFFICIENCY,INTERACTION_TITLE_NAME,-0.004309091940111753
gen4_native_mamba_phase_f_pair_level_contrasts_v1,generated_fact_260,POST4_PATH_EFFICIENCY,INTERACTION_TITLE_NAME,-0.004576259403636873
gen4_native_mamba_phase_f_pair_level_contrasts_v1,generated_fact_261,POST4_PATH_EFFICIENCY,INTERACTION_TITLE_NAME,0.0016906210668080623
gen4_native_mamba_phase_f_pair_level_contrasts_v1,generated_fact_262,POST4_PATH_EFFICIENCY,INTERACTION_TITLE_NAME,0.0032780592828494104
gen4_native_mamba_phase_f_pair_level_contrasts_v1,generated_fact_263,POST4_PATH_EFFICIENCY,INTERACTION_TITLE_NAME,0.007685720064501189
gen4_native_mamba_phase_f_pair_level_contrasts_v1,generated_fact_264,POST4_PATH_EFFICIENCY,INTERACTION_TITLE_NAME,0.017058581828631125
gen4_native_mamba_phase_f_pair_level_contrasts_v1,generated_fact_265,POST4_PATH_EFFICIENCY,INTERACTION_TITLE_NAME,-0.006076157587085906
gen4_native_mamba_phase_f_pair_level_contrasts_v1,generated_fact_266,POST4_PATH_EFFICIENCY,INTERACTION_TITLE_NAME,0.025391232904775518
gen4_native_mamba_phase_f_pair_level_contrasts_v1,generated_fact_267,POST4_PATH_EFFICIENCY,INTERACTION_TITLE_NAME,-0.0009826286297741627
gen4_native_mamba_phase_f_pair_level_contrasts_v1,generated_fact_268,POST4_PATH_EFFICIENCY,INTERACTION_TITLE_NAME,-0.0032617706300202554
gen4_native_mamba_phase_f_pair_level_contrasts_v1,generated_fact_269,POST4_PATH_EFFICIENCY,INTERACTION_TITLE_NAME,-0.012630347545305176
gen4_native_mamba_phase_f_pair_level_contrasts_v1,generated_fact_270,POST4_PATH_EFFICIENCY,INTERACTION_TITLE_NAME,0.0011420198537867576
gen4_native_mamba_phase_f_pair_level_contrasts_v1,generated_fact_271,POST4_PATH_EFFICIENCY,INTERACTION_TITLE_NAME,-0.004817988492369918
gen4_native_mamba_phase_f_pair_level_contrasts_v1,generated_fact_272,POST4_PATH_EFFICIENCY,INTERACTION_TITLE_NAME,-0.00452256716272198
gen4_native_mamba_phase_f_pair_level_contrasts_v1,generated_fact_273,POST4_PATH_EFFICIENCY,INTERACTION_TITLE_NAME,0.0009745440802785277
gen4_native_mamba_phase_f_pair_level_contrasts_v1,generated_fact_274,POST4_PATH_EFFICIENCY,INTERACTION_TITLE_NAME,0.003727740995733697
gen4_native_mamba_phase_f_pair_level_contrasts_v1,generated_fact_275,POST4_PATH_EFFICIENCY,INTERACTION_TITLE_NAME,0.007689685957964043
gen4_native_mamba_phase_f_pair_level_contrasts_v1,generated_fact_276,POST4_PATH_EFFICIENCY,INTERACTION_TITLE_NAME,0.016766273461691683
gen4_native_mamba_phase_f_pair_level_contrasts_v1,generated_fact_277,POST4_PATH_EFFICIENCY,INTERACTION_TITLE_NAME,-0.005871775210897046
gen4_native_mamba_phase_f_pair_level_contrasts_v1,generated_fact_278,POST4_PATH_EFFICIENCY,INTERACTION_TITLE_NAME,0.02526598104614952
gen4_native_mamba_phase_f_pair_level_contrasts_v1,generated_fact_279,POST4_PATH_EFFICIENCY,INTERACTION_TITLE_NAME,-0.001023561673723139
gen4_native_mamba_phase_f_pair_level_contrasts_v1,generated_fact_280,POST4_PATH_EFFICIENCY,INTERACTION_TITLE_NAME,-0.003234015215960284
gen4_native_mamba_phase_f_pair_level_contrasts_v1,generated_fact_281,POST4_PATH_EFFICIENCY,INTERACTION_TITLE_NAME,-0.012721509083725158
gen4_native_mamba_phase_f_pair_level_contrasts_v1,generated_fact_282,POST4_PATH_EFFICIENCY,INTERACTION_TITLE_NAME,0.0009473564391147549
gen4_native_mamba_phase_f_pair_level_contrasts_v1,generated_fact_283,POST4_PATH_EFFICIENCY,INTERACTION_TITLE_NAME,-0.004363388856252592
gen4_native_mamba_phase_f_pair_level_contrasts_v1,generated_fact_284,POST4_PATH_EFFICIENCY,INTERACTION_TITLE_NAME,-0.00465936307897058
gen4_native_mamba_phase_f_pair_level_contrasts_v1,generated_fact_285,POST4_PATH_EFFICIENCY,INTERACTION_TITLE_NAME,0.001527195290391803
gen4_native_mamba_phase_f_pair_level_contrasts_v1,generated_fact_286,POST4_PATH_EFFICIENCY,INTERACTION_TITLE_NAME,0.003355615941857515
gen4_native_mamba_phase_f_pair_level_contrasts_v1,generated_fact_287,POST4_PATH_EFFICIENCY,INTERACTION_TITLE_NAME,0.007826665603770044
gen4_native_mamba_phase_f_pair_level_contrasts_v1,generated_fact_288,POST4_PATH_EFFICIENCY,INTERACTION_TITLE_NAME,0.01695833539994196
gen4_native_mamba_phase_f_pair_level_contrasts_v1,generated_fact_289,POST4_PATH_EFFICIENCY,INTERACTION_TITLE_NAME,-0.006008846974731918
gen4_native_mamba_phase_f_pair_level_contrasts_v1,generated_fact_290,POST4_PATH_EFFICIENCY,INTERACTION_TITLE_NAME,0.02563875639506691
gen4_native_mamba_phase_f_pair_level_contrasts_v1,generated_fact_291,POST4_PATH_EFFICIENCY,INTERACTION_TITLE_NAME,-0.0008381380316637155
gen4_native_mamba_phase_f_pair_level_contrasts_v1,generated_fact_292,POST4_PATH_EFFICIENCY,INTERACTION_TITLE_NAME,-0.0032398843624163454
gen4_native_mamba_phase_f_pair_level_contrasts_v1,generated_fact_293,POST4_PATH_EFFICIENCY,INTERACTION_TITLE_NAME,-0.012539365553804804
gen4_native_mamba_phase_f_pair_level_contrasts_v1,generated_fact_294,POST4_PATH_EFFICIENCY,INTERACTION_TITLE_NAME,0.00129344560105904
gen4_native_mamba_phase_f_pair_level_contrasts_v1,generated_fact_295,POST4_PATH_EFFICIENCY,INTERACTION_TITLE_NAME,-0.004677328535323877
gen4_native_mamba_phase_f_pair_level_contrasts_v1,generated_fact_296,POST4_PATH_EFFICIENCY,INTERACTION_TITLE_NAME,-0.004291634565007585
gen4_native_mamba_phase_f_pair_level_contrasts_v1,generated_fact_297,POST4_PATH_EFFICIENCY,INTERACTION_TITLE_NAME,0.0009231044662786347
gen4_native_mamba_phase_f_pair_level_contrasts_v1,generated_fact_298,POST4_PATH_EFFICIENCY,INTERACTION_TITLE_NAME,0.0038484513313903346
gen4_native_mamba_phase_f_pair_level_contrasts_v1,generated_fact_299,POST4_PATH_EFFICIENCY,INTERACTION_TITLE_NAME,0.0077662092177098185
gen4_native_mamba_phase_f_pair_level_contrasts_v1,generated_fact_300,POST4_PATH_EFFICIENCY,INTERACTION_TITLE_NAME,0.017079383260459213
gen4_native_mamba_phase_f_pair_level_contrasts_v1,glacier_study,POST4_PATH_EFFICIENCY,INTERACTION_TITLE_NAME,0.0006450354990426566
gen4_native_mamba_phase_f_pair_level_contrasts_v1,harbor_upgrade,POST4_PATH_EFFICIENCY,INTERACTION_TITLE_NAME,0.004846567849346339
gen4_native_mamba_phase_f_pair_level_contrasts_v1,jazz_archive,POST4_PATH_EFFICIENCY,INTERACTION_TITLE_NAME,-0.006988998279624015
gen4_native_mamba_phase_f_pair_level_contrasts_v1,language_program,POST4_PATH_EFFICIENCY,INTERACTION_TITLE_NAME,-0.006401023946943807
gen4_native_mamba_phase_f_pair_level_contrasts_v1,library_digitization,POST4_PATH_EFFICIENCY,INTERACTION_TITLE_NAME,0.007917437574230135
gen4_native_mamba_phase_f_pair_level_contrasts_v1,market_renovation,POST4_PATH_EFFICIENCY,INTERACTION_TITLE_NAME,0.008189141563529456
gen4_native_mamba_phase_f_pair_level_contrasts_v1,museum_purchase,POST4_PATH_EFFICIENCY,INTERACTION_TITLE_NAME,0.0056402800412078125
gen4_native_mamba_phase_f_pair_level_contrasts_v1,opera_premiere,POST4_PATH_EFFICIENCY,INTERACTION_TITLE_NAME,-0.01094464553967256
gen4_native_mamba_phase_f_pair_level_contrasts_v1,orion_approval,POST4_PATH_EFFICIENCY,INTERACTION_TITLE_NAME,0.0015750320657824668
gen4_native_mamba_phase_f_pair_level_contrasts_v1,poetry_prize,POST4_PATH_EFFICIENCY,INTERACTION_TITLE_NAME,0.00739000289521291
gen4_native_mamba_phase_f_pair_level_contrasts_v1,railway_restoration,POST4_PATH_EFFICIENCY,INTERACTION_TITLE_NAME,0.010229008028726894
gen4_native_mamba_phase_f_pair_level_contrasts_v1,reef_protection,POST4_PATH_EFFICIENCY,INTERACTION_TITLE_NAME,0.0006294062445292292
gen4_native_mamba_phase_f_pair_level_contrasts_v1,robotics_championship,POST4_PATH_EFFICIENCY,INTERACTION_TITLE_NAME,-0.01505460493916383
gen4_native_mamba_phase_f_pair_level_contrasts_v1,satellite_launch,POST4_PATH_EFFICIENCY,INTERACTION_TITLE_NAME,-0.008553708910563562
gen4_native_mamba_phase_f_pair_level_contrasts_v1,school_opening,POST4_PATH_EFFICIENCY,INTERACTION_TITLE_NAME,-0.007681884357704949
gen4_native_mamba_phase_f_pair_level_contrasts_v1,solar_farm_contract,POST4_PATH_EFFICIENCY,INTERACTION_TITLE_NAME,0.014145221849837353
gen4_native_mamba_phase_f_pair_level_contrasts_v1,theater_restoration,POST4_PATH_EFFICIENCY,INTERACTION_TITLE_NAME,-0.0025152897781531847
gen4_native_mamba_phase_f_pair_level_contrasts_v1,treaty_signature,POST4_PATH_EFFICIENCY,INTERACTION_TITLE_NAME,-0.008827186181282864
gen4_native_mamba_phase_f_pair_level_contrasts_v1,vaccine_delivery,POST4_PATH_EFFICIENCY,INTERACTION_TITLE_NAME,-0.0008994477045938254
gen4_native_mamba_phase_f_pair_level_contrasts_v1,volcano_observatory,POST4_PATH_EFFICIENCY,INTERACTION_TITLE_NAME,-0.012525381684209913
gen4_native_mamba_phase_f_pair_level_contrasts_v1,wetland_restoration,POST4_PATH_EFFICIENCY,INTERACTION_TITLE_NAME,0.010037946839264789
