schema_version,source_pair_id,layer_index,endpoint,estimand,contrast_value
gen4_name_q1_q3_pair_level_contrasts_v1,archive_release,5,POST4_SPEED,DELTA_NAME,-0.06946730613708496
gen4_name_q1_q3_pair_level_contrasts_v1,bridge_opening,5,POST4_SPEED,DELTA_NAME,-0.09508442878723145
gen4_name_q1_q3_pair_level_contrasts_v1,canal_reopening,5,POST4_SPEED,DELTA_NAME,0.09975886344909668
gen4_name_q1_q3_pair_level_contrasts_v1,clinic_expansion,5,POST4_SPEED,DELTA_NAME,-0.08942508697509766
gen4_name_q1_q3_pair_level_contrasts_v1,dam_inspection,5,POST4_SPEED,DELTA_NAME,-0.16714215278625488
gen4_name_q1_q3_pair_level_contrasts_v1,ferry_launch,5,POST4_SPEED,DELTA_NAME,0.02169358730316162
gen4_name_q1_q3_pair_level_contrasts_v1,festival_selection,5,POST4_SPEED,DELTA_NAME,0.1083059310913086
gen4_name_q1_q3_pair_level_contrasts_v1,forest_mapping,5,POST4_SPEED,DELTA_NAME,-0.15539610385894775
gen4_name_q1_q3_pair_level_contrasts_v1,garden_award,5,POST4_SPEED,DELTA_NAME,-0.10894596576690674
gen4_name_q1_q3_pair_level_contrasts_v1,generated_fact_031,5,POST4_SPEED,DELTA_NAME,0.08798658847808838
gen4_name_q1_q3_pair_level_contrasts_v1,generated_fact_032,5,POST4_SPEED,DELTA_NAME,-0.0805732011795044
gen4_name_q1_q3_pair_level_contrasts_v1,generated_fact_033,5,POST4_SPEED,DELTA_NAME,-0.0038412809371948242
gen4_name_q1_q3_pair_level_contrasts_v1,generated_fact_034,5,POST4_SPEED,DELTA_NAME,0.010556578636169434
gen4_name_q1_q3_pair_level_contrasts_v1,generated_fact_035,5,POST4_SPEED,DELTA_NAME,0.015892863273620605
gen4_name_q1_q3_pair_level_contrasts_v1,generated_fact_036,5,POST4_SPEED,DELTA_NAME,0.03953075408935547
gen4_name_q1_q3_pair_level_contrasts_v1,generated_fact_037,5,POST4_SPEED,DELTA_NAME,0.04548978805541992
gen4_name_q1_q3_pair_level_contrasts_v1,generated_fact_038,5,POST4_SPEED,DELTA_NAME,-0.14452481269836426
gen4_name_q1_q3_pair_level_contrasts_v1,generated_fact_039,5,POST4_SPEED,DELTA_NAME,-0.05816793441772461
gen4_name_q1_q3_pair_level_contrasts_v1,generated_fact_040,5,POST4_SPEED,DELTA_NAME,0.10148382186889648
gen4_name_q1_q3_pair_level_contrasts_v1,generated_fact_041,5,POST4_SPEED,DELTA_NAME,0.037569284439086914
gen4_name_q1_q3_pair_level_contrasts_v1,generated_fact_042,5,POST4_SPEED,DELTA_NAME,-0.03988051414489746
gen4_name_q1_q3_pair_level_contrasts_v1,generated_fact_043,5,POST4_SPEED,DELTA_NAME,0.08962023258209229
gen4_name_q1_q3_pair_level_contrasts_v1,generated_fact_044,5,POST4_SPEED,DELTA_NAME,-0.07941877841949463
gen4_name_q1_q3_pair_level_contrasts_v1,generated_fact_045,5,POST4_SPEED,DELTA_NAME,-0.0016205310821533203
gen4_name_q1_q3_pair_level_contrasts_v1,generated_fact_046,5,POST4_SPEED,DELTA_NAME,0.01048743724822998
gen4_name_q1_q3_pair_level_contrasts_v1,generated_fact_047,5,POST4_SPEED,DELTA_NAME,0.01537775993347168
gen4_name_q1_q3_pair_level_contrasts_v1,generated_fact_048,5,POST4_SPEED,DELTA_NAME,0.03998208045959473
gen4_name_q1_q3_pair_level_contrasts_v1,generated_fact_049,5,POST4_SPEED,DELTA_NAME,0.04569065570831299
gen4_name_q1_q3_pair_level_contrasts_v1,generated_fact_050,5,POST4_SPEED,DELTA_NAME,-0.1457120180130005
gen4_name_q1_q3_pair_level_contrasts_v1,generated_fact_051,5,POST4_SPEED,DELTA_NAME,-0.058356285095214844
gen4_name_q1_q3_pair_level_contrasts_v1,generated_fact_052,5,POST4_SPEED,DELTA_NAME,0.10042953491210938
gen4_name_q1_q3_pair_level_contrasts_v1,generated_fact_053,5,POST4_SPEED,DELTA_NAME,0.040148019790649414
gen4_name_q1_q3_pair_level_contrasts_v1,generated_fact_054,5,POST4_SPEED,DELTA_NAME,-0.0399705171585083
gen4_name_q1_q3_pair_level_contrasts_v1,generated_fact_055,5,POST4_SPEED,DELTA_NAME,0.08841133117675781
gen4_name_q1_q3_pair_level_contrasts_v1,generated_fact_056,5,POST4_SPEED,DELTA_NAME,-0.07976889610290527
gen4_name_q1_q3_pair_level_contrasts_v1,generated_fact_057,5,POST4_SPEED,DELTA_NAME,-0.0020492076873779297
gen4_name_q1_q3_pair_level_contrasts_v1,generated_fact_058,5,POST4_SPEED,DELTA_NAME,0.009145855903625488
gen4_name_q1_q3_pair_level_contrasts_v1,generated_fact_059,5,POST4_SPEED,DELTA_NAME,0.015445709228515625
gen4_name_q1_q3_pair_level_contrasts_v1,generated_fact_060,5,POST4_SPEED,DELTA_NAME,0.039994239807128906
gen4_name_q1_q3_pair_level_contrasts_v1,generated_fact_061,5,POST4_SPEED,DELTA_NAME,0.044992804527282715
gen4_name_q1_q3_pair_level_contrasts_v1,generated_fact_062,5,POST4_SPEED,DELTA_NAME,-0.14375531673431396
gen4_name_q1_q3_pair_level_contrasts_v1,generated_fact_063,5,POST4_SPEED,DELTA_NAME,-0.057906389236450195
gen4_name_q1_q3_pair_level_contrasts_v1,generated_fact_064,5,POST4_SPEED,DELTA_NAME,0.1004403829574585
gen4_name_q1_q3_pair_level_contrasts_v1,generated_fact_065,5,POST4_SPEED,DELTA_NAME,0.040985703468322754
gen4_name_q1_q3_pair_level_contrasts_v1,generated_fact_066,5,POST4_SPEED,DELTA_NAME,-0.039643049240112305
gen4_name_q1_q3_pair_level_contrasts_v1,generated_fact_067,5,POST4_SPEED,DELTA_NAME,0.08869385719299316
gen4_name_q1_q3_pair_level_contrasts_v1,generated_fact_068,5,POST4_SPEED,DELTA_NAME,-0.07936930656433105
gen4_name_q1_q3_pair_level_contrasts_v1,generated_fact_069,5,POST4_SPEED,DELTA_NAME,-0.0038292407989501953
gen4_name_q1_q3_pair_level_contrasts_v1,generated_fact_070,5,POST4_SPEED,DELTA_NAME,0.010073661804199219
gen4_name_q1_q3_pair_level_contrasts_v1,generated_fact_071,5,POST4_SPEED,DELTA_NAME,0.014338016510009766
gen4_name_q1_q3_pair_level_contrasts_v1,generated_fact_072,5,POST4_SPEED,DELTA_NAME,0.03996610641479492
gen4_name_q1_q3_pair_level_contrasts_v1,generated_fact_073,5,POST4_SPEED,DELTA_NAME,0.04494369029998779
gen4_name_q1_q3_pair_level_contrasts_v1,generated_fact_074,5,POST4_SPEED,DELTA_NAME,-0.143416166305542
gen4_name_q1_q3_pair_level_contrasts_v1,generated_fact_075,5,POST4_SPEED,DELTA_NAME,-0.05866408348083496
gen4_name_q1_q3_pair_level_contrasts_v1,generated_fact_076,5,POST4_SPEED,DELTA_NAME,0.0993889570236206
gen4_name_q1_q3_pair_level_contrasts_v1,generated_fact_077,5,POST4_SPEED,DELTA_NAME,0.04137086868286133
gen4_name_q1_q3_pair_level_contrasts_v1,generated_fact_078,5,POST4_SPEED,DELTA_NAME,-0.040352463722229004
gen4_name_q1_q3_pair_level_contrasts_v1,generated_fact_079,5,POST4_SPEED,DELTA_NAME,0.09001052379608154
gen4_name_q1_q3_pair_level_contrasts_v1,generated_fact_080,5,POST4_SPEED,DELTA_NAME,-0.07788598537445068
gen4_name_q1_q3_pair_level_contrasts_v1,generated_fact_081,5,POST4_SPEED,DELTA_NAME,-0.003992199897766113
gen4_name_q1_q3_pair_level_contrasts_v1,generated_fact_082,5,POST4_SPEED,DELTA_NAME,0.008973479270935059
gen4_name_q1_q3_pair_level_contrasts_v1,generated_fact_083,5,POST4_SPEED,DELTA_NAME,0.015324831008911133
gen4_name_q1_q3_pair_level_contrasts_v1,generated_fact_084,5,POST4_SPEED,DELTA_NAME,0.03944993019104004
gen4_name_q1_q3_pair_level_contrasts_v1,generated_fact_085,5,POST4_SPEED,DELTA_NAME,0.04518473148345947
gen4_name_q1_q3_pair_level_contrasts_v1,generated_fact_086,5,POST4_SPEED,DELTA_NAME,-0.14493882656097412
gen4_name_q1_q3_pair_level_contrasts_v1,generated_fact_087,5,POST4_SPEED,DELTA_NAME,-0.05944061279296875
gen4_name_q1_q3_pair_level_contrasts_v1,generated_fact_088,5,POST4_SPEED,DELTA_NAME,0.10131585597991943
gen4_name_q1_q3_pair_level_contrasts_v1,generated_fact_089,5,POST4_SPEED,DELTA_NAME,0.0418088436126709
gen4_name_q1_q3_pair_level_contrasts_v1,generated_fact_090,5,POST4_SPEED,DELTA_NAME,-0.03913605213165283
gen4_name_q1_q3_pair_level_contrasts_v1,generated_fact_091,5,POST4_SPEED,DELTA_NAME,0.08810126781463623
gen4_name_q1_q3_pair_level_contrasts_v1,generated_fact_092,5,POST4_SPEED,DELTA_NAME,-0.07935404777526855
gen4_name_q1_q3_pair_level_contrasts_v1,generated_fact_093,5,POST4_SPEED,DELTA_NAME,-0.002293825149536133
gen4_name_q1_q3_pair_level_contrasts_v1,generated_fact_094,5,POST4_SPEED,DELTA_NAME,0.010264396667480469
gen4_name_q1_q3_pair_level_contrasts_v1,generated_fact_095,5,POST4_SPEED,DELTA_NAME,0.013804912567138672
gen4_name_q1_q3_pair_level_contrasts_v1,generated_fact_096,5,POST4_SPEED,DELTA_NAME,0.03897547721862793
gen4_name_q1_q3_pair_level_contrasts_v1,generated_fact_097,5,POST4_SPEED,DELTA_NAME,0.045229434967041016
gen4_name_q1_q3_pair_level_contrasts_v1,generated_fact_098,5,POST4_SPEED,DELTA_NAME,-0.14460694789886475
gen4_name_q1_q3_pair_level_contrasts_v1,generated_fact_099,5,POST4_SPEED,DELTA_NAME,-0.058153629302978516
gen4_name_q1_q3_pair_level_contrasts_v1,generated_fact_100,5,POST4_SPEED,DELTA_NAME,0.10013389587402344
gen4_name_q1_q3_pair_level_contrasts_v1,generated_fact_101,5,POST4_SPEED,DELTA_NAME,0.038161516189575195
gen4_name_q1_q3_pair_level_contrasts_v1,generated_fact_102,5,POST4_SPEED,DELTA_NAME,-0.039186954498291016
gen4_name_q1_q3_pair_level_contrasts_v1,generated_fact_103,5,POST4_SPEED,DELTA_NAME,0.08806872367858887
gen4_name_q1_q3_pair_level_contrasts_v1,generated_fact_104,5,POST4_SPEED,DELTA_NAME,-0.08008050918579102
gen4_name_q1_q3_pair_level_contrasts_v1,generated_fact_105,5,POST4_SPEED,DELTA_NAME,-0.004050254821777344
gen4_name_q1_q3_pair_level_contrasts_v1,generated_fact_106,5,POST4_SPEED,DELTA_NAME,0.010350942611694336
gen4_name_q1_q3_pair_level_contrasts_v1,generated_fact_107,5,POST4_SPEED,DELTA_NAME,0.016183137893676758
gen4_name_q1_q3_pair_level_contrasts_v1,generated_fact_108,5,POST4_SPEED,DELTA_NAME,0.03992331027984619
gen4_name_q1_q3_pair_level_contrasts_v1,generated_fact_109,5,POST4_SPEED,DELTA_NAME,0.04532647132873535
gen4_name_q1_q3_pair_level_contrasts_v1,generated_fact_110,5,POST4_SPEED,DELTA_NAME,-0.14364337921142578
gen4_name_q1_q3_pair_level_contrasts_v1,generated_fact_111,5,POST4_SPEED,DELTA_NAME,-0.05868875980377197
gen4_name_q1_q3_pair_level_contrasts_v1,generated_fact_112,5,POST4_SPEED,DELTA_NAME,0.10068738460540771
gen4_name_q1_q3_pair_level_contrasts_v1,generated_fact_113,5,POST4_SPEED,DELTA_NAME,0.039949893951416016
gen4_name_q1_q3_pair_level_contrasts_v1,generated_fact_114,5,POST4_SPEED,DELTA_NAME,-0.041908979415893555
gen4_name_q1_q3_pair_level_contrasts_v1,generated_fact_115,5,POST4_SPEED,DELTA_NAME,0.08798742294311523
gen4_name_q1_q3_pair_level_contrasts_v1,generated_fact_116,5,POST4_SPEED,DELTA_NAME,-0.08090424537658691
gen4_name_q1_q3_pair_level_contrasts_v1,generated_fact_117,5,POST4_SPEED,DELTA_NAME,-0.0023306608200073242
gen4_name_q1_q3_pair_level_contrasts_v1,generated_fact_118,5,POST4_SPEED,DELTA_NAME,0.0116194486618042
gen4_name_q1_q3_pair_level_contrasts_v1,generated_fact_119,5,POST4_SPEED,DELTA_NAME,0.014640331268310547
gen4_name_q1_q3_pair_level_contrasts_v1,generated_fact_120,5,POST4_SPEED,DELTA_NAME,0.03872501850128174
gen4_name_q1_q3_pair_level_contrasts_v1,generated_fact_121,5,POST4_SPEED,DELTA_NAME,0.046549439430236816
gen4_name_q1_q3_pair_level_contrasts_v1,generated_fact_122,5,POST4_SPEED,DELTA_NAME,-0.14388656616210938
gen4_name_q1_q3_pair_level_contrasts_v1,generated_fact_123,5,POST4_SPEED,DELTA_NAME,-0.05859363079071045
gen4_name_q1_q3_pair_level_contrasts_v1,generated_fact_124,5,POST4_SPEED,DELTA_NAME,0.09984147548675537
gen4_name_q1_q3_pair_level_contrasts_v1,generated_fact_125,5,POST4_SPEED,DELTA_NAME,0.037384867668151855
gen4_name_q1_q3_pair_level_contrasts_v1,generated_fact_126,5,POST4_SPEED,DELTA_NAME,-0.04092967510223389
gen4_name_q1_q3_pair_level_contrasts_v1,generated_fact_127,5,POST4_SPEED,DELTA_NAME,0.0891028642654419
gen4_name_q1_q3_pair_level_contrasts_v1,generated_fact_128,5,POST4_SPEED,DELTA_NAME,-0.07980966567993164
gen4_name_q1_q3_pair_level_contrasts_v1,generated_fact_129,5,POST4_SPEED,DELTA_NAME,-0.0042858123779296875
gen4_name_q1_q3_pair_level_contrasts_v1,generated_fact_130,5,POST4_SPEED,DELTA_NAME,0.0098801851272583
gen4_name_q1_q3_pair_level_contrasts_v1,generated_fact_131,5,POST4_SPEED,DELTA_NAME,0.017929792404174805
gen4_name_q1_q3_pair_level_contrasts_v1,generated_fact_132,5,POST4_SPEED,DELTA_NAME,0.04055225849151611
gen4_name_q1_q3_pair_level_contrasts_v1,generated_fact_133,5,POST4_SPEED,DELTA_NAME,0.045128583908081055
gen4_name_q1_q3_pair_level_contrasts_v1,generated_fact_134,5,POST4_SPEED,DELTA_NAME,-0.14441931247711182
gen4_name_q1_q3_pair_level_contrasts_v1,generated_fact_135,5,POST4_SPEED,DELTA_NAME,-0.05736899375915527
gen4_name_q1_q3_pair_level_contrasts_v1,generated_fact_136,5,POST4_SPEED,DELTA_NAME,0.10113525390625
gen4_name_q1_q3_pair_level_contrasts_v1,generated_fact_137,5,POST4_SPEED,DELTA_NAME,0.040198326110839844
gen4_name_q1_q3_pair_level_contrasts_v1,generated_fact_138,5,POST4_SPEED,DELTA_NAME,-0.03984522819519043
gen4_name_q1_q3_pair_level_contrasts_v1,generated_fact_139,5,POST4_SPEED,DELTA_NAME,0.08791911602020264
gen4_name_q1_q3_pair_level_contrasts_v1,generated_fact_140,5,POST4_SPEED,DELTA_NAME,-0.07980823516845703
gen4_name_q1_q3_pair_level_contrasts_v1,generated_fact_141,5,POST4_SPEED,DELTA_NAME,-0.0014160871505737305
gen4_name_q1_q3_pair_level_contrasts_v1,generated_fact_142,5,POST4_SPEED,DELTA_NAME,0.010111331939697266
gen4_name_q1_q3_pair_level_contrasts_v1,generated_fact_143,5,POST4_SPEED,DELTA_NAME,0.014359116554260254
gen4_name_q1_q3_pair_level_contrasts_v1,generated_fact_144,5,POST4_SPEED,DELTA_NAME,0.039179205894470215
gen4_name_q1_q3_pair_level_contrasts_v1,generated_fact_145,5,POST4_SPEED,DELTA_NAME,0.04560554027557373
gen4_name_q1_q3_pair_level_contrasts_v1,generated_fact_146,5,POST4_SPEED,DELTA_NAME,-0.14327311515808105
gen4_name_q1_q3_pair_level_contrasts_v1,generated_fact_147,5,POST4_SPEED,DELTA_NAME,-0.05890798568725586
gen4_name_q1_q3_pair_level_contrasts_v1,generated_fact_148,5,POST4_SPEED,DELTA_NAME,0.09886336326599121
gen4_name_q1_q3_pair_level_contrasts_v1,generated_fact_149,5,POST4_SPEED,DELTA_NAME,0.040084123611450195
gen4_name_q1_q3_pair_level_contrasts_v1,generated_fact_150,5,POST4_SPEED,DELTA_NAME,-0.03914177417755127
gen4_name_q1_q3_pair_level_contrasts_v1,generated_fact_151,5,POST4_SPEED,DELTA_NAME,0.08824419975280762
gen4_name_q1_q3_pair_level_contrasts_v1,generated_fact_152,5,POST4_SPEED,DELTA_NAME,-0.08062756061553955
gen4_name_q1_q3_pair_level_contrasts_v1,generated_fact_153,5,POST4_SPEED,DELTA_NAME,-0.0047757625579833984
gen4_name_q1_q3_pair_level_contrasts_v1,generated_fact_154,5,POST4_SPEED,DELTA_NAME,0.009456753730773926
gen4_name_q1_q3_pair_level_contrasts_v1,generated_fact_155,5,POST4_SPEED,DELTA_NAME,0.016909480094909668
gen4_name_q1_q3_pair_level_contrasts_v1,generated_fact_156,5,POST4_SPEED,DELTA_NAME,0.04089236259460449
gen4_name_q1_q3_pair_level_contrasts_v1,generated_fact_157,5,POST4_SPEED,DELTA_NAME,0.04527592658996582
gen4_name_q1_q3_pair_level_contrasts_v1,generated_fact_158,5,POST4_SPEED,DELTA_NAME,-0.14444732666015625
gen4_name_q1_q3_pair_level_contrasts_v1,generated_fact_159,5,POST4_SPEED,DELTA_NAME,-0.057871103286743164
gen4_name_q1_q3_pair_level_contrasts_v1,generated_fact_160,5,POST4_SPEED,DELTA_NAME,0.10068821907043457
gen4_name_q1_q3_pair_level_contrasts_v1,generated_fact_161,5,POST4_SPEED,DELTA_NAME,0.04201841354370117
gen4_name_q1_q3_pair_level_contrasts_v1,generated_fact_162,5,POST4_SPEED,DELTA_NAME,-0.0395277738571167
gen4_name_q1_q3_pair_level_contrasts_v1,generated_fact_163,5,POST4_SPEED,DELTA_NAME,0.08929991722106934
gen4_name_q1_q3_pair_level_contrasts_v1,generated_fact_164,5,POST4_SPEED,DELTA_NAME,-0.07886946201324463
gen4_name_q1_q3_pair_level_contrasts_v1,generated_fact_165,5,POST4_SPEED,DELTA_NAME,-0.0030072927474975586
gen4_name_q1_q3_pair_level_contrasts_v1,generated_fact_166,5,POST4_SPEED,DELTA_NAME,0.010422825813293457
gen4_name_q1_q3_pair_level_contrasts_v1,generated_fact_167,5,POST4_SPEED,DELTA_NAME,0.014587998390197754
gen4_name_q1_q3_pair_level_contrasts_v1,generated_fact_168,5,POST4_SPEED,DELTA_NAME,0.0386049747467041
gen4_name_q1_q3_pair_level_contrasts_v1,generated_fact_169,5,POST4_SPEED,DELTA_NAME,0.046280622482299805
gen4_name_q1_q3_pair_level_contrasts_v1,generated_fact_170,5,POST4_SPEED,DELTA_NAME,-0.1450502872467041
gen4_name_q1_q3_pair_level_contrasts_v1,generated_fact_171,5,POST4_SPEED,DELTA_NAME,-0.06014204025268555
gen4_name_q1_q3_pair_level_contrasts_v1,generated_fact_172,5,POST4_SPEED,DELTA_NAME,0.0994410514831543
gen4_name_q1_q3_pair_level_contrasts_v1,generated_fact_173,5,POST4_SPEED,DELTA_NAME,0.04151642322540283
gen4_name_q1_q3_pair_level_contrasts_v1,generated_fact_174,5,POST4_SPEED,DELTA_NAME,-0.04025912284851074
gen4_name_q1_q3_pair_level_contrasts_v1,generated_fact_175,5,POST4_SPEED,DELTA_NAME,0.08867037296295166
gen4_name_q1_q3_pair_level_contrasts_v1,generated_fact_176,5,POST4_SPEED,DELTA_NAME,-0.08041536808013916
gen4_name_q1_q3_pair_level_contrasts_v1,generated_fact_177,5,POST4_SPEED,DELTA_NAME,-0.003128647804260254
gen4_name_q1_q3_pair_level_contrasts_v1,generated_fact_178,5,POST4_SPEED,DELTA_NAME,0.010024666786193848
gen4_name_q1_q3_pair_level_contrasts_v1,generated_fact_179,5,POST4_SPEED,DELTA_NAME,0.016735315322875977
gen4_name_q1_q3_pair_level_contrasts_v1,generated_fact_180,5,POST4_SPEED,DELTA_NAME,0.03916668891906738
gen4_name_q1_q3_pair_level_contrasts_v1,generated_fact_181,5,POST4_SPEED,DELTA_NAME,0.045443058013916016
gen4_name_q1_q3_pair_level_contrasts_v1,generated_fact_182,5,POST4_SPEED,DELTA_NAME,-0.144362211227417
gen4_name_q1_q3_pair_level_contrasts_v1,generated_fact_183,5,POST4_SPEED,DELTA_NAME,-0.05733847618103027
gen4_name_q1_q3_pair_level_contrasts_v1,generated_fact_184,5,POST4_SPEED,DELTA_NAME,0.09987866878509521
gen4_name_q1_q3_pair_level_contrasts_v1,generated_fact_185,5,POST4_SPEED,DELTA_NAME,0.03985321521759033
gen4_name_q1_q3_pair_level_contrasts_v1,generated_fact_186,5,POST4_SPEED,DELTA_NAME,-0.0392611026763916
gen4_name_q1_q3_pair_level_contrasts_v1,generated_fact_187,5,POST4_SPEED,DELTA_NAME,0.08803653717041016
gen4_name_q1_q3_pair_level_contrasts_v1,generated_fact_188,5,POST4_SPEED,DELTA_NAME,-0.08037161827087402
gen4_name_q1_q3_pair_level_contrasts_v1,generated_fact_189,5,POST4_SPEED,DELTA_NAME,-0.0020955801010131836
gen4_name_q1_q3_pair_level_contrasts_v1,generated_fact_190,5,POST4_SPEED,DELTA_NAME,0.011306166648864746
gen4_name_q1_q3_pair_level_contrasts_v1,generated_fact_191,5,POST4_SPEED,DELTA_NAME,0.015819072723388672
gen4_name_q1_q3_pair_level_contrasts_v1,generated_fact_192,5,POST4_SPEED,DELTA_NAME,0.03879714012145996
gen4_name_q1_q3_pair_level_contrasts_v1,generated_fact_193,5,POST4_SPEED,DELTA_NAME,0.04598402976989746
gen4_name_q1_q3_pair_level_contrasts_v1,generated_fact_194,5,POST4_SPEED,DELTA_NAME,-0.14399957656860352
gen4_name_q1_q3_pair_level_contrasts_v1,generated_fact_195,5,POST4_SPEED,DELTA_NAME,-0.05937790870666504
gen4_name_q1_q3_pair_level_contrasts_v1,generated_fact_196,5,POST4_SPEED,DELTA_NAME,0.0983881950378418
gen4_name_q1_q3_pair_level_contrasts_v1,generated_fact_197,5,POST4_SPEED,DELTA_NAME,0.03960239887237549
gen4_name_q1_q3_pair_level_contrasts_v1,generated_fact_198,5,POST4_SPEED,DELTA_NAME,-0.04186666011810303
gen4_name_q1_q3_pair_level_contrasts_v1,generated_fact_199,5,POST4_SPEED,DELTA_NAME,0.08769547939300537
gen4_name_q1_q3_pair_level_contrasts_v1,generated_fact_200,5,POST4_SPEED,DELTA_NAME,-0.08058011531829834
gen4_name_q1_q3_pair_level_contrasts_v1,generated_fact_201,5,POST4_SPEED,DELTA_NAME,-0.004354596138000488
gen4_name_q1_q3_pair_level_contrasts_v1,generated_fact_202,5,POST4_SPEED,DELTA_NAME,0.010510921478271484
gen4_name_q1_q3_pair_level_contrasts_v1,generated_fact_203,5,POST4_SPEED,DELTA_NAME,0.01585566997528076
gen4_name_q1_q3_pair_level_contrasts_v1,generated_fact_204,5,POST4_SPEED,DELTA_NAME,0.039395689964294434
gen4_name_q1_q3_pair_level_contrasts_v1,generated_fact_205,5,POST4_SPEED,DELTA_NAME,0.04605400562286377
gen4_name_q1_q3_pair_level_contrasts_v1,generated_fact_206,5,POST4_SPEED,DELTA_NAME,-0.14422690868377686
gen4_name_q1_q3_pair_level_contrasts_v1,generated_fact_207,5,POST4_SPEED,DELTA_NAME,-0.05809831619262695
gen4_name_q1_q3_pair_level_contrasts_v1,generated_fact_208,5,POST4_SPEED,DELTA_NAME,0.10125172138214111
gen4_name_q1_q3_pair_level_contrasts_v1,generated_fact_209,5,POST4_SPEED,DELTA_NAME,0.038080692291259766
gen4_name_q1_q3_pair_level_contrasts_v1,generated_fact_210,5,POST4_SPEED,DELTA_NAME,-0.04027915000915527
gen4_name_q1_q3_pair_level_contrasts_v1,generated_fact_211,5,POST4_SPEED,DELTA_NAME,0.08882176876068115
gen4_name_q1_q3_pair_level_contrasts_v1,generated_fact_212,5,POST4_SPEED,DELTA_NAME,-0.08097922801971436
gen4_name_q1_q3_pair_level_contrasts_v1,generated_fact_213,5,POST4_SPEED,DELTA_NAME,-0.0022939443588256836
gen4_name_q1_q3_pair_level_contrasts_v1,generated_fact_214,5,POST4_SPEED,DELTA_NAME,0.010781645774841309
gen4_name_q1_q3_pair_level_contrasts_v1,generated_fact_215,5,POST4_SPEED,DELTA_NAME,0.016531705856323242
gen4_name_q1_q3_pair_level_contrasts_v1,generated_fact_216,5,POST4_SPEED,DELTA_NAME,0.03998148441314697
gen4_name_q1_q3_pair_level_contrasts_v1,generated_fact_217,5,POST4_SPEED,DELTA_NAME,0.04598796367645264
gen4_name_q1_q3_pair_level_contrasts_v1,generated_fact_218,5,POST4_SPEED,DELTA_NAME,-0.14529216289520264
gen4_name_q1_q3_pair_level_contrasts_v1,generated_fact_219,5,POST4_SPEED,DELTA_NAME,-0.05823230743408203
gen4_name_q1_q3_pair_level_contrasts_v1,generated_fact_220,5,POST4_SPEED,DELTA_NAME,0.10011780261993408
gen4_name_q1_q3_pair_level_contrasts_v1,generated_fact_221,5,POST4_SPEED,DELTA_NAME,0.039467573165893555
gen4_name_q1_q3_pair_level_contrasts_v1,generated_fact_222,5,POST4_SPEED,DELTA_NAME,-0.04064524173736572
gen4_name_q1_q3_pair_level_contrasts_v1,generated_fact_223,5,POST4_SPEED,DELTA_NAME,0.08827447891235352
gen4_name_q1_q3_pair_level_contrasts_v1,generated_fact_224,5,POST4_SPEED,DELTA_NAME,-0.08063232898712158
gen4_name_q1_q3_pair_level_contrasts_v1,generated_fact_225,5,POST4_SPEED,DELTA_NAME,-0.002207040786743164
gen4_name_q1_q3_pair_level_contrasts_v1,generated_fact_226,5,POST4_SPEED,DELTA_NAME,0.009596467018127441
gen4_name_q1_q3_pair_level_contrasts_v1,generated_fact_227,5,POST4_SPEED,DELTA_NAME,0.01628577709197998
gen4_name_q1_q3_pair_level_contrasts_v1,generated_fact_228,5,POST4_SPEED,DELTA_NAME,0.039075374603271484
gen4_name_q1_q3_pair_level_contrasts_v1,generated_fact_229,5,POST4_SPEED,DELTA_NAME,0.045137882232666016
gen4_name_q1_q3_pair_level_contrasts_v1,generated_fact_230,5,POST4_SPEED,DELTA_NAME,-0.14304280281066895
gen4_name_q1_q3_pair_level_contrasts_v1,generated_fact_231,5,POST4_SPEED,DELTA_NAME,-0.057750701904296875
gen4_name_q1_q3_pair_level_contrasts_v1,generated_fact_232,5,POST4_SPEED,DELTA_NAME,0.1001514196395874
gen4_name_q1_q3_pair_level_contrasts_v1,generated_fact_233,5,POST4_SPEED,DELTA_NAME,0.040831804275512695
gen4_name_q1_q3_pair_level_contrasts_v1,generated_fact_234,5,POST4_SPEED,DELTA_NAME,-0.04017436504364014
gen4_name_q1_q3_pair_level_contrasts_v1,generated_fact_235,5,POST4_SPEED,DELTA_NAME,0.08859443664550781
gen4_name_q1_q3_pair_level_contrasts_v1,generated_fact_236,5,POST4_SPEED,DELTA_NAME,-0.08078837394714355
gen4_name_q1_q3_pair_level_contrasts_v1,generated_fact_237,5,POST4_SPEED,DELTA_NAME,-0.0031075477600097656
gen4_name_q1_q3_pair_level_contrasts_v1,generated_fact_238,5,POST4_SPEED,DELTA_NAME,0.010329127311706543
gen4_name_q1_q3_pair_level_contrasts_v1,generated_fact_239,5,POST4_SPEED,DELTA_NAME,0.015544891357421875
gen4_name_q1_q3_pair_level_contrasts_v1,generated_fact_240,5,POST4_SPEED,DELTA_NAME,0.039650917053222656
gen4_name_q1_q3_pair_level_contrasts_v1,generated_fact_241,5,POST4_SPEED,DELTA_NAME,0.04561161994934082
gen4_name_q1_q3_pair_level_contrasts_v1,generated_fact_242,5,POST4_SPEED,DELTA_NAME,-0.14376699924468994
gen4_name_q1_q3_pair_level_contrasts_v1,generated_fact_243,5,POST4_SPEED,DELTA_NAME,-0.05860543251037598
gen4_name_q1_q3_pair_level_contrasts_v1,generated_fact_244,5,POST4_SPEED,DELTA_NAME,0.0988004207611084
gen4_name_q1_q3_pair_level_contrasts_v1,generated_fact_245,5,POST4_SPEED,DELTA_NAME,0.040975213050842285
gen4_name_q1_q3_pair_level_contrasts_v1,generated_fact_246,5,POST4_SPEED,DELTA_NAME,-0.04132699966430664
gen4_name_q1_q3_pair_level_contrasts_v1,generated_fact_247,5,POST4_SPEED,DELTA_NAME,0.08892762660980225
gen4_name_q1_q3_pair_level_contrasts_v1,generated_fact_248,5,POST4_SPEED,DELTA_NAME,-0.07943475246429443
gen4_name_q1_q3_pair_level_contrasts_v1,generated_fact_249,5,POST4_SPEED,DELTA_NAME,-0.003702521324157715
gen4_name_q1_q3_pair_level_contrasts_v1,generated_fact_250,5,POST4_SPEED,DELTA_NAME,0.009286642074584961
gen4_name_q1_q3_pair_level_contrasts_v1,generated_fact_251,5,POST4_SPEED,DELTA_NAME,0.016708731651306152
gen4_name_q1_q3_pair_level_contrasts_v1,generated_fact_252,5,POST4_SPEED,DELTA_NAME,0.03966403007507324
gen4_name_q1_q3_pair_level_contrasts_v1,generated_fact_253,5,POST4_SPEED,DELTA_NAME,0.04601013660430908
gen4_name_q1_q3_pair_level_contrasts_v1,generated_fact_254,5,POST4_SPEED,DELTA_NAME,-0.14431869983673096
gen4_name_q1_q3_pair_level_contrasts_v1,generated_fact_255,5,POST4_SPEED,DELTA_NAME,-0.05923664569854736
gen4_name_q1_q3_pair_level_contrasts_v1,generated_fact_256,5,POST4_SPEED,DELTA_NAME,0.10140204429626465
gen4_name_q1_q3_pair_level_contrasts_v1,generated_fact_257,5,POST4_SPEED,DELTA_NAME,0.042119383811950684
gen4_name_q1_q3_pair_level_contrasts_v1,generated_fact_258,5,POST4_SPEED,DELTA_NAME,-0.04074501991271973
gen4_name_q1_q3_pair_level_contrasts_v1,generated_fact_259,5,POST4_SPEED,DELTA_NAME,0.08769798278808594
gen4_name_q1_q3_pair_level_contrasts_v1,generated_fact_260,5,POST4_SPEED,DELTA_NAME,-0.07999742031097412
gen4_name_q1_q3_pair_level_contrasts_v1,generated_fact_261,5,POST4_SPEED,DELTA_NAME,-0.0019892454147338867
gen4_name_q1_q3_pair_level_contrasts_v1,generated_fact_262,5,POST4_SPEED,DELTA_NAME,0.01042938232421875
gen4_name_q1_q3_pair_level_contrasts_v1,generated_fact_263,5,POST4_SPEED,DELTA_NAME,0.015250205993652344
gen4_name_q1_q3_pair_level_contrasts_v1,generated_fact_264,5,POST4_SPEED,DELTA_NAME,0.03896486759185791
gen4_name_q1_q3_pair_level_contrasts_v1,generated_fact_265,5,POST4_SPEED,DELTA_NAME,0.04536581039428711
gen4_name_q1_q3_pair_level_contrasts_v1,generated_fact_266,5,POST4_SPEED,DELTA_NAME,-0.14506745338439941
gen4_name_q1_q3_pair_level_contrasts_v1,generated_fact_267,5,POST4_SPEED,DELTA_NAME,-0.05852007865905762
gen4_name_q1_q3_pair_level_contrasts_v1,generated_fact_268,5,POST4_SPEED,DELTA_NAME,0.0986185073852539
gen4_name_q1_q3_pair_level_contrasts_v1,generated_fact_269,5,POST4_SPEED,DELTA_NAME,0.03973960876464844
gen4_name_q1_q3_pair_level_contrasts_v1,generated_fact_270,5,POST4_SPEED,DELTA_NAME,-0.04007887840270996
gen4_name_q1_q3_pair_level_contrasts_v1,generated_fact_271,5,POST4_SPEED,DELTA_NAME,0.08823442459106445
gen4_name_q1_q3_pair_level_contrasts_v1,generated_fact_272,5,POST4_SPEED,DELTA_NAME,-0.07990419864654541
gen4_name_q1_q3_pair_level_contrasts_v1,generated_fact_273,5,POST4_SPEED,DELTA_NAME,-0.0027593374252319336
gen4_name_q1_q3_pair_level_contrasts_v1,generated_fact_274,5,POST4_SPEED,DELTA_NAME,0.010250210762023926
gen4_name_q1_q3_pair_level_contrasts_v1,generated_fact_275,5,POST4_SPEED,DELTA_NAME,0.018261194229125977
gen4_name_q1_q3_pair_level_contrasts_v1,generated_fact_276,5,POST4_SPEED,DELTA_NAME,0.03977704048156738
gen4_name_q1_q3_pair_level_contrasts_v1,generated_fact_277,5,POST4_SPEED,DELTA_NAME,0.045209288597106934
gen4_name_q1_q3_pair_level_contrasts_v1,generated_fact_278,5,POST4_SPEED,DELTA_NAME,-0.14381062984466553
gen4_name_q1_q3_pair_level_contrasts_v1,generated_fact_279,5,POST4_SPEED,DELTA_NAME,-0.05782043933868408
gen4_name_q1_q3_pair_level_contrasts_v1,generated_fact_280,5,POST4_SPEED,DELTA_NAME,0.09986329078674316
gen4_name_q1_q3_pair_level_contrasts_v1,generated_fact_281,5,POST4_SPEED,DELTA_NAME,0.03982901573181152
gen4_name_q1_q3_pair_level_contrasts_v1,generated_fact_282,5,POST4_SPEED,DELTA_NAME,-0.041948795318603516
gen4_name_q1_q3_pair_level_contrasts_v1,generated_fact_283,5,POST4_SPEED,DELTA_NAME,0.08787333965301514
gen4_name_q1_q3_pair_level_contrasts_v1,generated_fact_284,5,POST4_SPEED,DELTA_NAME,-0.08089041709899902
gen4_name_q1_q3_pair_level_contrasts_v1,generated_fact_285,5,POST4_SPEED,DELTA_NAME,-0.002150297164916992
gen4_name_q1_q3_pair_level_contrasts_v1,generated_fact_286,5,POST4_SPEED,DELTA_NAME,0.011374831199645996
gen4_name_q1_q3_pair_level_contrasts_v1,generated_fact_287,5,POST4_SPEED,DELTA_NAME,0.015234112739562988
gen4_name_q1_q3_pair_level_contrasts_v1,generated_fact_288,5,POST4_SPEED,DELTA_NAME,0.03805959224700928
gen4_name_q1_q3_pair_level_contrasts_v1,generated_fact_289,5,POST4_SPEED,DELTA_NAME,0.04606497287750244
gen4_name_q1_q3_pair_level_contrasts_v1,generated_fact_290,5,POST4_SPEED,DELTA_NAME,-0.1447821855545044
gen4_name_q1_q3_pair_level_contrasts_v1,generated_fact_291,5,POST4_SPEED,DELTA_NAME,-0.059155941009521484
gen4_name_q1_q3_pair_level_contrasts_v1,generated_fact_292,5,POST4_SPEED,DELTA_NAME,0.09881389141082764
gen4_name_q1_q3_pair_level_contrasts_v1,generated_fact_293,5,POST4_SPEED,DELTA_NAME,0.03725755214691162
gen4_name_q1_q3_pair_level_contrasts_v1,generated_fact_294,5,POST4_SPEED,DELTA_NAME,-0.04088449478149414
gen4_name_q1_q3_pair_level_contrasts_v1,generated_fact_295,5,POST4_SPEED,DELTA_NAME,0.08965897560119629
gen4_name_q1_q3_pair_level_contrasts_v1,generated_fact_296,5,POST4_SPEED,DELTA_NAME,-0.08034944534301758
gen4_name_q1_q3_pair_level_contrasts_v1,generated_fact_297,5,POST4_SPEED,DELTA_NAME,-0.0031883716583251953
gen4_name_q1_q3_pair_level_contrasts_v1,generated_fact_298,5,POST4_SPEED,DELTA_NAME,0.00970458984375
gen4_name_q1_q3_pair_level_contrasts_v1,generated_fact_299,5,POST4_SPEED,DELTA_NAME,0.01818692684173584
gen4_name_q1_q3_pair_level_contrasts_v1,generated_fact_300,5,POST4_SPEED,DELTA_NAME,0.040885210037231445
gen4_name_q1_q3_pair_level_contrasts_v1,glacier_study,5,POST4_SPEED,DELTA_NAME,0.16307497024536133
gen4_name_q1_q3_pair_level_contrasts_v1,harbor_upgrade,5,POST4_SPEED,DELTA_NAME,0.1159217357635498
gen4_name_q1_q3_pair_level_contrasts_v1,jazz_archive,5,POST4_SPEED,DELTA_NAME,0.06083822250366211
gen4_name_q1_q3_pair_level_contrasts_v1,language_program,5,POST4_SPEED,DELTA_NAME,0.1105431318283081
gen4_name_q1_q3_pair_level_contrasts_v1,library_digitization,5,POST4_SPEED,DELTA_NAME,-0.13743281364440918
gen4_name_q1_q3_pair_level_contrasts_v1,market_renovation,5,POST4_SPEED,DELTA_NAME,0.1120600700378418
gen4_name_q1_q3_pair_level_contrasts_v1,museum_purchase,5,POST4_SPEED,DELTA_NAME,0.06323719024658203
gen4_name_q1_q3_pair_level_contrasts_v1,opera_premiere,5,POST4_SPEED,DELTA_NAME,0.0004050731658935547
gen4_name_q1_q3_pair_level_contrasts_v1,orion_approval,5,POST4_SPEED,DELTA_NAME,-0.06232762336730957
gen4_name_q1_q3_pair_level_contrasts_v1,poetry_prize,5,POST4_SPEED,DELTA_NAME,-0.05699169635772705
gen4_name_q1_q3_pair_level_contrasts_v1,railway_restoration,5,POST4_SPEED,DELTA_NAME,0.05180835723876953
gen4_name_q1_q3_pair_level_contrasts_v1,reef_protection,5,POST4_SPEED,DELTA_NAME,-0.04677164554595947
gen4_name_q1_q3_pair_level_contrasts_v1,robotics_championship,5,POST4_SPEED,DELTA_NAME,-0.11258232593536377
gen4_name_q1_q3_pair_level_contrasts_v1,satellite_launch,5,POST4_SPEED,DELTA_NAME,-0.007216334342956543
gen4_name_q1_q3_pair_level_contrasts_v1,school_opening,5,POST4_SPEED,DELTA_NAME,-0.0969855785369873
gen4_name_q1_q3_pair_level_contrasts_v1,solar_farm_contract,5,POST4_SPEED,DELTA_NAME,0.039818763732910156
gen4_name_q1_q3_pair_level_contrasts_v1,theater_restoration,5,POST4_SPEED,DELTA_NAME,0.05828571319580078
gen4_name_q1_q3_pair_level_contrasts_v1,treaty_signature,5,POST4_SPEED,DELTA_NAME,-0.069557785987854
gen4_name_q1_q3_pair_level_contrasts_v1,vaccine_delivery,5,POST4_SPEED,DELTA_NAME,-0.05341601371765137
gen4_name_q1_q3_pair_level_contrasts_v1,volcano_observatory,5,POST4_SPEED,DELTA_NAME,-0.023207783699035645
gen4_name_q1_q3_pair_level_contrasts_v1,wetland_restoration,5,POST4_SPEED,DELTA_NAME,-0.03808605670928955
gen4_name_q1_q3_pair_level_contrasts_v1,archive_release,5,POST4_TURNING,DELTA_NAME,0.04844081401824951
gen4_name_q1_q3_pair_level_contrasts_v1,bridge_opening,5,POST4_TURNING,DELTA_NAME,0.026128292083740234
gen4_name_q1_q3_pair_level_contrasts_v1,canal_reopening,5,POST4_TURNING,DELTA_NAME,-0.005702972412109375
gen4_name_q1_q3_pair_level_contrasts_v1,clinic_expansion,5,POST4_TURNING,DELTA_NAME,-0.0364832878112793
gen4_name_q1_q3_pair_level_contrasts_v1,dam_inspection,5,POST4_TURNING,DELTA_NAME,-0.015278100967407227
gen4_name_q1_q3_pair_level_contrasts_v1,ferry_launch,5,POST4_TURNING,DELTA_NAME,0.07298123836517334
gen4_name_q1_q3_pair_level_contrasts_v1,festival_selection,5,POST4_TURNING,DELTA_NAME,0.08190977573394775
gen4_name_q1_q3_pair_level_contrasts_v1,forest_mapping,5,POST4_TURNING,DELTA_NAME,0.024447321891784668
gen4_name_q1_q3_pair_level_contrasts_v1,garden_award,5,POST4_TURNING,DELTA_NAME,-0.03303813934326172
gen4_name_q1_q3_pair_level_contrasts_v1,generated_fact_031,5,POST4_TURNING,DELTA_NAME,-0.09479677677154541
gen4_name_q1_q3_pair_level_contrasts_v1,generated_fact_032,5,POST4_TURNING,DELTA_NAME,-0.029378771781921387
gen4_name_q1_q3_pair_level_contrasts_v1,generated_fact_033,5,POST4_TURNING,DELTA_NAME,-0.09992265701293945
gen4_name_q1_q3_pair_level_contrasts_v1,generated_fact_034,5,POST4_TURNING,DELTA_NAME,-0.024059772491455078
gen4_name_q1_q3_pair_level_contrasts_v1,generated_fact_035,5,POST4_TURNING,DELTA_NAME,0.08077359199523926
gen4_name_q1_q3_pair_level_contrasts_v1,generated_fact_036,5,POST4_TURNING,DELTA_NAME,0.08932757377624512
gen4_name_q1_q3_pair_level_contrasts_v1,generated_fact_037,5,POST4_TURNING,DELTA_NAME,0.1057274341583252
gen4_name_q1_q3_pair_level_contrasts_v1,generated_fact_038,5,POST4_TURNING,DELTA_NAME,0.017663002014160156
gen4_name_q1_q3_pair_level_contrasts_v1,generated_fact_039,5,POST4_TURNING,DELTA_NAME,-0.03514862060546875
gen4_name_q1_q3_pair_level_contrasts_v1,generated_fact_040,5,POST4_TURNING,DELTA_NAME,0.08254027366638184
gen4_name_q1_q3_pair_level_contrasts_v1,generated_fact_041,5,POST4_TURNING,DELTA_NAME,-0.04416167736053467
gen4_name_q1_q3_pair_level_contrasts_v1,generated_fact_042,5,POST4_TURNING,DELTA_NAME,-0.13148367404937744
gen4_name_q1_q3_pair_level_contrasts_v1,generated_fact_043,5,POST4_TURNING,DELTA_NAME,-0.09514546394348145
gen4_name_q1_q3_pair_level_contrasts_v1,generated_fact_044,5,POST4_TURNING,DELTA_NAME,-0.028606176376342773
gen4_name_q1_q3_pair_level_contrasts_v1,generated_fact_045,5,POST4_TURNING,DELTA_NAME,-0.0997917652130127
gen4_name_q1_q3_pair_level_contrasts_v1,generated_fact_046,5,POST4_TURNING,DELTA_NAME,-0.02394688129425049
gen4_name_q1_q3_pair_level_contrasts_v1,generated_fact_047,5,POST4_TURNING,DELTA_NAME,0.08175206184387207
gen4_name_q1_q3_pair_level_contrasts_v1,generated_fact_048,5,POST4_TURNING,DELTA_NAME,0.0875692367553711
gen4_name_q1_q3_pair_level_contrasts_v1,generated_fact_049,5,POST4_TURNING,DELTA_NAME,0.10599040985107422
gen4_name_q1_q3_pair_level_contrasts_v1,generated_fact_050,5,POST4_TURNING,DELTA_NAME,0.017143726348876953
gen4_name_q1_q3_pair_level_contrasts_v1,generated_fact_051,5,POST4_TURNING,DELTA_NAME,-0.036858558654785156
gen4_name_q1_q3_pair_level_contrasts_v1,generated_fact_052,5,POST4_TURNING,DELTA_NAME,0.08234381675720215
gen4_name_q1_q3_pair_level_contrasts_v1,generated_fact_053,5,POST4_TURNING,DELTA_NAME,-0.044303059577941895
gen4_name_q1_q3_pair_level_contrasts_v1,generated_fact_054,5,POST4_TURNING,DELTA_NAME,-0.1317899227142334
gen4_name_q1_q3_pair_level_contrasts_v1,generated_fact_055,5,POST4_TURNING,DELTA_NAME,-0.09517741203308105
gen4_name_q1_q3_pair_level_contrasts_v1,generated_fact_056,5,POST4_TURNING,DELTA_NAME,-0.02897953987121582
gen4_name_q1_q3_pair_level_contrasts_v1,generated_fact_057,5,POST4_TURNING,DELTA_NAME,-0.09977424144744873
gen4_name_q1_q3_pair_level_contrasts_v1,generated_fact_058,5,POST4_TURNING,DELTA_NAME,-0.023764610290527344
gen4_name_q1_q3_pair_level_contrasts_v1,generated_fact_059,5,POST4_TURNING,DELTA_NAME,0.08113396167755127
gen4_name_q1_q3_pair_level_contrasts_v1,generated_fact_060,5,POST4_TURNING,DELTA_NAME,0.08881640434265137
gen4_name_q1_q3_pair_level_contrasts_v1,generated_fact_061,5,POST4_TURNING,DELTA_NAME,0.1058645248413086
gen4_name_q1_q3_pair_level_contrasts_v1,generated_fact_062,5,POST4_TURNING,DELTA_NAME,0.017960190773010254
gen4_name_q1_q3_pair_level_contrasts_v1,generated_fact_063,5,POST4_TURNING,DELTA_NAME,-0.03563368320465088
gen4_name_q1_q3_pair_level_contrasts_v1,generated_fact_064,5,POST4_TURNING,DELTA_NAME,0.08260619640350342
gen4_name_q1_q3_pair_level_contrasts_v1,generated_fact_065,5,POST4_TURNING,DELTA_NAME,-0.04324698448181152
gen4_name_q1_q3_pair_level_contrasts_v1,generated_fact_066,5,POST4_TURNING,DELTA_NAME,-0.1317235231399536
gen4_name_q1_q3_pair_level_contrasts_v1,generated_fact_067,5,POST4_TURNING,DELTA_NAME,-0.09493875503540039
gen4_name_q1_q3_pair_level_contrasts_v1,generated_fact_068,5,POST4_TURNING,DELTA_NAME,-0.028755664825439453
gen4_name_q1_q3_pair_level_contrasts_v1,generated_fact_069,5,POST4_TURNING,DELTA_NAME,-0.0999833345413208
gen4_name_q1_q3_pair_level_contrasts_v1,generated_fact_070,5,POST4_TURNING,DELTA_NAME,-0.02370607852935791
gen4_name_q1_q3_pair_level_contrasts_v1,generated_fact_071,5,POST4_TURNING,DELTA_NAME,0.08188259601593018
gen4_name_q1_q3_pair_level_contrasts_v1,generated_fact_072,5,POST4_TURNING,DELTA_NAME,0.08790230751037598
gen4_name_q1_q3_pair_level_contrasts_v1,generated_fact_073,5,POST4_TURNING,DELTA_NAME,0.10573232173919678
gen4_name_q1_q3_pair_level_contrasts_v1,generated_fact_074,5,POST4_TURNING,DELTA_NAME,0.01773989200592041
gen4_name_q1_q3_pair_level_contrasts_v1,generated_fact_075,5,POST4_TURNING,DELTA_NAME,-0.03623151779174805
gen4_name_q1_q3_pair_level_contrasts_v1,generated_fact_076,5,POST4_TURNING,DELTA_NAME,0.08200490474700928
gen4_name_q1_q3_pair_level_contrasts_v1,generated_fact_077,5,POST4_TURNING,DELTA_NAME,-0.04389476776123047
gen4_name_q1_q3_pair_level_contrasts_v1,generated_fact_078,5,POST4_TURNING,DELTA_NAME,-0.131483793258667
gen4_name_q1_q3_pair_level_contrasts_v1,generated_fact_079,5,POST4_TURNING,DELTA_NAME,-0.0950690507888794
gen4_name_q1_q3_pair_level_contrasts_v1,generated_fact_080,5,POST4_TURNING,DELTA_NAME,-0.028911590576171875
gen4_name_q1_q3_pair_level_contrasts_v1,generated_fact_081,5,POST4_TURNING,DELTA_NAME,-0.10006940364837646
gen4_name_q1_q3_pair_level_contrasts_v1,generated_fact_082,5,POST4_TURNING,DELTA_NAME,-0.023961782455444336
gen4_name_q1_q3_pair_level_contrasts_v1,generated_fact_083,5,POST4_TURNING,DELTA_NAME,0.08147168159484863
gen4_name_q1_q3_pair_level_contrasts_v1,generated_fact_084,5,POST4_TURNING,DELTA_NAME,0.08863651752471924
gen4_name_q1_q3_pair_level_contrasts_v1,generated_fact_085,5,POST4_TURNING,DELTA_NAME,0.1060185432434082
gen4_name_q1_q3_pair_level_contrasts_v1,generated_fact_086,5,POST4_TURNING,DELTA_NAME,0.018000364303588867
gen4_name_q1_q3_pair_level_contrasts_v1,generated_fact_087,5,POST4_TURNING,DELTA_NAME,-0.03549051284790039
gen4_name_q1_q3_pair_level_contrasts_v1,generated_fact_088,5,POST4_TURNING,DELTA_NAME,0.08285081386566162
gen4_name_q1_q3_pair_level_contrasts_v1,generated_fact_089,5,POST4_TURNING,DELTA_NAME,-0.04297363758087158
gen4_name_q1_q3_pair_level_contrasts_v1,generated_fact_090,5,POST4_TURNING,DELTA_NAME,-0.13173997402191162
gen4_name_q1_q3_pair_level_contrasts_v1,generated_fact_091,5,POST4_TURNING,DELTA_NAME,-0.09550881385803223
gen4_name_q1_q3_pair_level_contrasts_v1,generated_fact_092,5,POST4_TURNING,DELTA_NAME,-0.029219388961791992
gen4_name_q1_q3_pair_level_contrasts_v1,generated_fact_093,5,POST4_TURNING,DELTA_NAME,-0.09992563724517822
gen4_name_q1_q3_pair_level_contrasts_v1,generated_fact_094,5,POST4_TURNING,DELTA_NAME,-0.024448752403259277
gen4_name_q1_q3_pair_level_contrasts_v1,generated_fact_095,5,POST4_TURNING,DELTA_NAME,0.0822291374206543
gen4_name_q1_q3_pair_level_contrasts_v1,generated_fact_096,5,POST4_TURNING,DELTA_NAME,0.08733820915222168
gen4_name_q1_q3_pair_level_contrasts_v1,generated_fact_097,5,POST4_TURNING,DELTA_NAME,0.10630929470062256
gen4_name_q1_q3_pair_level_contrasts_v1,generated_fact_098,5,POST4_TURNING,DELTA_NAME,0.017360329627990723
gen4_name_q1_q3_pair_level_contrasts_v1,generated_fact_099,5,POST4_TURNING,DELTA_NAME,-0.036167263984680176
gen4_name_q1_q3_pair_level_contrasts_v1,generated_fact_100,5,POST4_TURNING,DELTA_NAME,0.08191752433776855
gen4_name_q1_q3_pair_level_contrasts_v1,generated_fact_101,5,POST4_TURNING,DELTA_NAME,-0.043779611587524414
gen4_name_q1_q3_pair_level_contrasts_v1,generated_fact_102,5,POST4_TURNING,DELTA_NAME,-0.13194215297698975
gen4_name_q1_q3_pair_level_contrasts_v1,generated_fact_103,5,POST4_TURNING,DELTA_NAME,-0.096000075340271
gen4_name_q1_q3_pair_level_contrasts_v1,generated_fact_104,5,POST4_TURNING,DELTA_NAME,-0.029204845428466797
gen4_name_q1_q3_pair_level_contrasts_v1,generated_fact_105,5,POST4_TURNING,DELTA_NAME,-0.10004186630249023
gen4_name_q1_q3_pair_level_contrasts_v1,generated_fact_106,5,POST4_TURNING,DELTA_NAME,-0.023918986320495605
gen4_name_q1_q3_pair_level_contrasts_v1,generated_fact_107,5,POST4_TURNING,DELTA_NAME,0.08125817775726318
gen4_name_q1_q3_pair_level_contrasts_v1,generated_fact_108,5,POST4_TURNING,DELTA_NAME,0.08863914012908936
gen4_name_q1_q3_pair_level_contrasts_v1,generated_fact_109,5,POST4_TURNING,DELTA_NAME,0.10635042190551758
gen4_name_q1_q3_pair_level_contrasts_v1,generated_fact_110,5,POST4_TURNING,DELTA_NAME,0.017853617668151855
gen4_name_q1_q3_pair_level_contrasts_v1,generated_fact_111,5,POST4_TURNING,DELTA_NAME,-0.035274624824523926
gen4_name_q1_q3_pair_level_contrasts_v1,generated_fact_112,5,POST4_TURNING,DELTA_NAME,0.0822373628616333
gen4_name_q1_q3_pair_level_contrasts_v1,generated_fact_113,5,POST4_TURNING,DELTA_NAME,-0.043712735176086426
gen4_name_q1_q3_pair_level_contrasts_v1,generated_fact_114,5,POST4_TURNING,DELTA_NAME,-0.13148784637451172
gen4_name_q1_q3_pair_level_contrasts_v1,generated_fact_115,5,POST4_TURNING,DELTA_NAME,-0.09497904777526855
gen4_name_q1_q3_pair_level_contrasts_v1,generated_fact_116,5,POST4_TURNING,DELTA_NAME,-0.029259562492370605
gen4_name_q1_q3_pair_level_contrasts_v1,generated_fact_117,5,POST4_TURNING,DELTA_NAME,-0.09982597827911377
gen4_name_q1_q3_pair_level_contrasts_v1,generated_fact_118,5,POST4_TURNING,DELTA_NAME,-0.024226784706115723
gen4_name_q1_q3_pair_level_contrasts_v1,generated_fact_119,5,POST4_TURNING,DELTA_NAME,0.08189690113067627
gen4_name_q1_q3_pair_level_contrasts_v1,generated_fact_120,5,POST4_TURNING,DELTA_NAME,0.08853185176849365
gen4_name_q1_q3_pair_level_contrasts_v1,generated_fact_121,5,POST4_TURNING,DELTA_NAME,0.10594666004180908
gen4_name_q1_q3_pair_level_contrasts_v1,generated_fact_122,5,POST4_TURNING,DELTA_NAME,0.017507195472717285
gen4_name_q1_q3_pair_level_contrasts_v1,generated_fact_123,5,POST4_TURNING,DELTA_NAME,-0.03587019443511963
gen4_name_q1_q3_pair_level_contrasts_v1,generated_fact_124,5,POST4_TURNING,DELTA_NAME,0.08191180229187012
gen4_name_q1_q3_pair_level_contrasts_v1,generated_fact_125,5,POST4_TURNING,DELTA_NAME,-0.04444098472595215
gen4_name_q1_q3_pair_level_contrasts_v1,generated_fact_126,5,POST4_TURNING,DELTA_NAME,-0.13158202171325684
gen4_name_q1_q3_pair_level_contrasts_v1,generated_fact_127,5,POST4_TURNING,DELTA_NAME,-0.09490585327148438
gen4_name_q1_q3_pair_level_contrasts_v1,generated_fact_128,5,POST4_TURNING,DELTA_NAME,-0.02890908718109131
gen4_name_q1_q3_pair_level_contrasts_v1,generated_fact_129,5,POST4_TURNING,DELTA_NAME,-0.09970855712890625
gen4_name_q1_q3_pair_level_contrasts_v1,generated_fact_130,5,POST4_TURNING,DELTA_NAME,-0.023896455764770508
gen4_name_q1_q3_pair_level_contrasts_v1,generated_fact_131,5,POST4_TURNING,DELTA_NAME,0.08121967315673828
gen4_name_q1_q3_pair_level_contrasts_v1,generated_fact_132,5,POST4_TURNING,DELTA_NAME,0.08902168273925781
gen4_name_q1_q3_pair_level_contrasts_v1,generated_fact_133,5,POST4_TURNING,DELTA_NAME,0.10581207275390625
gen4_name_q1_q3_pair_level_contrasts_v1,generated_fact_134,5,POST4_TURNING,DELTA_NAME,0.01749444007873535
gen4_name_q1_q3_pair_level_contrasts_v1,generated_fact_135,5,POST4_TURNING,DELTA_NAME,-0.0359349250793457
gen4_name_q1_q3_pair_level_contrasts_v1,generated_fact_136,5,POST4_TURNING,DELTA_NAME,0.08264386653900146
gen4_name_q1_q3_pair_level_contrasts_v1,generated_fact_137,5,POST4_TURNING,DELTA_NAME,-0.04364728927612305
gen4_name_q1_q3_pair_level_contrasts_v1,generated_fact_138,5,POST4_TURNING,DELTA_NAME,-0.13197815418243408
gen4_name_q1_q3_pair_level_contrasts_v1,generated_fact_139,5,POST4_TURNING,DELTA_NAME,-0.09517371654510498
gen4_name_q1_q3_pair_level_contrasts_v1,generated_fact_140,5,POST4_TURNING,DELTA_NAME,-0.028801321983337402
gen4_name_q1_q3_pair_level_contrasts_v1,generated_fact_141,5,POST4_TURNING,DELTA_NAME,-0.09980213642120361
gen4_name_q1_q3_pair_level_contrasts_v1,generated_fact_142,5,POST4_TURNING,DELTA_NAME,-0.024019956588745117
gen4_name_q1_q3_pair_level_contrasts_v1,generated_fact_143,5,POST4_TURNING,DELTA_NAME,0.08233761787414551
gen4_name_q1_q3_pair_level_contrasts_v1,generated_fact_144,5,POST4_TURNING,DELTA_NAME,0.08751130104064941
gen4_name_q1_q3_pair_level_contrasts_v1,generated_fact_145,5,POST4_TURNING,DELTA_NAME,0.10586178302764893
gen4_name_q1_q3_pair_level_contrasts_v1,generated_fact_146,5,POST4_TURNING,DELTA_NAME,0.017656326293945312
gen4_name_q1_q3_pair_level_contrasts_v1,generated_fact_147,5,POST4_TURNING,DELTA_NAME,-0.035991668701171875
gen4_name_q1_q3_pair_level_contrasts_v1,generated_fact_148,5,POST4_TURNING,DELTA_NAME,0.08190035820007324
gen4_name_q1_q3_pair_level_contrasts_v1,generated_fact_149,5,POST4_TURNING,DELTA_NAME,-0.043766021728515625
gen4_name_q1_q3_pair_level_contrasts_v1,generated_fact_150,5,POST4_TURNING,DELTA_NAME,-0.1321202516555786
gen4_name_q1_q3_pair_level_contrasts_v1,generated_fact_151,5,POST4_TURNING,DELTA_NAME,-0.09475278854370117
gen4_name_q1_q3_pair_level_contrasts_v1,generated_fact_152,5,POST4_TURNING,DELTA_NAME,-0.029258370399475098
gen4_name_q1_q3_pair_level_contrasts_v1,generated_fact_153,5,POST4_TURNING,DELTA_NAME,-0.09991073608398438
gen4_name_q1_q3_pair_level_contrasts_v1,generated_fact_154,5,POST4_TURNING,DELTA_NAME,-0.023647308349609375
gen4_name_q1_q3_pair_level_contrasts_v1,generated_fact_155,5,POST4_TURNING,DELTA_NAME,0.08122920989990234
gen4_name_q1_q3_pair_level_contrasts_v1,generated_fact_156,5,POST4_TURNING,DELTA_NAME,0.0891733169555664
gen4_name_q1_q3_pair_level_contrasts_v1,generated_fact_157,5,POST4_TURNING,DELTA_NAME,0.10538172721862793
gen4_name_q1_q3_pair_level_contrasts_v1,generated_fact_158,5,POST4_TURNING,DELTA_NAME,0.017891287803649902
gen4_name_q1_q3_pair_level_contrasts_v1,generated_fact_159,5,POST4_TURNING,DELTA_NAME,-0.0357966423034668
gen4_name_q1_q3_pair_level_contrasts_v1,generated_fact_160,5,POST4_TURNING,DELTA_NAME,0.08251619338989258
gen4_name_q1_q3_pair_level_contrasts_v1,generated_fact_161,5,POST4_TURNING,DELTA_NAME,-0.04314374923706055
gen4_name_q1_q3_pair_level_contrasts_v1,generated_fact_162,5,POST4_TURNING,DELTA_NAME,-0.13151991367340088
gen4_name_q1_q3_pair_level_contrasts_v1,generated_fact_163,5,POST4_TURNING,DELTA_NAME,-0.09535336494445801
gen4_name_q1_q3_pair_level_contrasts_v1,generated_fact_164,5,POST4_TURNING,DELTA_NAME,-0.028887033462524414
gen4_name_q1_q3_pair_level_contrasts_v1,generated_fact_165,5,POST4_TURNING,DELTA_NAME,-0.0999070405960083
gen4_name_q1_q3_pair_level_contrasts_v1,generated_fact_166,5,POST4_TURNING,DELTA_NAME,-0.024045109748840332
gen4_name_q1_q3_pair_level_contrasts_v1,generated_fact_167,5,POST4_TURNING,DELTA_NAME,0.08236932754516602
gen4_name_q1_q3_pair_level_contrasts_v1,generated_fact_168,5,POST4_TURNING,DELTA_NAME,0.08784186840057373
gen4_name_q1_q3_pair_level_contrasts_v1,generated_fact_169,5,POST4_TURNING,DELTA_NAME,0.10592949390411377
gen4_name_q1_q3_pair_level_contrasts_v1,generated_fact_170,5,POST4_TURNING,DELTA_NAME,0.01732611656188965
gen4_name_q1_q3_pair_level_contrasts_v1,generated_fact_171,5,POST4_TURNING,DELTA_NAME,-0.0358659029006958
gen4_name_q1_q3_pair_level_contrasts_v1,generated_fact_172,5,POST4_TURNING,DELTA_NAME,0.08216547966003418
gen4_name_q1_q3_pair_level_contrasts_v1,generated_fact_173,5,POST4_TURNING,DELTA_NAME,-0.04320192337036133
gen4_name_q1_q3_pair_level_contrasts_v1,generated_fact_174,5,POST4_TURNING,DELTA_NAME,-0.13177895545959473
gen4_name_q1_q3_pair_level_contrasts_v1,generated_fact_175,5,POST4_TURNING,DELTA_NAME,-0.09544038772583008
gen4_name_q1_q3_pair_level_contrasts_v1,generated_fact_176,5,POST4_TURNING,DELTA_NAME,-0.029175996780395508
gen4_name_q1_q3_pair_level_contrasts_v1,generated_fact_177,5,POST4_TURNING,DELTA_NAME,-0.09980916976928711
gen4_name_q1_q3_pair_level_contrasts_v1,generated_fact_178,5,POST4_TURNING,DELTA_NAME,-0.02395474910736084
gen4_name_q1_q3_pair_level_contrasts_v1,generated_fact_179,5,POST4_TURNING,DELTA_NAME,0.0807647705078125
gen4_name_q1_q3_pair_level_contrasts_v1,generated_fact_180,5,POST4_TURNING,DELTA_NAME,0.08850538730621338
gen4_name_q1_q3_pair_level_contrasts_v1,generated_fact_181,5,POST4_TURNING,DELTA_NAME,0.10623443126678467
gen4_name_q1_q3_pair_level_contrasts_v1,generated_fact_182,5,POST4_TURNING,DELTA_NAME,0.017643213272094727
gen4_name_q1_q3_pair_level_contrasts_v1,generated_fact_183,5,POST4_TURNING,DELTA_NAME,-0.03504228591918945
gen4_name_q1_q3_pair_level_contrasts_v1,generated_fact_184,5,POST4_TURNING,DELTA_NAME,0.08229935169219971
gen4_name_q1_q3_pair_level_contrasts_v1,generated_fact_185,5,POST4_TURNING,DELTA_NAME,-0.04314315319061279
gen4_name_q1_q3_pair_level_contrasts_v1,generated_fact_186,5,POST4_TURNING,DELTA_NAME,-0.131486177444458
gen4_name_q1_q3_pair_level_contrasts_v1,generated_fact_187,5,POST4_TURNING,DELTA_NAME,-0.09557747840881348
gen4_name_q1_q3_pair_level_contrasts_v1,generated_fact_188,5,POST4_TURNING,DELTA_NAME,-0.029088973999023438
gen4_name_q1_q3_pair_level_contrasts_v1,generated_fact_189,5,POST4_TURNING,DELTA_NAME,-0.1001441478729248
gen4_name_q1_q3_pair_level_contrasts_v1,generated_fact_190,5,POST4_TURNING,DELTA_NAME,-0.02400064468383789
gen4_name_q1_q3_pair_level_contrasts_v1,generated_fact_191,5,POST4_TURNING,DELTA_NAME,0.08175110816955566
gen4_name_q1_q3_pair_level_contrasts_v1,generated_fact_192,5,POST4_TURNING,DELTA_NAME,0.08725094795227051
gen4_name_q1_q3_pair_level_contrasts_v1,generated_fact_193,5,POST4_TURNING,DELTA_NAME,0.10656893253326416
gen4_name_q1_q3_pair_level_contrasts_v1,generated_fact_194,5,POST4_TURNING,DELTA_NAME,0.017578482627868652
gen4_name_q1_q3_pair_level_contrasts_v1,generated_fact_195,5,POST4_TURNING,DELTA_NAME,-0.03552591800689697
gen4_name_q1_q3_pair_level_contrasts_v1,generated_fact_196,5,POST4_TURNING,DELTA_NAME,0.08179283142089844
gen4_name_q1_q3_pair_level_contrasts_v1,generated_fact_197,5,POST4_TURNING,DELTA_NAME,-0.04402327537536621
gen4_name_q1_q3_pair_level_contrasts_v1,generated_fact_198,5,POST4_TURNING,DELTA_NAME,-0.13126444816589355
gen4_name_q1_q3_pair_level_contrasts_v1,generated_fact_199,5,POST4_TURNING,DELTA_NAME,-0.09497463703155518
gen4_name_q1_q3_pair_level_contrasts_v1,generated_fact_200,5,POST4_TURNING,DELTA_NAME,-0.029369115829467773
gen4_name_q1_q3_pair_level_contrasts_v1,generated_fact_201,5,POST4_TURNING,DELTA_NAME,-0.10002243518829346
gen4_name_q1_q3_pair_level_contrasts_v1,generated_fact_202,5,POST4_TURNING,DELTA_NAME,-0.024057984352111816
gen4_name_q1_q3_pair_level_contrasts_v1,generated_fact_203,5,POST4_TURNING,DELTA_NAME,0.08077073097229004
gen4_name_q1_q3_pair_level_contrasts_v1,generated_fact_204,5,POST4_TURNING,DELTA_NAME,0.08921265602111816
gen4_name_q1_q3_pair_level_contrasts_v1,generated_fact_205,5,POST4_TURNING,DELTA_NAME,0.10550010204315186
gen4_name_q1_q3_pair_level_contrasts_v1,generated_fact_206,5,POST4_TURNING,DELTA_NAME,0.017673134803771973
gen4_name_q1_q3_pair_level_contrasts_v1,generated_fact_207,5,POST4_TURNING,DELTA_NAME,-0.03523063659667969
gen4_name_q1_q3_pair_level_contrasts_v1,generated_fact_208,5,POST4_TURNING,DELTA_NAME,0.08263182640075684
gen4_name_q1_q3_pair_level_contrasts_v1,generated_fact_209,5,POST4_TURNING,DELTA_NAME,-0.0441126823425293
gen4_name_q1_q3_pair_level_contrasts_v1,generated_fact_210,5,POST4_TURNING,DELTA_NAME,-0.13134217262268066
gen4_name_q1_q3_pair_level_contrasts_v1,generated_fact_211,5,POST4_TURNING,DELTA_NAME,-0.09465181827545166
gen4_name_q1_q3_pair_level_contrasts_v1,generated_fact_212,5,POST4_TURNING,DELTA_NAME,-0.028805851936340332
gen4_name_q1_q3_pair_level_contrasts_v1,generated_fact_213,5,POST4_TURNING,DELTA_NAME,-0.09978675842285156
gen4_name_q1_q3_pair_level_contrasts_v1,generated_fact_214,5,POST4_TURNING,DELTA_NAME,-0.024106860160827637
gen4_name_q1_q3_pair_level_contrasts_v1,generated_fact_215,5,POST4_TURNING,DELTA_NAME,0.08193206787109375
gen4_name_q1_q3_pair_level_contrasts_v1,generated_fact_216,5,POST4_TURNING,DELTA_NAME,0.08757209777832031
gen4_name_q1_q3_pair_level_contrasts_v1,generated_fact_217,5,POST4_TURNING,DELTA_NAME,0.10581755638122559
gen4_name_q1_q3_pair_level_contrasts_v1,generated_fact_218,5,POST4_TURNING,DELTA_NAME,0.016963839530944824
gen4_name_q1_q3_pair_level_contrasts_v1,generated_fact_219,5,POST4_TURNING,DELTA_NAME,-0.036257028579711914
gen4_name_q1_q3_pair_level_contrasts_v1,generated_fact_220,5,POST4_TURNING,DELTA_NAME,0.08198821544647217
gen4_name_q1_q3_pair_level_contrasts_v1,generated_fact_221,5,POST4_TURNING,DELTA_NAME,-0.04412484169006348
gen4_name_q1_q3_pair_level_contrasts_v1,generated_fact_222,5,POST4_TURNING,DELTA_NAME,-0.13165760040283203
gen4_name_q1_q3_pair_level_contrasts_v1,generated_fact_223,5,POST4_TURNING,DELTA_NAME,-0.09517073631286621
gen4_name_q1_q3_pair_level_contrasts_v1,generated_fact_224,5,POST4_TURNING,DELTA_NAME,-0.028997182846069336
gen4_name_q1_q3_pair_level_contrasts_v1,generated_fact_225,5,POST4_TURNING,DELTA_NAME,-0.09966373443603516
gen4_name_q1_q3_pair_level_contrasts_v1,generated_fact_226,5,POST4_TURNING,DELTA_NAME,-0.02374708652496338
gen4_name_q1_q3_pair_level_contrasts_v1,generated_fact_227,5,POST4_TURNING,DELTA_NAME,0.08111691474914551
gen4_name_q1_q3_pair_level_contrasts_v1,generated_fact_228,5,POST4_TURNING,DELTA_NAME,0.0885704755783081
gen4_name_q1_q3_pair_level_contrasts_v1,generated_fact_229,5,POST4_TURNING,DELTA_NAME,0.10538673400878906
gen4_name_q1_q3_pair_level_contrasts_v1,generated_fact_230,5,POST4_TURNING,DELTA_NAME,0.01776421070098877
gen4_name_q1_q3_pair_level_contrasts_v1,generated_fact_231,5,POST4_TURNING,DELTA_NAME,-0.03530073165893555
gen4_name_q1_q3_pair_level_contrasts_v1,generated_fact_232,5,POST4_TURNING,DELTA_NAME,0.08218348026275635
gen4_name_q1_q3_pair_level_contrasts_v1,generated_fact_233,5,POST4_TURNING,DELTA_NAME,-0.043067216873168945
gen4_name_q1_q3_pair_level_contrasts_v1,generated_fact_234,5,POST4_TURNING,DELTA_NAME,-0.1317887306213379
gen4_name_q1_q3_pair_level_contrasts_v1,generated_fact_235,5,POST4_TURNING,DELTA_NAME,-0.09484660625457764
gen4_name_q1_q3_pair_level_contrasts_v1,generated_fact_236,5,POST4_TURNING,DELTA_NAME,-0.028999805450439453
gen4_name_q1_q3_pair_level_contrasts_v1,generated_fact_237,5,POST4_TURNING,DELTA_NAME,-0.09987330436706543
gen4_name_q1_q3_pair_level_contrasts_v1,generated_fact_238,5,POST4_TURNING,DELTA_NAME,-0.023367881774902344
gen4_name_q1_q3_pair_level_contrasts_v1,generated_fact_239,5,POST4_TURNING,DELTA_NAME,0.08198583126068115
gen4_name_q1_q3_pair_level_contrasts_v1,generated_fact_240,5,POST4_TURNING,DELTA_NAME,0.08793342113494873
gen4_name_q1_q3_pair_level_contrasts_v1,generated_fact_241,5,POST4_TURNING,DELTA_NAME,0.10569071769714355
gen4_name_q1_q3_pair_level_contrasts_v1,generated_fact_242,5,POST4_TURNING,DELTA_NAME,0.017720460891723633
gen4_name_q1_q3_pair_level_contrasts_v1,generated_fact_243,5,POST4_TURNING,DELTA_NAME,-0.036266207695007324
gen4_name_q1_q3_pair_level_contrasts_v1,generated_fact_244,5,POST4_TURNING,DELTA_NAME,0.08171963691711426
gen4_name_q1_q3_pair_level_contrasts_v1,generated_fact_245,5,POST4_TURNING,DELTA_NAME,-0.04374253749847412
gen4_name_q1_q3_pair_level_contrasts_v1,generated_fact_246,5,POST4_TURNING,DELTA_NAME,-0.13183188438415527
gen4_name_q1_q3_pair_level_contrasts_v1,generated_fact_247,5,POST4_TURNING,DELTA_NAME,-0.0946279764175415
gen4_name_q1_q3_pair_level_contrasts_v1,generated_fact_248,5,POST4_TURNING,DELTA_NAME,-0.029040098190307617
gen4_name_q1_q3_pair_level_contrasts_v1,generated_fact_249,5,POST4_TURNING,DELTA_NAME,-0.10007548332214355
gen4_name_q1_q3_pair_level_contrasts_v1,generated_fact_250,5,POST4_TURNING,DELTA_NAME,-0.024042487144470215
gen4_name_q1_q3_pair_level_contrasts_v1,generated_fact_251,5,POST4_TURNING,DELTA_NAME,0.08145129680633545
gen4_name_q1_q3_pair_level_contrasts_v1,generated_fact_252,5,POST4_TURNING,DELTA_NAME,0.08887195587158203
gen4_name_q1_q3_pair_level_contrasts_v1,generated_fact_253,5,POST4_TURNING,DELTA_NAME,0.10588109493255615
gen4_name_q1_q3_pair_level_contrasts_v1,generated_fact_254,5,POST4_TURNING,DELTA_NAME,0.017938971519470215
gen4_name_q1_q3_pair_level_contrasts_v1,generated_fact_255,5,POST4_TURNING,DELTA_NAME,-0.03523612022399902
gen4_name_q1_q3_pair_level_contrasts_v1,generated_fact_256,5,POST4_TURNING,DELTA_NAME,0.08237874507904053
gen4_name_q1_q3_pair_level_contrasts_v1,generated_fact_257,5,POST4_TURNING,DELTA_NAME,-0.04310417175292969
gen4_name_q1_q3_pair_level_contrasts_v1,generated_fact_258,5,POST4_TURNING,DELTA_NAME,-0.1320432424545288
gen4_name_q1_q3_pair_level_contrasts_v1,generated_fact_259,5,POST4_TURNING,DELTA_NAME,-0.09536302089691162
gen4_name_q1_q3_pair_level_contrasts_v1,generated_fact_260,5,POST4_TURNING,DELTA_NAME,-0.029013752937316895
gen4_name_q1_q3_pair_level_contrasts_v1,generated_fact_261,5,POST4_TURNING,DELTA_NAME,-0.10000753402709961
gen4_name_q1_q3_pair_level_contrasts_v1,generated_fact_262,5,POST4_TURNING,DELTA_NAME,-0.024080395698547363
gen4_name_q1_q3_pair_level_contrasts_v1,generated_fact_263,5,POST4_TURNING,DELTA_NAME,0.08178973197937012
gen4_name_q1_q3_pair_level_contrasts_v1,generated_fact_264,5,POST4_TURNING,DELTA_NAME,0.08756279945373535
gen4_name_q1_q3_pair_level_contrasts_v1,generated_fact_265,5,POST4_TURNING,DELTA_NAME,0.10617494583129883
gen4_name_q1_q3_pair_level_contrasts_v1,generated_fact_266,5,POST4_TURNING,DELTA_NAME,0.017186999320983887
gen4_name_q1_q3_pair_level_contrasts_v1,generated_fact_267,5,POST4_TURNING,DELTA_NAME,-0.03626120090484619
gen4_name_q1_q3_pair_level_contrasts_v1,generated_fact_268,5,POST4_TURNING,DELTA_NAME,0.08149099349975586
gen4_name_q1_q3_pair_level_contrasts_v1,generated_fact_269,5,POST4_TURNING,DELTA_NAME,-0.04388713836669922
gen4_name_q1_q3_pair_level_contrasts_v1,generated_fact_270,5,POST4_TURNING,DELTA_NAME,-0.13169801235198975
gen4_name_q1_q3_pair_level_contrasts_v1,generated_fact_271,5,POST4_TURNING,DELTA_NAME,-0.09535074234008789
gen4_name_q1_q3_pair_level_contrasts_v1,generated_fact_272,5,POST4_TURNING,DELTA_NAME,-0.02908790111541748
gen4_name_q1_q3_pair_level_contrasts_v1,generated_fact_273,5,POST4_TURNING,DELTA_NAME,-0.10008680820465088
gen4_name_q1_q3_pair_level_contrasts_v1,generated_fact_274,5,POST4_TURNING,DELTA_NAME,-0.02380204200744629
gen4_name_q1_q3_pair_level_contrasts_v1,generated_fact_275,5,POST4_TURNING,DELTA_NAME,0.08107399940490723
gen4_name_q1_q3_pair_level_contrasts_v1,generated_fact_276,5,POST4_TURNING,DELTA_NAME,0.08821845054626465
gen4_name_q1_q3_pair_level_contrasts_v1,generated_fact_277,5,POST4_TURNING,DELTA_NAME,0.10617852210998535
gen4_name_q1_q3_pair_level_contrasts_v1,generated_fact_278,5,POST4_TURNING,DELTA_NAME,0.017809271812438965
gen4_name_q1_q3_pair_level_contrasts_v1,generated_fact_279,5,POST4_TURNING,DELTA_NAME,-0.03513216972351074
gen4_name_q1_q3_pair_level_contrasts_v1,generated_fact_280,5,POST4_TURNING,DELTA_NAME,0.08216273784637451
gen4_name_q1_q3_pair_level_contrasts_v1,generated_fact_281,5,POST4_TURNING,DELTA_NAME,-0.0435260534286499
gen4_name_q1_q3_pair_level_contrasts_v1,generated_fact_282,5,POST4_TURNING,DELTA_NAME,-0.13160336017608643
gen4_name_q1_q3_pair_level_contrasts_v1,generated_fact_283,5,POST4_TURNING,DELTA_NAME,-0.09482192993164062
gen4_name_q1_q3_pair_level_contrasts_v1,generated_fact_284,5,POST4_TURNING,DELTA_NAME,-0.029309630393981934
gen4_name_q1_q3_pair_level_contrasts_v1,generated_fact_285,5,POST4_TURNING,DELTA_NAME,-0.09984230995178223
gen4_name_q1_q3_pair_level_contrasts_v1,generated_fact_286,5,POST4_TURNING,DELTA_NAME,-0.024094223976135254
gen4_name_q1_q3_pair_level_contrasts_v1,generated_fact_287,5,POST4_TURNING,DELTA_NAME,0.08195161819458008
gen4_name_q1_q3_pair_level_contrasts_v1,generated_fact_288,5,POST4_TURNING,DELTA_NAME,0.08796894550323486
gen4_name_q1_q3_pair_level_contrasts_v1,generated_fact_289,5,POST4_TURNING,DELTA_NAME,0.10588681697845459
gen4_name_q1_q3_pair_level_contrasts_v1,generated_fact_290,5,POST4_TURNING,DELTA_NAME,0.017337441444396973
gen4_name_q1_q3_pair_level_contrasts_v1,generated_fact_291,5,POST4_TURNING,DELTA_NAME,-0.035732150077819824
gen4_name_q1_q3_pair_level_contrasts_v1,generated_fact_292,5,POST4_TURNING,DELTA_NAME,0.08185791969299316
gen4_name_q1_q3_pair_level_contrasts_v1,generated_fact_293,5,POST4_TURNING,DELTA_NAME,-0.04482746124267578
gen4_name_q1_q3_pair_level_contrasts_v1,generated_fact_294,5,POST4_TURNING,DELTA_NAME,-0.13130974769592285
gen4_name_q1_q3_pair_level_contrasts_v1,generated_fact_295,5,POST4_TURNING,DELTA_NAME,-0.0947120189666748
gen4_name_q1_q3_pair_level_contrasts_v1,generated_fact_296,5,POST4_TURNING,DELTA_NAME,-0.028923988342285156
gen4_name_q1_q3_pair_level_contrasts_v1,generated_fact_297,5,POST4_TURNING,DELTA_NAME,-0.09981274604797363
gen4_name_q1_q3_pair_level_contrasts_v1,generated_fact_298,5,POST4_TURNING,DELTA_NAME,-0.02379441261291504
gen4_name_q1_q3_pair_level_contrasts_v1,generated_fact_299,5,POST4_TURNING,DELTA_NAME,0.08092856407165527
gen4_name_q1_q3_pair_level_contrasts_v1,generated_fact_300,5,POST4_TURNING,DELTA_NAME,0.0886831283569336
gen4_name_q1_q3_pair_level_contrasts_v1,glacier_study,5,POST4_TURNING,DELTA_NAME,0.026692986488342285
gen4_name_q1_q3_pair_level_contrasts_v1,harbor_upgrade,5,POST4_TURNING,DELTA_NAME,0.05102992057800293
gen4_name_q1_q3_pair_level_contrasts_v1,jazz_archive,5,POST4_TURNING,DELTA_NAME,0.0002878904342651367
gen4_name_q1_q3_pair_level_contrasts_v1,language_program,5,POST4_TURNING,DELTA_NAME,0.003584146499633789
gen4_name_q1_q3_pair_level_contrasts_v1,library_digitization,5,POST4_TURNING,DELTA_NAME,-0.05172085762023926
gen4_name_q1_q3_pair_level_contrasts_v1,market_renovation,5,POST4_TURNING,DELTA_NAME,-0.1218419075012207
gen4_name_q1_q3_pair_level_contrasts_v1,museum_purchase,5,POST4_TURNING,DELTA_NAME,0.12196576595306396
gen4_name_q1_q3_pair_level_contrasts_v1,opera_premiere,5,POST4_TURNING,DELTA_NAME,0.01104748249053955
gen4_name_q1_q3_pair_level_contrasts_v1,orion_approval,5,POST4_TURNING,DELTA_NAME,-0.027205467224121094
gen4_name_q1_q3_pair_level_contrasts_v1,poetry_prize,5,POST4_TURNING,DELTA_NAME,0.023940086364746094
gen4_name_q1_q3_pair_level_contrasts_v1,railway_restoration,5,POST4_TURNING,DELTA_NAME,0.028672456741333008
gen4_name_q1_q3_pair_level_contrasts_v1,reef_protection,5,POST4_TURNING,DELTA_NAME,0.004979252815246582
gen4_name_q1_q3_pair_level_contrasts_v1,robotics_championship,5,POST4_TURNING,DELTA_NAME,-0.007742643356323242
gen4_name_q1_q3_pair_level_contrasts_v1,satellite_launch,5,POST4_TURNING,DELTA_NAME,0.06476926803588867
gen4_name_q1_q3_pair_level_contrasts_v1,school_opening,5,POST4_TURNING,DELTA_NAME,-0.057779788970947266
gen4_name_q1_q3_pair_level_contrasts_v1,solar_farm_contract,5,POST4_TURNING,DELTA_NAME,0.017546653747558594
gen4_name_q1_q3_pair_level_contrasts_v1,theater_restoration,5,POST4_TURNING,DELTA_NAME,-0.04486250877380371
gen4_name_q1_q3_pair_level_contrasts_v1,treaty_signature,5,POST4_TURNING,DELTA_NAME,0.017747998237609863
gen4_name_q1_q3_pair_level_contrasts_v1,vaccine_delivery,5,POST4_TURNING,DELTA_NAME,0.04004263877868652
gen4_name_q1_q3_pair_level_contrasts_v1,volcano_observatory,5,POST4_TURNING,DELTA_NAME,-0.02439117431640625
gen4_name_q1_q3_pair_level_contrasts_v1,wetland_restoration,5,POST4_TURNING,DELTA_NAME,-0.03568553924560547
gen4_name_q1_q3_pair_level_contrasts_v1,archive_release,5,POST4_PATH_EFFICIENCY,DELTA_NAME,-0.0159636556136441
gen4_name_q1_q3_pair_level_contrasts_v1,bridge_opening,5,POST4_PATH_EFFICIENCY,DELTA_NAME,0.03623131133577434
gen4_name_q1_q3_pair_level_contrasts_v1,canal_reopening,5,POST4_PATH_EFFICIENCY,DELTA_NAME,0.0004535994404633037
gen4_name_q1_q3_pair_level_contrasts_v1,clinic_expansion,5,POST4_PATH_EFFICIENCY,DELTA_NAME,0.0026736544360972947
gen4_name_q1_q3_pair_level_contrasts_v1,dam_inspection,5,POST4_PATH_EFFICIENCY,DELTA_NAME,-0.002737723134851544
gen4_name_q1_q3_pair_level_contrasts_v1,ferry_launch,5,POST4_PATH_EFFICIENCY,DELTA_NAME,-4.97205856225813e-06
gen4_name_q1_q3_pair_level_contrasts_v1,festival_selection,5,POST4_PATH_EFFICIENCY,DELTA_NAME,0.025200759213612145
gen4_name_q1_q3_pair_level_contrasts_v1,forest_mapping,5,POST4_PATH_EFFICIENCY,DELTA_NAME,-0.014142281663146905
gen4_name_q1_q3_pair_level_contrasts_v1,garden_award,5,POST4_PATH_EFFICIENCY,DELTA_NAME,-0.0022568116566090146
gen4_name_q1_q3_pair_level_contrasts_v1,generated_fact_031,5,POST4_PATH_EFFICIENCY,DELTA_NAME,0.042020599756393606
gen4_name_q1_q3_pair_level_contrasts_v1,generated_fact_032,5,POST4_PATH_EFFICIENCY,DELTA_NAME,-0.005904024318195034
gen4_name_q1_q3_pair_level_contrasts_v1,generated_fact_033,5,POST4_PATH_EFFICIENCY,DELTA_NAME,-0.03891162750725807
gen4_name_q1_q3_pair_level_contrasts_v1,generated_fact_034,5,POST4_PATH_EFFICIENCY,DELTA_NAME,0.023958136513572925
gen4_name_q1_q3_pair_level_contrasts_v1,generated_fact_035,5,POST4_PATH_EFFICIENCY,DELTA_NAME,0.03244936523665193
gen4_name_q1_q3_pair_level_contrasts_v1,generated_fact_036,5,POST4_PATH_EFFICIENCY,DELTA_NAME,-0.0008460146779880051
gen4_name_q1_q3_pair_level_contrasts_v1,generated_fact_037,5,POST4_PATH_EFFICIENCY,DELTA_NAME,0.011255951588646174
gen4_name_q1_q3_pair_level_contrasts_v1,generated_fact_038,5,POST4_PATH_EFFICIENCY,DELTA_NAME,0.007973052501175415
gen4_name_q1_q3_pair_level_contrasts_v1,generated_fact_039,5,POST4_PATH_EFFICIENCY,DELTA_NAME,-0.02661809692400957
gen4_name_q1_q3_pair_level_contrasts_v1,generated_fact_040,5,POST4_PATH_EFFICIENCY,DELTA_NAME,0.00020199555383809686
gen4_name_q1_q3_pair_level_contrasts_v1,generated_fact_041,5,POST4_PATH_EFFICIENCY,DELTA_NAME,-0.0017516257255347778
gen4_name_q1_q3_pair_level_contrasts_v1,generated_fact_042,5,POST4_PATH_EFFICIENCY,DELTA_NAME,-0.01965975280841703
gen4_name_q1_q3_pair_level_contrasts_v1,generated_fact_043,5,POST4_PATH_EFFICIENCY,DELTA_NAME,0.040950263987293456
gen4_name_q1_q3_pair_level_contrasts_v1,generated_fact_044,5,POST4_PATH_EFFICIENCY,DELTA_NAME,-0.0064085201361063215
gen4_name_q1_q3_pair_level_contrasts_v1,generated_fact_045,5,POST4_PATH_EFFICIENCY,DELTA_NAME,-0.03858524966383459
gen4_name_q1_q3_pair_level_contrasts_v1,generated_fact_046,5,POST4_PATH_EFFICIENCY,DELTA_NAME,0.02402500074617464
gen4_name_q1_q3_pair_level_contrasts_v1,generated_fact_047,5,POST4_PATH_EFFICIENCY,DELTA_NAME,0.03234466256683233
gen4_name_q1_q3_pair_level_contrasts_v1,generated_fact_048,5,POST4_PATH_EFFICIENCY,DELTA_NAME,-0.0006496845386668171
gen4_name_q1_q3_pair_level_contrasts_v1,generated_fact_049,5,POST4_PATH_EFFICIENCY,DELTA_NAME,0.011346241882946917
gen4_name_q1_q3_pair_level_contrasts_v1,generated_fact_050,5,POST4_PATH_EFFICIENCY,DELTA_NAME,0.008018705533415105
gen4_name_q1_q3_pair_level_contrasts_v1,generated_fact_051,5,POST4_PATH_EFFICIENCY,DELTA_NAME,-0.026985669396296708
gen4_name_q1_q3_pair_level_contrasts_v1,generated_fact_052,5,POST4_PATH_EFFICIENCY,DELTA_NAME,6.339852804920776e-05
gen4_name_q1_q3_pair_level_contrasts_v1,generated_fact_053,5,POST4_PATH_EFFICIENCY,DELTA_NAME,-0.0022105290931546118
gen4_name_q1_q3_pair_level_contrasts_v1,generated_fact_054,5,POST4_PATH_EFFICIENCY,DELTA_NAME,-0.019069721716410415
gen4_name_q1_q3_pair_level_contrasts_v1,generated_fact_055,5,POST4_PATH_EFFICIENCY,DELTA_NAME,0.04186374088571243
gen4_name_q1_q3_pair_level_contrasts_v1,generated_fact_056,5,POST4_PATH_EFFICIENCY,DELTA_NAME,-0.006096130397697963
gen4_name_q1_q3_pair_level_contrasts_v1,generated_fact_057,5,POST4_PATH_EFFICIENCY,DELTA_NAME,-0.038577501392226876
gen4_name_q1_q3_pair_level_contrasts_v1,generated_fact_058,5,POST4_PATH_EFFICIENCY,DELTA_NAME,0.023977576340971696
gen4_name_q1_q3_pair_level_contrasts_v1,generated_fact_059,5,POST4_PATH_EFFICIENCY,DELTA_NAME,0.03251572790765178
gen4_name_q1_q3_pair_level_contrasts_v1,generated_fact_060,5,POST4_PATH_EFFICIENCY,DELTA_NAME,-0.0007143922749057174
gen4_name_q1_q3_pair_level_contrasts_v1,generated_fact_061,5,POST4_PATH_EFFICIENCY,DELTA_NAME,0.011565113044052333
gen4_name_q1_q3_pair_level_contrasts_v1,generated_fact_062,5,POST4_PATH_EFFICIENCY,DELTA_NAME,0.007996943230474396
gen4_name_q1_q3_pair_level_contrasts_v1,generated_fact_063,5,POST4_PATH_EFFICIENCY,DELTA_NAME,-0.026739752493298408
gen4_name_q1_q3_pair_level_contrasts_v1,generated_fact_064,5,POST4_PATH_EFFICIENCY,DELTA_NAME,0.00012124613022873598
gen4_name_q1_q3_pair_level_contrasts_v1,generated_fact_065,5,POST4_PATH_EFFICIENCY,DELTA_NAME,-0.0022537437618467826
gen4_name_q1_q3_pair_level_contrasts_v1,generated_fact_066,5,POST4_PATH_EFFICIENCY,DELTA_NAME,-0.020000997210433302
gen4_name_q1_q3_pair_level_contrasts_v1,generated_fact_067,5,POST4_PATH_EFFICIENCY,DELTA_NAME,0.041095207715229454
gen4_name_q1_q3_pair_level_contrasts_v1,generated_fact_068,5,POST4_PATH_EFFICIENCY,DELTA_NAME,-0.006284104921379541
gen4_name_q1_q3_pair_level_contrasts_v1,generated_fact_069,5,POST4_PATH_EFFICIENCY,DELTA_NAME,-0.038381413161319655
gen4_name_q1_q3_pair_level_contrasts_v1,generated_fact_070,5,POST4_PATH_EFFICIENCY,DELTA_NAME,0.02392231982347154
gen4_name_q1_q3_pair_level_contrasts_v1,generated_fact_071,5,POST4_PATH_EFFICIENCY,DELTA_NAME,0.03250047345350521
gen4_name_q1_q3_pair_level_contrasts_v1,generated_fact_072,5,POST4_PATH_EFFICIENCY,DELTA_NAME,-0.00042623183742457327
gen4_name_q1_q3_pair_level_contrasts_v1,generated_fact_073,5,POST4_PATH_EFFICIENCY,DELTA_NAME,0.01157672847397706
gen4_name_q1_q3_pair_level_contrasts_v1,generated_fact_074,5,POST4_PATH_EFFICIENCY,DELTA_NAME,0.007899330477070532
gen4_name_q1_q3_pair_level_contrasts_v1,generated_fact_075,5,POST4_PATH_EFFICIENCY,DELTA_NAME,-0.02707360355645444
gen4_name_q1_q3_pair_level_contrasts_v1,generated_fact_076,5,POST4_PATH_EFFICIENCY,DELTA_NAME,-1.7500926205282763e-05
gen4_name_q1_q3_pair_level_contrasts_v1,generated_fact_077,5,POST4_PATH_EFFICIENCY,DELTA_NAME,-0.0021780309425522004
gen4_name_q1_q3_pair_level_contrasts_v1,generated_fact_078,5,POST4_PATH_EFFICIENCY,DELTA_NAME,-0.01890140724622502
gen4_name_q1_q3_pair_level_contrasts_v1,generated_fact_079,5,POST4_PATH_EFFICIENCY,DELTA_NAME,0.04176499979184839
gen4_name_q1_q3_pair_level_contrasts_v1,generated_fact_080,5,POST4_PATH_EFFICIENCY,DELTA_NAME,-0.006301447227303136
gen4_name_q1_q3_pair_level_contrasts_v1,generated_fact_081,5,POST4_PATH_EFFICIENCY,DELTA_NAME,-0.03860554834446184
gen4_name_q1_q3_pair_level_contrasts_v1,generated_fact_082,5,POST4_PATH_EFFICIENCY,DELTA_NAME,0.023848748278463783
gen4_name_q1_q3_pair_level_contrasts_v1,generated_fact_083,5,POST4_PATH_EFFICIENCY,DELTA_NAME,0.03247913239948991
gen4_name_q1_q3_pair_level_contrasts_v1,generated_fact_084,5,POST4_PATH_EFFICIENCY,DELTA_NAME,-0.0007861355319836449
gen4_name_q1_q3_pair_level_contrasts_v1,generated_fact_085,5,POST4_PATH_EFFICIENCY,DELTA_NAME,0.011264321185124104
gen4_name_q1_q3_pair_level_contrasts_v1,generated_fact_086,5,POST4_PATH_EFFICIENCY,DELTA_NAME,0.008054575699857625
gen4_name_q1_q3_pair_level_contrasts_v1,generated_fact_087,5,POST4_PATH_EFFICIENCY,DELTA_NAME,-0.026765983282177663
gen4_name_q1_q3_pair_level_contrasts_v1,generated_fact_088,5,POST4_PATH_EFFICIENCY,DELTA_NAME,6.8341278345041e-05
gen4_name_q1_q3_pair_level_contrasts_v1,generated_fact_089,5,POST4_PATH_EFFICIENCY,DELTA_NAME,-0.002251229297170365
gen4_name_q1_q3_pair_level_contrasts_v1,generated_fact_090,5,POST4_PATH_EFFICIENCY,DELTA_NAME,-0.019854583062171638
gen4_name_q1_q3_pair_level_contrasts_v1,generated_fact_091,5,POST4_PATH_EFFICIENCY,DELTA_NAME,0.04138618428579355
gen4_name_q1_q3_pair_level_contrasts_v1,generated_fact_092,5,POST4_PATH_EFFICIENCY,DELTA_NAME,-0.006303853733539422
gen4_name_q1_q3_pair_level_contrasts_v1,generated_fact_093,5,POST4_PATH_EFFICIENCY,DELTA_NAME,-0.038539635174591524
gen4_name_q1_q3_pair_level_contrasts_v1,generated_fact_094,5,POST4_PATH_EFFICIENCY,DELTA_NAME,0.023959601369411054
gen4_name_q1_q3_pair_level_contrasts_v1,generated_fact_095,5,POST4_PATH_EFFICIENCY,DELTA_NAME,0.03232681939961962
gen4_name_q1_q3_pair_level_contrasts_v1,generated_fact_096,5,POST4_PATH_EFFICIENCY,DELTA_NAME,-0.0005410257149751074
gen4_name_q1_q3_pair_level_contrasts_v1,generated_fact_097,5,POST4_PATH_EFFICIENCY,DELTA_NAME,0.011603687833090848
gen4_name_q1_q3_pair_level_contrasts_v1,generated_fact_098,5,POST4_PATH_EFFICIENCY,DELTA_NAME,0.007983615086551987
gen4_name_q1_q3_pair_level_contrasts_v1,generated_fact_099,5,POST4_PATH_EFFICIENCY,DELTA_NAME,-0.027046219041154784
gen4_name_q1_q3_pair_level_contrasts_v1,generated_fact_100,5,POST4_PATH_EFFICIENCY,DELTA_NAME,-4.562331170360201e-05
gen4_name_q1_q3_pair_level_contrasts_v1,generated_fact_101,5,POST4_PATH_EFFICIENCY,DELTA_NAME,-0.0018411361461286857
gen4_name_q1_q3_pair_level_contrasts_v1,generated_fact_102,5,POST4_PATH_EFFICIENCY,DELTA_NAME,-0.01921440377600958
gen4_name_q1_q3_pair_level_contrasts_v1,generated_fact_103,5,POST4_PATH_EFFICIENCY,DELTA_NAME,0.042179972797122656
gen4_name_q1_q3_pair_level_contrasts_v1,generated_fact_104,5,POST4_PATH_EFFICIENCY,DELTA_NAME,-0.00612047016892342
gen4_name_q1_q3_pair_level_contrasts_v1,generated_fact_105,5,POST4_PATH_EFFICIENCY,DELTA_NAME,-0.038603496098560064
gen4_name_q1_q3_pair_level_contrasts_v1,generated_fact_106,5,POST4_PATH_EFFICIENCY,DELTA_NAME,0.023889136785204546
gen4_name_q1_q3_pair_level_contrasts_v1,generated_fact_107,5,POST4_PATH_EFFICIENCY,DELTA_NAME,0.03259318517587739
gen4_name_q1_q3_pair_level_contrasts_v1,generated_fact_108,5,POST4_PATH_EFFICIENCY,DELTA_NAME,-0.0008110781473530948
gen4_name_q1_q3_pair_level_contrasts_v1,generated_fact_109,5,POST4_PATH_EFFICIENCY,DELTA_NAME,0.011265642055235559
gen4_name_q1_q3_pair_level_contrasts_v1,generated_fact_110,5,POST4_PATH_EFFICIENCY,DELTA_NAME,0.007989723981772001
gen4_name_q1_q3_pair_level_contrasts_v1,generated_fact_111,5,POST4_PATH_EFFICIENCY,DELTA_NAME,-0.026912016371245406
gen4_name_q1_q3_pair_level_contrasts_v1,generated_fact_112,5,POST4_PATH_EFFICIENCY,DELTA_NAME,-7.229649332879395e-05
gen4_name_q1_q3_pair_level_contrasts_v1,generated_fact_113,5,POST4_PATH_EFFICIENCY,DELTA_NAME,-0.002044378468853858
gen4_name_q1_q3_pair_level_contrasts_v1,generated_fact_114,5,POST4_PATH_EFFICIENCY,DELTA_NAME,-0.019595868189358268
gen4_name_q1_q3_pair_level_contrasts_v1,generated_fact_115,5,POST4_PATH_EFFICIENCY,DELTA_NAME,0.04165843356060289
gen4_name_q1_q3_pair_level_contrasts_v1,generated_fact_116,5,POST4_PATH_EFFICIENCY,DELTA_NAME,-0.006098840248208004
gen4_name_q1_q3_pair_level_contrasts_v1,generated_fact_117,5,POST4_PATH_EFFICIENCY,DELTA_NAME,-0.038535826998806644
gen4_name_q1_q3_pair_level_contrasts_v1,generated_fact_118,5,POST4_PATH_EFFICIENCY,DELTA_NAME,0.023856448130862684
gen4_name_q1_q3_pair_level_contrasts_v1,generated_fact_119,5,POST4_PATH_EFFICIENCY,DELTA_NAME,0.032351143204942034
gen4_name_q1_q3_pair_level_contrasts_v1,generated_fact_120,5,POST4_PATH_EFFICIENCY,DELTA_NAME,-0.0008635765387553507
gen4_name_q1_q3_pair_level_contrasts_v1,generated_fact_121,5,POST4_PATH_EFFICIENCY,DELTA_NAME,0.011423598013864611
gen4_name_q1_q3_pair_level_contrasts_v1,generated_fact_122,5,POST4_PATH_EFFICIENCY,DELTA_NAME,0.007972838048627695
gen4_name_q1_q3_pair_level_contrasts_v1,generated_fact_123,5,POST4_PATH_EFFICIENCY,DELTA_NAME,-0.027087809607670876
gen4_name_q1_q3_pair_level_contrasts_v1,generated_fact_124,5,POST4_PATH_EFFICIENCY,DELTA_NAME,-0.0002885400852125075
gen4_name_q1_q3_pair_level_contrasts_v1,generated_fact_125,5,POST4_PATH_EFFICIENCY,DELTA_NAME,-0.001590623267603286
gen4_name_q1_q3_pair_level_contrasts_v1,generated_fact_126,5,POST4_PATH_EFFICIENCY,DELTA_NAME,-0.018915316162644746
gen4_name_q1_q3_pair_level_contrasts_v1,generated_fact_127,5,POST4_PATH_EFFICIENCY,DELTA_NAME,0.04163291095687277
gen4_name_q1_q3_pair_level_contrasts_v1,generated_fact_128,5,POST4_PATH_EFFICIENCY,DELTA_NAME,-0.006081707505107836
gen4_name_q1_q3_pair_level_contrasts_v1,generated_fact_129,5,POST4_PATH_EFFICIENCY,DELTA_NAME,-0.03859455328600769
gen4_name_q1_q3_pair_level_contrasts_v1,generated_fact_130,5,POST4_PATH_EFFICIENCY,DELTA_NAME,0.024047995672501044
gen4_name_q1_q3_pair_level_contrasts_v1,generated_fact_131,5,POST4_PATH_EFFICIENCY,DELTA_NAME,0.032484306550687125
gen4_name_q1_q3_pair_level_contrasts_v1,generated_fact_132,5,POST4_PATH_EFFICIENCY,DELTA_NAME,-0.0009672803485528125
gen4_name_q1_q3_pair_level_contrasts_v1,generated_fact_133,5,POST4_PATH_EFFICIENCY,DELTA_NAME,0.011337037475437794
gen4_name_q1_q3_pair_level_contrasts_v1,generated_fact_134,5,POST4_PATH_EFFICIENCY,DELTA_NAME,0.008091819440647019
gen4_name_q1_q3_pair_level_contrasts_v1,generated_fact_135,5,POST4_PATH_EFFICIENCY,DELTA_NAME,-0.026779112205971012
gen4_name_q1_q3_pair_level_contrasts_v1,generated_fact_136,5,POST4_PATH_EFFICIENCY,DELTA_NAME,0.0001658027517984495
gen4_name_q1_q3_pair_level_contrasts_v1,generated_fact_137,5,POST4_PATH_EFFICIENCY,DELTA_NAME,-0.0023434488359158623
gen4_name_q1_q3_pair_level_contrasts_v1,generated_fact_138,5,POST4_PATH_EFFICIENCY,DELTA_NAME,-0.019860043676223738
gen4_name_q1_q3_pair_level_contrasts_v1,generated_fact_139,5,POST4_PATH_EFFICIENCY,DELTA_NAME,0.04136122884846066
gen4_name_q1_q3_pair_level_contrasts_v1,generated_fact_140,5,POST4_PATH_EFFICIENCY,DELTA_NAME,-0.006211695641245407
gen4_name_q1_q3_pair_level_contrasts_v1,generated_fact_141,5,POST4_PATH_EFFICIENCY,DELTA_NAME,-0.03811898982607226
gen4_name_q1_q3_pair_level_contrasts_v1,generated_fact_142,5,POST4_PATH_EFFICIENCY,DELTA_NAME,0.02379020758689193
gen4_name_q1_q3_pair_level_contrasts_v1,generated_fact_143,5,POST4_PATH_EFFICIENCY,DELTA_NAME,0.03237161685535528
gen4_name_q1_q3_pair_level_contrasts_v1,generated_fact_144,5,POST4_PATH_EFFICIENCY,DELTA_NAME,-0.00029772476205031095
gen4_name_q1_q3_pair_level_contrasts_v1,generated_fact_145,5,POST4_PATH_EFFICIENCY,DELTA_NAME,0.011554548981532797
gen4_name_q1_q3_pair_level_contrasts_v1,generated_fact_146,5,POST4_PATH_EFFICIENCY,DELTA_NAME,0.007940148789999768
gen4_name_q1_q3_pair_level_contrasts_v1,generated_fact_147,5,POST4_PATH_EFFICIENCY,DELTA_NAME,-0.027044023037555542
gen4_name_q1_q3_pair_level_contrasts_v1,generated_fact_148,5,POST4_PATH_EFFICIENCY,DELTA_NAME,-0.0002722478085088187
gen4_name_q1_q3_pair_level_contrasts_v1,generated_fact_149,5,POST4_PATH_EFFICIENCY,DELTA_NAME,-0.002185657913134742
gen4_name_q1_q3_pair_level_contrasts_v1,generated_fact_150,5,POST4_PATH_EFFICIENCY,DELTA_NAME,-0.019243448908552507
gen4_name_q1_q3_pair_level_contrasts_v1,generated_fact_151,5,POST4_PATH_EFFICIENCY,DELTA_NAME,0.041865205752989576
gen4_name_q1_q3_pair_level_contrasts_v1,generated_fact_152,5,POST4_PATH_EFFICIENCY,DELTA_NAME,-0.005994900371331546
gen4_name_q1_q3_pair_level_contrasts_v1,generated_fact_153,5,POST4_PATH_EFFICIENCY,DELTA_NAME,-0.0386547210748458
gen4_name_q1_q3_pair_level_contrasts_v1,generated_fact_154,5,POST4_PATH_EFFICIENCY,DELTA_NAME,0.023993995232563015
gen4_name_q1_q3_pair_level_contrasts_v1,generated_fact_155,5,POST4_PATH_EFFICIENCY,DELTA_NAME,0.032452510543195257
gen4_name_q1_q3_pair_level_contrasts_v1,generated_fact_156,5,POST4_PATH_EFFICIENCY,DELTA_NAME,-0.0008968262167835528
gen4_name_q1_q3_pair_level_contrasts_v1,generated_fact_157,5,POST4_PATH_EFFICIENCY,DELTA_NAME,0.011467854854449344
gen4_name_q1_q3_pair_level_contrasts_v1,generated_fact_158,5,POST4_PATH_EFFICIENCY,DELTA_NAME,0.007942802301066476
gen4_name_q1_q3_pair_level_contrasts_v1,generated_fact_159,5,POST4_PATH_EFFICIENCY,DELTA_NAME,-0.02695325899137002
gen4_name_q1_q3_pair_level_contrasts_v1,generated_fact_160,5,POST4_PATH_EFFICIENCY,DELTA_NAME,-5.761664961856372e-06
gen4_name_q1_q3_pair_level_contrasts_v1,generated_fact_161,5,POST4_PATH_EFFICIENCY,DELTA_NAME,-0.0024512256000135957
gen4_name_q1_q3_pair_level_contrasts_v1,generated_fact_162,5,POST4_PATH_EFFICIENCY,DELTA_NAME,-0.019796600078069715
gen4_name_q1_q3_pair_level_contrasts_v1,generated_fact_163,5,POST4_PATH_EFFICIENCY,DELTA_NAME,0.04130826864583359
gen4_name_q1_q3_pair_level_contrasts_v1,generated_fact_164,5,POST4_PATH_EFFICIENCY,DELTA_NAME,-0.0065147075334310856
gen4_name_q1_q3_pair_level_contrasts_v1,generated_fact_165,5,POST4_PATH_EFFICIENCY,DELTA_NAME,-0.03809329111238552
gen4_name_q1_q3_pair_level_contrasts_v1,generated_fact_166,5,POST4_PATH_EFFICIENCY,DELTA_NAME,0.023817827900662003
gen4_name_q1_q3_pair_level_contrasts_v1,generated_fact_167,5,POST4_PATH_EFFICIENCY,DELTA_NAME,0.03237819164029054
gen4_name_q1_q3_pair_level_contrasts_v1,generated_fact_168,5,POST4_PATH_EFFICIENCY,DELTA_NAME,-0.0006646964296682101
gen4_name_q1_q3_pair_level_contrasts_v1,generated_fact_169,5,POST4_PATH_EFFICIENCY,DELTA_NAME,0.011427579030591162
gen4_name_q1_q3_pair_level_contrasts_v1,generated_fact_170,5,POST4_PATH_EFFICIENCY,DELTA_NAME,0.008101075512862044
gen4_name_q1_q3_pair_level_contrasts_v1,generated_fact_171,5,POST4_PATH_EFFICIENCY,DELTA_NAME,-0.02715820061168911
gen4_name_q1_q3_pair_level_contrasts_v1,generated_fact_172,5,POST4_PATH_EFFICIENCY,DELTA_NAME,-0.00038106189261932766
gen4_name_q1_q3_pair_level_contrasts_v1,generated_fact_173,5,POST4_PATH_EFFICIENCY,DELTA_NAME,-0.0019792988217608998
gen4_name_q1_q3_pair_level_contrasts_v1,generated_fact_174,5,POST4_PATH_EFFICIENCY,DELTA_NAME,-0.019070845239604894
gen4_name_q1_q3_pair_level_contrasts_v1,generated_fact_175,5,POST4_PATH_EFFICIENCY,DELTA_NAME,0.04223434632149731
gen4_name_q1_q3_pair_level_contrasts_v1,generated_fact_176,5,POST4_PATH_EFFICIENCY,DELTA_NAME,-0.006122420569961096
gen4_name_q1_q3_pair_level_contrasts_v1,generated_fact_177,5,POST4_PATH_EFFICIENCY,DELTA_NAME,-0.03870407872179349
gen4_name_q1_q3_pair_level_contrasts_v1,generated_fact_178,5,POST4_PATH_EFFICIENCY,DELTA_NAME,0.024004434653397133
gen4_name_q1_q3_pair_level_contrasts_v1,generated_fact_179,5,POST4_PATH_EFFICIENCY,DELTA_NAME,0.032424360593867496
gen4_name_q1_q3_pair_level_contrasts_v1,generated_fact_180,5,POST4_PATH_EFFICIENCY,DELTA_NAME,-0.001042119929497931
gen4_name_q1_q3_pair_level_contrasts_v1,generated_fact_181,5,POST4_PATH_EFFICIENCY,DELTA_NAME,0.011467213710643576
gen4_name_q1_q3_pair_level_contrasts_v1,generated_fact_182,5,POST4_PATH_EFFICIENCY,DELTA_NAME,0.007995742675581896
gen4_name_q1_q3_pair_level_contrasts_v1,generated_fact_183,5,POST4_PATH_EFFICIENCY,DELTA_NAME,-0.026904015492506206
gen4_name_q1_q3_pair_level_contrasts_v1,generated_fact_184,5,POST4_PATH_EFFICIENCY,DELTA_NAME,6.149580037118074e-05
gen4_name_q1_q3_pair_level_contrasts_v1,generated_fact_185,5,POST4_PATH_EFFICIENCY,DELTA_NAME,-0.002190090419367796
gen4_name_q1_q3_pair_level_contrasts_v1,generated_fact_186,5,POST4_PATH_EFFICIENCY,DELTA_NAME,-0.01984707649456202
gen4_name_q1_q3_pair_level_contrasts_v1,generated_fact_187,5,POST4_PATH_EFFICIENCY,DELTA_NAME,0.04150640443635867
gen4_name_q1_q3_pair_level_contrasts_v1,generated_fact_188,5,POST4_PATH_EFFICIENCY,DELTA_NAME,-0.006259095388182534
gen4_name_q1_q3_pair_level_contrasts_v1,generated_fact_189,5,POST4_PATH_EFFICIENCY,DELTA_NAME,-0.038320236843710165
gen4_name_q1_q3_pair_level_contrasts_v1,generated_fact_190,5,POST4_PATH_EFFICIENCY,DELTA_NAME,0.023691021220544617
gen4_name_q1_q3_pair_level_contrasts_v1,generated_fact_191,5,POST4_PATH_EFFICIENCY,DELTA_NAME,0.03246227903186916
gen4_name_q1_q3_pair_level_contrasts_v1,generated_fact_192,5,POST4_PATH_EFFICIENCY,DELTA_NAME,-0.0006346971373715204
gen4_name_q1_q3_pair_level_contrasts_v1,generated_fact_193,5,POST4_PATH_EFFICIENCY,DELTA_NAME,0.01144233007487655
gen4_name_q1_q3_pair_level_contrasts_v1,generated_fact_194,5,POST4_PATH_EFFICIENCY,DELTA_NAME,0.00795925534306241
gen4_name_q1_q3_pair_level_contrasts_v1,generated_fact_195,5,POST4_PATH_EFFICIENCY,DELTA_NAME,-0.02713550410459109
gen4_name_q1_q3_pair_level_contrasts_v1,generated_fact_196,5,POST4_PATH_EFFICIENCY,DELTA_NAME,-0.0004524757081449393
gen4_name_q1_q3_pair_level_contrasts_v1,generated_fact_197,5,POST4_PATH_EFFICIENCY,DELTA_NAME,-0.0019827960338276163
gen4_name_q1_q3_pair_level_contrasts_v1,generated_fact_198,5,POST4_PATH_EFFICIENCY,DELTA_NAME,-0.01878930199073836
gen4_name_q1_q3_pair_level_contrasts_v1,generated_fact_199,5,POST4_PATH_EFFICIENCY,DELTA_NAME,0.042222970308514074
gen4_name_q1_q3_pair_level_contrasts_v1,generated_fact_200,5,POST4_PATH_EFFICIENCY,DELTA_NAME,-0.005849331045379269
gen4_name_q1_q3_pair_level_contrasts_v1,generated_fact_201,5,POST4_PATH_EFFICIENCY,DELTA_NAME,-0.03885629434461929
gen4_name_q1_q3_pair_level_contrasts_v1,generated_fact_202,5,POST4_PATH_EFFICIENCY,DELTA_NAME,0.02384877104247929
gen4_name_q1_q3_pair_level_contrasts_v1,generated_fact_203,5,POST4_PATH_EFFICIENCY,DELTA_NAME,0.032505886152038366
gen4_name_q1_q3_pair_level_contrasts_v1,generated_fact_204,5,POST4_PATH_EFFICIENCY,DELTA_NAME,-0.0009381110365365153
gen4_name_q1_q3_pair_level_contrasts_v1,generated_fact_205,5,POST4_PATH_EFFICIENCY,DELTA_NAME,0.011184135226954273
gen4_name_q1_q3_pair_level_contrasts_v1,generated_fact_206,5,POST4_PATH_EFFICIENCY,DELTA_NAME,0.007919191780451529
gen4_name_q1_q3_pair_level_contrasts_v1,generated_fact_207,5,POST4_PATH_EFFICIENCY,DELTA_NAME,-0.026706469439996716
gen4_name_q1_q3_pair_level_contrasts_v1,generated_fact_208,5,POST4_PATH_EFFICIENCY,DELTA_NAME,2.0377895345813357e-05
gen4_name_q1_q3_pair_level_contrasts_v1,generated_fact_209,5,POST4_PATH_EFFICIENCY,DELTA_NAME,-0.0019387086112410135
gen4_name_q1_q3_pair_level_contrasts_v1,generated_fact_210,5,POST4_PATH_EFFICIENCY,DELTA_NAME,-0.019602178413014926
gen4_name_q1_q3_pair_level_contrasts_v1,generated_fact_211,5,POST4_PATH_EFFICIENCY,DELTA_NAME,0.04100635862348223
gen4_name_q1_q3_pair_level_contrasts_v1,generated_fact_212,5,POST4_PATH_EFFICIENCY,DELTA_NAME,-0.006229204391620169
gen4_name_q1_q3_pair_level_contrasts_v1,generated_fact_213,5,POST4_PATH_EFFICIENCY,DELTA_NAME,-0.03856125479019101
gen4_name_q1_q3_pair_level_contrasts_v1,generated_fact_214,5,POST4_PATH_EFFICIENCY,DELTA_NAME,0.023992747002263115
gen4_name_q1_q3_pair_level_contrasts_v1,generated_fact_215,5,POST4_PATH_EFFICIENCY,DELTA_NAME,0.032333577489563725
gen4_name_q1_q3_pair_level_contrasts_v1,generated_fact_216,5,POST4_PATH_EFFICIENCY,DELTA_NAME,-0.0005296991508546567
gen4_name_q1_q3_pair_level_contrasts_v1,generated_fact_217,5,POST4_PATH_EFFICIENCY,DELTA_NAME,0.011429118003683902
gen4_name_q1_q3_pair_level_contrasts_v1,generated_fact_218,5,POST4_PATH_EFFICIENCY,DELTA_NAME,0.008012074033586114
gen4_name_q1_q3_pair_level_contrasts_v1,generated_fact_219,5,POST4_PATH_EFFICIENCY,DELTA_NAME,-0.027095286528269202
gen4_name_q1_q3_pair_level_contrasts_v1,generated_fact_220,5,POST4_PATH_EFFICIENCY,DELTA_NAME,-2.1328012509536087e-05
gen4_name_q1_q3_pair_level_contrasts_v1,generated_fact_221,5,POST4_PATH_EFFICIENCY,DELTA_NAME,-0.002297341934539565
gen4_name_q1_q3_pair_level_contrasts_v1,generated_fact_222,5,POST4_PATH_EFFICIENCY,DELTA_NAME,-0.018825789330976117
gen4_name_q1_q3_pair_level_contrasts_v1,generated_fact_223,5,POST4_PATH_EFFICIENCY,DELTA_NAME,0.04192692273192461
gen4_name_q1_q3_pair_level_contrasts_v1,generated_fact_224,5,POST4_PATH_EFFICIENCY,DELTA_NAME,-0.006104182185130369
gen4_name_q1_q3_pair_level_contrasts_v1,generated_fact_225,5,POST4_PATH_EFFICIENCY,DELTA_NAME,-0.038528819323658314
gen4_name_q1_q3_pair_level_contrasts_v1,generated_fact_226,5,POST4_PATH_EFFICIENCY,DELTA_NAME,0.02385536130771415
gen4_name_q1_q3_pair_level_contrasts_v1,generated_fact_227,5,POST4_PATH_EFFICIENCY,DELTA_NAME,0.032541067807642654
gen4_name_q1_q3_pair_level_contrasts_v1,generated_fact_228,5,POST4_PATH_EFFICIENCY,DELTA_NAME,-0.0006342615571207633
gen4_name_q1_q3_pair_level_contrasts_v1,generated_fact_229,5,POST4_PATH_EFFICIENCY,DELTA_NAME,0.011483531756390164
gen4_name_q1_q3_pair_level_contrasts_v1,generated_fact_230,5,POST4_PATH_EFFICIENCY,DELTA_NAME,0.007938095230758058
gen4_name_q1_q3_pair_level_contrasts_v1,generated_fact_231,5,POST4_PATH_EFFICIENCY,DELTA_NAME,-0.026821170120011895
gen4_name_q1_q3_pair_level_contrasts_v1,generated_fact_232,5,POST4_PATH_EFFICIENCY,DELTA_NAME,-3.1250080737565966e-05
gen4_name_q1_q3_pair_level_contrasts_v1,generated_fact_233,5,POST4_PATH_EFFICIENCY,DELTA_NAME,-0.0023966736844726055
gen4_name_q1_q3_pair_level_contrasts_v1,generated_fact_234,5,POST4_PATH_EFFICIENCY,DELTA_NAME,-0.01995445487683639
gen4_name_q1_q3_pair_level_contrasts_v1,generated_fact_235,5,POST4_PATH_EFFICIENCY,DELTA_NAME,0.04119702631217542
gen4_name_q1_q3_pair_level_contrasts_v1,generated_fact_236,5,POST4_PATH_EFFICIENCY,DELTA_NAME,-0.006210790566854751
gen4_name_q1_q3_pair_level_contrasts_v1,generated_fact_237,5,POST4_PATH_EFFICIENCY,DELTA_NAME,-0.03824773392926095
gen4_name_q1_q3_pair_level_contrasts_v1,generated_fact_238,5,POST4_PATH_EFFICIENCY,DELTA_NAME,0.023848963736942785
gen4_name_q1_q3_pair_level_contrasts_v1,generated_fact_239,5,POST4_PATH_EFFICIENCY,DELTA_NAME,0.03244844573824818
gen4_name_q1_q3_pair_level_contrasts_v1,generated_fact_240,5,POST4_PATH_EFFICIENCY,DELTA_NAME,-0.0006468886666839424
gen4_name_q1_q3_pair_level_contrasts_v1,generated_fact_241,5,POST4_PATH_EFFICIENCY,DELTA_NAME,0.011644421058458476
gen4_name_q1_q3_pair_level_contrasts_v1,generated_fact_242,5,POST4_PATH_EFFICIENCY,DELTA_NAME,0.007854798684536202
gen4_name_q1_q3_pair_level_contrasts_v1,generated_fact_243,5,POST4_PATH_EFFICIENCY,DELTA_NAME,-0.027122811693933546
gen4_name_q1_q3_pair_level_contrasts_v1,generated_fact_244,5,POST4_PATH_EFFICIENCY,DELTA_NAME,-0.00023842407092944384
gen4_name_q1_q3_pair_level_contrasts_v1,generated_fact_245,5,POST4_PATH_EFFICIENCY,DELTA_NAME,-0.0021542996460762187
gen4_name_q1_q3_pair_level_contrasts_v1,generated_fact_246,5,POST4_PATH_EFFICIENCY,DELTA_NAME,-0.018929050692897853
gen4_name_q1_q3_pair_level_contrasts_v1,generated_fact_247,5,POST4_PATH_EFFICIENCY,DELTA_NAME,0.041688912306892256
gen4_name_q1_q3_pair_level_contrasts_v1,generated_fact_248,5,POST4_PATH_EFFICIENCY,DELTA_NAME,-0.0062936651042034275
gen4_name_q1_q3_pair_level_contrasts_v1,generated_fact_249,5,POST4_PATH_EFFICIENCY,DELTA_NAME,-0.03848873137000469
gen4_name_q1_q3_pair_level_contrasts_v1,generated_fact_250,5,POST4_PATH_EFFICIENCY,DELTA_NAME,0.023775524408273407
gen4_name_q1_q3_pair_level_contrasts_v1,generated_fact_251,5,POST4_PATH_EFFICIENCY,DELTA_NAME,0.03244391072703928
gen4_name_q1_q3_pair_level_contrasts_v1,generated_fact_252,5,POST4_PATH_EFFICIENCY,DELTA_NAME,-0.0008406126852658069
gen4_name_q1_q3_pair_level_contrasts_v1,generated_fact_253,5,POST4_PATH_EFFICIENCY,DELTA_NAME,0.011112342962015409
gen4_name_q1_q3_pair_level_contrasts_v1,generated_fact_254,5,POST4_PATH_EFFICIENCY,DELTA_NAME,0.00798096943218346
gen4_name_q1_q3_pair_level_contrasts_v1,generated_fact_255,5,POST4_PATH_EFFICIENCY,DELTA_NAME,-0.026838962433935354
gen4_name_q1_q3_pair_level_contrasts_v1,generated_fact_256,5,POST4_PATH_EFFICIENCY,DELTA_NAME,-4.311114730781718e-05
gen4_name_q1_q3_pair_level_contrasts_v1,generated_fact_257,5,POST4_PATH_EFFICIENCY,DELTA_NAME,-0.002277974050454157
gen4_name_q1_q3_pair_level_contrasts_v1,generated_fact_258,5,POST4_PATH_EFFICIENCY,DELTA_NAME,-0.019795331823464823
gen4_name_q1_q3_pair_level_contrasts_v1,generated_fact_259,5,POST4_PATH_EFFICIENCY,DELTA_NAME,0.041476133197270726
gen4_name_q1_q3_pair_level_contrasts_v1,generated_fact_260,5,POST4_PATH_EFFICIENCY,DELTA_NAME,-0.00625467291375803
gen4_name_q1_q3_pair_level_contrasts_v1,generated_fact_261,5,POST4_PATH_EFFICIENCY,DELTA_NAME,-0.038373401013166
gen4_name_q1_q3_pair_level_contrasts_v1,generated_fact_262,5,POST4_PATH_EFFICIENCY,DELTA_NAME,0.02380565101233545
gen4_name_q1_q3_pair_level_contrasts_v1,generated_fact_263,5,POST4_PATH_EFFICIENCY,DELTA_NAME,0.03244583504166526
gen4_name_q1_q3_pair_level_contrasts_v1,generated_fact_264,5,POST4_PATH_EFFICIENCY,DELTA_NAME,-0.0005945808514836171
gen4_name_q1_q3_pair_level_contrasts_v1,generated_fact_265,5,POST4_PATH_EFFICIENCY,DELTA_NAME,0.011574476328731209
gen4_name_q1_q3_pair_level_contrasts_v1,generated_fact_266,5,POST4_PATH_EFFICIENCY,DELTA_NAME,0.008087626750621968
gen4_name_q1_q3_pair_level_contrasts_v1,generated_fact_267,5,POST4_PATH_EFFICIENCY,DELTA_NAME,-0.02709080059322755
gen4_name_q1_q3_pair_level_contrasts_v1,generated_fact_268,5,POST4_PATH_EFFICIENCY,DELTA_NAME,-0.00031008062884141374
gen4_name_q1_q3_pair_level_contrasts_v1,generated_fact_269,5,POST4_PATH_EFFICIENCY,DELTA_NAME,-0.0020624044470693437
gen4_name_q1_q3_pair_level_contrasts_v1,generated_fact_270,5,POST4_PATH_EFFICIENCY,DELTA_NAME,-0.019022232801725936
gen4_name_q1_q3_pair_level_contrasts_v1,generated_fact_271,5,POST4_PATH_EFFICIENCY,DELTA_NAME,0.04223965801078944
gen4_name_q1_q3_pair_level_contrasts_v1,generated_fact_272,5,POST4_PATH_EFFICIENCY,DELTA_NAME,-0.006220666947578557
gen4_name_q1_q3_pair_level_contrasts_v1,generated_fact_273,5,POST4_PATH_EFFICIENCY,DELTA_NAME,-0.03864124402254038
gen4_name_q1_q3_pair_level_contrasts_v1,generated_fact_274,5,POST4_PATH_EFFICIENCY,DELTA_NAME,0.0237203030532267
gen4_name_q1_q3_pair_level_contrasts_v1,generated_fact_275,5,POST4_PATH_EFFICIENCY,DELTA_NAME,0.03249272547596593
gen4_name_q1_q3_pair_level_contrasts_v1,generated_fact_276,5,POST4_PATH_EFFICIENCY,DELTA_NAME,-0.0007847779687091827
gen4_name_q1_q3_pair_level_contrasts_v1,generated_fact_277,5,POST4_PATH_EFFICIENCY,DELTA_NAME,0.011250957536562356
gen4_name_q1_q3_pair_level_contrasts_v1,generated_fact_278,5,POST4_PATH_EFFICIENCY,DELTA_NAME,0.007960872423596776
gen4_name_q1_q3_pair_level_contrasts_v1,generated_fact_279,5,POST4_PATH_EFFICIENCY,DELTA_NAME,-0.02689237772651837
gen4_name_q1_q3_pair_level_contrasts_v1,generated_fact_280,5,POST4_PATH_EFFICIENCY,DELTA_NAME,-9.891190078975542e-05
gen4_name_q1_q3_pair_level_contrasts_v1,generated_fact_281,5,POST4_PATH_EFFICIENCY,DELTA_NAME,-0.0021057027114745885
gen4_name_q1_q3_pair_level_contrasts_v1,generated_fact_282,5,POST4_PATH_EFFICIENCY,DELTA_NAME,-0.01956080376475705
gen4_name_q1_q3_pair_level_contrasts_v1,generated_fact_283,5,POST4_PATH_EFFICIENCY,DELTA_NAME,0.041689676761500816
gen4_name_q1_q3_pair_level_contrasts_v1,generated_fact_284,5,POST4_PATH_EFFICIENCY,DELTA_NAME,-0.006076848928120271
gen4_name_q1_q3_pair_level_contrasts_v1,generated_fact_285,5,POST4_PATH_EFFICIENCY,DELTA_NAME,-0.03849151259353467
gen4_name_q1_q3_pair_level_contrasts_v1,generated_fact_286,5,POST4_PATH_EFFICIENCY,DELTA_NAME,0.023857903519912627
gen4_name_q1_q3_pair_level_contrasts_v1,generated_fact_287,5,POST4_PATH_EFFICIENCY,DELTA_NAME,0.03232305207579128
gen4_name_q1_q3_pair_level_contrasts_v1,generated_fact_288,5,POST4_PATH_EFFICIENCY,DELTA_NAME,-0.000599367934208006
gen4_name_q1_q3_pair_level_contrasts_v1,generated_fact_289,5,POST4_PATH_EFFICIENCY,DELTA_NAME,0.011326499197286732
gen4_name_q1_q3_pair_level_contrasts_v1,generated_fact_290,5,POST4_PATH_EFFICIENCY,DELTA_NAME,0.00807664256245233
gen4_name_q1_q3_pair_level_contrasts_v1,generated_fact_291,5,POST4_PATH_EFFICIENCY,DELTA_NAME,-0.02698650192308155
gen4_name_q1_q3_pair_level_contrasts_v1,generated_fact_292,5,POST4_PATH_EFFICIENCY,DELTA_NAME,-0.0002985527264424692
gen4_name_q1_q3_pair_level_contrasts_v1,generated_fact_293,5,POST4_PATH_EFFICIENCY,DELTA_NAME,-0.0017310662384629194
gen4_name_q1_q3_pair_level_contrasts_v1,generated_fact_294,5,POST4_PATH_EFFICIENCY,DELTA_NAME,-0.018935022939630453
gen4_name_q1_q3_pair_level_contrasts_v1,generated_fact_295,5,POST4_PATH_EFFICIENCY,DELTA_NAME,0.04174772915166708
gen4_name_q1_q3_pair_level_contrasts_v1,generated_fact_296,5,POST4_PATH_EFFICIENCY,DELTA_NAME,-0.006321979745643025
gen4_name_q1_q3_pair_level_contrasts_v1,generated_fact_297,5,POST4_PATH_EFFICIENCY,DELTA_NAME,-0.03866661492617063
gen4_name_q1_q3_pair_level_contrasts_v1,generated_fact_298,5,POST4_PATH_EFFICIENCY,DELTA_NAME,0.023978830144132435
gen4_name_q1_q3_pair_level_contrasts_v1,generated_fact_299,5,POST4_PATH_EFFICIENCY,DELTA_NAME,0.03244665775904565
gen4_name_q1_q3_pair_level_contrasts_v1,generated_fact_300,5,POST4_PATH_EFFICIENCY,DELTA_NAME,-0.0011210353907598614
gen4_name_q1_q3_pair_level_contrasts_v1,glacier_study,5,POST4_PATH_EFFICIENCY,DELTA_NAME,0.039462474323967545
gen4_name_q1_q3_pair_level_contrasts_v1,harbor_upgrade,5,POST4_PATH_EFFICIENCY,DELTA_NAME,0.017519070947790205
gen4_name_q1_q3_pair_level_contrasts_v1,jazz_archive,5,POST4_PATH_EFFICIENCY,DELTA_NAME,-0.0015515851240254785
gen4_name_q1_q3_pair_level_contrasts_v1,language_program,5,POST4_PATH_EFFICIENCY,DELTA_NAME,-0.01572570815588481
gen4_name_q1_q3_pair_level_contrasts_v1,library_digitization,5,POST4_PATH_EFFICIENCY,DELTA_NAME,0.01630814714568546
gen4_name_q1_q3_pair_level_contrasts_v1,market_renovation,5,POST4_PATH_EFFICIENCY,DELTA_NAME,0.03524524063516743
gen4_name_q1_q3_pair_level_contrasts_v1,museum_purchase,5,POST4_PATH_EFFICIENCY,DELTA_NAME,-0.026698317496332835
gen4_name_q1_q3_pair_level_contrasts_v1,opera_premiere,5,POST4_PATH_EFFICIENCY,DELTA_NAME,-0.0009868946170027981
gen4_name_q1_q3_pair_level_contrasts_v1,orion_approval,5,POST4_PATH_EFFICIENCY,DELTA_NAME,-0.023360151367686433
gen4_name_q1_q3_pair_level_contrasts_v1,poetry_prize,5,POST4_PATH_EFFICIENCY,DELTA_NAME,0.009490241278453382
gen4_name_q1_q3_pair_level_contrasts_v1,railway_restoration,5,POST4_PATH_EFFICIENCY,DELTA_NAME,-0.007471765533591024
gen4_name_q1_q3_pair_level_contrasts_v1,reef_protection,5,POST4_PATH_EFFICIENCY,DELTA_NAME,0.012884724330273989
gen4_name_q1_q3_pair_level_contrasts_v1,robotics_championship,5,POST4_PATH_EFFICIENCY,DELTA_NAME,0.04222108344308345
gen4_name_q1_q3_pair_level_contrasts_v1,satellite_launch,5,POST4_PATH_EFFICIENCY,DELTA_NAME,0.02123886714025408
gen4_name_q1_q3_pair_level_contrasts_v1,school_opening,5,POST4_PATH_EFFICIENCY,DELTA_NAME,-0.005985457407138739
gen4_name_q1_q3_pair_level_contrasts_v1,solar_farm_contract,5,POST4_PATH_EFFICIENCY,DELTA_NAME,0.0330067947566553
gen4_name_q1_q3_pair_level_contrasts_v1,theater_restoration,5,POST4_PATH_EFFICIENCY,DELTA_NAME,-0.006339167036634563
gen4_name_q1_q3_pair_level_contrasts_v1,treaty_signature,5,POST4_PATH_EFFICIENCY,DELTA_NAME,-0.0055401986726999475
gen4_name_q1_q3_pair_level_contrasts_v1,vaccine_delivery,5,POST4_PATH_EFFICIENCY,DELTA_NAME,0.02129461672675681
gen4_name_q1_q3_pair_level_contrasts_v1,volcano_observatory,5,POST4_PATH_EFFICIENCY,DELTA_NAME,0.0016368582834919154
gen4_name_q1_q3_pair_level_contrasts_v1,wetland_restoration,5,POST4_PATH_EFFICIENCY,DELTA_NAME,-0.008995405744214813
gen4_name_q1_q3_pair_level_contrasts_v1,archive_release,17,POST4_SPEED,DELTA_NAME,-0.28323495388031006
gen4_name_q1_q3_pair_level_contrasts_v1,bridge_opening,17,POST4_SPEED,DELTA_NAME,0.07994461059570312
gen4_name_q1_q3_pair_level_contrasts_v1,canal_reopening,17,POST4_SPEED,DELTA_NAME,-0.08097803592681885
gen4_name_q1_q3_pair_level_contrasts_v1,clinic_expansion,17,POST4_SPEED,DELTA_NAME,-0.05907970666885376
gen4_name_q1_q3_pair_level_contrasts_v1,dam_inspection,17,POST4_SPEED,DELTA_NAME,-0.07541126012802124
gen4_name_q1_q3_pair_level_contrasts_v1,ferry_launch,17,POST4_SPEED,DELTA_NAME,-0.011829733848571777
gen4_name_q1_q3_pair_level_contrasts_v1,festival_selection,17,POST4_SPEED,DELTA_NAME,0.19052886962890625
gen4_name_q1_q3_pair_level_contrasts_v1,forest_mapping,17,POST4_SPEED,DELTA_NAME,0.1514347791671753
gen4_name_q1_q3_pair_level_contrasts_v1,garden_award,17,POST4_SPEED,DELTA_NAME,-0.0743873119354248
gen4_name_q1_q3_pair_level_contrasts_v1,generated_fact_031,17,POST4_SPEED,DELTA_NAME,0.055596113204956055
gen4_name_q1_q3_pair_level_contrasts_v1,generated_fact_032,17,POST4_SPEED,DELTA_NAME,-0.0159071683883667
gen4_name_q1_q3_pair_level_contrasts_v1,generated_fact_033,17,POST4_SPEED,DELTA_NAME,-0.16268718242645264
gen4_name_q1_q3_pair_level_contrasts_v1,generated_fact_034,17,POST4_SPEED,DELTA_NAME,0.09583276510238647
gen4_name_q1_q3_pair_level_contrasts_v1,generated_fact_035,17,POST4_SPEED,DELTA_NAME,0.3316134214401245
gen4_name_q1_q3_pair_level_contrasts_v1,generated_fact_036,17,POST4_SPEED,DELTA_NAME,-0.0012449026107788086
gen4_name_q1_q3_pair_level_contrasts_v1,generated_fact_037,17,POST4_SPEED,DELTA_NAME,0.1898505687713623
gen4_name_q1_q3_pair_level_contrasts_v1,generated_fact_038,17,POST4_SPEED,DELTA_NAME,0.04866790771484375
gen4_name_q1_q3_pair_level_contrasts_v1,generated_fact_039,17,POST4_SPEED,DELTA_NAME,-0.15985620021820068
gen4_name_q1_q3_pair_level_contrasts_v1,generated_fact_040,17,POST4_SPEED,DELTA_NAME,-0.286582887172699
gen4_name_q1_q3_pair_level_contrasts_v1,generated_fact_041,17,POST4_SPEED,DELTA_NAME,-0.0709233283996582
gen4_name_q1_q3_pair_level_contrasts_v1,generated_fact_042,17,POST4_SPEED,DELTA_NAME,-0.2521859407424927
gen4_name_q1_q3_pair_level_contrasts_v1,generated_fact_043,17,POST4_SPEED,DELTA_NAME,0.05569213628768921
gen4_name_q1_q3_pair_level_contrasts_v1,generated_fact_044,17,POST4_SPEED,DELTA_NAME,-0.016121208667755127
gen4_name_q1_q3_pair_level_contrasts_v1,generated_fact_045,17,POST4_SPEED,DELTA_NAME,-0.15404140949249268
gen4_name_q1_q3_pair_level_contrasts_v1,generated_fact_046,17,POST4_SPEED,DELTA_NAME,0.09521764516830444
gen4_name_q1_q3_pair_level_contrasts_v1,generated_fact_047,17,POST4_SPEED,DELTA_NAME,0.33385878801345825
gen4_name_q1_q3_pair_level_contrasts_v1,generated_fact_048,17,POST4_SPEED,DELTA_NAME,0.0014257431030273438
gen4_name_q1_q3_pair_level_contrasts_v1,generated_fact_049,17,POST4_SPEED,DELTA_NAME,0.1867716908454895
gen4_name_q1_q3_pair_level_contrasts_v1,generated_fact_050,17,POST4_SPEED,DELTA_NAME,0.04816877841949463
gen4_name_q1_q3_pair_level_contrasts_v1,generated_fact_051,17,POST4_SPEED,DELTA_NAME,-0.1632072925567627
gen4_name_q1_q3_pair_level_contrasts_v1,generated_fact_052,17,POST4_SPEED,DELTA_NAME,-0.285375714302063
gen4_name_q1_q3_pair_level_contrasts_v1,generated_fact_053,17,POST4_SPEED,DELTA_NAME,-0.06981247663497925
gen4_name_q1_q3_pair_level_contrasts_v1,generated_fact_054,17,POST4_SPEED,DELTA_NAME,-0.25830572843551636
gen4_name_q1_q3_pair_level_contrasts_v1,generated_fact_055,17,POST4_SPEED,DELTA_NAME,0.056974053382873535
gen4_name_q1_q3_pair_level_contrasts_v1,generated_fact_056,17,POST4_SPEED,DELTA_NAME,-0.013399243354797363
gen4_name_q1_q3_pair_level_contrasts_v1,generated_fact_057,17,POST4_SPEED,DELTA_NAME,-0.1618725061416626
gen4_name_q1_q3_pair_level_contrasts_v1,generated_fact_058,17,POST4_SPEED,DELTA_NAME,0.09482181072235107
gen4_name_q1_q3_pair_level_contrasts_v1,generated_fact_059,17,POST4_SPEED,DELTA_NAME,0.33100706338882446
gen4_name_q1_q3_pair_level_contrasts_v1,generated_fact_060,17,POST4_SPEED,DELTA_NAME,-0.0026039481163024902
gen4_name_q1_q3_pair_level_contrasts_v1,generated_fact_061,17,POST4_SPEED,DELTA_NAME,0.1901165246963501
gen4_name_q1_q3_pair_level_contrasts_v1,generated_fact_062,17,POST4_SPEED,DELTA_NAME,0.049337804317474365
gen4_name_q1_q3_pair_level_contrasts_v1,generated_fact_063,17,POST4_SPEED,DELTA_NAME,-0.16272884607315063
gen4_name_q1_q3_pair_level_contrasts_v1,generated_fact_064,17,POST4_SPEED,DELTA_NAME,-0.29070138931274414
gen4_name_q1_q3_pair_level_contrasts_v1,generated_fact_065,17,POST4_SPEED,DELTA_NAME,-0.07078272104263306
gen4_name_q1_q3_pair_level_contrasts_v1,generated_fact_066,17,POST4_SPEED,DELTA_NAME,-0.2502008080482483
gen4_name_q1_q3_pair_level_contrasts_v1,generated_fact_067,17,POST4_SPEED,DELTA_NAME,0.05525684356689453
gen4_name_q1_q3_pair_level_contrasts_v1,generated_fact_068,17,POST4_SPEED,DELTA_NAME,-0.013648808002471924
gen4_name_q1_q3_pair_level_contrasts_v1,generated_fact_069,17,POST4_SPEED,DELTA_NAME,-0.15371358394622803
gen4_name_q1_q3_pair_level_contrasts_v1,generated_fact_070,17,POST4_SPEED,DELTA_NAME,0.09741991758346558
gen4_name_q1_q3_pair_level_contrasts_v1,generated_fact_071,17,POST4_SPEED,DELTA_NAME,0.3332442045211792
gen4_name_q1_q3_pair_level_contrasts_v1,generated_fact_072,17,POST4_SPEED,DELTA_NAME,-0.0018616318702697754
gen4_name_q1_q3_pair_level_contrasts_v1,generated_fact_073,17,POST4_SPEED,DELTA_NAME,0.18575739860534668
gen4_name_q1_q3_pair_level_contrasts_v1,generated_fact_074,17,POST4_SPEED,DELTA_NAME,0.0476413369178772
gen4_name_q1_q3_pair_level_contrasts_v1,generated_fact_075,17,POST4_SPEED,DELTA_NAME,-0.16280251741409302
gen4_name_q1_q3_pair_level_contrasts_v1,generated_fact_076,17,POST4_SPEED,DELTA_NAME,-0.2903077006340027
gen4_name_q1_q3_pair_level_contrasts_v1,generated_fact_077,17,POST4_SPEED,DELTA_NAME,-0.07196283340454102
gen4_name_q1_q3_pair_level_contrasts_v1,generated_fact_078,17,POST4_SPEED,DELTA_NAME,-0.2567841410636902
gen4_name_q1_q3_pair_level_contrasts_v1,generated_fact_079,17,POST4_SPEED,DELTA_NAME,0.054778456687927246
gen4_name_q1_q3_pair_level_contrasts_v1,generated_fact_080,17,POST4_SPEED,DELTA_NAME,-0.015235066413879395
gen4_name_q1_q3_pair_level_contrasts_v1,generated_fact_081,17,POST4_SPEED,DELTA_NAME,-0.16301828622817993
gen4_name_q1_q3_pair_level_contrasts_v1,generated_fact_082,17,POST4_SPEED,DELTA_NAME,0.09392768144607544
gen4_name_q1_q3_pair_level_contrasts_v1,generated_fact_083,17,POST4_SPEED,DELTA_NAME,0.33073437213897705
gen4_name_q1_q3_pair_level_contrasts_v1,generated_fact_084,17,POST4_SPEED,DELTA_NAME,0.0007620453834533691
gen4_name_q1_q3_pair_level_contrasts_v1,generated_fact_085,17,POST4_SPEED,DELTA_NAME,0.19256454706192017
gen4_name_q1_q3_pair_level_contrasts_v1,generated_fact_086,17,POST4_SPEED,DELTA_NAME,0.05094623565673828
gen4_name_q1_q3_pair_level_contrasts_v1,generated_fact_087,17,POST4_SPEED,DELTA_NAME,-0.15975421667099
gen4_name_q1_q3_pair_level_contrasts_v1,generated_fact_088,17,POST4_SPEED,DELTA_NAME,-0.2931064963340759
gen4_name_q1_q3_pair_level_contrasts_v1,generated_fact_089,17,POST4_SPEED,DELTA_NAME,-0.07234108448028564
gen4_name_q1_q3_pair_level_contrasts_v1,generated_fact_090,17,POST4_SPEED,DELTA_NAME,-0.25030386447906494
gen4_name_q1_q3_pair_level_contrasts_v1,generated_fact_091,17,POST4_SPEED,DELTA_NAME,0.054634273052215576
gen4_name_q1_q3_pair_level_contrasts_v1,generated_fact_092,17,POST4_SPEED,DELTA_NAME,-0.0158880352973938
gen4_name_q1_q3_pair_level_contrasts_v1,generated_fact_093,17,POST4_SPEED,DELTA_NAME,-0.15603339672088623
gen4_name_q1_q3_pair_level_contrasts_v1,generated_fact_094,17,POST4_SPEED,DELTA_NAME,0.09732353687286377
gen4_name_q1_q3_pair_level_contrasts_v1,generated_fact_095,17,POST4_SPEED,DELTA_NAME,0.3318983316421509
gen4_name_q1_q3_pair_level_contrasts_v1,generated_fact_096,17,POST4_SPEED,DELTA_NAME,-0.001353144645690918
gen4_name_q1_q3_pair_level_contrasts_v1,generated_fact_097,17,POST4_SPEED,DELTA_NAME,0.18739819526672363
gen4_name_q1_q3_pair_level_contrasts_v1,generated_fact_098,17,POST4_SPEED,DELTA_NAME,0.04728752374649048
gen4_name_q1_q3_pair_level_contrasts_v1,generated_fact_099,17,POST4_SPEED,DELTA_NAME,-0.16248148679733276
gen4_name_q1_q3_pair_level_contrasts_v1,generated_fact_100,17,POST4_SPEED,DELTA_NAME,-0.2869964838027954
gen4_name_q1_q3_pair_level_contrasts_v1,generated_fact_101,17,POST4_SPEED,DELTA_NAME,-0.06828147172927856
gen4_name_q1_q3_pair_level_contrasts_v1,generated_fact_102,17,POST4_SPEED,DELTA_NAME,-0.2585163712501526
gen4_name_q1_q3_pair_level_contrasts_v1,generated_fact_103,17,POST4_SPEED,DELTA_NAME,0.05610537528991699
gen4_name_q1_q3_pair_level_contrasts_v1,generated_fact_104,17,POST4_SPEED,DELTA_NAME,-0.01428377628326416
gen4_name_q1_q3_pair_level_contrasts_v1,generated_fact_105,17,POST4_SPEED,DELTA_NAME,-0.16174888610839844
gen4_name_q1_q3_pair_level_contrasts_v1,generated_fact_106,17,POST4_SPEED,DELTA_NAME,0.09402859210968018
gen4_name_q1_q3_pair_level_contrasts_v1,generated_fact_107,17,POST4_SPEED,DELTA_NAME,0.3343126177787781
gen4_name_q1_q3_pair_level_contrasts_v1,generated_fact_108,17,POST4_SPEED,DELTA_NAME,0.0012563467025756836
gen4_name_q1_q3_pair_level_contrasts_v1,generated_fact_109,17,POST4_SPEED,DELTA_NAME,0.19220733642578125
gen4_name_q1_q3_pair_level_contrasts_v1,generated_fact_110,17,POST4_SPEED,DELTA_NAME,0.049786925315856934
gen4_name_q1_q3_pair_level_contrasts_v1,generated_fact_111,17,POST4_SPEED,DELTA_NAME,-0.1584535837173462
gen4_name_q1_q3_pair_level_contrasts_v1,generated_fact_112,17,POST4_SPEED,DELTA_NAME,-0.29091131687164307
gen4_name_q1_q3_pair_level_contrasts_v1,generated_fact_113,17,POST4_SPEED,DELTA_NAME,-0.07050859928131104
gen4_name_q1_q3_pair_level_contrasts_v1,generated_fact_114,17,POST4_SPEED,DELTA_NAME,-0.255933940410614
gen4_name_q1_q3_pair_level_contrasts_v1,generated_fact_115,17,POST4_SPEED,DELTA_NAME,0.054175615310668945
gen4_name_q1_q3_pair_level_contrasts_v1,generated_fact_116,17,POST4_SPEED,DELTA_NAME,-0.01747286319732666
gen4_name_q1_q3_pair_level_contrasts_v1,generated_fact_117,17,POST4_SPEED,DELTA_NAME,-0.15827184915542603
gen4_name_q1_q3_pair_level_contrasts_v1,generated_fact_118,17,POST4_SPEED,DELTA_NAME,0.09539109468460083
gen4_name_q1_q3_pair_level_contrasts_v1,generated_fact_119,17,POST4_SPEED,DELTA_NAME,0.3300142288208008
gen4_name_q1_q3_pair_level_contrasts_v1,generated_fact_120,17,POST4_SPEED,DELTA_NAME,-0.0009328126907348633
gen4_name_q1_q3_pair_level_contrasts_v1,generated_fact_121,17,POST4_SPEED,DELTA_NAME,0.18830448389053345
gen4_name_q1_q3_pair_level_contrasts_v1,generated_fact_122,17,POST4_SPEED,DELTA_NAME,0.0458030104637146
gen4_name_q1_q3_pair_level_contrasts_v1,generated_fact_123,17,POST4_SPEED,DELTA_NAME,-0.16097235679626465
gen4_name_q1_q3_pair_level_contrasts_v1,generated_fact_124,17,POST4_SPEED,DELTA_NAME,-0.28792136907577515
gen4_name_q1_q3_pair_level_contrasts_v1,generated_fact_125,17,POST4_SPEED,DELTA_NAME,-0.06938737630844116
gen4_name_q1_q3_pair_level_contrasts_v1,generated_fact_126,17,POST4_SPEED,DELTA_NAME,-0.25720638036727905
gen4_name_q1_q3_pair_level_contrasts_v1,generated_fact_127,17,POST4_SPEED,DELTA_NAME,0.05593496561050415
gen4_name_q1_q3_pair_level_contrasts_v1,generated_fact_128,17,POST4_SPEED,DELTA_NAME,-0.014827609062194824
gen4_name_q1_q3_pair_level_contrasts_v1,generated_fact_129,17,POST4_SPEED,DELTA_NAME,-0.15909773111343384
gen4_name_q1_q3_pair_level_contrasts_v1,generated_fact_130,17,POST4_SPEED,DELTA_NAME,0.09520632028579712
gen4_name_q1_q3_pair_level_contrasts_v1,generated_fact_131,17,POST4_SPEED,DELTA_NAME,0.3355758786201477
gen4_name_q1_q3_pair_level_contrasts_v1,generated_fact_132,17,POST4_SPEED,DELTA_NAME,0.0001971125602722168
gen4_name_q1_q3_pair_level_contrasts_v1,generated_fact_133,17,POST4_SPEED,DELTA_NAME,0.19087445735931396
gen4_name_q1_q3_pair_level_contrasts_v1,generated_fact_134,17,POST4_SPEED,DELTA_NAME,0.049721479415893555
gen4_name_q1_q3_pair_level_contrasts_v1,generated_fact_135,17,POST4_SPEED,DELTA_NAME,-0.16018813848495483
gen4_name_q1_q3_pair_level_contrasts_v1,generated_fact_136,17,POST4_SPEED,DELTA_NAME,-0.28922635316848755
gen4_name_q1_q3_pair_level_contrasts_v1,generated_fact_137,17,POST4_SPEED,DELTA_NAME,-0.07131856679916382
gen4_name_q1_q3_pair_level_contrasts_v1,generated_fact_138,17,POST4_SPEED,DELTA_NAME,-0.2545918822288513
gen4_name_q1_q3_pair_level_contrasts_v1,generated_fact_139,17,POST4_SPEED,DELTA_NAME,0.05785107612609863
gen4_name_q1_q3_pair_level_contrasts_v1,generated_fact_140,17,POST4_SPEED,DELTA_NAME,-0.01475292444229126
gen4_name_q1_q3_pair_level_contrasts_v1,generated_fact_141,17,POST4_SPEED,DELTA_NAME,-0.1589066982269287
gen4_name_q1_q3_pair_level_contrasts_v1,generated_fact_142,17,POST4_SPEED,DELTA_NAME,0.09494799375534058
gen4_name_q1_q3_pair_level_contrasts_v1,generated_fact_143,17,POST4_SPEED,DELTA_NAME,0.33025145530700684
gen4_name_q1_q3_pair_level_contrasts_v1,generated_fact_144,17,POST4_SPEED,DELTA_NAME,-0.001004636287689209
gen4_name_q1_q3_pair_level_contrasts_v1,generated_fact_145,17,POST4_SPEED,DELTA_NAME,0.1882597804069519
gen4_name_q1_q3_pair_level_contrasts_v1,generated_fact_146,17,POST4_SPEED,DELTA_NAME,0.04533696174621582
gen4_name_q1_q3_pair_level_contrasts_v1,generated_fact_147,17,POST4_SPEED,DELTA_NAME,-0.1649588942527771
gen4_name_q1_q3_pair_level_contrasts_v1,generated_fact_148,17,POST4_SPEED,DELTA_NAME,-0.28950536251068115
gen4_name_q1_q3_pair_level_contrasts_v1,generated_fact_149,17,POST4_SPEED,DELTA_NAME,-0.0682532787322998
gen4_name_q1_q3_pair_level_contrasts_v1,generated_fact_150,17,POST4_SPEED,DELTA_NAME,-0.2535936236381531
gen4_name_q1_q3_pair_level_contrasts_v1,generated_fact_151,17,POST4_SPEED,DELTA_NAME,0.055468201637268066
gen4_name_q1_q3_pair_level_contrasts_v1,generated_fact_152,17,POST4_SPEED,DELTA_NAME,-0.012993931770324707
gen4_name_q1_q3_pair_level_contrasts_v1,generated_fact_153,17,POST4_SPEED,DELTA_NAME,-0.1588776707649231
gen4_name_q1_q3_pair_level_contrasts_v1,generated_fact_154,17,POST4_SPEED,DELTA_NAME,0.09617048501968384
gen4_name_q1_q3_pair_level_contrasts_v1,generated_fact_155,17,POST4_SPEED,DELTA_NAME,0.3337959051132202
gen4_name_q1_q3_pair_level_contrasts_v1,generated_fact_156,17,POST4_SPEED,DELTA_NAME,-0.0036327242851257324
gen4_name_q1_q3_pair_level_contrasts_v1,generated_fact_157,17,POST4_SPEED,DELTA_NAME,0.18794196844100952
gen4_name_q1_q3_pair_level_contrasts_v1,generated_fact_158,17,POST4_SPEED,DELTA_NAME,0.04996907711029053
gen4_name_q1_q3_pair_level_contrasts_v1,generated_fact_159,17,POST4_SPEED,DELTA_NAME,-0.15795880556106567
gen4_name_q1_q3_pair_level_contrasts_v1,generated_fact_160,17,POST4_SPEED,DELTA_NAME,-0.29091113805770874
gen4_name_q1_q3_pair_level_contrasts_v1,generated_fact_161,17,POST4_SPEED,DELTA_NAME,-0.07416695356369019
gen4_name_q1_q3_pair_level_contrasts_v1,generated_fact_162,17,POST4_SPEED,DELTA_NAME,-0.25402969121932983
gen4_name_q1_q3_pair_level_contrasts_v1,generated_fact_163,17,POST4_SPEED,DELTA_NAME,0.056326985359191895
gen4_name_q1_q3_pair_level_contrasts_v1,generated_fact_164,17,POST4_SPEED,DELTA_NAME,-0.018032431602478027
gen4_name_q1_q3_pair_level_contrasts_v1,generated_fact_165,17,POST4_SPEED,DELTA_NAME,-0.15868520736694336
gen4_name_q1_q3_pair_level_contrasts_v1,generated_fact_166,17,POST4_SPEED,DELTA_NAME,0.09435659646987915
gen4_name_q1_q3_pair_level_contrasts_v1,generated_fact_167,17,POST4_SPEED,DELTA_NAME,0.3305395841598511
gen4_name_q1_q3_pair_level_contrasts_v1,generated_fact_168,17,POST4_SPEED,DELTA_NAME,0.000830531120300293
gen4_name_q1_q3_pair_level_contrasts_v1,generated_fact_169,17,POST4_SPEED,DELTA_NAME,0.18976813554763794
gen4_name_q1_q3_pair_level_contrasts_v1,generated_fact_170,17,POST4_SPEED,DELTA_NAME,0.047679603099823
gen4_name_q1_q3_pair_level_contrasts_v1,generated_fact_171,17,POST4_SPEED,DELTA_NAME,-0.16313308477401733
gen4_name_q1_q3_pair_level_contrasts_v1,generated_fact_172,17,POST4_SPEED,DELTA_NAME,-0.29028183221817017
gen4_name_q1_q3_pair_level_contrasts_v1,generated_fact_173,17,POST4_SPEED,DELTA_NAME,-0.07061439752578735
gen4_name_q1_q3_pair_level_contrasts_v1,generated_fact_174,17,POST4_SPEED,DELTA_NAME,-0.25622838735580444
gen4_name_q1_q3_pair_level_contrasts_v1,generated_fact_175,17,POST4_SPEED,DELTA_NAME,0.05431908369064331
gen4_name_q1_q3_pair_level_contrasts_v1,generated_fact_176,17,POST4_SPEED,DELTA_NAME,-0.014902234077453613
gen4_name_q1_q3_pair_level_contrasts_v1,generated_fact_177,17,POST4_SPEED,DELTA_NAME,-0.16054290533065796
gen4_name_q1_q3_pair_level_contrasts_v1,generated_fact_178,17,POST4_SPEED,DELTA_NAME,0.09695100784301758
gen4_name_q1_q3_pair_level_contrasts_v1,generated_fact_179,17,POST4_SPEED,DELTA_NAME,0.33518874645233154
gen4_name_q1_q3_pair_level_contrasts_v1,generated_fact_180,17,POST4_SPEED,DELTA_NAME,-0.0015611052513122559
gen4_name_q1_q3_pair_level_contrasts_v1,generated_fact_181,17,POST4_SPEED,DELTA_NAME,0.18980324268341064
gen4_name_q1_q3_pair_level_contrasts_v1,generated_fact_182,17,POST4_SPEED,DELTA_NAME,0.0496830940246582
gen4_name_q1_q3_pair_level_contrasts_v1,generated_fact_183,17,POST4_SPEED,DELTA_NAME,-0.159490704536438
gen4_name_q1_q3_pair_level_contrasts_v1,generated_fact_184,17,POST4_SPEED,DELTA_NAME,-0.2910875678062439
gen4_name_q1_q3_pair_level_contrasts_v1,generated_fact_185,17,POST4_SPEED,DELTA_NAME,-0.07029116153717041
gen4_name_q1_q3_pair_level_contrasts_v1,generated_fact_186,17,POST4_SPEED,DELTA_NAME,-0.2556486129760742
gen4_name_q1_q3_pair_level_contrasts_v1,generated_fact_187,17,POST4_SPEED,DELTA_NAME,0.0579228401184082
gen4_name_q1_q3_pair_level_contrasts_v1,generated_fact_188,17,POST4_SPEED,DELTA_NAME,-0.015582859516143799
gen4_name_q1_q3_pair_level_contrasts_v1,generated_fact_189,17,POST4_SPEED,DELTA_NAME,-0.1562662124633789
gen4_name_q1_q3_pair_level_contrasts_v1,generated_fact_190,17,POST4_SPEED,DELTA_NAME,0.09515899419784546
gen4_name_q1_q3_pair_level_contrasts_v1,generated_fact_191,17,POST4_SPEED,DELTA_NAME,0.3328123688697815
gen4_name_q1_q3_pair_level_contrasts_v1,generated_fact_192,17,POST4_SPEED,DELTA_NAME,0.0004177689552307129
gen4_name_q1_q3_pair_level_contrasts_v1,generated_fact_193,17,POST4_SPEED,DELTA_NAME,0.19116169214248657
gen4_name_q1_q3_pair_level_contrasts_v1,generated_fact_194,17,POST4_SPEED,DELTA_NAME,0.04628390073776245
gen4_name_q1_q3_pair_level_contrasts_v1,generated_fact_195,17,POST4_SPEED,DELTA_NAME,-0.1622268557548523
gen4_name_q1_q3_pair_level_contrasts_v1,generated_fact_196,17,POST4_SPEED,DELTA_NAME,-0.28878116607666016
gen4_name_q1_q3_pair_level_contrasts_v1,generated_fact_197,17,POST4_SPEED,DELTA_NAME,-0.06915652751922607
gen4_name_q1_q3_pair_level_contrasts_v1,generated_fact_198,17,POST4_SPEED,DELTA_NAME,-0.2596019506454468
gen4_name_q1_q3_pair_level_contrasts_v1,generated_fact_199,17,POST4_SPEED,DELTA_NAME,0.054865896701812744
gen4_name_q1_q3_pair_level_contrasts_v1,generated_fact_200,17,POST4_SPEED,DELTA_NAME,-0.016334235668182373
gen4_name_q1_q3_pair_level_contrasts_v1,generated_fact_201,17,POST4_SPEED,DELTA_NAME,-0.16275465488433838
gen4_name_q1_q3_pair_level_contrasts_v1,generated_fact_202,17,POST4_SPEED,DELTA_NAME,0.09484654664993286
gen4_name_q1_q3_pair_level_contrasts_v1,generated_fact_203,17,POST4_SPEED,DELTA_NAME,0.3304869532585144
gen4_name_q1_q3_pair_level_contrasts_v1,generated_fact_204,17,POST4_SPEED,DELTA_NAME,-0.0006635785102844238
gen4_name_q1_q3_pair_level_contrasts_v1,generated_fact_205,17,POST4_SPEED,DELTA_NAME,0.1889503002166748
gen4_name_q1_q3_pair_level_contrasts_v1,generated_fact_206,17,POST4_SPEED,DELTA_NAME,0.04823756217956543
gen4_name_q1_q3_pair_level_contrasts_v1,generated_fact_207,17,POST4_SPEED,DELTA_NAME,-0.1581326723098755
gen4_name_q1_q3_pair_level_contrasts_v1,generated_fact_208,17,POST4_SPEED,DELTA_NAME,-0.28865325450897217
gen4_name_q1_q3_pair_level_contrasts_v1,generated_fact_209,17,POST4_SPEED,DELTA_NAME,-0.07157033681869507
gen4_name_q1_q3_pair_level_contrasts_v1,generated_fact_210,17,POST4_SPEED,DELTA_NAME,-0.2513189911842346
gen4_name_q1_q3_pair_level_contrasts_v1,generated_fact_211,17,POST4_SPEED,DELTA_NAME,0.05552142858505249
gen4_name_q1_q3_pair_level_contrasts_v1,generated_fact_212,17,POST4_SPEED,DELTA_NAME,-0.01592731475830078
gen4_name_q1_q3_pair_level_contrasts_v1,generated_fact_213,17,POST4_SPEED,DELTA_NAME,-0.15438872575759888
gen4_name_q1_q3_pair_level_contrasts_v1,generated_fact_214,17,POST4_SPEED,DELTA_NAME,0.09470522403717041
gen4_name_q1_q3_pair_level_contrasts_v1,generated_fact_215,17,POST4_SPEED,DELTA_NAME,0.33373355865478516
gen4_name_q1_q3_pair_level_contrasts_v1,generated_fact_216,17,POST4_SPEED,DELTA_NAME,0.0004431009292602539
gen4_name_q1_q3_pair_level_contrasts_v1,generated_fact_217,17,POST4_SPEED,DELTA_NAME,0.1894770860671997
gen4_name_q1_q3_pair_level_contrasts_v1,generated_fact_218,17,POST4_SPEED,DELTA_NAME,0.04751771688461304
gen4_name_q1_q3_pair_level_contrasts_v1,generated_fact_219,17,POST4_SPEED,DELTA_NAME,-0.16192233562469482
gen4_name_q1_q3_pair_level_contrasts_v1,generated_fact_220,17,POST4_SPEED,DELTA_NAME,-0.2848548889160156
gen4_name_q1_q3_pair_level_contrasts_v1,generated_fact_221,17,POST4_SPEED,DELTA_NAME,-0.06919968128204346
gen4_name_q1_q3_pair_level_contrasts_v1,generated_fact_222,17,POST4_SPEED,DELTA_NAME,-0.2604075074195862
gen4_name_q1_q3_pair_level_contrasts_v1,generated_fact_223,17,POST4_SPEED,DELTA_NAME,0.05730783939361572
gen4_name_q1_q3_pair_level_contrasts_v1,generated_fact_224,17,POST4_SPEED,DELTA_NAME,-0.01352471113204956
gen4_name_q1_q3_pair_level_contrasts_v1,generated_fact_225,17,POST4_SPEED,DELTA_NAME,-0.16305899620056152
gen4_name_q1_q3_pair_level_contrasts_v1,generated_fact_226,17,POST4_SPEED,DELTA_NAME,0.09419238567352295
gen4_name_q1_q3_pair_level_contrasts_v1,generated_fact_227,17,POST4_SPEED,DELTA_NAME,0.33272701501846313
gen4_name_q1_q3_pair_level_contrasts_v1,generated_fact_228,17,POST4_SPEED,DELTA_NAME,-0.002019643783569336
gen4_name_q1_q3_pair_level_contrasts_v1,generated_fact_229,17,POST4_SPEED,DELTA_NAME,0.19122612476348877
gen4_name_q1_q3_pair_level_contrasts_v1,generated_fact_230,17,POST4_SPEED,DELTA_NAME,0.04889947175979614
gen4_name_q1_q3_pair_level_contrasts_v1,generated_fact_231,17,POST4_SPEED,DELTA_NAME,-0.16267883777618408
gen4_name_q1_q3_pair_level_contrasts_v1,generated_fact_232,17,POST4_SPEED,DELTA_NAME,-0.2911357879638672
gen4_name_q1_q3_pair_level_contrasts_v1,generated_fact_233,17,POST4_SPEED,DELTA_NAME,-0.07017111778259277
gen4_name_q1_q3_pair_level_contrasts_v1,generated_fact_234,17,POST4_SPEED,DELTA_NAME,-0.2522324323654175
gen4_name_q1_q3_pair_level_contrasts_v1,generated_fact_235,17,POST4_SPEED,DELTA_NAME,0.05672907829284668
gen4_name_q1_q3_pair_level_contrasts_v1,generated_fact_236,17,POST4_SPEED,DELTA_NAME,-0.013753652572631836
gen4_name_q1_q3_pair_level_contrasts_v1,generated_fact_237,17,POST4_SPEED,DELTA_NAME,-0.15332573652267456
gen4_name_q1_q3_pair_level_contrasts_v1,generated_fact_238,17,POST4_SPEED,DELTA_NAME,0.09645587205886841
gen4_name_q1_q3_pair_level_contrasts_v1,generated_fact_239,17,POST4_SPEED,DELTA_NAME,0.3346073627471924
gen4_name_q1_q3_pair_level_contrasts_v1,generated_fact_240,17,POST4_SPEED,DELTA_NAME,-0.003036975860595703
gen4_name_q1_q3_pair_level_contrasts_v1,generated_fact_241,17,POST4_SPEED,DELTA_NAME,0.18492573499679565
gen4_name_q1_q3_pair_level_contrasts_v1,generated_fact_242,17,POST4_SPEED,DELTA_NAME,0.047414541244506836
gen4_name_q1_q3_pair_level_contrasts_v1,generated_fact_243,17,POST4_SPEED,DELTA_NAME,-0.16166043281555176
gen4_name_q1_q3_pair_level_contrasts_v1,generated_fact_244,17,POST4_SPEED,DELTA_NAME,-0.2897810935974121
gen4_name_q1_q3_pair_level_contrasts_v1,generated_fact_245,17,POST4_SPEED,DELTA_NAME,-0.0721898078918457
gen4_name_q1_q3_pair_level_contrasts_v1,generated_fact_246,17,POST4_SPEED,DELTA_NAME,-0.25903528928756714
gen4_name_q1_q3_pair_level_contrasts_v1,generated_fact_247,17,POST4_SPEED,DELTA_NAME,0.05569303035736084
gen4_name_q1_q3_pair_level_contrasts_v1,generated_fact_248,17,POST4_SPEED,DELTA_NAME,-0.016109704971313477
gen4_name_q1_q3_pair_level_contrasts_v1,generated_fact_249,17,POST4_SPEED,DELTA_NAME,-0.16246455907821655
gen4_name_q1_q3_pair_level_contrasts_v1,generated_fact_250,17,POST4_SPEED,DELTA_NAME,0.09471100568771362
gen4_name_q1_q3_pair_level_contrasts_v1,generated_fact_251,17,POST4_SPEED,DELTA_NAME,0.3301248550415039
gen4_name_q1_q3_pair_level_contrasts_v1,generated_fact_252,17,POST4_SPEED,DELTA_NAME,-0.0008854269981384277
gen4_name_q1_q3_pair_level_contrasts_v1,generated_fact_253,17,POST4_SPEED,DELTA_NAME,0.19204998016357422
gen4_name_q1_q3_pair_level_contrasts_v1,generated_fact_254,17,POST4_SPEED,DELTA_NAME,0.04975712299346924
gen4_name_q1_q3_pair_level_contrasts_v1,generated_fact_255,17,POST4_SPEED,DELTA_NAME,-0.16061246395111084
gen4_name_q1_q3_pair_level_contrasts_v1,generated_fact_256,17,POST4_SPEED,DELTA_NAME,-0.2917957901954651
gen4_name_q1_q3_pair_level_contrasts_v1,generated_fact_257,17,POST4_SPEED,DELTA_NAME,-0.07215964794158936
gen4_name_q1_q3_pair_level_contrasts_v1,generated_fact_258,17,POST4_SPEED,DELTA_NAME,-0.2532889246940613
gen4_name_q1_q3_pair_level_contrasts_v1,generated_fact_259,17,POST4_SPEED,DELTA_NAME,0.05600583553314209
gen4_name_q1_q3_pair_level_contrasts_v1,generated_fact_260,17,POST4_SPEED,DELTA_NAME,-0.015186846256256104
gen4_name_q1_q3_pair_level_contrasts_v1,generated_fact_261,17,POST4_SPEED,DELTA_NAME,-0.15689367055892944
gen4_name_q1_q3_pair_level_contrasts_v1,generated_fact_262,17,POST4_SPEED,DELTA_NAME,0.09780746698379517
gen4_name_q1_q3_pair_level_contrasts_v1,generated_fact_263,17,POST4_SPEED,DELTA_NAME,0.3354285955429077
gen4_name_q1_q3_pair_level_contrasts_v1,generated_fact_264,17,POST4_SPEED,DELTA_NAME,-0.00042188167572021484
gen4_name_q1_q3_pair_level_contrasts_v1,generated_fact_265,17,POST4_SPEED,DELTA_NAME,0.18930423259735107
gen4_name_q1_q3_pair_level_contrasts_v1,generated_fact_266,17,POST4_SPEED,DELTA_NAME,0.0464024543762207
gen4_name_q1_q3_pair_level_contrasts_v1,generated_fact_267,17,POST4_SPEED,DELTA_NAME,-0.16049140691757202
gen4_name_q1_q3_pair_level_contrasts_v1,generated_fact_268,17,POST4_SPEED,DELTA_NAME,-0.28938376903533936
gen4_name_q1_q3_pair_level_contrasts_v1,generated_fact_269,17,POST4_SPEED,DELTA_NAME,-0.06786614656448364
gen4_name_q1_q3_pair_level_contrasts_v1,generated_fact_270,17,POST4_SPEED,DELTA_NAME,-0.2581482529640198
gen4_name_q1_q3_pair_level_contrasts_v1,generated_fact_271,17,POST4_SPEED,DELTA_NAME,0.05744987726211548
gen4_name_q1_q3_pair_level_contrasts_v1,generated_fact_272,17,POST4_SPEED,DELTA_NAME,-0.0142744779586792
gen4_name_q1_q3_pair_level_contrasts_v1,generated_fact_273,17,POST4_SPEED,DELTA_NAME,-0.15983301401138306
gen4_name_q1_q3_pair_level_contrasts_v1,generated_fact_274,17,POST4_SPEED,DELTA_NAME,0.09374147653579712
gen4_name_q1_q3_pair_level_contrasts_v1,generated_fact_275,17,POST4_SPEED,DELTA_NAME,0.3341180086135864
gen4_name_q1_q3_pair_level_contrasts_v1,generated_fact_276,17,POST4_SPEED,DELTA_NAME,0.0005156397819519043
gen4_name_q1_q3_pair_level_contrasts_v1,generated_fact_277,17,POST4_SPEED,DELTA_NAME,0.19170081615447998
gen4_name_q1_q3_pair_level_contrasts_v1,generated_fact_278,17,POST4_SPEED,DELTA_NAME,0.049331068992614746
gen4_name_q1_q3_pair_level_contrasts_v1,generated_fact_279,17,POST4_SPEED,DELTA_NAME,-0.15825742483139038
gen4_name_q1_q3_pair_level_contrasts_v1,generated_fact_280,17,POST4_SPEED,DELTA_NAME,-0.2881048917770386
gen4_name_q1_q3_pair_level_contrasts_v1,generated_fact_281,17,POST4_SPEED,DELTA_NAME,-0.0709228515625
gen4_name_q1_q3_pair_level_contrasts_v1,generated_fact_282,17,POST4_SPEED,DELTA_NAME,-0.2558072805404663
gen4_name_q1_q3_pair_level_contrasts_v1,generated_fact_283,17,POST4_SPEED,DELTA_NAME,0.05529385805130005
gen4_name_q1_q3_pair_level_contrasts_v1,generated_fact_284,17,POST4_SPEED,DELTA_NAME,-0.017096340656280518
gen4_name_q1_q3_pair_level_contrasts_v1,generated_fact_285,17,POST4_SPEED,DELTA_NAME,-0.15844577550888062
gen4_name_q1_q3_pair_level_contrasts_v1,generated_fact_286,17,POST4_SPEED,DELTA_NAME,0.0952380895614624
gen4_name_q1_q3_pair_level_contrasts_v1,generated_fact_287,17,POST4_SPEED,DELTA_NAME,0.3290293216705322
gen4_name_q1_q3_pair_level_contrasts_v1,generated_fact_288,17,POST4_SPEED,DELTA_NAME,-0.0005344152450561523
gen4_name_q1_q3_pair_level_contrasts_v1,generated_fact_289,17,POST4_SPEED,DELTA_NAME,0.1872779130935669
gen4_name_q1_q3_pair_level_contrasts_v1,generated_fact_290,17,POST4_SPEED,DELTA_NAME,0.04541933536529541
gen4_name_q1_q3_pair_level_contrasts_v1,generated_fact_291,17,POST4_SPEED,DELTA_NAME,-0.1621241569519043
gen4_name_q1_q3_pair_level_contrasts_v1,generated_fact_292,17,POST4_SPEED,DELTA_NAME,-0.28647780418395996
gen4_name_q1_q3_pair_level_contrasts_v1,generated_fact_293,17,POST4_SPEED,DELTA_NAME,-0.06870216131210327
gen4_name_q1_q3_pair_level_contrasts_v1,generated_fact_294,17,POST4_SPEED,DELTA_NAME,-0.2557752728462219
gen4_name_q1_q3_pair_level_contrasts_v1,generated_fact_295,17,POST4_SPEED,DELTA_NAME,0.05765897035598755
gen4_name_q1_q3_pair_level_contrasts_v1,generated_fact_296,17,POST4_SPEED,DELTA_NAME,-0.015270709991455078
gen4_name_q1_q3_pair_level_contrasts_v1,generated_fact_297,17,POST4_SPEED,DELTA_NAME,-0.15797150135040283
gen4_name_q1_q3_pair_level_contrasts_v1,generated_fact_298,17,POST4_SPEED,DELTA_NAME,0.0937994122505188
gen4_name_q1_q3_pair_level_contrasts_v1,generated_fact_299,17,POST4_SPEED,DELTA_NAME,0.33480221033096313
gen4_name_q1_q3_pair_level_contrasts_v1,generated_fact_300,17,POST4_SPEED,DELTA_NAME,-0.0008652210235595703
gen4_name_q1_q3_pair_level_contrasts_v1,glacier_study,17,POST4_SPEED,DELTA_NAME,-0.038221538066864014
gen4_name_q1_q3_pair_level_contrasts_v1,harbor_upgrade,17,POST4_SPEED,DELTA_NAME,0.06872725486755371
gen4_name_q1_q3_pair_level_contrasts_v1,jazz_archive,17,POST4_SPEED,DELTA_NAME,-0.1631191372871399
gen4_name_q1_q3_pair_level_contrasts_v1,language_program,17,POST4_SPEED,DELTA_NAME,-0.2262468934059143
gen4_name_q1_q3_pair_level_contrasts_v1,library_digitization,17,POST4_SPEED,DELTA_NAME,-0.3417285084724426
gen4_name_q1_q3_pair_level_contrasts_v1,market_renovation,17,POST4_SPEED,DELTA_NAME,-0.07310432195663452
gen4_name_q1_q3_pair_level_contrasts_v1,museum_purchase,17,POST4_SPEED,DELTA_NAME,0.08576327562332153
gen4_name_q1_q3_pair_level_contrasts_v1,opera_premiere,17,POST4_SPEED,DELTA_NAME,0.20397412776947021
gen4_name_q1_q3_pair_level_contrasts_v1,orion_approval,17,POST4_SPEED,DELTA_NAME,-0.12140834331512451
gen4_name_q1_q3_pair_level_contrasts_v1,poetry_prize,17,POST4_SPEED,DELTA_NAME,-0.004402279853820801
gen4_name_q1_q3_pair_level_contrasts_v1,railway_restoration,17,POST4_SPEED,DELTA_NAME,0.05972576141357422
gen4_name_q1_q3_pair_level_contrasts_v1,reef_protection,17,POST4_SPEED,DELTA_NAME,-0.09925270080566406
gen4_name_q1_q3_pair_level_contrasts_v1,robotics_championship,17,POST4_SPEED,DELTA_NAME,0.15130650997161865
gen4_name_q1_q3_pair_level_contrasts_v1,satellite_launch,17,POST4_SPEED,DELTA_NAME,0.165918231010437
gen4_name_q1_q3_pair_level_contrasts_v1,school_opening,17,POST4_SPEED,DELTA_NAME,-0.03110480308532715
gen4_name_q1_q3_pair_level_contrasts_v1,solar_farm_contract,17,POST4_SPEED,DELTA_NAME,-0.10705631971359253
gen4_name_q1_q3_pair_level_contrasts_v1,theater_restoration,17,POST4_SPEED,DELTA_NAME,-0.07754498720169067
gen4_name_q1_q3_pair_level_contrasts_v1,treaty_signature,17,POST4_SPEED,DELTA_NAME,0.11079269647598267
gen4_name_q1_q3_pair_level_contrasts_v1,vaccine_delivery,17,POST4_SPEED,DELTA_NAME,-0.024763107299804688
gen4_name_q1_q3_pair_level_contrasts_v1,volcano_observatory,17,POST4_SPEED,DELTA_NAME,0.2078341245651245
gen4_name_q1_q3_pair_level_contrasts_v1,wetland_restoration,17,POST4_SPEED,DELTA_NAME,-0.1658908724784851
gen4_name_q1_q3_pair_level_contrasts_v1,archive_release,17,POST4_TURNING,DELTA_NAME,-0.0034918785095214844
gen4_name_q1_q3_pair_level_contrasts_v1,bridge_opening,17,POST4_TURNING,DELTA_NAME,0.06339430809020996
gen4_name_q1_q3_pair_level_contrasts_v1,canal_reopening,17,POST4_TURNING,DELTA_NAME,0.016384482383728027
gen4_name_q1_q3_pair_level_contrasts_v1,clinic_expansion,17,POST4_TURNING,DELTA_NAME,-0.01427149772644043
gen4_name_q1_q3_pair_level_contrasts_v1,dam_inspection,17,POST4_TURNING,DELTA_NAME,0.019223570823669434
gen4_name_q1_q3_pair_level_contrasts_v1,ferry_launch,17,POST4_TURNING,DELTA_NAME,-0.008194684982299805
gen4_name_q1_q3_pair_level_contrasts_v1,festival_selection,17,POST4_TURNING,DELTA_NAME,0.07090258598327637
gen4_name_q1_q3_pair_level_contrasts_v1,forest_mapping,17,POST4_TURNING,DELTA_NAME,0.08443057537078857
gen4_name_q1_q3_pair_level_contrasts_v1,garden_award,17,POST4_TURNING,DELTA_NAME,-0.016924142837524414
gen4_name_q1_q3_pair_level_contrasts_v1,generated_fact_031,17,POST4_TURNING,DELTA_NAME,0.058302879333496094
gen4_name_q1_q3_pair_level_contrasts_v1,generated_fact_032,17,POST4_TURNING,DELTA_NAME,0.01836872100830078
gen4_name_q1_q3_pair_level_contrasts_v1,generated_fact_033,17,POST4_TURNING,DELTA_NAME,0.036092519760131836
gen4_name_q1_q3_pair_level_contrasts_v1,generated_fact_034,17,POST4_TURNING,DELTA_NAME,-0.1366952657699585
gen4_name_q1_q3_pair_level_contrasts_v1,generated_fact_035,17,POST4_TURNING,DELTA_NAME,0.032338500022888184
gen4_name_q1_q3_pair_level_contrasts_v1,generated_fact_036,17,POST4_TURNING,DELTA_NAME,0.0006964206695556641
gen4_name_q1_q3_pair_level_contrasts_v1,generated_fact_037,17,POST4_TURNING,DELTA_NAME,0.024547696113586426
gen4_name_q1_q3_pair_level_contrasts_v1,generated_fact_038,17,POST4_TURNING,DELTA_NAME,-0.02442610263824463
gen4_name_q1_q3_pair_level_contrasts_v1,generated_fact_039,17,POST4_TURNING,DELTA_NAME,-0.005183577537536621
gen4_name_q1_q3_pair_level_contrasts_v1,generated_fact_040,17,POST4_TURNING,DELTA_NAME,-0.10641205310821533
gen4_name_q1_q3_pair_level_contrasts_v1,generated_fact_041,17,POST4_TURNING,DELTA_NAME,0.06321918964385986
gen4_name_q1_q3_pair_level_contrasts_v1,generated_fact_042,17,POST4_TURNING,DELTA_NAME,0.016887664794921875
gen4_name_q1_q3_pair_level_contrasts_v1,generated_fact_043,17,POST4_TURNING,DELTA_NAME,0.059937238693237305
gen4_name_q1_q3_pair_level_contrasts_v1,generated_fact_044,17,POST4_TURNING,DELTA_NAME,0.019526958465576172
gen4_name_q1_q3_pair_level_contrasts_v1,generated_fact_045,17,POST4_TURNING,DELTA_NAME,0.03487038612365723
gen4_name_q1_q3_pair_level_contrasts_v1,generated_fact_046,17,POST4_TURNING,DELTA_NAME,-0.1383039951324463
gen4_name_q1_q3_pair_level_contrasts_v1,generated_fact_047,17,POST4_TURNING,DELTA_NAME,0.032390594482421875
gen4_name_q1_q3_pair_level_contrasts_v1,generated_fact_048,17,POST4_TURNING,DELTA_NAME,0.002302408218383789
gen4_name_q1_q3_pair_level_contrasts_v1,generated_fact_049,17,POST4_TURNING,DELTA_NAME,0.02614724636077881
gen4_name_q1_q3_pair_level_contrasts_v1,generated_fact_050,17,POST4_TURNING,DELTA_NAME,-0.022988319396972656
gen4_name_q1_q3_pair_level_contrasts_v1,generated_fact_051,17,POST4_TURNING,DELTA_NAME,-0.006059885025024414
gen4_name_q1_q3_pair_level_contrasts_v1,generated_fact_052,17,POST4_TURNING,DELTA_NAME,-0.10586297512054443
gen4_name_q1_q3_pair_level_contrasts_v1,generated_fact_053,17,POST4_TURNING,DELTA_NAME,0.062314391136169434
gen4_name_q1_q3_pair_level_contrasts_v1,generated_fact_054,17,POST4_TURNING,DELTA_NAME,0.017109036445617676
gen4_name_q1_q3_pair_level_contrasts_v1,generated_fact_055,17,POST4_TURNING,DELTA_NAME,0.05907583236694336
gen4_name_q1_q3_pair_level_contrasts_v1,generated_fact_056,17,POST4_TURNING,DELTA_NAME,0.019039392471313477
gen4_name_q1_q3_pair_level_contrasts_v1,generated_fact_057,17,POST4_TURNING,DELTA_NAME,0.036539435386657715
gen4_name_q1_q3_pair_level_contrasts_v1,generated_fact_058,17,POST4_TURNING,DELTA_NAME,-0.1379234790802002
gen4_name_q1_q3_pair_level_contrasts_v1,generated_fact_059,17,POST4_TURNING,DELTA_NAME,0.03157651424407959
gen4_name_q1_q3_pair_level_contrasts_v1,generated_fact_060,17,POST4_TURNING,DELTA_NAME,0.0006355047225952148
gen4_name_q1_q3_pair_level_contrasts_v1,generated_fact_061,17,POST4_TURNING,DELTA_NAME,0.02605748176574707
gen4_name_q1_q3_pair_level_contrasts_v1,generated_fact_062,17,POST4_TURNING,DELTA_NAME,-0.024201035499572754
gen4_name_q1_q3_pair_level_contrasts_v1,generated_fact_063,17,POST4_TURNING,DELTA_NAME,-0.004921317100524902
gen4_name_q1_q3_pair_level_contrasts_v1,generated_fact_064,17,POST4_TURNING,DELTA_NAME,-0.10511624813079834
gen4_name_q1_q3_pair_level_contrasts_v1,generated_fact_065,17,POST4_TURNING,DELTA_NAME,0.06342935562133789
gen4_name_q1_q3_pair_level_contrasts_v1,generated_fact_066,17,POST4_TURNING,DELTA_NAME,0.020953655242919922
gen4_name_q1_q3_pair_level_contrasts_v1,generated_fact_067,17,POST4_TURNING,DELTA_NAME,0.05986452102661133
gen4_name_q1_q3_pair_level_contrasts_v1,generated_fact_068,17,POST4_TURNING,DELTA_NAME,0.01790761947631836
gen4_name_q1_q3_pair_level_contrasts_v1,generated_fact_069,17,POST4_TURNING,DELTA_NAME,0.03504788875579834
gen4_name_q1_q3_pair_level_contrasts_v1,generated_fact_070,17,POST4_TURNING,DELTA_NAME,-0.14047420024871826
gen4_name_q1_q3_pair_level_contrasts_v1,generated_fact_071,17,POST4_TURNING,DELTA_NAME,0.03259468078613281
gen4_name_q1_q3_pair_level_contrasts_v1,generated_fact_072,17,POST4_TURNING,DELTA_NAME,0.0012627840042114258
gen4_name_q1_q3_pair_level_contrasts_v1,generated_fact_073,17,POST4_TURNING,DELTA_NAME,0.023929953575134277
gen4_name_q1_q3_pair_level_contrasts_v1,generated_fact_074,17,POST4_TURNING,DELTA_NAME,-0.02288341522216797
gen4_name_q1_q3_pair_level_contrasts_v1,generated_fact_075,17,POST4_TURNING,DELTA_NAME,-0.00554502010345459
gen4_name_q1_q3_pair_level_contrasts_v1,generated_fact_076,17,POST4_TURNING,DELTA_NAME,-0.10405540466308594
gen4_name_q1_q3_pair_level_contrasts_v1,generated_fact_077,17,POST4_TURNING,DELTA_NAME,0.06329452991485596
gen4_name_q1_q3_pair_level_contrasts_v1,generated_fact_078,17,POST4_TURNING,DELTA_NAME,0.019821524620056152
gen4_name_q1_q3_pair_level_contrasts_v1,generated_fact_079,17,POST4_TURNING,DELTA_NAME,0.05988192558288574
gen4_name_q1_q3_pair_level_contrasts_v1,generated_fact_080,17,POST4_TURNING,DELTA_NAME,0.020524144172668457
gen4_name_q1_q3_pair_level_contrasts_v1,generated_fact_081,17,POST4_TURNING,DELTA_NAME,0.036712050437927246
gen4_name_q1_q3_pair_level_contrasts_v1,generated_fact_082,17,POST4_TURNING,DELTA_NAME,-0.14034545421600342
gen4_name_q1_q3_pair_level_contrasts_v1,generated_fact_083,17,POST4_TURNING,DELTA_NAME,0.030931591987609863
gen4_name_q1_q3_pair_level_contrasts_v1,generated_fact_084,17,POST4_TURNING,DELTA_NAME,0.0023463964462280273
gen4_name_q1_q3_pair_level_contrasts_v1,generated_fact_085,17,POST4_TURNING,DELTA_NAME,0.02523934841156006
gen4_name_q1_q3_pair_level_contrasts_v1,generated_fact_086,17,POST4_TURNING,DELTA_NAME,-0.023792743682861328
gen4_name_q1_q3_pair_level_contrasts_v1,generated_fact_087,17,POST4_TURNING,DELTA_NAME,-0.005770206451416016
gen4_name_q1_q3_pair_level_contrasts_v1,generated_fact_088,17,POST4_TURNING,DELTA_NAME,-0.10571789741516113
gen4_name_q1_q3_pair_level_contrasts_v1,generated_fact_089,17,POST4_TURNING,DELTA_NAME,0.0649116039276123
gen4_name_q1_q3_pair_level_contrasts_v1,generated_fact_090,17,POST4_TURNING,DELTA_NAME,0.019797325134277344
gen4_name_q1_q3_pair_level_contrasts_v1,generated_fact_091,17,POST4_TURNING,DELTA_NAME,0.059327125549316406
gen4_name_q1_q3_pair_level_contrasts_v1,generated_fact_092,17,POST4_TURNING,DELTA_NAME,0.020481228828430176
gen4_name_q1_q3_pair_level_contrasts_v1,generated_fact_093,17,POST4_TURNING,DELTA_NAME,0.034990787506103516
gen4_name_q1_q3_pair_level_contrasts_v1,generated_fact_094,17,POST4_TURNING,DELTA_NAME,-0.13830888271331787
gen4_name_q1_q3_pair_level_contrasts_v1,generated_fact_095,17,POST4_TURNING,DELTA_NAME,0.0312800407409668
gen4_name_q1_q3_pair_level_contrasts_v1,generated_fact_096,17,POST4_TURNING,DELTA_NAME,0.0012642145156860352
gen4_name_q1_q3_pair_level_contrasts_v1,generated_fact_097,17,POST4_TURNING,DELTA_NAME,0.02514469623565674
gen4_name_q1_q3_pair_level_contrasts_v1,generated_fact_098,17,POST4_TURNING,DELTA_NAME,-0.02546548843383789
gen4_name_q1_q3_pair_level_contrasts_v1,generated_fact_099,17,POST4_TURNING,DELTA_NAME,-0.006364345550537109
gen4_name_q1_q3_pair_level_contrasts_v1,generated_fact_100,17,POST4_TURNING,DELTA_NAME,-0.10725760459899902
gen4_name_q1_q3_pair_level_contrasts_v1,generated_fact_101,17,POST4_TURNING,DELTA_NAME,0.06164062023162842
gen4_name_q1_q3_pair_level_contrasts_v1,generated_fact_102,17,POST4_TURNING,DELTA_NAME,0.01964867115020752
gen4_name_q1_q3_pair_level_contrasts_v1,generated_fact_103,17,POST4_TURNING,DELTA_NAME,0.0604630708694458
gen4_name_q1_q3_pair_level_contrasts_v1,generated_fact_104,17,POST4_TURNING,DELTA_NAME,0.02023625373840332
gen4_name_q1_q3_pair_level_contrasts_v1,generated_fact_105,17,POST4_TURNING,DELTA_NAME,0.03670179843902588
gen4_name_q1_q3_pair_level_contrasts_v1,generated_fact_106,17,POST4_TURNING,DELTA_NAME,-0.13782119750976562
gen4_name_q1_q3_pair_level_contrasts_v1,generated_fact_107,17,POST4_TURNING,DELTA_NAME,0.03232717514038086
gen4_name_q1_q3_pair_level_contrasts_v1,generated_fact_108,17,POST4_TURNING,DELTA_NAME,0.003645181655883789
gen4_name_q1_q3_pair_level_contrasts_v1,generated_fact_109,17,POST4_TURNING,DELTA_NAME,0.024465084075927734
gen4_name_q1_q3_pair_level_contrasts_v1,generated_fact_110,17,POST4_TURNING,DELTA_NAME,-0.02371060848236084
gen4_name_q1_q3_pair_level_contrasts_v1,generated_fact_111,17,POST4_TURNING,DELTA_NAME,-0.0058470964431762695
gen4_name_q1_q3_pair_level_contrasts_v1,generated_fact_112,17,POST4_TURNING,DELTA_NAME,-0.10623276233673096
gen4_name_q1_q3_pair_level_contrasts_v1,generated_fact_113,17,POST4_TURNING,DELTA_NAME,0.06429064273834229
gen4_name_q1_q3_pair_level_contrasts_v1,generated_fact_114,17,POST4_TURNING,DELTA_NAME,0.0200960636138916
gen4_name_q1_q3_pair_level_contrasts_v1,generated_fact_115,17,POST4_TURNING,DELTA_NAME,0.05893814563751221
gen4_name_q1_q3_pair_level_contrasts_v1,generated_fact_116,17,POST4_TURNING,DELTA_NAME,0.019063115119934082
gen4_name_q1_q3_pair_level_contrasts_v1,generated_fact_117,17,POST4_TURNING,DELTA_NAME,0.03559458255767822
gen4_name_q1_q3_pair_level_contrasts_v1,generated_fact_118,17,POST4_TURNING,DELTA_NAME,-0.13684380054473877
gen4_name_q1_q3_pair_level_contrasts_v1,generated_fact_119,17,POST4_TURNING,DELTA_NAME,0.03282046318054199
gen4_name_q1_q3_pair_level_contrasts_v1,generated_fact_120,17,POST4_TURNING,DELTA_NAME,0.0015083551406860352
gen4_name_q1_q3_pair_level_contrasts_v1,generated_fact_121,17,POST4_TURNING,DELTA_NAME,0.024650096893310547
gen4_name_q1_q3_pair_level_contrasts_v1,generated_fact_122,17,POST4_TURNING,DELTA_NAME,-0.025258183479309082
gen4_name_q1_q3_pair_level_contrasts_v1,generated_fact_123,17,POST4_TURNING,DELTA_NAME,-0.004871726036071777
gen4_name_q1_q3_pair_level_contrasts_v1,generated_fact_124,17,POST4_TURNING,DELTA_NAME,-0.10474848747253418
gen4_name_q1_q3_pair_level_contrasts_v1,generated_fact_125,17,POST4_TURNING,DELTA_NAME,0.06106531620025635
gen4_name_q1_q3_pair_level_contrasts_v1,generated_fact_126,17,POST4_TURNING,DELTA_NAME,0.016675114631652832
gen4_name_q1_q3_pair_level_contrasts_v1,generated_fact_127,17,POST4_TURNING,DELTA_NAME,0.059006333351135254
gen4_name_q1_q3_pair_level_contrasts_v1,generated_fact_128,17,POST4_TURNING,DELTA_NAME,0.01894199848175049
gen4_name_q1_q3_pair_level_contrasts_v1,generated_fact_129,17,POST4_TURNING,DELTA_NAME,0.03643977642059326
gen4_name_q1_q3_pair_level_contrasts_v1,generated_fact_130,17,POST4_TURNING,DELTA_NAME,-0.13814771175384521
gen4_name_q1_q3_pair_level_contrasts_v1,generated_fact_131,17,POST4_TURNING,DELTA_NAME,0.03246629238128662
gen4_name_q1_q3_pair_level_contrasts_v1,generated_fact_132,17,POST4_TURNING,DELTA_NAME,0.0019261837005615234
gen4_name_q1_q3_pair_level_contrasts_v1,generated_fact_133,17,POST4_TURNING,DELTA_NAME,0.026129603385925293
gen4_name_q1_q3_pair_level_contrasts_v1,generated_fact_134,17,POST4_TURNING,DELTA_NAME,-0.024112582206726074
gen4_name_q1_q3_pair_level_contrasts_v1,generated_fact_135,17,POST4_TURNING,DELTA_NAME,-0.005412101745605469
gen4_name_q1_q3_pair_level_contrasts_v1,generated_fact_136,17,POST4_TURNING,DELTA_NAME,-0.1052854061126709
gen4_name_q1_q3_pair_level_contrasts_v1,generated_fact_137,17,POST4_TURNING,DELTA_NAME,0.06293368339538574
gen4_name_q1_q3_pair_level_contrasts_v1,generated_fact_138,17,POST4_TURNING,DELTA_NAME,0.018752098083496094
gen4_name_q1_q3_pair_level_contrasts_v1,generated_fact_139,17,POST4_TURNING,DELTA_NAME,0.060489654541015625
gen4_name_q1_q3_pair_level_contrasts_v1,generated_fact_140,17,POST4_TURNING,DELTA_NAME,0.019616127014160156
gen4_name_q1_q3_pair_level_contrasts_v1,generated_fact_141,17,POST4_TURNING,DELTA_NAME,0.03515732288360596
gen4_name_q1_q3_pair_level_contrasts_v1,generated_fact_142,17,POST4_TURNING,DELTA_NAME,-0.13795137405395508
gen4_name_q1_q3_pair_level_contrasts_v1,generated_fact_143,17,POST4_TURNING,DELTA_NAME,0.031694650650024414
gen4_name_q1_q3_pair_level_contrasts_v1,generated_fact_144,17,POST4_TURNING,DELTA_NAME,0.0022859573364257812
gen4_name_q1_q3_pair_level_contrasts_v1,generated_fact_145,17,POST4_TURNING,DELTA_NAME,0.026592016220092773
gen4_name_q1_q3_pair_level_contrasts_v1,generated_fact_146,17,POST4_TURNING,DELTA_NAME,-0.02390766143798828
gen4_name_q1_q3_pair_level_contrasts_v1,generated_fact_147,17,POST4_TURNING,DELTA_NAME,-0.006426692008972168
gen4_name_q1_q3_pair_level_contrasts_v1,generated_fact_148,17,POST4_TURNING,DELTA_NAME,-0.10567736625671387
gen4_name_q1_q3_pair_level_contrasts_v1,generated_fact_149,17,POST4_TURNING,DELTA_NAME,0.06167900562286377
gen4_name_q1_q3_pair_level_contrasts_v1,generated_fact_150,17,POST4_TURNING,DELTA_NAME,0.019424915313720703
gen4_name_q1_q3_pair_level_contrasts_v1,generated_fact_151,17,POST4_TURNING,DELTA_NAME,0.059540748596191406
gen4_name_q1_q3_pair_level_contrasts_v1,generated_fact_152,17,POST4_TURNING,DELTA_NAME,0.018355250358581543
gen4_name_q1_q3_pair_level_contrasts_v1,generated_fact_153,17,POST4_TURNING,DELTA_NAME,0.036708831787109375
gen4_name_q1_q3_pair_level_contrasts_v1,generated_fact_154,17,POST4_TURNING,DELTA_NAME,-0.1386932134628296
gen4_name_q1_q3_pair_level_contrasts_v1,generated_fact_155,17,POST4_TURNING,DELTA_NAME,0.03133881092071533
gen4_name_q1_q3_pair_level_contrasts_v1,generated_fact_156,17,POST4_TURNING,DELTA_NAME,0.0002779960632324219
gen4_name_q1_q3_pair_level_contrasts_v1,generated_fact_157,17,POST4_TURNING,DELTA_NAME,0.02468562126159668
gen4_name_q1_q3_pair_level_contrasts_v1,generated_fact_158,17,POST4_TURNING,DELTA_NAME,-0.023322582244873047
gen4_name_q1_q3_pair_level_contrasts_v1,generated_fact_159,17,POST4_TURNING,DELTA_NAME,-0.004942774772644043
gen4_name_q1_q3_pair_level_contrasts_v1,generated_fact_160,17,POST4_TURNING,DELTA_NAME,-0.10530269145965576
gen4_name_q1_q3_pair_level_contrasts_v1,generated_fact_161,17,POST4_TURNING,DELTA_NAME,0.06399321556091309
gen4_name_q1_q3_pair_level_contrasts_v1,generated_fact_162,17,POST4_TURNING,DELTA_NAME,0.020777463912963867
gen4_name_q1_q3_pair_level_contrasts_v1,generated_fact_163,17,POST4_TURNING,DELTA_NAME,0.061369895935058594
gen4_name_q1_q3_pair_level_contrasts_v1,generated_fact_164,17,POST4_TURNING,DELTA_NAME,0.021332740783691406
gen4_name_q1_q3_pair_level_contrasts_v1,generated_fact_165,17,POST4_TURNING,DELTA_NAME,0.035373568534851074
gen4_name_q1_q3_pair_level_contrasts_v1,generated_fact_166,17,POST4_TURNING,DELTA_NAME,-0.14030122756958008
gen4_name_q1_q3_pair_level_contrasts_v1,generated_fact_167,17,POST4_TURNING,DELTA_NAME,0.03049767017364502
gen4_name_q1_q3_pair_level_contrasts_v1,generated_fact_168,17,POST4_TURNING,DELTA_NAME,0.0026780366897583008
gen4_name_q1_q3_pair_level_contrasts_v1,generated_fact_169,17,POST4_TURNING,DELTA_NAME,0.025024056434631348
gen4_name_q1_q3_pair_level_contrasts_v1,generated_fact_170,17,POST4_TURNING,DELTA_NAME,-0.024054646492004395
gen4_name_q1_q3_pair_level_contrasts_v1,generated_fact_171,17,POST4_TURNING,DELTA_NAME,-0.007081270217895508
gen4_name_q1_q3_pair_level_contrasts_v1,generated_fact_172,17,POST4_TURNING,DELTA_NAME,-0.10572290420532227
gen4_name_q1_q3_pair_level_contrasts_v1,generated_fact_173,17,POST4_TURNING,DELTA_NAME,0.06419181823730469
gen4_name_q1_q3_pair_level_contrasts_v1,generated_fact_174,17,POST4_TURNING,DELTA_NAME,0.01980149745941162
gen4_name_q1_q3_pair_level_contrasts_v1,generated_fact_175,17,POST4_TURNING,DELTA_NAME,0.0596773624420166
gen4_name_q1_q3_pair_level_contrasts_v1,generated_fact_176,17,POST4_TURNING,DELTA_NAME,0.020404815673828125
gen4_name_q1_q3_pair_level_contrasts_v1,generated_fact_177,17,POST4_TURNING,DELTA_NAME,0.0366215705871582
gen4_name_q1_q3_pair_level_contrasts_v1,generated_fact_178,17,POST4_TURNING,DELTA_NAME,-0.13704681396484375
gen4_name_q1_q3_pair_level_contrasts_v1,generated_fact_179,17,POST4_TURNING,DELTA_NAME,0.03188323974609375
gen4_name_q1_q3_pair_level_contrasts_v1,generated_fact_180,17,POST4_TURNING,DELTA_NAME,0.00045168399810791016
gen4_name_q1_q3_pair_level_contrasts_v1,generated_fact_181,17,POST4_TURNING,DELTA_NAME,0.025946855545043945
gen4_name_q1_q3_pair_level_contrasts_v1,generated_fact_182,17,POST4_TURNING,DELTA_NAME,-0.025182723999023438
gen4_name_q1_q3_pair_level_contrasts_v1,generated_fact_183,17,POST4_TURNING,DELTA_NAME,-0.005023002624511719
gen4_name_q1_q3_pair_level_contrasts_v1,generated_fact_184,17,POST4_TURNING,DELTA_NAME,-0.10656070709228516
gen4_name_q1_q3_pair_level_contrasts_v1,generated_fact_185,17,POST4_TURNING,DELTA_NAME,0.063027024269104
gen4_name_q1_q3_pair_level_contrasts_v1,generated_fact_186,17,POST4_TURNING,DELTA_NAME,0.019722700119018555
gen4_name_q1_q3_pair_level_contrasts_v1,generated_fact_187,17,POST4_TURNING,DELTA_NAME,0.0618818998336792
gen4_name_q1_q3_pair_level_contrasts_v1,generated_fact_188,17,POST4_TURNING,DELTA_NAME,0.019896864891052246
gen4_name_q1_q3_pair_level_contrasts_v1,generated_fact_189,17,POST4_TURNING,DELTA_NAME,0.0355299711227417
gen4_name_q1_q3_pair_level_contrasts_v1,generated_fact_190,17,POST4_TURNING,DELTA_NAME,-0.13925862312316895
gen4_name_q1_q3_pair_level_contrasts_v1,generated_fact_191,17,POST4_TURNING,DELTA_NAME,0.0330582857131958
gen4_name_q1_q3_pair_level_contrasts_v1,generated_fact_192,17,POST4_TURNING,DELTA_NAME,0.004136085510253906
gen4_name_q1_q3_pair_level_contrasts_v1,generated_fact_193,17,POST4_TURNING,DELTA_NAME,0.025762438774108887
gen4_name_q1_q3_pair_level_contrasts_v1,generated_fact_194,17,POST4_TURNING,DELTA_NAME,-0.02428412437438965
gen4_name_q1_q3_pair_level_contrasts_v1,generated_fact_195,17,POST4_TURNING,DELTA_NAME,-0.006915926933288574
gen4_name_q1_q3_pair_level_contrasts_v1,generated_fact_196,17,POST4_TURNING,DELTA_NAME,-0.10742628574371338
gen4_name_q1_q3_pair_level_contrasts_v1,generated_fact_197,17,POST4_TURNING,DELTA_NAME,0.062232255935668945
gen4_name_q1_q3_pair_level_contrasts_v1,generated_fact_198,17,POST4_TURNING,DELTA_NAME,0.019175291061401367
gen4_name_q1_q3_pair_level_contrasts_v1,generated_fact_199,17,POST4_TURNING,DELTA_NAME,0.05845761299133301
gen4_name_q1_q3_pair_level_contrasts_v1,generated_fact_200,17,POST4_TURNING,DELTA_NAME,0.01940023899078369
gen4_name_q1_q3_pair_level_contrasts_v1,generated_fact_201,17,POST4_TURNING,DELTA_NAME,0.03634929656982422
gen4_name_q1_q3_pair_level_contrasts_v1,generated_fact_202,17,POST4_TURNING,DELTA_NAME,-0.13663804531097412
gen4_name_q1_q3_pair_level_contrasts_v1,generated_fact_203,17,POST4_TURNING,DELTA_NAME,0.03178238868713379
gen4_name_q1_q3_pair_level_contrasts_v1,generated_fact_204,17,POST4_TURNING,DELTA_NAME,0.0011767148971557617
gen4_name_q1_q3_pair_level_contrasts_v1,generated_fact_205,17,POST4_TURNING,DELTA_NAME,0.024978995323181152
gen4_name_q1_q3_pair_level_contrasts_v1,generated_fact_206,17,POST4_TURNING,DELTA_NAME,-0.024882078170776367
gen4_name_q1_q3_pair_level_contrasts_v1,generated_fact_207,17,POST4_TURNING,DELTA_NAME,-0.0049256086349487305
gen4_name_q1_q3_pair_level_contrasts_v1,generated_fact_208,17,POST4_TURNING,DELTA_NAME,-0.10540223121643066
gen4_name_q1_q3_pair_level_contrasts_v1,generated_fact_209,17,POST4_TURNING,DELTA_NAME,0.06246459484100342
gen4_name_q1_q3_pair_level_contrasts_v1,generated_fact_210,17,POST4_TURNING,DELTA_NAME,0.017188072204589844
gen4_name_q1_q3_pair_level_contrasts_v1,generated_fact_211,17,POST4_TURNING,DELTA_NAME,0.06019747257232666
gen4_name_q1_q3_pair_level_contrasts_v1,generated_fact_212,17,POST4_TURNING,DELTA_NAME,0.018767714500427246
gen4_name_q1_q3_pair_level_contrasts_v1,generated_fact_213,17,POST4_TURNING,DELTA_NAME,0.035575151443481445
gen4_name_q1_q3_pair_level_contrasts_v1,generated_fact_214,17,POST4_TURNING,DELTA_NAME,-0.1376326084136963
gen4_name_q1_q3_pair_level_contrasts_v1,generated_fact_215,17,POST4_TURNING,DELTA_NAME,0.03242146968841553
gen4_name_q1_q3_pair_level_contrasts_v1,generated_fact_216,17,POST4_TURNING,DELTA_NAME,0.0020014047622680664
gen4_name_q1_q3_pair_level_contrasts_v1,generated_fact_217,17,POST4_TURNING,DELTA_NAME,0.026450514793395996
gen4_name_q1_q3_pair_level_contrasts_v1,generated_fact_218,17,POST4_TURNING,DELTA_NAME,-0.024059295654296875
gen4_name_q1_q3_pair_level_contrasts_v1,generated_fact_219,17,POST4_TURNING,DELTA_NAME,-0.006012558937072754
gen4_name_q1_q3_pair_level_contrasts_v1,generated_fact_220,17,POST4_TURNING,DELTA_NAME,-0.10635578632354736
gen4_name_q1_q3_pair_level_contrasts_v1,generated_fact_221,17,POST4_TURNING,DELTA_NAME,0.06165778636932373
gen4_name_q1_q3_pair_level_contrasts_v1,generated_fact_222,17,POST4_TURNING,DELTA_NAME,0.016939640045166016
gen4_name_q1_q3_pair_level_contrasts_v1,generated_fact_223,17,POST4_TURNING,DELTA_NAME,0.05925166606903076
gen4_name_q1_q3_pair_level_contrasts_v1,generated_fact_224,17,POST4_TURNING,DELTA_NAME,0.0194627046585083
gen4_name_q1_q3_pair_level_contrasts_v1,generated_fact_225,17,POST4_TURNING,DELTA_NAME,0.03725779056549072
gen4_name_q1_q3_pair_level_contrasts_v1,generated_fact_226,17,POST4_TURNING,DELTA_NAME,-0.13752412796020508
gen4_name_q1_q3_pair_level_contrasts_v1,generated_fact_227,17,POST4_TURNING,DELTA_NAME,0.031085491180419922
gen4_name_q1_q3_pair_level_contrasts_v1,generated_fact_228,17,POST4_TURNING,DELTA_NAME,0.0011708736419677734
gen4_name_q1_q3_pair_level_contrasts_v1,generated_fact_229,17,POST4_TURNING,DELTA_NAME,0.026059627532958984
gen4_name_q1_q3_pair_level_contrasts_v1,generated_fact_230,17,POST4_TURNING,DELTA_NAME,-0.024392127990722656
gen4_name_q1_q3_pair_level_contrasts_v1,generated_fact_231,17,POST4_TURNING,DELTA_NAME,-0.0056449174880981445
gen4_name_q1_q3_pair_level_contrasts_v1,generated_fact_232,17,POST4_TURNING,DELTA_NAME,-0.10501158237457275
gen4_name_q1_q3_pair_level_contrasts_v1,generated_fact_233,17,POST4_TURNING,DELTA_NAME,0.06380033493041992
gen4_name_q1_q3_pair_level_contrasts_v1,generated_fact_234,17,POST4_TURNING,DELTA_NAME,0.02004528045654297
gen4_name_q1_q3_pair_level_contrasts_v1,generated_fact_235,17,POST4_TURNING,DELTA_NAME,0.06024932861328125
gen4_name_q1_q3_pair_level_contrasts_v1,generated_fact_236,17,POST4_TURNING,DELTA_NAME,0.017557621002197266
gen4_name_q1_q3_pair_level_contrasts_v1,generated_fact_237,17,POST4_TURNING,DELTA_NAME,0.0354616641998291
gen4_name_q1_q3_pair_level_contrasts_v1,generated_fact_238,17,POST4_TURNING,DELTA_NAME,-0.13969850540161133
gen4_name_q1_q3_pair_level_contrasts_v1,generated_fact_239,17,POST4_TURNING,DELTA_NAME,0.03237485885620117
gen4_name_q1_q3_pair_level_contrasts_v1,generated_fact_240,17,POST4_TURNING,DELTA_NAME,0.0008933544158935547
gen4_name_q1_q3_pair_level_contrasts_v1,generated_fact_241,17,POST4_TURNING,DELTA_NAME,0.024368882179260254
gen4_name_q1_q3_pair_level_contrasts_v1,generated_fact_242,17,POST4_TURNING,DELTA_NAME,-0.023420333862304688
gen4_name_q1_q3_pair_level_contrasts_v1,generated_fact_243,17,POST4_TURNING,DELTA_NAME,-0.0059288740158081055
gen4_name_q1_q3_pair_level_contrasts_v1,generated_fact_244,17,POST4_TURNING,DELTA_NAME,-0.1052255630493164
gen4_name_q1_q3_pair_level_contrasts_v1,generated_fact_245,17,POST4_TURNING,DELTA_NAME,0.06392216682434082
gen4_name_q1_q3_pair_level_contrasts_v1,generated_fact_246,17,POST4_TURNING,DELTA_NAME,0.018951058387756348
gen4_name_q1_q3_pair_level_contrasts_v1,generated_fact_247,17,POST4_TURNING,DELTA_NAME,0.06003284454345703
gen4_name_q1_q3_pair_level_contrasts_v1,generated_fact_248,17,POST4_TURNING,DELTA_NAME,0.021610379219055176
gen4_name_q1_q3_pair_level_contrasts_v1,generated_fact_249,17,POST4_TURNING,DELTA_NAME,0.03711986541748047
gen4_name_q1_q3_pair_level_contrasts_v1,generated_fact_250,17,POST4_TURNING,DELTA_NAME,-0.1423419713973999
gen4_name_q1_q3_pair_level_contrasts_v1,generated_fact_251,17,POST4_TURNING,DELTA_NAME,0.031133413314819336
gen4_name_q1_q3_pair_level_contrasts_v1,generated_fact_252,17,POST4_TURNING,DELTA_NAME,0.0025293827056884766
gen4_name_q1_q3_pair_level_contrasts_v1,generated_fact_253,17,POST4_TURNING,DELTA_NAME,0.025160908699035645
gen4_name_q1_q3_pair_level_contrasts_v1,generated_fact_254,17,POST4_TURNING,DELTA_NAME,-0.02363288402557373
gen4_name_q1_q3_pair_level_contrasts_v1,generated_fact_255,17,POST4_TURNING,DELTA_NAME,-0.006221294403076172
gen4_name_q1_q3_pair_level_contrasts_v1,generated_fact_256,17,POST4_TURNING,DELTA_NAME,-0.10567951202392578
gen4_name_q1_q3_pair_level_contrasts_v1,generated_fact_257,17,POST4_TURNING,DELTA_NAME,0.06509530544281006
gen4_name_q1_q3_pair_level_contrasts_v1,generated_fact_258,17,POST4_TURNING,DELTA_NAME,0.019867539405822754
gen4_name_q1_q3_pair_level_contrasts_v1,generated_fact_259,17,POST4_TURNING,DELTA_NAME,0.06016981601715088
gen4_name_q1_q3_pair_level_contrasts_v1,generated_fact_260,17,POST4_TURNING,DELTA_NAME,0.021140694618225098
gen4_name_q1_q3_pair_level_contrasts_v1,generated_fact_261,17,POST4_TURNING,DELTA_NAME,0.035659074783325195
gen4_name_q1_q3_pair_level_contrasts_v1,generated_fact_262,17,POST4_TURNING,DELTA_NAME,-0.13735711574554443
gen4_name_q1_q3_pair_level_contrasts_v1,generated_fact_263,17,POST4_TURNING,DELTA_NAME,0.03157472610473633
gen4_name_q1_q3_pair_level_contrasts_v1,generated_fact_264,17,POST4_TURNING,DELTA_NAME,0.0002447366714477539
gen4_name_q1_q3_pair_level_contrasts_v1,generated_fact_265,17,POST4_TURNING,DELTA_NAME,0.025714397430419922
gen4_name_q1_q3_pair_level_contrasts_v1,generated_fact_266,17,POST4_TURNING,DELTA_NAME,-0.024914264678955078
gen4_name_q1_q3_pair_level_contrasts_v1,generated_fact_267,17,POST4_TURNING,DELTA_NAME,-0.005452752113342285
gen4_name_q1_q3_pair_level_contrasts_v1,generated_fact_268,17,POST4_TURNING,DELTA_NAME,-0.10595858097076416
gen4_name_q1_q3_pair_level_contrasts_v1,generated_fact_269,17,POST4_TURNING,DELTA_NAME,0.06151175498962402
gen4_name_q1_q3_pair_level_contrasts_v1,generated_fact_270,17,POST4_TURNING,DELTA_NAME,0.018931269645690918
gen4_name_q1_q3_pair_level_contrasts_v1,generated_fact_271,17,POST4_TURNING,DELTA_NAME,0.06029796600341797
gen4_name_q1_q3_pair_level_contrasts_v1,generated_fact_272,17,POST4_TURNING,DELTA_NAME,0.02019524574279785
gen4_name_q1_q3_pair_level_contrasts_v1,generated_fact_273,17,POST4_TURNING,DELTA_NAME,0.03746819496154785
gen4_name_q1_q3_pair_level_contrasts_v1,generated_fact_274,17,POST4_TURNING,DELTA_NAME,-0.13813722133636475
gen4_name_q1_q3_pair_level_contrasts_v1,generated_fact_275,17,POST4_TURNING,DELTA_NAME,0.03334856033325195
gen4_name_q1_q3_pair_level_contrasts_v1,generated_fact_276,17,POST4_TURNING,DELTA_NAME,0.003613710403442383
gen4_name_q1_q3_pair_level_contrasts_v1,generated_fact_277,17,POST4_TURNING,DELTA_NAME,0.02532172203063965
gen4_name_q1_q3_pair_level_contrasts_v1,generated_fact_278,17,POST4_TURNING,DELTA_NAME,-0.024075031280517578
gen4_name_q1_q3_pair_level_contrasts_v1,generated_fact_279,17,POST4_TURNING,DELTA_NAME,-0.006077170372009277
gen4_name_q1_q3_pair_level_contrasts_v1,generated_fact_280,17,POST4_TURNING,DELTA_NAME,-0.10734617710113525
gen4_name_q1_q3_pair_level_contrasts_v1,generated_fact_281,17,POST4_TURNING,DELTA_NAME,0.06423735618591309
gen4_name_q1_q3_pair_level_contrasts_v1,generated_fact_282,17,POST4_TURNING,DELTA_NAME,0.019296884536743164
gen4_name_q1_q3_pair_level_contrasts_v1,generated_fact_283,17,POST4_TURNING,DELTA_NAME,0.05835115909576416
gen4_name_q1_q3_pair_level_contrasts_v1,generated_fact_284,17,POST4_TURNING,DELTA_NAME,0.01977241039276123
gen4_name_q1_q3_pair_level_contrasts_v1,generated_fact_285,17,POST4_TURNING,DELTA_NAME,0.03616988658905029
gen4_name_q1_q3_pair_level_contrasts_v1,generated_fact_286,17,POST4_TURNING,DELTA_NAME,-0.13792109489440918
gen4_name_q1_q3_pair_level_contrasts_v1,generated_fact_287,17,POST4_TURNING,DELTA_NAME,0.03324460983276367
gen4_name_q1_q3_pair_level_contrasts_v1,generated_fact_288,17,POST4_TURNING,DELTA_NAME,0.0009862184524536133
gen4_name_q1_q3_pair_level_contrasts_v1,generated_fact_289,17,POST4_TURNING,DELTA_NAME,0.02499520778656006
gen4_name_q1_q3_pair_level_contrasts_v1,generated_fact_290,17,POST4_TURNING,DELTA_NAME,-0.024668216705322266
gen4_name_q1_q3_pair_level_contrasts_v1,generated_fact_291,17,POST4_TURNING,DELTA_NAME,-0.0061310529708862305
gen4_name_q1_q3_pair_level_contrasts_v1,generated_fact_292,17,POST4_TURNING,DELTA_NAME,-0.1059180498123169
gen4_name_q1_q3_pair_level_contrasts_v1,generated_fact_293,17,POST4_TURNING,DELTA_NAME,0.062403082847595215
gen4_name_q1_q3_pair_level_contrasts_v1,generated_fact_294,17,POST4_TURNING,DELTA_NAME,0.01608121395111084
gen4_name_q1_q3_pair_level_contrasts_v1,generated_fact_295,17,POST4_TURNING,DELTA_NAME,0.05949890613555908
gen4_name_q1_q3_pair_level_contrasts_v1,generated_fact_296,17,POST4_TURNING,DELTA_NAME,0.019531726837158203
gen4_name_q1_q3_pair_level_contrasts_v1,generated_fact_297,17,POST4_TURNING,DELTA_NAME,0.03660082817077637
gen4_name_q1_q3_pair_level_contrasts_v1,generated_fact_298,17,POST4_TURNING,DELTA_NAME,-0.13838207721710205
gen4_name_q1_q3_pair_level_contrasts_v1,generated_fact_299,17,POST4_TURNING,DELTA_NAME,0.03273606300354004
gen4_name_q1_q3_pair_level_contrasts_v1,generated_fact_300,17,POST4_TURNING,DELTA_NAME,0.0016140937805175781
gen4_name_q1_q3_pair_level_contrasts_v1,glacier_study,17,POST4_TURNING,DELTA_NAME,-0.041680097579956055
gen4_name_q1_q3_pair_level_contrasts_v1,harbor_upgrade,17,POST4_TURNING,DELTA_NAME,0.011966943740844727
gen4_name_q1_q3_pair_level_contrasts_v1,jazz_archive,17,POST4_TURNING,DELTA_NAME,-0.04257237911224365
gen4_name_q1_q3_pair_level_contrasts_v1,language_program,17,POST4_TURNING,DELTA_NAME,-0.024878621101379395
gen4_name_q1_q3_pair_level_contrasts_v1,library_digitization,17,POST4_TURNING,DELTA_NAME,-0.028401970863342285
gen4_name_q1_q3_pair_level_contrasts_v1,market_renovation,17,POST4_TURNING,DELTA_NAME,0.03407883644104004
gen4_name_q1_q3_pair_level_contrasts_v1,museum_purchase,17,POST4_TURNING,DELTA_NAME,-0.012427091598510742
gen4_name_q1_q3_pair_level_contrasts_v1,opera_premiere,17,POST4_TURNING,DELTA_NAME,0.03655052185058594
gen4_name_q1_q3_pair_level_contrasts_v1,orion_approval,17,POST4_TURNING,DELTA_NAME,0.019950509071350098
gen4_name_q1_q3_pair_level_contrasts_v1,poetry_prize,17,POST4_TURNING,DELTA_NAME,0.012053132057189941
gen4_name_q1_q3_pair_level_contrasts_v1,railway_restoration,17,POST4_TURNING,DELTA_NAME,0.029158711433410645
gen4_name_q1_q3_pair_level_contrasts_v1,reef_protection,17,POST4_TURNING,DELTA_NAME,-0.0176621675491333
gen4_name_q1_q3_pair_level_contrasts_v1,robotics_championship,17,POST4_TURNING,DELTA_NAME,0.02790963649749756
gen4_name_q1_q3_pair_level_contrasts_v1,satellite_launch,17,POST4_TURNING,DELTA_NAME,0.033135414123535156
gen4_name_q1_q3_pair_level_contrasts_v1,school_opening,17,POST4_TURNING,DELTA_NAME,-0.015869736671447754
gen4_name_q1_q3_pair_level_contrasts_v1,solar_farm_contract,17,POST4_TURNING,DELTA_NAME,-0.04410374164581299
gen4_name_q1_q3_pair_level_contrasts_v1,theater_restoration,17,POST4_TURNING,DELTA_NAME,-0.07934677600860596
gen4_name_q1_q3_pair_level_contrasts_v1,treaty_signature,17,POST4_TURNING,DELTA_NAME,0.0007691383361816406
gen4_name_q1_q3_pair_level_contrasts_v1,vaccine_delivery,17,POST4_TURNING,DELTA_NAME,-0.01766526699066162
gen4_name_q1_q3_pair_level_contrasts_v1,volcano_observatory,17,POST4_TURNING,DELTA_NAME,0.007965922355651855
gen4_name_q1_q3_pair_level_contrasts_v1,wetland_restoration,17,POST4_TURNING,DELTA_NAME,-0.0611342191696167
gen4_name_q1_q3_pair_level_contrasts_v1,archive_release,17,POST4_PATH_EFFICIENCY,DELTA_NAME,-0.13419833850889873
gen4_name_q1_q3_pair_level_contrasts_v1,bridge_opening,17,POST4_PATH_EFFICIENCY,DELTA_NAME,-0.011380609217176207
gen4_name_q1_q3_pair_level_contrasts_v1,canal_reopening,17,POST4_PATH_EFFICIENCY,DELTA_NAME,-0.013554234094229178
gen4_name_q1_q3_pair_level_contrasts_v1,clinic_expansion,17,POST4_PATH_EFFICIENCY,DELTA_NAME,-0.04099794258585876
gen4_name_q1_q3_pair_level_contrasts_v1,dam_inspection,17,POST4_PATH_EFFICIENCY,DELTA_NAME,-0.012569301859049142
gen4_name_q1_q3_pair_level_contrasts_v1,ferry_launch,17,POST4_PATH_EFFICIENCY,DELTA_NAME,-0.022111819464832427
gen4_name_q1_q3_pair_level_contrasts_v1,festival_selection,17,POST4_PATH_EFFICIENCY,DELTA_NAME,0.029585812733876393
gen4_name_q1_q3_pair_level_contrasts_v1,forest_mapping,17,POST4_PATH_EFFICIENCY,DELTA_NAME,0.07155991652762184
gen4_name_q1_q3_pair_level_contrasts_v1,garden_award,17,POST4_PATH_EFFICIENCY,DELTA_NAME,-0.020446747024726486
gen4_name_q1_q3_pair_level_contrasts_v1,generated_fact_031,17,POST4_PATH_EFFICIENCY,DELTA_NAME,-0.037021054601332315
gen4_name_q1_q3_pair_level_contrasts_v1,generated_fact_032,17,POST4_PATH_EFFICIENCY,DELTA_NAME,0.022529269123435502
gen4_name_q1_q3_pair_level_contrasts_v1,generated_fact_033,17,POST4_PATH_EFFICIENCY,DELTA_NAME,-0.011524312550314164
gen4_name_q1_q3_pair_level_contrasts_v1,generated_fact_034,17,POST4_PATH_EFFICIENCY,DELTA_NAME,0.031361494738909146
gen4_name_q1_q3_pair_level_contrasts_v1,generated_fact_035,17,POST4_PATH_EFFICIENCY,DELTA_NAME,0.03746158481588313
gen4_name_q1_q3_pair_level_contrasts_v1,generated_fact_036,17,POST4_PATH_EFFICIENCY,DELTA_NAME,0.009622503471152122
gen4_name_q1_q3_pair_level_contrasts_v1,generated_fact_037,17,POST4_PATH_EFFICIENCY,DELTA_NAME,-0.015207646082321502
gen4_name_q1_q3_pair_level_contrasts_v1,generated_fact_038,17,POST4_PATH_EFFICIENCY,DELTA_NAME,0.024007351276098987
gen4_name_q1_q3_pair_level_contrasts_v1,generated_fact_039,17,POST4_PATH_EFFICIENCY,DELTA_NAME,-0.10175535112672202
gen4_name_q1_q3_pair_level_contrasts_v1,generated_fact_040,17,POST4_PATH_EFFICIENCY,DELTA_NAME,-0.033424529830652916
gen4_name_q1_q3_pair_level_contrasts_v1,generated_fact_041,17,POST4_PATH_EFFICIENCY,DELTA_NAME,-0.020620182079556737
gen4_name_q1_q3_pair_level_contrasts_v1,generated_fact_042,17,POST4_PATH_EFFICIENCY,DELTA_NAME,-0.07628715085772686
gen4_name_q1_q3_pair_level_contrasts_v1,generated_fact_043,17,POST4_PATH_EFFICIENCY,DELTA_NAME,-0.03884358154428236
gen4_name_q1_q3_pair_level_contrasts_v1,generated_fact_044,17,POST4_PATH_EFFICIENCY,DELTA_NAME,0.020235281847128528
gen4_name_q1_q3_pair_level_contrasts_v1,generated_fact_045,17,POST4_PATH_EFFICIENCY,DELTA_NAME,-0.01122677139072592
gen4_name_q1_q3_pair_level_contrasts_v1,generated_fact_046,17,POST4_PATH_EFFICIENCY,DELTA_NAME,0.031140871318600438
gen4_name_q1_q3_pair_level_contrasts_v1,generated_fact_047,17,POST4_PATH_EFFICIENCY,DELTA_NAME,0.03851885281385736
gen4_name_q1_q3_pair_level_contrasts_v1,generated_fact_048,17,POST4_PATH_EFFICIENCY,DELTA_NAME,0.00853863241776509
gen4_name_q1_q3_pair_level_contrasts_v1,generated_fact_049,17,POST4_PATH_EFFICIENCY,DELTA_NAME,-0.017589302419476982
gen4_name_q1_q3_pair_level_contrasts_v1,generated_fact_050,17,POST4_PATH_EFFICIENCY,DELTA_NAME,0.021717227642738313
gen4_name_q1_q3_pair_level_contrasts_v1,generated_fact_051,17,POST4_PATH_EFFICIENCY,DELTA_NAME,-0.10231754346581817
gen4_name_q1_q3_pair_level_contrasts_v1,generated_fact_052,17,POST4_PATH_EFFICIENCY,DELTA_NAME,-0.03436953494286332
gen4_name_q1_q3_pair_level_contrasts_v1,generated_fact_053,17,POST4_PATH_EFFICIENCY,DELTA_NAME,-0.022638804071657193
gen4_name_q1_q3_pair_level_contrasts_v1,generated_fact_054,17,POST4_PATH_EFFICIENCY,DELTA_NAME,-0.07924576120539645
gen4_name_q1_q3_pair_level_contrasts_v1,generated_fact_055,17,POST4_PATH_EFFICIENCY,DELTA_NAME,-0.037851753154027556
gen4_name_q1_q3_pair_level_contrasts_v1,generated_fact_056,17,POST4_PATH_EFFICIENCY,DELTA_NAME,0.022136905032392906
gen4_name_q1_q3_pair_level_contrasts_v1,generated_fact_057,17,POST4_PATH_EFFICIENCY,DELTA_NAME,-0.013292215226389459
gen4_name_q1_q3_pair_level_contrasts_v1,generated_fact_058,17,POST4_PATH_EFFICIENCY,DELTA_NAME,0.03115254700808745
gen4_name_q1_q3_pair_level_contrasts_v1,generated_fact_059,17,POST4_PATH_EFFICIENCY,DELTA_NAME,0.039386793098430184
gen4_name_q1_q3_pair_level_contrasts_v1,generated_fact_060,17,POST4_PATH_EFFICIENCY,DELTA_NAME,0.010304006289716394
gen4_name_q1_q3_pair_level_contrasts_v1,generated_fact_061,17,POST4_PATH_EFFICIENCY,DELTA_NAME,-0.01655165095073352
gen4_name_q1_q3_pair_level_contrasts_v1,generated_fact_062,17,POST4_PATH_EFFICIENCY,DELTA_NAME,0.025320260788979754
gen4_name_q1_q3_pair_level_contrasts_v1,generated_fact_063,17,POST4_PATH_EFFICIENCY,DELTA_NAME,-0.10146989286749819
gen4_name_q1_q3_pair_level_contrasts_v1,generated_fact_064,17,POST4_PATH_EFFICIENCY,DELTA_NAME,-0.034710476416319636
gen4_name_q1_q3_pair_level_contrasts_v1,generated_fact_065,17,POST4_PATH_EFFICIENCY,DELTA_NAME,-0.021832739768618548
gen4_name_q1_q3_pair_level_contrasts_v1,generated_fact_066,17,POST4_PATH_EFFICIENCY,DELTA_NAME,-0.08013108686732567
gen4_name_q1_q3_pair_level_contrasts_v1,generated_fact_067,17,POST4_PATH_EFFICIENCY,DELTA_NAME,-0.03931067996113391
gen4_name_q1_q3_pair_level_contrasts_v1,generated_fact_068,17,POST4_PATH_EFFICIENCY,DELTA_NAME,0.021594811009632453
gen4_name_q1_q3_pair_level_contrasts_v1,generated_fact_069,17,POST4_PATH_EFFICIENCY,DELTA_NAME,-0.011622568558530388
gen4_name_q1_q3_pair_level_contrasts_v1,generated_fact_070,17,POST4_PATH_EFFICIENCY,DELTA_NAME,0.03174827960654969
gen4_name_q1_q3_pair_level_contrasts_v1,generated_fact_071,17,POST4_PATH_EFFICIENCY,DELTA_NAME,0.040140181345698855
gen4_name_q1_q3_pair_level_contrasts_v1,generated_fact_072,17,POST4_PATH_EFFICIENCY,DELTA_NAME,0.009108603649438884
gen4_name_q1_q3_pair_level_contrasts_v1,generated_fact_073,17,POST4_PATH_EFFICIENCY,DELTA_NAME,-0.01379375835866592
gen4_name_q1_q3_pair_level_contrasts_v1,generated_fact_074,17,POST4_PATH_EFFICIENCY,DELTA_NAME,0.022232130382206616
gen4_name_q1_q3_pair_level_contrasts_v1,generated_fact_075,17,POST4_PATH_EFFICIENCY,DELTA_NAME,-0.10123803793861541
gen4_name_q1_q3_pair_level_contrasts_v1,generated_fact_076,17,POST4_PATH_EFFICIENCY,DELTA_NAME,-0.036728038532803375
gen4_name_q1_q3_pair_level_contrasts_v1,generated_fact_077,17,POST4_PATH_EFFICIENCY,DELTA_NAME,-0.02169104895571028
gen4_name_q1_q3_pair_level_contrasts_v1,generated_fact_078,17,POST4_PATH_EFFICIENCY,DELTA_NAME,-0.08117794780060372
gen4_name_q1_q3_pair_level_contrasts_v1,generated_fact_079,17,POST4_PATH_EFFICIENCY,DELTA_NAME,-0.03931233477598728
gen4_name_q1_q3_pair_level_contrasts_v1,generated_fact_080,17,POST4_PATH_EFFICIENCY,DELTA_NAME,0.02221006531865899
gen4_name_q1_q3_pair_level_contrasts_v1,generated_fact_081,17,POST4_PATH_EFFICIENCY,DELTA_NAME,-0.01394293906623778
gen4_name_q1_q3_pair_level_contrasts_v1,generated_fact_082,17,POST4_PATH_EFFICIENCY,DELTA_NAME,0.0307313337310422
gen4_name_q1_q3_pair_level_contrasts_v1,generated_fact_083,17,POST4_PATH_EFFICIENCY,DELTA_NAME,0.040067168089966354
gen4_name_q1_q3_pair_level_contrasts_v1,generated_fact_084,17,POST4_PATH_EFFICIENCY,DELTA_NAME,0.010285909612899213
gen4_name_q1_q3_pair_level_contrasts_v1,generated_fact_085,17,POST4_PATH_EFFICIENCY,DELTA_NAME,-0.016371966229698276
gen4_name_q1_q3_pair_level_contrasts_v1,generated_fact_086,17,POST4_PATH_EFFICIENCY,DELTA_NAME,0.024886677973709803
gen4_name_q1_q3_pair_level_contrasts_v1,generated_fact_087,17,POST4_PATH_EFFICIENCY,DELTA_NAME,-0.10213306213837198
gen4_name_q1_q3_pair_level_contrasts_v1,generated_fact_088,17,POST4_PATH_EFFICIENCY,DELTA_NAME,-0.035390980129665905
gen4_name_q1_q3_pair_level_contrasts_v1,generated_fact_089,17,POST4_PATH_EFFICIENCY,DELTA_NAME,-0.02189066882648516
gen4_name_q1_q3_pair_level_contrasts_v1,generated_fact_090,17,POST4_PATH_EFFICIENCY,DELTA_NAME,-0.07924328492201338
gen4_name_q1_q3_pair_level_contrasts_v1,generated_fact_091,17,POST4_PATH_EFFICIENCY,DELTA_NAME,-0.03873360006186444
gen4_name_q1_q3_pair_level_contrasts_v1,generated_fact_092,17,POST4_PATH_EFFICIENCY,DELTA_NAME,0.020476534635599675
gen4_name_q1_q3_pair_level_contrasts_v1,generated_fact_093,17,POST4_PATH_EFFICIENCY,DELTA_NAME,-0.011222616756652037
gen4_name_q1_q3_pair_level_contrasts_v1,generated_fact_094,17,POST4_PATH_EFFICIENCY,DELTA_NAME,0.0312908023115398
gen4_name_q1_q3_pair_level_contrasts_v1,generated_fact_095,17,POST4_PATH_EFFICIENCY,DELTA_NAME,0.03958786866224229
gen4_name_q1_q3_pair_level_contrasts_v1,generated_fact_096,17,POST4_PATH_EFFICIENCY,DELTA_NAME,0.007783094181298189
gen4_name_q1_q3_pair_level_contrasts_v1,generated_fact_097,17,POST4_PATH_EFFICIENCY,DELTA_NAME,-0.014547677506005718
gen4_name_q1_q3_pair_level_contrasts_v1,generated_fact_098,17,POST4_PATH_EFFICIENCY,DELTA_NAME,0.023582023091946347
gen4_name_q1_q3_pair_level_contrasts_v1,generated_fact_099,17,POST4_PATH_EFFICIENCY,DELTA_NAME,-0.10192671696264444
gen4_name_q1_q3_pair_level_contrasts_v1,generated_fact_100,17,POST4_PATH_EFFICIENCY,DELTA_NAME,-0.0338196073705499
gen4_name_q1_q3_pair_level_contrasts_v1,generated_fact_101,17,POST4_PATH_EFFICIENCY,DELTA_NAME,-0.021785777574750198
gen4_name_q1_q3_pair_level_contrasts_v1,generated_fact_102,17,POST4_PATH_EFFICIENCY,DELTA_NAME,-0.08142637581924494
gen4_name_q1_q3_pair_level_contrasts_v1,generated_fact_103,17,POST4_PATH_EFFICIENCY,DELTA_NAME,-0.03913277442023555
gen4_name_q1_q3_pair_level_contrasts_v1,generated_fact_104,17,POST4_PATH_EFFICIENCY,DELTA_NAME,0.02157865240624024
gen4_name_q1_q3_pair_level_contrasts_v1,generated_fact_105,17,POST4_PATH_EFFICIENCY,DELTA_NAME,-0.013842253692244566
gen4_name_q1_q3_pair_level_contrasts_v1,generated_fact_106,17,POST4_PATH_EFFICIENCY,DELTA_NAME,0.03147958627530856
gen4_name_q1_q3_pair_level_contrasts_v1,generated_fact_107,17,POST4_PATH_EFFICIENCY,DELTA_NAME,0.039403375185057876
gen4_name_q1_q3_pair_level_contrasts_v1,generated_fact_108,17,POST4_PATH_EFFICIENCY,DELTA_NAME,0.009144859580950904
gen4_name_q1_q3_pair_level_contrasts_v1,generated_fact_109,17,POST4_PATH_EFFICIENCY,DELTA_NAME,-0.016911144295792768
gen4_name_q1_q3_pair_level_contrasts_v1,generated_fact_110,17,POST4_PATH_EFFICIENCY,DELTA_NAME,0.023424448202052806
gen4_name_q1_q3_pair_level_contrasts_v1,generated_fact_111,17,POST4_PATH_EFFICIENCY,DELTA_NAME,-0.10042047046693214
gen4_name_q1_q3_pair_level_contrasts_v1,generated_fact_112,17,POST4_PATH_EFFICIENCY,DELTA_NAME,-0.033497570202288385
gen4_name_q1_q3_pair_level_contrasts_v1,generated_fact_113,17,POST4_PATH_EFFICIENCY,DELTA_NAME,-0.022233636650305533
gen4_name_q1_q3_pair_level_contrasts_v1,generated_fact_114,17,POST4_PATH_EFFICIENCY,DELTA_NAME,-0.07992330037893541
gen4_name_q1_q3_pair_level_contrasts_v1,generated_fact_115,17,POST4_PATH_EFFICIENCY,DELTA_NAME,-0.036908163573815767
gen4_name_q1_q3_pair_level_contrasts_v1,generated_fact_116,17,POST4_PATH_EFFICIENCY,DELTA_NAME,0.020841254805439025
gen4_name_q1_q3_pair_level_contrasts_v1,generated_fact_117,17,POST4_PATH_EFFICIENCY,DELTA_NAME,-0.009975055415860745
gen4_name_q1_q3_pair_level_contrasts_v1,generated_fact_118,17,POST4_PATH_EFFICIENCY,DELTA_NAME,0.030894775382239725
gen4_name_q1_q3_pair_level_contrasts_v1,generated_fact_119,17,POST4_PATH_EFFICIENCY,DELTA_NAME,0.039130172308694644
gen4_name_q1_q3_pair_level_contrasts_v1,generated_fact_120,17,POST4_PATH_EFFICIENCY,DELTA_NAME,0.008208520738607672
gen4_name_q1_q3_pair_level_contrasts_v1,generated_fact_121,17,POST4_PATH_EFFICIENCY,DELTA_NAME,-0.015663497062951337
gen4_name_q1_q3_pair_level_contrasts_v1,generated_fact_122,17,POST4_PATH_EFFICIENCY,DELTA_NAME,0.02294887235721821
gen4_name_q1_q3_pair_level_contrasts_v1,generated_fact_123,17,POST4_PATH_EFFICIENCY,DELTA_NAME,-0.10202280412005277
gen4_name_q1_q3_pair_level_contrasts_v1,generated_fact_124,17,POST4_PATH_EFFICIENCY,DELTA_NAME,-0.035416896984654445
gen4_name_q1_q3_pair_level_contrasts_v1,generated_fact_125,17,POST4_PATH_EFFICIENCY,DELTA_NAME,-0.020487192863180348
gen4_name_q1_q3_pair_level_contrasts_v1,generated_fact_126,17,POST4_PATH_EFFICIENCY,DELTA_NAME,-0.07786801570285207
gen4_name_q1_q3_pair_level_contrasts_v1,generated_fact_127,17,POST4_PATH_EFFICIENCY,DELTA_NAME,-0.03809779035369365
gen4_name_q1_q3_pair_level_contrasts_v1,generated_fact_128,17,POST4_PATH_EFFICIENCY,DELTA_NAME,0.021596182025998722
gen4_name_q1_q3_pair_level_contrasts_v1,generated_fact_129,17,POST4_PATH_EFFICIENCY,DELTA_NAME,-0.01338849736935055
gen4_name_q1_q3_pair_level_contrasts_v1,generated_fact_130,17,POST4_PATH_EFFICIENCY,DELTA_NAME,0.03149321756576673
gen4_name_q1_q3_pair_level_contrasts_v1,generated_fact_131,17,POST4_PATH_EFFICIENCY,DELTA_NAME,0.037706441169398586
gen4_name_q1_q3_pair_level_contrasts_v1,generated_fact_132,17,POST4_PATH_EFFICIENCY,DELTA_NAME,0.009516986448914744
gen4_name_q1_q3_pair_level_contrasts_v1,generated_fact_133,17,POST4_PATH_EFFICIENCY,DELTA_NAME,-0.017959218185816583
gen4_name_q1_q3_pair_level_contrasts_v1,generated_fact_134,17,POST4_PATH_EFFICIENCY,DELTA_NAME,0.024289927889835305
gen4_name_q1_q3_pair_level_contrasts_v1,generated_fact_135,17,POST4_PATH_EFFICIENCY,DELTA_NAME,-0.10253168776346827
gen4_name_q1_q3_pair_level_contrasts_v1,generated_fact_136,17,POST4_PATH_EFFICIENCY,DELTA_NAME,-0.035911385929150885
gen4_name_q1_q3_pair_level_contrasts_v1,generated_fact_137,17,POST4_PATH_EFFICIENCY,DELTA_NAME,-0.022607817483304538
gen4_name_q1_q3_pair_level_contrasts_v1,generated_fact_138,17,POST4_PATH_EFFICIENCY,DELTA_NAME,-0.07788504208401775
gen4_name_q1_q3_pair_level_contrasts_v1,generated_fact_139,17,POST4_PATH_EFFICIENCY,DELTA_NAME,-0.03868518698360224
gen4_name_q1_q3_pair_level_contrasts_v1,generated_fact_140,17,POST4_PATH_EFFICIENCY,DELTA_NAME,0.021135898159097055
gen4_name_q1_q3_pair_level_contrasts_v1,generated_fact_141,17,POST4_PATH_EFFICIENCY,DELTA_NAME,-0.011678076674068505
gen4_name_q1_q3_pair_level_contrasts_v1,generated_fact_142,17,POST4_PATH_EFFICIENCY,DELTA_NAME,0.030781462223444023
gen4_name_q1_q3_pair_level_contrasts_v1,generated_fact_143,17,POST4_PATH_EFFICIENCY,DELTA_NAME,0.040302004843227546
gen4_name_q1_q3_pair_level_contrasts_v1,generated_fact_144,17,POST4_PATH_EFFICIENCY,DELTA_NAME,0.008276954593490982
gen4_name_q1_q3_pair_level_contrasts_v1,generated_fact_145,17,POST4_PATH_EFFICIENCY,DELTA_NAME,-0.016546879188946262
gen4_name_q1_q3_pair_level_contrasts_v1,generated_fact_146,17,POST4_PATH_EFFICIENCY,DELTA_NAME,0.023727015211048808
gen4_name_q1_q3_pair_level_contrasts_v1,generated_fact_147,17,POST4_PATH_EFFICIENCY,DELTA_NAME,-0.10196382099023787
gen4_name_q1_q3_pair_level_contrasts_v1,generated_fact_148,17,POST4_PATH_EFFICIENCY,DELTA_NAME,-0.033906638119932664
gen4_name_q1_q3_pair_level_contrasts_v1,generated_fact_149,17,POST4_PATH_EFFICIENCY,DELTA_NAME,-0.021936512982980383
gen4_name_q1_q3_pair_level_contrasts_v1,generated_fact_150,17,POST4_PATH_EFFICIENCY,DELTA_NAME,-0.08063114454771786
gen4_name_q1_q3_pair_level_contrasts_v1,generated_fact_151,17,POST4_PATH_EFFICIENCY,DELTA_NAME,-0.03870168342422431
gen4_name_q1_q3_pair_level_contrasts_v1,generated_fact_152,17,POST4_PATH_EFFICIENCY,DELTA_NAME,0.021947634496238655
gen4_name_q1_q3_pair_level_contrasts_v1,generated_fact_153,17,POST4_PATH_EFFICIENCY,DELTA_NAME,-0.013790961862577333
gen4_name_q1_q3_pair_level_contrasts_v1,generated_fact_154,17,POST4_PATH_EFFICIENCY,DELTA_NAME,0.031671295039279124
gen4_name_q1_q3_pair_level_contrasts_v1,generated_fact_155,17,POST4_PATH_EFFICIENCY,DELTA_NAME,0.039313318820698884
gen4_name_q1_q3_pair_level_contrasts_v1,generated_fact_156,17,POST4_PATH_EFFICIENCY,DELTA_NAME,0.009564120619133032
gen4_name_q1_q3_pair_level_contrasts_v1,generated_fact_157,17,POST4_PATH_EFFICIENCY,DELTA_NAME,-0.014074587352107204
gen4_name_q1_q3_pair_level_contrasts_v1,generated_fact_158,17,POST4_PATH_EFFICIENCY,DELTA_NAME,0.023791554147869487
gen4_name_q1_q3_pair_level_contrasts_v1,generated_fact_159,17,POST4_PATH_EFFICIENCY,DELTA_NAME,-0.10017211713914714
gen4_name_q1_q3_pair_level_contrasts_v1,generated_fact_160,17,POST4_PATH_EFFICIENCY,DELTA_NAME,-0.035264792615879226
gen4_name_q1_q3_pair_level_contrasts_v1,generated_fact_161,17,POST4_PATH_EFFICIENCY,DELTA_NAME,-0.021705327458330315
gen4_name_q1_q3_pair_level_contrasts_v1,generated_fact_162,17,POST4_PATH_EFFICIENCY,DELTA_NAME,-0.08090244402767705
gen4_name_q1_q3_pair_level_contrasts_v1,generated_fact_163,17,POST4_PATH_EFFICIENCY,DELTA_NAME,-0.03886806036911328
gen4_name_q1_q3_pair_level_contrasts_v1,generated_fact_164,17,POST4_PATH_EFFICIENCY,DELTA_NAME,0.02081792407138383
gen4_name_q1_q3_pair_level_contrasts_v1,generated_fact_165,17,POST4_PATH_EFFICIENCY,DELTA_NAME,-0.012230666935743595
gen4_name_q1_q3_pair_level_contrasts_v1,generated_fact_166,17,POST4_PATH_EFFICIENCY,DELTA_NAME,0.03089164984686077
gen4_name_q1_q3_pair_level_contrasts_v1,generated_fact_167,17,POST4_PATH_EFFICIENCY,DELTA_NAME,0.041825895687103376
gen4_name_q1_q3_pair_level_contrasts_v1,generated_fact_168,17,POST4_PATH_EFFICIENCY,DELTA_NAME,0.008973239539424527
gen4_name_q1_q3_pair_level_contrasts_v1,generated_fact_169,17,POST4_PATH_EFFICIENCY,DELTA_NAME,-0.016227324819244493
gen4_name_q1_q3_pair_level_contrasts_v1,generated_fact_170,17,POST4_PATH_EFFICIENCY,DELTA_NAME,0.023525963052300813
gen4_name_q1_q3_pair_level_contrasts_v1,generated_fact_171,17,POST4_PATH_EFFICIENCY,DELTA_NAME,-0.10302730973816748
gen4_name_q1_q3_pair_level_contrasts_v1,generated_fact_172,17,POST4_PATH_EFFICIENCY,DELTA_NAME,-0.03488334192854514
gen4_name_q1_q3_pair_level_contrasts_v1,generated_fact_173,17,POST4_PATH_EFFICIENCY,DELTA_NAME,-0.021484801565517797
gen4_name_q1_q3_pair_level_contrasts_v1,generated_fact_174,17,POST4_PATH_EFFICIENCY,DELTA_NAME,-0.08137796232134331
gen4_name_q1_q3_pair_level_contrasts_v1,generated_fact_175,17,POST4_PATH_EFFICIENCY,DELTA_NAME,-0.0394869740769227
gen4_name_q1_q3_pair_level_contrasts_v1,generated_fact_176,17,POST4_PATH_EFFICIENCY,DELTA_NAME,0.021633911252491977
gen4_name_q1_q3_pair_level_contrasts_v1,generated_fact_177,17,POST4_PATH_EFFICIENCY,DELTA_NAME,-0.013654711439031741
gen4_name_q1_q3_pair_level_contrasts_v1,generated_fact_178,17,POST4_PATH_EFFICIENCY,DELTA_NAME,0.03139391872336106
gen4_name_q1_q3_pair_level_contrasts_v1,generated_fact_179,17,POST4_PATH_EFFICIENCY,DELTA_NAME,0.039009409190877475
gen4_name_q1_q3_pair_level_contrasts_v1,generated_fact_180,17,POST4_PATH_EFFICIENCY,DELTA_NAME,0.00950429970381883
gen4_name_q1_q3_pair_level_contrasts_v1,generated_fact_181,17,POST4_PATH_EFFICIENCY,DELTA_NAME,-0.014953222842900793
gen4_name_q1_q3_pair_level_contrasts_v1,generated_fact_182,17,POST4_PATH_EFFICIENCY,DELTA_NAME,0.02493147893867642
gen4_name_q1_q3_pair_level_contrasts_v1,generated_fact_183,17,POST4_PATH_EFFICIENCY,DELTA_NAME,-0.10222001944693615
gen4_name_q1_q3_pair_level_contrasts_v1,generated_fact_184,17,POST4_PATH_EFFICIENCY,DELTA_NAME,-0.03541363628083749
gen4_name_q1_q3_pair_level_contrasts_v1,generated_fact_185,17,POST4_PATH_EFFICIENCY,DELTA_NAME,-0.02172290687413403
gen4_name_q1_q3_pair_level_contrasts_v1,generated_fact_186,17,POST4_PATH_EFFICIENCY,DELTA_NAME,-0.08040605158179664
gen4_name_q1_q3_pair_level_contrasts_v1,generated_fact_187,17,POST4_PATH_EFFICIENCY,DELTA_NAME,-0.03969878548849348
gen4_name_q1_q3_pair_level_contrasts_v1,generated_fact_188,17,POST4_PATH_EFFICIENCY,DELTA_NAME,0.02051510086222208
gen4_name_q1_q3_pair_level_contrasts_v1,generated_fact_189,17,POST4_PATH_EFFICIENCY,DELTA_NAME,-0.011481577924938757
gen4_name_q1_q3_pair_level_contrasts_v1,generated_fact_190,17,POST4_PATH_EFFICIENCY,DELTA_NAME,0.031660969979210085
gen4_name_q1_q3_pair_level_contrasts_v1,generated_fact_191,17,POST4_PATH_EFFICIENCY,DELTA_NAME,0.04001380889711581
gen4_name_q1_q3_pair_level_contrasts_v1,generated_fact_192,17,POST4_PATH_EFFICIENCY,DELTA_NAME,0.007959644993710158
gen4_name_q1_q3_pair_level_contrasts_v1,generated_fact_193,17,POST4_PATH_EFFICIENCY,DELTA_NAME,-0.016798692717243213
gen4_name_q1_q3_pair_level_contrasts_v1,generated_fact_194,17,POST4_PATH_EFFICIENCY,DELTA_NAME,0.022480062948562085
gen4_name_q1_q3_pair_level_contrasts_v1,generated_fact_195,17,POST4_PATH_EFFICIENCY,DELTA_NAME,-0.1021028576557314
gen4_name_q1_q3_pair_level_contrasts_v1,generated_fact_196,17,POST4_PATH_EFFICIENCY,DELTA_NAME,-0.03316245124340511
gen4_name_q1_q3_pair_level_contrasts_v1,generated_fact_197,17,POST4_PATH_EFFICIENCY,DELTA_NAME,-0.023145080805866636
gen4_name_q1_q3_pair_level_contrasts_v1,generated_fact_198,17,POST4_PATH_EFFICIENCY,DELTA_NAME,-0.08077112664113623
gen4_name_q1_q3_pair_level_contrasts_v1,generated_fact_199,17,POST4_PATH_EFFICIENCY,DELTA_NAME,-0.03654320269551714
gen4_name_q1_q3_pair_level_contrasts_v1,generated_fact_200,17,POST4_PATH_EFFICIENCY,DELTA_NAME,0.021955168797653024
gen4_name_q1_q3_pair_level_contrasts_v1,generated_fact_201,17,POST4_PATH_EFFICIENCY,DELTA_NAME,-0.012274263882313341
gen4_name_q1_q3_pair_level_contrasts_v1,generated_fact_202,17,POST4_PATH_EFFICIENCY,DELTA_NAME,0.03014469839866074
gen4_name_q1_q3_pair_level_contrasts_v1,generated_fact_203,17,POST4_PATH_EFFICIENCY,DELTA_NAME,0.03805586158041341
gen4_name_q1_q3_pair_level_contrasts_v1,generated_fact_204,17,POST4_PATH_EFFICIENCY,DELTA_NAME,0.009414133014685855
gen4_name_q1_q3_pair_level_contrasts_v1,generated_fact_205,17,POST4_PATH_EFFICIENCY,DELTA_NAME,-0.01516729134169792
gen4_name_q1_q3_pair_level_contrasts_v1,generated_fact_206,17,POST4_PATH_EFFICIENCY,DELTA_NAME,0.024737802876220405
gen4_name_q1_q3_pair_level_contrasts_v1,generated_fact_207,17,POST4_PATH_EFFICIENCY,DELTA_NAME,-0.1015463392433521
gen4_name_q1_q3_pair_level_contrasts_v1,generated_fact_208,17,POST4_PATH_EFFICIENCY,DELTA_NAME,-0.03495733024964054
gen4_name_q1_q3_pair_level_contrasts_v1,generated_fact_209,17,POST4_PATH_EFFICIENCY,DELTA_NAME,-0.02039952686225055
gen4_name_q1_q3_pair_level_contrasts_v1,generated_fact_210,17,POST4_PATH_EFFICIENCY,DELTA_NAME,-0.07635728526826807
gen4_name_q1_q3_pair_level_contrasts_v1,generated_fact_211,17,POST4_PATH_EFFICIENCY,DELTA_NAME,-0.03881085649489868
gen4_name_q1_q3_pair_level_contrasts_v1,generated_fact_212,17,POST4_PATH_EFFICIENCY,DELTA_NAME,0.02066163123445558
gen4_name_q1_q3_pair_level_contrasts_v1,generated_fact_213,17,POST4_PATH_EFFICIENCY,DELTA_NAME,-0.011257095346370982
gen4_name_q1_q3_pair_level_contrasts_v1,generated_fact_214,17,POST4_PATH_EFFICIENCY,DELTA_NAME,0.03063040765905256
gen4_name_q1_q3_pair_level_contrasts_v1,generated_fact_215,17,POST4_PATH_EFFICIENCY,DELTA_NAME,0.03841805029009837
gen4_name_q1_q3_pair_level_contrasts_v1,generated_fact_216,17,POST4_PATH_EFFICIENCY,DELTA_NAME,0.008302012289755134
gen4_name_q1_q3_pair_level_contrasts_v1,generated_fact_217,17,POST4_PATH_EFFICIENCY,DELTA_NAME,-0.017300621948726724
gen4_name_q1_q3_pair_level_contrasts_v1,generated_fact_218,17,POST4_PATH_EFFICIENCY,DELTA_NAME,0.02264122553808945
gen4_name_q1_q3_pair_level_contrasts_v1,generated_fact_219,17,POST4_PATH_EFFICIENCY,DELTA_NAME,-0.1025419959229929
gen4_name_q1_q3_pair_level_contrasts_v1,generated_fact_220,17,POST4_PATH_EFFICIENCY,DELTA_NAME,-0.03480765494586091
gen4_name_q1_q3_pair_level_contrasts_v1,generated_fact_221,17,POST4_PATH_EFFICIENCY,DELTA_NAME,-0.022670954015146183
gen4_name_q1_q3_pair_level_contrasts_v1,generated_fact_222,17,POST4_PATH_EFFICIENCY,DELTA_NAME,-0.07931173332695168
gen4_name_q1_q3_pair_level_contrasts_v1,generated_fact_223,17,POST4_PATH_EFFICIENCY,DELTA_NAME,-0.03724218285055547
gen4_name_q1_q3_pair_level_contrasts_v1,generated_fact_224,17,POST4_PATH_EFFICIENCY,DELTA_NAME,0.02202856122288649
gen4_name_q1_q3_pair_level_contrasts_v1,generated_fact_225,17,POST4_PATH_EFFICIENCY,DELTA_NAME,-0.013581974841224809
gen4_name_q1_q3_pair_level_contrasts_v1,generated_fact_226,17,POST4_PATH_EFFICIENCY,DELTA_NAME,0.03058212148672035
gen4_name_q1_q3_pair_level_contrasts_v1,generated_fact_227,17,POST4_PATH_EFFICIENCY,DELTA_NAME,0.03978744484850616
gen4_name_q1_q3_pair_level_contrasts_v1,generated_fact_228,17,POST4_PATH_EFFICIENCY,DELTA_NAME,0.009143863047990641
gen4_name_q1_q3_pair_level_contrasts_v1,generated_fact_229,17,POST4_PATH_EFFICIENCY,DELTA_NAME,-0.0165216320824485
gen4_name_q1_q3_pair_level_contrasts_v1,generated_fact_230,17,POST4_PATH_EFFICIENCY,DELTA_NAME,0.0254578002356598
gen4_name_q1_q3_pair_level_contrasts_v1,generated_fact_231,17,POST4_PATH_EFFICIENCY,DELTA_NAME,-0.10138805325197042
gen4_name_q1_q3_pair_level_contrasts_v1,generated_fact_232,17,POST4_PATH_EFFICIENCY,DELTA_NAME,-0.03489860351820684
gen4_name_q1_q3_pair_level_contrasts_v1,generated_fact_233,17,POST4_PATH_EFFICIENCY,DELTA_NAME,-0.0208106338371562
gen4_name_q1_q3_pair_level_contrasts_v1,generated_fact_234,17,POST4_PATH_EFFICIENCY,DELTA_NAME,-0.07974602178637658
gen4_name_q1_q3_pair_level_contrasts_v1,generated_fact_235,17,POST4_PATH_EFFICIENCY,DELTA_NAME,-0.039035691923867466
gen4_name_q1_q3_pair_level_contrasts_v1,generated_fact_236,17,POST4_PATH_EFFICIENCY,DELTA_NAME,0.021085421881851862
gen4_name_q1_q3_pair_level_contrasts_v1,generated_fact_237,17,POST4_PATH_EFFICIENCY,DELTA_NAME,-0.01131770189859227
gen4_name_q1_q3_pair_level_contrasts_v1,generated_fact_238,17,POST4_PATH_EFFICIENCY,DELTA_NAME,0.0316725845352287
gen4_name_q1_q3_pair_level_contrasts_v1,generated_fact_239,17,POST4_PATH_EFFICIENCY,DELTA_NAME,0.04100630533702154
gen4_name_q1_q3_pair_level_contrasts_v1,generated_fact_240,17,POST4_PATH_EFFICIENCY,DELTA_NAME,0.00877316946114981
gen4_name_q1_q3_pair_level_contrasts_v1,generated_fact_241,17,POST4_PATH_EFFICIENCY,DELTA_NAME,-0.013914038584238009
gen4_name_q1_q3_pair_level_contrasts_v1,generated_fact_242,17,POST4_PATH_EFFICIENCY,DELTA_NAME,0.0230072489502271
gen4_name_q1_q3_pair_level_contrasts_v1,generated_fact_243,17,POST4_PATH_EFFICIENCY,DELTA_NAME,-0.10129493313554777
gen4_name_q1_q3_pair_level_contrasts_v1,generated_fact_244,17,POST4_PATH_EFFICIENCY,DELTA_NAME,-0.036430758481066916
gen4_name_q1_q3_pair_level_contrasts_v1,generated_fact_245,17,POST4_PATH_EFFICIENCY,DELTA_NAME,-0.021290389054983372
gen4_name_q1_q3_pair_level_contrasts_v1,generated_fact_246,17,POST4_PATH_EFFICIENCY,DELTA_NAME,-0.081370349939696
gen4_name_q1_q3_pair_level_contrasts_v1,generated_fact_247,17,POST4_PATH_EFFICIENCY,DELTA_NAME,-0.038284302286312966
gen4_name_q1_q3_pair_level_contrasts_v1,generated_fact_248,17,POST4_PATH_EFFICIENCY,DELTA_NAME,0.02180714831948738
gen4_name_q1_q3_pair_level_contrasts_v1,generated_fact_249,17,POST4_PATH_EFFICIENCY,DELTA_NAME,-0.014179094563218753
gen4_name_q1_q3_pair_level_contrasts_v1,generated_fact_250,17,POST4_PATH_EFFICIENCY,DELTA_NAME,0.030945234881360806
gen4_name_q1_q3_pair_level_contrasts_v1,generated_fact_251,17,POST4_PATH_EFFICIENCY,DELTA_NAME,0.03937133199309706
gen4_name_q1_q3_pair_level_contrasts_v1,generated_fact_252,17,POST4_PATH_EFFICIENCY,DELTA_NAME,0.009582700856108017
gen4_name_q1_q3_pair_level_contrasts_v1,generated_fact_253,17,POST4_PATH_EFFICIENCY,DELTA_NAME,-0.01641800338609567
gen4_name_q1_q3_pair_level_contrasts_v1,generated_fact_254,17,POST4_PATH_EFFICIENCY,DELTA_NAME,0.02448220804946244
gen4_name_q1_q3_pair_level_contrasts_v1,generated_fact_255,17,POST4_PATH_EFFICIENCY,DELTA_NAME,-0.10239707202390469
gen4_name_q1_q3_pair_level_contrasts_v1,generated_fact_256,17,POST4_PATH_EFFICIENCY,DELTA_NAME,-0.03483352704737097
gen4_name_q1_q3_pair_level_contrasts_v1,generated_fact_257,17,POST4_PATH_EFFICIENCY,DELTA_NAME,-0.02128970871339375
gen4_name_q1_q3_pair_level_contrasts_v1,generated_fact_258,17,POST4_PATH_EFFICIENCY,DELTA_NAME,-0.0799263670388145
gen4_name_q1_q3_pair_level_contrasts_v1,generated_fact_259,17,POST4_PATH_EFFICIENCY,DELTA_NAME,-0.03834495775303304
gen4_name_q1_q3_pair_level_contrasts_v1,generated_fact_260,17,POST4_PATH_EFFICIENCY,DELTA_NAME,0.02090534067067462
gen4_name_q1_q3_pair_level_contrasts_v1,generated_fact_261,17,POST4_PATH_EFFICIENCY,DELTA_NAME,-0.011676503947663952
gen4_name_q1_q3_pair_level_contrasts_v1,generated_fact_262,17,POST4_PATH_EFFICIENCY,DELTA_NAME,0.031068480084088024
gen4_name_q1_q3_pair_level_contrasts_v1,generated_fact_263,17,POST4_PATH_EFFICIENCY,DELTA_NAME,0.04037857265359668
gen4_name_q1_q3_pair_level_contrasts_v1,generated_fact_264,17,POST4_PATH_EFFICIENCY,DELTA_NAME,0.007872953030870877
gen4_name_q1_q3_pair_level_contrasts_v1,generated_fact_265,17,POST4_PATH_EFFICIENCY,DELTA_NAME,-0.014725647358749483
gen4_name_q1_q3_pair_level_contrasts_v1,generated_fact_266,17,POST4_PATH_EFFICIENCY,DELTA_NAME,0.02348640308901473
gen4_name_q1_q3_pair_level_contrasts_v1,generated_fact_267,17,POST4_PATH_EFFICIENCY,DELTA_NAME,-0.10236117495248809
gen4_name_q1_q3_pair_level_contrasts_v1,generated_fact_268,17,POST4_PATH_EFFICIENCY,DELTA_NAME,-0.03562631747792777
gen4_name_q1_q3_pair_level_contrasts_v1,generated_fact_269,17,POST4_PATH_EFFICIENCY,DELTA_NAME,-0.021524142665369506
gen4_name_q1_q3_pair_level_contrasts_v1,generated_fact_270,17,POST4_PATH_EFFICIENCY,DELTA_NAME,-0.08137285630364488
gen4_name_q1_q3_pair_level_contrasts_v1,generated_fact_271,17,POST4_PATH_EFFICIENCY,DELTA_NAME,-0.0389032938356193
gen4_name_q1_q3_pair_level_contrasts_v1,generated_fact_272,17,POST4_PATH_EFFICIENCY,DELTA_NAME,0.02228746882358512
gen4_name_q1_q3_pair_level_contrasts_v1,generated_fact_273,17,POST4_PATH_EFFICIENCY,DELTA_NAME,-0.013077153529394314
gen4_name_q1_q3_pair_level_contrasts_v1,generated_fact_274,17,POST4_PATH_EFFICIENCY,DELTA_NAME,0.031614236423018305
gen4_name_q1_q3_pair_level_contrasts_v1,generated_fact_275,17,POST4_PATH_EFFICIENCY,DELTA_NAME,0.038577886265888095
gen4_name_q1_q3_pair_level_contrasts_v1,generated_fact_276,17,POST4_PATH_EFFICIENCY,DELTA_NAME,0.008878547338283416
gen4_name_q1_q3_pair_level_contrasts_v1,generated_fact_277,17,POST4_PATH_EFFICIENCY,DELTA_NAME,-0.01629263746340015
gen4_name_q1_q3_pair_level_contrasts_v1,generated_fact_278,17,POST4_PATH_EFFICIENCY,DELTA_NAME,0.023876515030357592
gen4_name_q1_q3_pair_level_contrasts_v1,generated_fact_279,17,POST4_PATH_EFFICIENCY,DELTA_NAME,-0.10150627936358775
gen4_name_q1_q3_pair_level_contrasts_v1,generated_fact_280,17,POST4_PATH_EFFICIENCY,DELTA_NAME,-0.03262592897861061
gen4_name_q1_q3_pair_level_contrasts_v1,generated_fact_281,17,POST4_PATH_EFFICIENCY,DELTA_NAME,-0.02183596204674121
gen4_name_q1_q3_pair_level_contrasts_v1,generated_fact_282,17,POST4_PATH_EFFICIENCY,DELTA_NAME,-0.07948491195409013
gen4_name_q1_q3_pair_level_contrasts_v1,generated_fact_283,17,POST4_PATH_EFFICIENCY,DELTA_NAME,-0.03604663915880746
gen4_name_q1_q3_pair_level_contrasts_v1,generated_fact_284,17,POST4_PATH_EFFICIENCY,DELTA_NAME,0.02101852579473451
gen4_name_q1_q3_pair_level_contrasts_v1,generated_fact_285,17,POST4_PATH_EFFICIENCY,DELTA_NAME,-0.010313734005441555
gen4_name_q1_q3_pair_level_contrasts_v1,generated_fact_286,17,POST4_PATH_EFFICIENCY,DELTA_NAME,0.030487207772152303
gen4_name_q1_q3_pair_level_contrasts_v1,generated_fact_287,17,POST4_PATH_EFFICIENCY,DELTA_NAME,0.038946916748969995
gen4_name_q1_q3_pair_level_contrasts_v1,generated_fact_288,17,POST4_PATH_EFFICIENCY,DELTA_NAME,0.008401286781985706
gen4_name_q1_q3_pair_level_contrasts_v1,generated_fact_289,17,POST4_PATH_EFFICIENCY,DELTA_NAME,-0.015303535058178719
gen4_name_q1_q3_pair_level_contrasts_v1,generated_fact_290,17,POST4_PATH_EFFICIENCY,DELTA_NAME,0.023002585946828247
gen4_name_q1_q3_pair_level_contrasts_v1,generated_fact_291,17,POST4_PATH_EFFICIENCY,DELTA_NAME,-0.10262192476285342
gen4_name_q1_q3_pair_level_contrasts_v1,generated_fact_292,17,POST4_PATH_EFFICIENCY,DELTA_NAME,-0.034533233718846756
gen4_name_q1_q3_pair_level_contrasts_v1,generated_fact_293,17,POST4_PATH_EFFICIENCY,DELTA_NAME,-0.02016592722741406
gen4_name_q1_q3_pair_level_contrasts_v1,generated_fact_294,17,POST4_PATH_EFFICIENCY,DELTA_NAME,-0.07722391470529155
gen4_name_q1_q3_pair_level_contrasts_v1,generated_fact_295,17,POST4_PATH_EFFICIENCY,DELTA_NAME,-0.03800481902688935
gen4_name_q1_q3_pair_level_contrasts_v1,generated_fact_296,17,POST4_PATH_EFFICIENCY,DELTA_NAME,0.02134943586509991
gen4_name_q1_q3_pair_level_contrasts_v1,generated_fact_297,17,POST4_PATH_EFFICIENCY,DELTA_NAME,-0.013332539102189123
gen4_name_q1_q3_pair_level_contrasts_v1,generated_fact_298,17,POST4_PATH_EFFICIENCY,DELTA_NAME,0.03125522529754399
gen4_name_q1_q3_pair_level_contrasts_v1,generated_fact_299,17,POST4_PATH_EFFICIENCY,DELTA_NAME,0.037395313364765426
gen4_name_q1_q3_pair_level_contrasts_v1,generated_fact_300,17,POST4_PATH_EFFICIENCY,DELTA_NAME,0.009798446020922835
gen4_name_q1_q3_pair_level_contrasts_v1,glacier_study,17,POST4_PATH_EFFICIENCY,DELTA_NAME,0.03810802041548256
gen4_name_q1_q3_pair_level_contrasts_v1,harbor_upgrade,17,POST4_PATH_EFFICIENCY,DELTA_NAME,-0.03529694267322969
gen4_name_q1_q3_pair_level_contrasts_v1,jazz_archive,17,POST4_PATH_EFFICIENCY,DELTA_NAME,-0.03943669052962773
gen4_name_q1_q3_pair_level_contrasts_v1,language_program,17,POST4_PATH_EFFICIENCY,DELTA_NAME,-0.0829369207002566
gen4_name_q1_q3_pair_level_contrasts_v1,library_digitization,17,POST4_PATH_EFFICIENCY,DELTA_NAME,-0.11218295218186997
gen4_name_q1_q3_pair_level_contrasts_v1,market_renovation,17,POST4_PATH_EFFICIENCY,DELTA_NAME,0.0015023516032888207
gen4_name_q1_q3_pair_level_contrasts_v1,museum_purchase,17,POST4_PATH_EFFICIENCY,DELTA_NAME,-0.0392597379548385
gen4_name_q1_q3_pair_level_contrasts_v1,opera_premiere,17,POST4_PATH_EFFICIENCY,DELTA_NAME,0.048640286847529746
gen4_name_q1_q3_pair_level_contrasts_v1,orion_approval,17,POST4_PATH_EFFICIENCY,DELTA_NAME,-0.0009976256075360235
gen4_name_q1_q3_pair_level_contrasts_v1,poetry_prize,17,POST4_PATH_EFFICIENCY,DELTA_NAME,0.009071158392904288
gen4_name_q1_q3_pair_level_contrasts_v1,railway_restoration,17,POST4_PATH_EFFICIENCY,DELTA_NAME,0.01436341129906693
gen4_name_q1_q3_pair_level_contrasts_v1,reef_protection,17,POST4_PATH_EFFICIENCY,DELTA_NAME,-0.048631895811532044
gen4_name_q1_q3_pair_level_contrasts_v1,robotics_championship,17,POST4_PATH_EFFICIENCY,DELTA_NAME,0.08811996661408533
gen4_name_q1_q3_pair_level_contrasts_v1,satellite_launch,17,POST4_PATH_EFFICIENCY,DELTA_NAME,0.011311240568073644
gen4_name_q1_q3_pair_level_contrasts_v1,school_opening,17,POST4_PATH_EFFICIENCY,DELTA_NAME,-0.07131638874971763
gen4_name_q1_q3_pair_level_contrasts_v1,solar_farm_contract,17,POST4_PATH_EFFICIENCY,DELTA_NAME,-0.042846275516333465
gen4_name_q1_q3_pair_level_contrasts_v1,theater_restoration,17,POST4_PATH_EFFICIENCY,DELTA_NAME,0.047416486987297335
gen4_name_q1_q3_pair_level_contrasts_v1,treaty_signature,17,POST4_PATH_EFFICIENCY,DELTA_NAME,0.006371283007292727
gen4_name_q1_q3_pair_level_contrasts_v1,vaccine_delivery,17,POST4_PATH_EFFICIENCY,DELTA_NAME,-0.02577129496591124
gen4_name_q1_q3_pair_level_contrasts_v1,volcano_observatory,17,POST4_PATH_EFFICIENCY,DELTA_NAME,0.11291975176725
gen4_name_q1_q3_pair_level_contrasts_v1,wetland_restoration,17,POST4_PATH_EFFICIENCY,DELTA_NAME,-0.017477355677990913
